text,label
"সারা বছর জুড়ে ফেব্রুয়ারি মাস থাকুক তাতে কিছু যায় আসে না,, মনের মাস সবথেকে বড় মাস",1
"পুরুষ, পরাজয়ে হাসে - পুরুষ, নিজের জয়ে কাঁদে একজন পুরুষের জীবন এত সহজ নয়, একজন পুরুষকে চেনাও এত সহজ নয়! পুরুষরা কঠিন হয়...",0
রাজনৈতিক বিভক্তি অনেক সম্পর্কের মধ্যে দেয়াল তৈরি করেছে,0
"উড়ে এসে জুড়ে বসা, খুব ভয়ংকর হয়, সাজানো গোছানো সংসারটাকে শেষ করে ধ্বংস করে দিয়েছে এই শাওন",0
আগামী শুক্রবার আমাদের এখানে লজ্জার টিকা দেওয়া হবে। আপনি অবশ্যই উপস্থিত থাকবেন।,1
কি হলে রাজনৈতিক দলগুলো একে অপরের প্রতি বেশি বিশ্বাসী হবে?,0
আসলে কি পালিয়েছে নাকি মানুষের পেটে গেছে সেটাইতো চিন্তার বিষয়,0
কালো গোলাপ বাংলাদেশের কই পাওয়া যায় ঐটা বলেন আগে।,0
প্রতিটি গোলাপ নেয়ার মানুষ টা তার গোলাপ দেয়ার মানুষটার কাছে এক একটি লাল গোলাপ। সুতরাং অন্য রঙের গোলাপের কোন কদর তাদের কাছে নেই,0
"যমুনা টিভির নিউজ বেশিরভাগই ,, ফেইক হয়",1
দাদাদের দেশে সবি সম্ভব,1
নতুন পুরাতন সবাইকে নিয়ে এগিয়ে যেতে চাই,0
সে কান্না করছে ভাইরাস হয়ে ডলার ইনকামের জন্য,1
"আমি নিজেই ভুয়া ছাত্রী, পড়াশোনা করিনা খালি বাবা মায়ের টাকা নষ্ট করি",1
ক্লাস ঠিকঠাক ছিল।,0
এ ক্ষত কোনোদিন পূরণ হবার নয়,0
এটা নিয়ে মোটিভেশন দিতে অনেক মোটিভেটর কে-ই দেখা যায় এবং অনেকেই এখান থেকে মোটিভেশন-ও নিচ্ছেন,1
মারাও তাই বেশি খাচ্ছে,1
মানুষের চাইতে গাছ বড় তাহার উপর নাই,1
এইদিকে দেশের পোশাক কারখানা বন্ধ,0
এটা দিয়ে কি TikTok করা যাবে...,0
স্বাধীনতাকে ছোট করে দেখার সুযোগ নাই।,0
"যাদের দেওয়ার মতো কেউ নেই, তারা আমাকে দিতে পারে,",1
বাঙ্গালির আবেগ নিয়ে খেলা করছে সে।,0
"এমেকো ১০০৬ চেয়ারটি নিয়মিত বিভিন্ন ডিজাইন ম্যাগাজিন এবং চলচ্চিত্রে উপস্থাপিত হয়েছে, যেমন দ্য ম্যাট্রিক্স, ল অ্যান্ড অর্ডার এবং সিএসআই।",0
অসৎ লোকজনের উন্নতি বেশিদিন টিকেনা।,0
ভাইটার নুরানি ফেস দেখে মনটা ভরে গেল,0
শেষ ভালো যার সব ভালো তার।,0
পিসি বিল্ড করার সাধ্য নেই তবু ও পিসি বিল্ডের ভিডিও দেখি,0
পকেটে হাত দিয়ে দাড়াই আছে এই জিনিস টা কি?...,1
স্টার্টআপগুলো সাধারণত গবেষণামূলক কাজে জড়িত থাকে।,0
ভাষার মাসে ভাষা প্রয়োগ করতে না পারায় খুবই দুঃখিত এই স্বাধীনতা কি চেয়েছিলাম,1
"গালি ও যে একটা আর্ট হতে পারে, ফাহাম ভাই তা দেখিয়ে দিয়েছেন। অসাধারণ লুক আর কথার জাদুতে জাস্ট মানুষ মুগ্ধ হয়ে যায়।",0
শাকিব খান এইগোলা কি সুরু করলো,1
"বিয়ে করার ইচ্ছা নাই বলে পড়ালেখার ভং ধরছিলাম,এখন পড়ালেখা করারও ইচ্ছা নাই।",1
আরে তোদের বাংলাদেশ আবার কোন দেশ নাকি? ভারত সহ সব দেশের কাছে ভিক্ষা নিয়ে তোদের চলে। এখন চীন এবং পাকিস্তানের কাছে ভিক্ষা চাইছিস এখন ভারত তোদের কাছে চক্ষুশূল হয়ে গেছে। এইতো আমাদের চিত্র তারকা সাইফ আলী খান তাকেও তোদের বাংলাদেশ থেকে বেআইনিভাবে এসে শরিফুল ইসলাম ছুরি মেরে নৃশংসভাবে আহত করে দিয়েছে মৃত্যুও হতে পারতো। শরিফুল ধরা পড়েছে। এসব তোরা কবে বন্ধ করবি?,0
তোর বউ কে এক বছর এর জন্য দিবি কয়েকটি ভিডিও আর পেজ এ রিচ বাড়িয়ে ফেরত দিয়ে দিমু,1
"এরকম পরিস্থিতিতে আমরা যদি সতর্ক না থাকি, তবে আমাদের লেখার মান কমে যেতে পারে।",0
চালিয়ে যান- আমরা আছি আপনার পাশে।,0
"চিঠিটি বিভিন্ন বিতর্কের জন্ম দিতে পারে, তবে আলোচনার দরজা খোলা থাকা উচিত।",0
অত্যন্ত দুঃখজনক ঘটনা আশা করি সমাজের বিত্তবান ধনী ব্যক্তিগণ এগিয়ে আসবেন এই সমস্যার সমাধানে,0
পরিবেশ রক্ষা করার জন্য সবার অংশগ্রহণ অত্যন্ত গুরুত্বপূর্ণ।,0
চমৎকার ভিডিও।ছোটবেলায় দেখতাম কল নষ্ট হয়ে গেলে আব্বু ঠিক করে দিতো।সবার জন্য অনেক অনেক শুভকামনা ও ভালোবাসা রইলো।সবাই একসাথে এগিয়ে যাবো ইনশাআল্লাহ,0
তুমি কি আমার খামারের রাখাল হবে? নাকি সেফুদার মতো নিজের গর্জন করে যাবে। হিরো সে আসলেই হিরো। সুবর্ণ তোমার সন্তান আর হিরোর বাবা কি ছিলো? যোগ্যতার ভাব করিসনে খোকা পাগল হতে বেশি সময় লাগবে না।,1
সঠিক পরিকল্পনা ও গবেষণার মাধ্যমে এই খাতকে আরও সমৃদ্ধ করা সম্ভব।,0
বেডির ধর্য্যের ব্যপার টা মাশাল্লাহ,1
কোচিং সেন্টারগুলো এক্সাম প্রাইজমানির জন্য ছাত্রদের আকৃষ্ট করে এবং ফ্রি কোর্স অফার করে।,0
কল্পনার জীবনে নতুন একটা সুখের শুরু হোক।,0
"সব কিছুর জন্য আল্লাহর হুকুম প্রয়োজন,",0
সব মানষিক শান্তি টাকার মধ্যে নেই রে ভাই... কিছু কিছু মানষিক শান্তি বিশেষ কিছু মানুষের কাছেই থাকে...,0
রাজনৈতিক স্থিরতা উন্নয়নের জন্য দরকার।,0
জমিসহ সেমি পাকা টিনশেড বাড়ি বিক্রি হবে খুব ইমারজেন্সি তাই মাত্র ২২ লাখ টাকায়। সম্পূর্ণ নির্ভেজাল কাগজপত্র।,0
"মাঝে মাঝে মনে হয়, মানুষ কীভাবে এত কিছু সামলাতে পারে!",0
মানুষের আবিষ্কার মানুষ ধংসের কারণ হবে,0
"আমি বসুন্ধরা টয়লেট টিস্যু দেখিনি, শাওনের কোমল টিস্যু দেখেছি।",1
"কোনো একটা সময়ের খুব প্রিয় একটা গান। হারানো কিছু দিন, কিছু সময়ের কথা মনে করিয়ে দিলো",0
ফার্স্ট ইমপ্রেশন খুবই গুরুত্বপূর্ণ। কারণ কোন কথা বলার আগেই একজনের সাথে সাক্ষাত হওয়ার তিন থেকে পাঁচ সেকেন্ডের মধ্যেই তার সম্পর্কে একটা ধারণা হয়ে যায়। We never get a 2nd chance to make the first impression.,0
"তিনি অভিনেত্রী হলে, সাবানা,ববিতা,কবরি সবাই ফেল করতো",1
বাটপার হইলেও মা ভক্ত,1
"ধন্যবাদ আপনাদের!! দারুন কিছু মুহুর্ত উপহার দিলেন!! কনটেন্ট এর এতো বৈচিত্রতার মাঝে কখনোই টানা এতক্খন specific কোন একটাতে নীরবচ্ছিন্ন ভাবে সেঁটে থাকিনি, এখানে যেভাবে শেষঅব্দি লেগে ছিলাম!!",0
পাকা পেঁপে কাটার পরে যেই বিচিগুলি একদম কালো কুসকুসে দেখা যাবে সেগুলোই হলো বিচ ও অতিরিক্ত ফলন দরবে,0
প্রতিদিন অসংখ্য মানুষ হাসপাতালে চিকিৎসা নিতে আসেন,0
একদম সঠিক কথা বলেছেন নিজের ঘরই হতে পারে আয়নাঘর,0
"দুইজন মিলে বেডরুমের খাট ভাঙ্গলে, কিন্তু বাড়ির গেট ভাঙ্গার কাজটা একজন ই করিতেছে ব্যাপারটা কি খুশিতে, ঠেলায়, নাকি ঘুরতে?",1
নিম গাছের চাষ বাড়াতে সরকারি প্রকল্প নেওয়া যেতে পারে,0
"একজন এই বয়সেই চুরি শিখছে, অন্য জন অশ্লীলতায় জড়ায়ছে",0
ঠিক একই কারণে পোলাডা আজও সিঙ্গেল হয়ে সিঙ্গাপুরে পরে আছে,1
"ভালোবাসা সুন্দর , কিছু কিছু কাপুরুষের জন্য ভালোবাসার উপর থেকে বিশ্বাস উঠে যাচ্ছে",0
আসলেই বাংলাদেশের ইউটিউবার গুলো অন্যান্য দেশের থেকে পিছিয়ে নেই,0
"নিউজফিড দেখতে দেখতে মনে হচ্ছে, আমার চারপাশের বাতাস ভারি হয়ে উঠেছে, নিঃশ্বাস নিতে কেমন কষ্ট লাগতেছে!",0
যারাই ভালো কাজগুলো করতেছে আল্লাহ তাদেরকে দীর্ঘ নেক হায়াত দান করুক আরো অসংখ্য ভালো কাজ করার জন্য,0
উনার মতো মানুষদের জন্যই সমাজ এখনো এতটা সুন্দর,0
চাচা হেনা পেগনেট কিনা আমরা মিষ্টি কবে খাবো,1
"ঢুকবো কলেজে, বের হবো বিশ্ববিদ্যালয় ছাত্র হয়ে বাহ বাহ বাহ",1
"এই বিষয়ে ভিন্নমত থাকা স্বাভাবিক, কিন্তু ভাবার মতো একটি লেখা",0
উনি আওয়ামী লীগ আর ভারতের পিছনে আগুন লাগিয়ে ছেড়ে দিচ্ছেন। উগ্রবাদী তো হবেই...,0
এরকম সময় না চেয়ে ভিক্ষা করো সেটা আরো ভালো হবে,0
অধীর আগ্রহ নিয়া বসে আছি আপা... আপা চলে আসুন আপা।আমরা আছি আপা আপা আপা...,1
এই মালটার খুব জ্বলছে৷ পাছায় বরফ লাগাও বাছা।,1
"সহশিক্ষা সঠিকভাবে পরিচালিত হলে অনেক ধরনের সামাজিক বাধা কমতে পারে, তবে সঠিক নিয়ম মেনে চলাটাও গুরুত্বপূর্ণ।",0
এই সমস্যার সমাধান একমাত্র রিপন ভাই দিতে পারবে। এটাই বাস্তব আইলাভিও,1
"ভাই সেটা কোন এংগেল থেকে বললেন? যেই জায়গায় আছেন সেটা অনেকের কাছে একটা স্বপ্ন। যে যতই মরিচীকা বলুক বা যাই বলুক, এটাই বাস্তব। আমি আপনারই ফ্যান ভাই। আমার ও ইচ্ছে করে আপনার মত হওয়ার।",0
নীতির প্রভাব ভবিষ্যতে বোঝা যাবে।,0
দেশে রাসুলের অপমানের বিক্ষোভ চলতেছি তাই এটা সব সরকারকে ছাল,0
কিডনি কেপে উঠলো,0
নীচে মটর দেখাই যাচ্ছে! পরিদর্শকরা কি হিসাবে লেখছে জানিনা।,0
সকালে ক্লাস করলে লাভ কি??,1
রান্না করে বউ কে খাওয়ার নিয়ত আছিলো মনে হয়,1
বঙ্গ ওরফে বন্ধু একা একা অনেক কষ্টে আছে। আমি দোয়া করি আপনারা তার কাছে গিয়ে বিচার দিন।,1
তুমি ফিরবে আবার বিশ্ব সেরা হয়েই ফিরবে,0
আসছে ফাগুনে বাড়া হবে দিগুণ।,1
মাননীয়া প্রধানমন্ত্রী আপনি দেখছি আপনার তথাকথিত সস্তা আওয়ামী ফেসবুকার আর ব্লগারদের ভাষায় কথা বলছেন। অত্যন্ত নিন্দনীয়।,0
নবাব সিরাজ-উদ-দৌলার পর আপন খালার জন্য নিজের ক্যারিয়ার ধ্বংস হওয়া দ্বিতীয় জন টিউলিপ সিদ্দিক!,1
অজানা তথ্য প্রকাশ করার জন্য ধন্যবাদ।,0
"সাংবাদিক শুক্রাণুর মতো, হাজারে একটা মানুষ হয়",1
ভাই ভিডিও দেখতে দেখতেই এই উম শুনে আমার মাথা গরম হয়ে গেছে।এই মেয়ে কেমনে সহ্য করছে।ধৈর্য আছে ভালো,1
তামিমের চেহারা অনেকটা ইলিয়াস কাঞ্চনের মত হয়েছে দেখতে...,0
বাইক এক্সিডেন্ট ৯০ ক্ষেত্রে বাইকার দায়ী।,0
তোর গার্লফ্রেন্ড এর এমন ব্যবহার কেন?,1
"ডিম থেরাপি দিলে কিন্তু হবেনা, নারকেল থেরাপি দিতে হবে",1
দুর্নিতিবাজদের সকল সম্পদ বাজেয়াপ্ত করে রাষ্ট্রের ঋণ পরিশোধ করতে হবে,0
তারা ভাবছে বাকি ১০০ বছর তারাই শাসন করবে।অতিরঞ্জিত কিছু ভালো নয়।,0
"শত চেষ্টা করেও এই প্রজন্মের কাছ থেকে আপনি বঙ্গবন্ধু,মুক্তিযুদ্ধ ও জয় বাংলা'কে মুছে দিতে পারবেন না।",0
"আপাতত পোস্টে হা হা দিয়ে গেলাম আমি পরে এসে কমেন্ট করবো। আমি এখন হাসপাতালে,আমার গ্রামের চাচাতো ভাই ১৬ জিবি মেমোরি গিলে ফেলেছিলো এখন সে সব গান গাইতেছে আমরা সবাই প্রার্থনা করি যাতে সে ভিডিও ফোল্ডারে না প্রবেশ করে ।",1
"আমেরিকায় অনেক খালি জায়গা আছে, সেখানে ইসরাইল রাষ্ট্র প্রতিষ্ঠা করতে পারে",0
আপনার সিদ্ধান্ত আপনার মনের উপর নির্ভর করুক।,0
"বিসিএস প্রস্তুতির জন্য এ ধরনের অভিজ্ঞতা শেয়ার করলে অনেক সাহায্য হয়, ধন্যবাদ।",0
"ফিলোসোফি অধ্যয়ন করার ব্যাপারেও গুরুত্ব দেওয়া উচিৎ ,মানুষের জীবনে একটা সময়ে অস্তিত্বের সংকটের একটা দ্বান্দ্বিক পর্যায় আসে এবং ফলস্বরূপ লোনলিনেস ফিল হয়।",0
"ভাই তাদের দোষ দিয়ে লাভ নেই। তারা তো নিরাপদ্ অবস্থানে বসে এসব করে যাচ্ছে। কিন্তু যে সকল ধর্মান্ধ , যারা দুই এক টুকরো গরুর মাংস খাওয়ার লোভে কিছু না বুঝে এসব পথে পা বাড়াচ্ছে, তাদের অর্থ উপার্জনের হাতিয়ার হিসেবে ব্যবহার হচ্ছে তাদেরকে সকলে মিলে প্রতিরোধের ডাক দিন না!",0
"ঠিকই তো আছে, রোবট বলে কি মানুষ না নাকি?",1
"অনেক ছাত্র সফলতা অর্জন করতে একাধিক কোচিং সেন্টারে ভর্তি হয়ে কোর্স সম্পন্ন করে। তবে তাদের মধ্যে একাধিক কোচিং সেন্টারে উপস্থিত থাকার ফলে তাদের অগ্রগতি কিছুটা ধীর হতে পারে, কারণ এটি তাদের সময় ও মনোযোগের বিভাজন সৃষ্টি করে।",0
"লেগেছে রে লেগেছে, রক্তে আগুন লেগেছে।জেগেছে রে জেগেছে,ছাত্র সমাজ জেগেছে।দিয়েছি তো রক্ত, আরও দেবো রক্ত। রক্তের বন্যায়, ভেসে যাবে অন্যায়",0
"যারা আপনাকে বুঝতে চায় না, তাদের গ্রহণ করবেন না।",0
"গাছের মতো, সম্পর্কের মধ্যে যতটা যত্ন নিবেন, ততটাই আপনার সম্পর্ক উঁচুতে উঠবে।",0
ইঞ্জিনিয়ারদের ব্যবহৃত উন্নত সেন্সরগুলি সেতুর নিরাপত্তা এবং কার্যক্ষমতা নিশ্চিত করতে সহায়ক।,0
"আমাদের নিজেদের কাছ থেকে শুরু করতে হবে, একে অপরকে সমর্থন দিতে হবে।",0
"সেনাবাহিনীতে কোন উত্তেজনা নাই, অহেতুক নিজে উত্তেজিত হয়ে অর্গাজম ঘটাবেন না।",1
"ফেরেশতারা সবসময় কল্যাণের জন্য প্রার্থনা করেন, এবং তাদের দোয়া মানুষের জীবনে বরকত ও শান্তি আনে। যখন আমরা ভালো চাই, তখন ফেরেশতারা আমাদের পক্ষেও কল্যাণ কামনা করেন।",0
রক্ত দিয়ে এগিয়ে আসতেছে বিশ্ববিদ্যালয়ের ভাইয়েরা,0
একবার ট্রাই করে দেখিয়েন। হার্টে এক বিশেষ কম্পন অনুভব করবেন।,1
দাদ হয়েছে হয়তো সব জিনিস কে এতো বড় করা উচিত নয়,1
"গাছের জন্য পুষ্টি উপাদান ঠিক রাখা প্রয়োজন, অন্যথায় ফলন কম হবে।",0
বাংলাদেশ আওয়ামীলীগের প্রতিটি নেতা কর্মীকে অফুরান ভালবাসা এবং শ্রদ্ধা।,0
সফল কৃষক,0
বিচ্ছেদের মাধ্যমে ভালোবাসা উপলব্ধি করা যায়,0
"কতৃপক্ষের কাছে বিনীত অনুরোধ বাসের ভিতরের ইন্টিরিয়র উন্নত করার অনুরোধ করছি, বরিশাল বাসির পক্ষে অগ্রিম শুভেচ্ছা",0
অবশ্যই তার সাথে চুক্তি করতে হবে। চুক্তি অনুযায়ী অর্থ না দিলে ক্ষতিপূরণ দিতে হবে।,0
চাইনিজ কমিউনিস্ট রেভোলুশন নিয়ে একটা ভিডিও বানাতে পারেন,0
"কল্পনার জন্য সবাই মিলে যা করলেন, তা সত্যিই প্রশংসার যোগ্য।",0
চে থাকতে তাদের এতো অবহেলা করি কেন?অল্পতেই সিরিয়াস হয়ে যাই কেন?,1
আগে ১০০ জনের মধ্যে ৯৯ জনি মাক্স পড়তো এখন ৯৯ জন পড়ে না ১ জন পড়ে,0
অনুষ্ঠানের চার-পাঁচ দিন আগে এক বিকেলে বাড়ির সামনে বসে ছোট মামার সঙ্গে গল্প করছি।,0
পাশে থাকলে পাশে পাবেন ইনশাআল্লাহ,0
বাংলাদেশে যাকিছু মহান সৃষ্টি চিরকল্যাণকর অর্ধেক তার করেছে নারী বাকী অর্ধেক নারীর বর,1
"আজব রাজার অবাক দেশ- উন্নয়নে চলছে বেশ, শহিদুলের কথা মানতে পায় ব্যথা, প্রিয়ার দেওয়া দেশকে ব্যাথাহয়ে যায় অন্য বা অন্যান্য কথা।মিন্নি মেয়েটি পায়না উকিলপ্রিয়ার দেশদ্রোহে মামলাই নেয় না, কি হবে গো উকিল?বাঁচাতে গিযে স্বামীকে মিন্নি হয়ে গেলো ভিলেন গিন্নী। ফাঁসিয়ে দিয়ে দেশকে প্রিয়া দিদিহবেন হয়তো দেশপ্রেমী মমতা দিদি।",0
সবার জন্য সেম বেতন থাকবে,0
কিরে ভাই আপনাদের পেজের কমেটগুলোর এই অবস্থা কেনো? গ্রামের চাচাতো ভাই ভরা,0
"বাংলাদেশই মেবি একমাত্র দেশ যেখানে অপরাধির অপরাধকে শিকার না করে, বরং তার জন্য সাফাই গাওয়া হচ্ছে!",0
আমার জামাইয়ের কষ্ট করে ৪ বিয়ে করা লাগবে না সে আমার মধ্যে চার ধরনের মেয়ে খুঁজে পাবে...,1
"এমন কথা শুনলে মন খারাপ হয়ে যায়। আমাদের উচিত, নিজের মধ্যে সৎ ও সহানুভূতির ভাবনা রাখা।",0
আমরা কেন ভুলে যাই সব কিছু দুই দিনের।,1
"দেশে গৃহযুদ্ধর জন্য এই এরাই দায়ী থাকবে,বিদেশে বসে মানুষকে চুলাকাচ্ছে",0
খুবি দুখ ঝনক যে আজ ভালোবেচে এই অবস্থায় পতিত হতে হলো নিজেকে।,1
তবে আমি খুব আসা করছিলাম তাসকিন জায়গা পাবে,0
এই স্বাধীনতাই আমরা চেয়েছিলাম?? যে মেয়েদের হলে ঢুকতে পারবো না,1
"এরে সেলিব্রিটি বানাইছে কারা? ভাই তোর মত প্রতিভা, যাঁদের অস্তিত্ব মানুষের ভাল লাগা আর প্রশংসার উপর নির্ভর করে তাদের এত অহংকার ঠিক না। যারা তোরে হুদাই সেলিব্রিটি বানাইছে তাদের বিরুদ্ধেই তোর এত অভিযোগ? সত্যটা হল যে তোমার যোগ্যতা আর পরিচয় দুটোই এই ১৮ কোটি মানুষের এপ্রিসিয়েশন ।",0
নারীর উপর সামাজিক চাপ ও প্রভাব নিয়ে নারী লিখবে! আপনার লেখা বরং পুরুষের চোখে নারীর উপর সামাজিক চাপ টাইপের লেখার সাথে বেশি মিল পাওয়া যাচ্ছে।,0
রোগীর স্বজনরা মিথ্যা অভিযোগ করলে চিকিৎসা সেবার গুণগত মান ব্যাহত হতে পারে। এই সমস্যার সমাধানে সচেতনতা প্রয়োজন।,0
"আমার সাথে কোনো পুরুষের ছবি দেখা মাত্রই লোকে ধারণা করে নেয়, আমি হয় এর সাথে প্রেম করছি অথবা একে ভোগ করছি৷",0
"বুঝলাম না, আমার সামনে কেনো এসব আসে আমি তো সিঙ্গেল",1
"কেউ হাঁ হাঁ রিয়েক্ট দিয়ে সাহস পায় নাই , ভাবছে তার সাথে যদি হঠাৎ এমন হয়",0
স্ত্রী বা প্রেমিকার সাথে ভালো সময় কাটানো জীবনের অন্যতম সেরা অভিজ্ঞতা।,0
এটা একমাত্র বাংলাদেশের পোলাপান দ্বারা সম্ভব অথচ বাউন্ডারিতে বল ঠেকাতে যেয়ে এই অবস্থা,1
আমিও এটাই বলতেছিলাম এতো উড়তেছে মানে পোলাপান এর লিংক বের করেই ছাড়বে।,0
আসিফ নজরুলের শাশুড়িকে আটকে রাখবে এমন কারাগার বাংলাদেশে এখনো তৈরি হয় নাই।,1
আমি মুচকি হাসলে খালি কয় 'ওইযে কি দেইখা জানি পাগলের মতো হাসতাছে একাই'।,0
ভাই এক দের মাস না। ওইটা এক দের বছর হবে। ভালো করে সংবাদ দেখে তারপর পোস্ট কইরেন। মানুষকে ভুল তথ্য দিয়ে বিভ্রান্ত করবেন না,0
"তাহাজ্জুদে দাঁড়িয়ে আল্লাহর কাছে ছোট থেকে বড় সব চাওয়া চেয়ে দোয়া করুন এবং এই নামাজে সৃষ্টিকর্তার কাছে অগাধ ক্ষমা এবং রহমত চান যেন আল্লাহ অসম্ভব আশাগুলো ও পুরণ করে দেন।""",0
বিশ্বাস করেন ভাই হাতে গুনা ১ ২ জন মানুষ ছাড়া বিপদে কাউকে পাবেন নাহ বাস্তব অভিজ্ঞতা থেকে বলছি,0
টাকা না থাকলে ভালোবাসা জানালা দিয়ে পালায়,1
আমিতো ফ্যান হয়ে গেলাম আসলেই যে যত দেশ প্রেমিক হবে। আমাদের ও দেশের শত্রু ভারত বিরোধীতার প্রমান দিবে। আমরা এদেশকে ভালবাসি,0
"বইটির পরিপ্রেক্ষিতে কিছু ভাল দিক আশা করা যাচ্ছে, তবে পর্যালোচনা দেখে তবেই মন্তব্য করা যাবে।",0
তোর বাটন ফোনের পিকটা মনে হয় আমিই তুলছিলাম,1
"২ ব্যাগ শপিং করতে ২ বান্ডিল টাকা লাগলো এতো দাম আল্লাহ্,, যামুনা কিনতে। ঘুরতে যাইতে পারি",1
যেন এর বাইরে কারো সাথেই আমার কোনো লেনাদেনা থাকা সম্ভব না৷,0
"আজ আছে,কাল নাও থাকতে পারে।যাকে কষ্ট দিয়ে আজ কথা বলসি, কাল সরি বলার জন্য তাকে নাও পেতে পারি।",1
আল্লাহ না করুক সামনে তো আরও পরীক্ষা আছে মজা টা যদি সত্যি হয়ে যায়?,0
ধনের পোস্ট সেই ভালো হইসে । শুধু এইটাই বলব কোথায় রাজরানী আর কোথায় চুতমারানি,1
"সবই বুঝলাম, কিন্তু শারমিন ডা ক্যাডা?",1
বর্তমানে সাংবাদিক গুলো সাংঘাতিক হয়ে গেছে।,0
গ্রোথ কোডের প্রতিশ্রুতি ও গুরুত্ব বিশ্লেষণ করে বোঝা যাবে এটি কতটা কার্যকর।,0
ধানমন্ডি ৩২ এর থেকেও প্রথম আলো বেশি শক্তিশালী? বাংলাদেশ ধংশ করার এক মাএ দায়ী ইন্ডিয়ান এজেন্ট মোদির আলো জয় বাংলা করে দিতে হবে।,0
আপা আপনার জন্য দোয়া রইলো যাতে করে অনেক দুরে আগাইয়া যাইতে পারেন কিন্তু আর যাতে পিরে নাহ আসেন,1
সন্তানের প্রতি মায়ের ভালোবাসা চিরন্তন।,0
"সত্যি,, আমার মেয়েও এমন করে",0
পরবর্তী খেলা গুলো হারলেও বাদ পড়ার সম্ভবনা আছে ঢাকা ক্যাপিটালসের,1
স্বপ্ন তো পুরন করবোই শিক্ষার্থী হিসেবে না হোক বাসের হেলপার হিসেবে,1
নিঃসন্দেহে প্রশংসনীয় স্থান মহান রব্বুল আলামীনের জিবনে যা দিছেন যে অবস্থানে রাখছেন আলহামদুলিল্লাহ,0
যে যেই যায়গার লোক তার টার্গেট তো সেখানেই থাকবে,1
সিন্দুক বন্ধ করে রাখা টাকার উপযোগিতা কি ভাই। উদাহরণ দিবেন তাও আবার ভুলভাল।,0
"বাংলাদেশে অনেক প্রতিভা রয়েছে, কিন্তু তাদের পক্ষে দাঁড়ানো প্রয়োজন।",0
আগের বারে কি বাইক বাড়িতে রেখে আসছিল নাকি,1
"এটি শুধু বাংলাদেশ নয়, বিশ্বের অন্যান্য দেশেও গুরুত্বপূর্ণ",0
"আপনারা খেলা উপভোগ করতে না,, আসেন মডেলিং করতে।",1
সারা-রাত ব্যালট বক্স ভরিয়ে বিজয় পোস্ট ? হাহাহাহাহা মজা পেলুম সুষ্ঠু ভোট হইলে জামানত হারাইবেন,0
ভাই মনের কথা বলছেন আপাদতো সিনগেল আছি তাই,1
মামা হইতো চানদের দেশে গেছে...,1
"চেহারা যেমনি হোক, ছেলেরা সব কিছু বড় বড় পেলেই খুশি",1
যেখানে সম্মান পাবে সেখানেই যাওয়া উচিত।,0
আপনারা এত বুদ্ধি নিয়ে ঘুমান কেমনে ভাই,1
ভাই ইনবক্স করেন আপনারে কয়ডা গালি দিছি,1
"বিশ্বাস ও নিরাসক্তি, আনে মহাশক্তি",0
পাহার,0
"যার ভাগ্যের ধর্মঘট টানলে লাগে,কাগজ মাথায় আগুন ধরায় টানতেসি",1
"সব দৃষ্টিভঙ্গি ঠিক বা ভুল নয়, পরিস্থিতির উপর নির্ভর করে",0
আত্মার সম্পর্ক কেবল বৃদ্ধের সাথে বাচ্চার। বাকিরা প্রপার্টির আশায় আছে,0
সব ভোট চোর লীগকে ধরতে হবে,0
কথা কি পরিস্কার নাকি ভেজাল আছে,1
দুইয়ের যোগফলে নব্বইয়ের দশকে তাই গড় বাংলাদেশি পাঠকের পাঠতালিকায় সবচেয়ে বেশি থাকেন হুমায়ূন-মিলন।,0
এত বড় চাঁদ হলে আমরা তো চাঁদের আলোতে মরে যাব।,1
হাল্কা কারেকশন উপরের দাগ কালো,1
"ভাই, গ্রামে যান উনারা এত কিছু বোঝেনা। ১৪ ১৫ থেকে শুরু করে ছেলে মেয়েদের বিয়ে দিয়ে দেয়। ছেলেকে ভ্যান, দোকান, ক্ষেত, খামারে কাজে লাগায়া দেয়। তাদের একটাই কথা ছেলে মেয়ে ডাগর হইছে মনে বয়স হয়ে গেছে। এরাই সুখে আছে।",0
পাগলীর উত্তেজিত পাগলামি দু'দিন যাবত বড্ড বাড়াবাড়ি ছিল।,0
নিজের ভালো লাগাকে গুরুত্ব দিন।,0
"সংস্কার শেষ করলেই নির্বাচন দিয়ে দিবে,একটু ধৈর্য্য ধরান করুন!",0
সন্তানের সাফল্য মায়ের মুখে হাসি আনে।,0
হিরো আলম তো লেখক এসব লেখক কে আমরা কেনো লেখক বলবো?,0
"সৃষ্টির সেরা জীব মানুষ , আর এই মেশিন গুলো মানুষই বানিয়েছে",0
পাকা খেলোয়াড়,1
কোন রঙের গোলাপ দিবো সেটা পরের কথা। আমি গোলাপ দেওয়ার মানুষই পাচ্ছি না।,1
এই নিউজের রিপোর্টার কি মগা নাকি? শুরুতেই নাস্তিক কিভাবে বলতে পারেন?,0
এক সময়ের ধর্ম প্রতিমন্ত্রী জনাব কায়কোবাদ ২০০৭ সালে আমাদের হজ্ব ব্রত পালন কালে আমাদের সব ধরনের সহযোগিতা করেছিলেন । তার আচরণ আমাদের নিকট মহা মানবের ন্যায় উপলব্ধি হয়েছিল অভার অল তিনি ভাল মানুষ ।,0
সবাই কে প্রেগন্যান্ট করার ধান্দা,1
ছোটখাটো বিষয় নিয়ে আলোচনা করে নিজেকে ছোট করবেন না,0
"অথচ তার জন্য আমি সবার সাথেই দূরত্ব বাড়ালাম, কিন্তু দিন শেষে",1
ভুস্কি শাওন ষাড়ের স্ত্রীকে দ্রুত গ্রেপ্তার করে ডিম থেরাপি দেওয়া হোক। কী বলেন?,0
"আমাদের জীবনে অনেক কাজ অসমাপ্ত থাকে, কিন্তু পরিকল্পনা, সময় এবং সঠিক মনোভাব নিয়ে সেটা শেষ করা যায়।",0
ইন্টারনেট আসক্তি আমার সৃজনশীলতা কেড়ে নিয়েছে। আমি একজন লেখক। এখন লেখালেখি করতে কষ্ট হয়। মনোযোগ দিতে পারি না। প্লট খুঁজে পাই না। লেখার শৈলী ঠিক থাকে না।,0
তিতুমীর কিন্ডারগার্টেন স্কুলের জোর দাবি জানাচ্ছি।,1
এমন তো হওয়ার কথা না। মেসেজ দাও তো,1
এই পোস্টটি পড়ার পড়ে ভয়ে তো কেউ টিউশনি করাতে চাইবে না,1
এই ইতিহাস যতবারই পড়েছি বা শুনেছি চোখ সবসময়ই ভিজা ছিল।,0
শাহাদাত জুলাস আমি মাইয়্যা লোকের প্যান্ট নিয়ে কি কবরো কিন্তু প্যান্ট আসলে কোথায়...??,0
বাসগুলো মাকাল ফলের মত হবেনাতো?,1
তিনি নিজেই বাজাতেন।,0
"একইসঙ্গে উদ্ভাবন, স্থায়িত্বও স্থানীয় ঐতিহ্যকে আমরা কাজে লাগিয়েছি, যা শিল্প খাত ও সমাজকে পরিবেশবান্ধব উদ্যোগ গ্রহণে উদ্বুদ্ধ করবে।",0
"এরা চোর ও না ডাকাত ও না, ওরা গিয়েছিল জীবন পাল্টাবার স্বপ্ন নিয়ে, ট্রাম্প এর নিকট মানুষের পরিমাপ ডলারের নিরিখে। এরপর ও যারা ট্রাম্পের মাঝে ভালো কিছু সন্ধ্যান করে তাদের বোধদয় হবে না।",0
বাংলাদেশের ক্রিকেট দল আন্তর্জাতিক পর্যায়ে সফল হতে পারবে।,0
"এগুলো মেয়ে বান্ধবী, নাহলে কিছু ছেলে বন্ধু থাকে মেয়েদের ওদের কথায় এসব ঘটে।",0
ভাই এমন গার্লফ্রেন্ড কই পাওয়া যায়,1
"এই খবরটা সবার আগে দিল্লিষ্টার দিলো কেন??যোগসূত্র আছে নিশ্চয়।শাওনের মতো অতি চেতনাধারীদের চেতনা ভালোমতো ছুটায় দিতে হবে। আর দিল্লিষ্টার সাবধান হয়ে যান,সামনে বিপদ।",0
"এখানে বালমানের কোন দোষ দেখি না আমি, জেসিয়ার সাইকেল চালানোর কোর্স কমপ্লিট তাই সে এখন জেসিয়াকে ছেড়ে অন্য কাউকে অন্য কিছু চালানো শেখাচ্ছে। উল্টো ছেস্রার মতো সাইকেল চালানো শিখে যাওয়ার পরেও জেসিয়া যে তার মাষ্টারের বাড়িতে যেয়ে ভাঙ্গ চুর করলো তার বিচার হওা উচিৎ",1
"সরকারি হাসপাতালের ডাক্তার ও নার্সরা রোগীর তুলনায় অনেক কম থাকায়, সেবা দিতে তাদের অনেক চাপ মোকাবিলা করতে হয়। এই চাপ রোগীদেরও প্রভাবিত করে।",0
সব কিছুর সাথে কমপ্রোমাইজ কিন্তুু বাড়ির সাথে না। আমাদের উত্তরবঙ্গেই থাকতে হবে।,0
"পরকাল যারা বিলিভ করে না তাদের জন্য পাপ কাজ সহজ হয়ে যায়, কিন্তু আমাদের দেশে পরকাল মানার করার পরো যে পাপ কাজ চলছে তাতে তো ভয় পাবার মত অবস্থা, কোন দিন যে আল্লাহ পাক গজব দেন এ দেশে",0
"এখন তাকে রাষ্ট্রদ্রোহী মামলা দিয়ে কঠিন শাস্তির ব্যবস্থা করা হোক ,দেশকে নিয়ে খুব খেলা করেছে এখন তাকে নিয়ে খেলা করা হোক রিমান্ডে যারা থাকবেন তারা একটু আদর আপন করিয়েন অনেকদিন ধরে হুমায়ূন আহমেদ নাই তার কি মন চায় না একটু আদর আপ্যায়ন আমার প্রস্তাব কি ঠিক আছে জানাবেন কিন্তু",0
"তবুও, এই মিল থাকার যুক্তিকে খুব পোক্ত যুক্তি হিসেবে মানা যায় না।",0
মানুষ না খেয়ে ভয়াবহ পরিস্থিতিতে আছে,0
তারা মানসিকভাবে অসুস্থ,0
"শুধুমাত্র নিম নয়, অন্যান্য দেশীয় গাছও সংরক্ষণ করতে হবে",0
রেলওয়ের নিয়োগ প্রক্রিয়া আরও আধুনিক ও প্রযুক্তি নির্ভর হওয়া উচিত।,0
হে মালিক আমি পাপে ডুবে যাচ্ছি আমাকে তুমি হেদায়েত দাও হে মালিক রহম কর,0
"বাসে বসে একটি কমেন্ট করলাম, তাও আবার ভার্সিটির বাস",1
দেখার শেষ আছে পাগলের শেষ নাই হরেক রকমের পাগল,1
বাংলাদেশ থেকে যাদের স্বপ্নের শুরু,0
পাছা বেঁচে কত কাল বাছা!,1
পাইরেটেড বইয়ের বাজারে কিছুটা হলেও জৌলুশ হারিয়েছে পশ্চিমবঙ্গের বই।,0
"বিশ্বাস রাখুন, আপনি যা চান তা অর্জন করতে পারবেন।",0
গালির মধ্যেও কেমন একটা ভাব আছে,1
মেয়াদোত্তীর্ণ গাঞ্জা কতটা ভয়াবহ তা এইরকম পোস্ট ও এইরকম সাংবাদিক না দেখলে কোনোদিন বুঝতে পারতাম নাহ,1
এই অনুবাদগুচ্ছ অমন কোনো সাধু বা আদর্শিক উদ্দেশ্যের দ্বারা প্রণোদিত নয় খেলাচ্ছলে রচিত বরং।,0
এই যে এখন মুড়ি কিনে খা স্যালাইন দিয়া,1
"আমার পোলাডা আমারে দেইখাই কইলো, ""আম্মা হাসিনা কি পলাইছে?"" আমি কইলাম, হ রে বাপ। ""আলহামদুলিল্লাহ কইয়া একটা হাসি দিলো। এইডাই আমার পোলার শেষ হাসি।""",0
বিদেশি কাহিনির ছায়া অবলম্বনে রচিত তাঁর মাসুদ রানা এবং সেবা প্রকাশনীর আরও সব রহস্য-রোমাঞ্চ সিরিজ নব্বইয়ের দশকে অবধারিতভাবেই থাকত বাংলাদেশি পড়ুয়াদের ঘরে।,0
"আমার মা নেই , তাই আমার জ্বরও হয় না",0
ব্যক্তিগত অভিজ্ঞতা দিয়ে বৃহৎ ইতিহাসের ব্যাখ্যা সবসময় দেওয়া সম্ভব নয়,0
উচ্চাভিলাষী পরিকল্পনা বাস্তবায়ন করে বাংলাদেশ আরও সমৃদ্ধ হতে পারে।,0
সেক্স কি আমেরিকান স্টাইলে করবে নাকি কোমড়ের নিচে বালিশ দেওয়া বাংলা স্টাইল,1
"যদি শান্তি চাও, প্রকৃতির মাঝে হারিয়ে যাও!",0
বাংলাদেশে পরিবেশবান্ধব ব্যাগের ব্যবহার বাড়ানোর লক্ষ্যে নতুন উদ্যোগ নেওয়া হয়েছে।,0
"কোনো মানুষই তার সম্পদের চেয়ে বেশি কিছু আশা করতে পারেনা, কিন্তু সম্পর্কের গুরুত্ব অনেক বেশি",0
পথের প্রাণীদের প্রতি একটু সদয় হলে পৃথিবী আরও সুন্দর হতো।,0
"বাবা-মায়ের ভালোবাসা নিঃশর্ত এবং নিরবিচ্ছিন্ন, তারা সবসময় আমাদের পাশে থাকে।",0
ট্রল হবে কইত্তে দর্শকই তো নাই,1
"কি কণ্ঠস্বর, কি আভিবেক্তি যদি ভিডিওর বক্তা আমার পোস্টটা পড়েন, আমার তরফ থেকে অনেক অনেক অভিনন্দন এমন একটা প্রতিবেদন, জন সমক্ষে আনার জন্ন...",0
"নারীর সৌন্দর্য যে নগ্নতায় নয় আবরনে, তা এখান থেকেই দৃশ্যমান।",0
"ফেইসবুক বা ফোনের মতো ডিসট্রাকশনের কারণে অনেক কাজ নষ্ট হয়ে যায়, সেগুলো থেকে দূরে থাকা উচিত।",0
"আসলেই কি বউরা এতো খারাপ, তাহলে সবাই সিঙ্গেল থাকেন",1
ফোন কেনার সময় অনেক জোর করে ৫০০ টাকা কম দিয়েছিলাম এই জন্য এই সমস্ত পোস্ট ফোনে আসে,1
যে নিজেকে সবচেয়ে বেশি ভালোবাসতে পারে সে আশেপাশের মানুষকে অনেক ভালোবাসতে পারে,0
এর সুরক্ষিত নিরাপত্তা কার্যকর না হওয়া পর্যন্ত এসএসসি পরীক্ষা স্থগিত করা হোক,0
এর মাধ্যমে টেকসই ব্যবস্থাপনায় একটি নতুন ও অনুপ্রেরণামূলক দৃষ্টান্ত স্থাপন করেছে কোম্পানিটি।,0
নারীরা সব সময় নির্যাতনের শিকার হচ্ছে,0
এই ব্র্যান্ড দলকে আন্তর্জাতিক স্বীকৃতি দেওয়া হোক,1
"""তুমি টিমের সঙ্গে কাজ করলেও অনেক সময় আলাদাভাবে সিদ্ধান্ত নিয়ে ফেলো, যা প্রকল্পের সঙ্গে সাংঘর্ষিক হয়ে যায়। যদি তুমি আগে থেকেই টিমের সঙ্গে এই সিদ্ধান্তগুলো আলোচনা করো, তাহলে পুরো প্রজেক্ট আরো মসৃণভাবে এগোবে।""",0
রিক্ত আমি সিক্ত আমি দেয়ার কিছু নাই.আছে শুধু রক্ত লেগে .পালিয়ে গেলাাম...,1
"যারে ভাবি মুড সুইং সামলাবে,তার সাথে কথা বল্লে আরো বেশি মন খারাপ হয় রাজ্যের কষ্ট তার",1
"তাহলে আমি একটা কথা বলি, এই সব বাবা মা দের জন্য শুধু বাচ্চার শৈশব নষ্ট হচ্ছে না , বাচ্চাদের প্রতি খারাপ দৃষ্টি ভঙ্গি তৈরী হচ্ছে এক শ্রেনীর মানুষের উপর , ফলে ৩,৪ বয়সী বাচ্চাদের সাথে কি হচ্ছে তা তো দেখতেই পাচ্ছেন। খুবই কষ্ট লিগে প্লিজ তাদের কে বোঝান যারা ছোট্ট বাচ্চা দের দিয়ে adult content তৈরী করছে ।",0
নিঃস্বার্থভাবে কাজ করা মানুষদের আমরা কৃতজ্ঞচিত্তে স্মরণ করি,0
মাতানোর দোচনে দেশ সম্মানে ডুবে গেছে,1
"খুব ভালো বিশ্লেষণ, তবে রাজনীতিতে সবসময় গেম থিওরি কাজে লাগে না।",0
কিসের মধ্যে হারারইছে এটা তো জানলাম না আমি,1
"আমরা, পাকিস্তান ও ভারতের আধিপত্য চাইনা দাদাগিরি চাই না, আমরা আমাদের মত থাকতে চাই। আমরা স্বাধীন রাষ্ট্র।",0
আপনি একদম যথার্থ বলেছেন।,0
বুঝতে হবে কুমিল্লা মানেই আগুন,1
আফিদা একজন ভালো টেলেন্টেড খোলোয়ার। তাকেই দলনেতা করা সঠিক সিদ্ধান্ত নিয়েছে বাফুফে,0
সন্তানের নাম কি কি রাখবে সবাই আগে থেকেই ঠিক করে রাখো,1
চল্লিশা তে কাবাব আর কাচ্চি আর হালকা করে বোরহানি রাইখেন ভাইয়েরা।,1
গল্পটা মায়ের মুখে শুনেছিলাম অনেক আগে,0
"আপনি আর আমি,,, ভাঙ্গা চুঙ্গা একটা মোবাইল আর আমার বন্ধুর দামি মোবাইল",1
আমার ফুয়ারে কোন ফুরিয়ে যাদু করিলাইছে,1
যারা এই পোশাক পছন্দ করেছে তাদের আত্নার মাগফেরাত কামনা করছি,1
প্রতিবেশীকে আগাত করে নিজেকে কখনো নিরাপদ রাখা যায় না । এতটুকু না বুঝতে পারলে রাজনীতির লাইনে না আসাটাই ভালো ।,0
"হ্যাতের ভাষণ দুনিয়ার সবচেয়ে বিরক্তিকর জিনিস। রিমান্ডে আসামিরে হ্যাতের ভাষণ শুনাইলে সে সবকিছু গড়গড় করে স্বীকার করে নেবে, তবুও হ্যাতের ভাষণ শুনবে না। হ্যাতের ভাষণ মানেই স্বজন হারানোর বেদনা, ঝুড়ি ঝুড়ি মিথ্যা কথা আর বিএনপি-জামায়াতের বদনাম। এখন সেখানে অন্তর্ভুক্ত হবে ড. ইউনূসের সরকার।",0
ভয় পাওয়ার কিছু নেই এই অপারেশন আই অয়াস অপারেশন।কাউকেই আটক করতে পারবেনা।আর কারো বাড়িও ভাংতে পাবেনা।,0
"১৯৮০ ও ১৯৯০-এর দশকে জে বাকবাইন্ডারের নেতৃত্বে চেয়ারটি রেস্তোরায় বিক্রি শুরু হয়, এবং এরপর তার ছেলে গ্রেগ দায়িত্ব গ্রহণের পর এটি ডিজাইনার চেয়ার হিসেবে বিক্রি শুরু হয়।",0
চোখের শান্তি শুধু এটাই ভাবতেছি তখন আপনার অনুভূতি 'টা কেমন ছিলো,0
এই জন্যই ম্যাচ জিতে না এদের কে প্রেমেন্ট বন্ধ রাখা হোক,1
"গতকালকে ৯৯ এর দোকান থেকে কিনছি ৫০ টাকা দিবে, এইখানের কমেন্ট দেখে মনে হচ্ছে আমি জিতছি এটা কি রিমোর্ট কন্ট্রোল চলে, ব্যাটারি কি পেন্সিল ব্যাটারি",1
কয় দিন আগে শুনলাম উইল চেয়ারে মরন ব্যধিতে মরবে মরবে অবস্থায় ইহুদি টায়... এখন কী হায়াত ফিরে পাইছে সময় হয়নি এখনো ওর... শয়তানের হায়াত বেশি থাকে মনে হয়।,0
গাড়ি তো নাই আমরাও জানি গিয়ে তো ঠিকিই ঘোড়া চালাইবা,1
একুশে পদকের দেখা পেল মেহেদী হাসান মিরাজ,1
"বুদ্ধিজীবী দিবসে সকাল বেলা ঘুম থেকে উঠেই এরকম একটা বুদ্ধি প্রতিবন্ধীকে দেখব, আশা করি নি",1
"নাছির, সৌম্য, সাব্বির, সোহান, মিরাজ বাংলাদেশের ক্রিকেট ইতিহাসের সবচেয়ে সেরা ফিল্ডার",0
দাদার দেশে এই রকম হবে,1
"গাছ লাগান পরিবেশ বাঁচান, আর সেই পরিবেশ বাঁচাতে গিয়ে আজ সেই বৃক্ষপ্রেমি ই কারাগারে,, আহারে মানবতা",0
মানুষের সমালোচনা করা সহজ। পোষ্ট দাতা এমন একটা বাড়ি তৈরি করে দেখাক।,0
নতুন পুরাতন ইউজার ভাই ও বোনদের জন্য দোয়া রইলো সবাই এগিয়ে জান পাশে আছি ইনশাআল্লাহ,0
আমি পরিবারে বড় ছেলে হয় এখন পর্যন্ত মা বাবার জন্য কিছুই করতে পারলাম নাহ,0
আপা আসবে একদিন বীরের বেসে,1
উন্নত কৃত্রিম বুদ্ধিমত্তা ব্যবহারের ফলে স্বল্প ব্যয়ে গবেষণা ও উন্নয়ন কার্যক্রম পরিচালনা সম্ভব হচ্ছে।,0
কিন্তু সাব্বির কখনো আমেরিকার হয়ে খেলতে যাবে না কারন আমেরিকায় এখন টিকটক ব্যান করেছে,1
এমনকি কবিতার ক্ষেত্রে বিচিত্র এবং নিরীক্ষামূলক সব লেখা দেখা যায় এই সময়ে।,0
"চাচা ফুল গুলো এত সুন্দর কেন, আর আমার প্রিয়জন কোথায়।",1
"কত্ত মিষ্টি, মধুর আমার বাংলা ভাষা। শুনলেই এক অদ্ভুত প্রশান্তি ছড়িয়ে পড়ে মনে। চর্চা হোক শুদ্ধ ভাষার। তথাকথিত আধুনিক হতে গিয়ে, আমার এই প্রাণের ভাষার মিষ্টতা যেন হারিয়ে না ফেলি।",0
কল্পনার জীবনে নতুন একটা অধ্যায় শুরু হলো।,0
"নাফিস এখনো বিশ্বাস করে যে একদিন তার ভাগ্য বদলাবে, তাই সে চেষ্টার মধ্যে আছে।",0
রেলওয়ের প্রতিটি বিভাগ নির্দিষ্ট নিয়মনীতি অনুযায়ী পরিচালিত হয়।,0
নিউজের হেডলাইন আর শাকিব খানের ভঙ্গিমা দেখে মনে হচ্ছে প্রেগনেট করে ছেড়ে দিবে,1
"যে কেউ যদি সিকুয়েলটা না দেখে, সে সত্যিই একটা দারুণ অভিজ্ঞতা থেকে বঞ্চিত হবে।",0
উদ্ভোদন উপলক্ষে কারাগারের গেট খুলে দেওয়া হোক।,1
"আচ্ছা, সবাই হাহা কেন দিচ্ছে একটু খেজুরের রসের ছবিই তো আপ দিলাম এখন যদি সাইনবোর্ডে লেখা থাকে বোদা,তাহলে আই কিত্তাম",1
আমরা ভাগ্যবান যে পাম্প মালিক নামাজের জন্য জায়গা দিয়েছেন।,0
গবেষণামূলক প্রজেক্ট স্টার্টআপ এবং দেশের জন্য উন্নয়নমূলক হতে পারে।,0
"তারা নিজস্ব অপারেটিং সিস্টেম ইউজ করে, তাদের সময় নাই উইন্ডোজ এর ঢং দেখার",1
ঢাকা সিলেট রোডে যারা যাতায়াত করবেন। শুকনা খাবার নিয়ে আইসেন।,0
যাদের মুখে গালি আসছে কিন্তু দিতে পারছেন না তারাই একটা করে রিয়েক্ট দেন এই কমেন্ট এ।,0
স্কলারশিপ কমিটি আবেদনকারীর সম্ভাবনা এবং সংকল্প দেখে মূল্যায়ন করে।,0
চাঁদের মনে হয় টিউমার হয়েছে,1
একটা ভুল চাল থেকেও যে কামব্যাক দিতে পারে সে কিসের গ্র্যান্ডমাস্টার? হারতো হারই,0
উভয়েরই রোষানলের আগুনে পুড়া ছাই পাওয়া যাবে বটে কিন্তু সে ছাইয়ে চাপা পড়ে যায় লাখো কোটি জনতার অন্তরে ধারণ করা হাজারো পুঞ্জিভূত আশার আলোকে বর্তিকা,0
"অধিকার রক্ষা করার পাশাপাশি আমাদের সবার জন্য স্বাধীনতা, মর্যাদা ও সহানুভূতি নিশ্চিত করতে হবে।",0
"বাইন চুদ,বিজ্ঞাপন দেয়ার লোক পাচ্ছিস না। সালা জুকার।",0
"সত্য ও ন্যায়ের পথে আপনি এবং ইলিয়াস ভাই অনন্য, সত্যের পথে ব্যক্তির দিকে না তাকিয়ে নিঃস্বার্থ সত্য নিউজ প্রকাশ করেন।",0
"ফাইনালে দেখিয়ে দিয়েছে তামিম কি জিনিস,, তামিয ভক্ত এমনি হইনাই,, তামিমের নিয়ে প্রচুর গবেষণা আছে",0
সারাহর সৌন্দর্য এবং ব্যক্তিত্ব সবাইকে মুগ্ধ করে।,0
একটি রেফারেন্স লেটার শিক্ষার্থীর পক্ষে একটি ইতিবাচক বক্তব্য হতে পারে।,0
হহ ভাই ফেব্রুয়ারি মাস না আসুক,1
এই বয়স এ আমি বিড়াল আলা প্যান্ট পরে আম্মার কাছে বিড়াল আলা সান্ডেল এর বায়না করতাম।আম্মা ধুমধাম দিত,1
"আমার কাছে মনে হয়, সবকিছু খুব সহজ মনে হলেও পেছনে অনেক কষ্ট থাকে।",0
কাউয়ায়ায়া চুনাপাকি তাহ আমাল,1
মেয়েদের হিজাব আর মাথায় কাপড় দিয়ে থাকার যে সম্মান৷৷ এটাও হারিয়ে যাচ্ছে আফা,0
ভাই হাসলে কি পাপ হবে,1
"নিজেরা ব্যাস্ত ঢিলা কুলুপের অস্ত্র বানাতে, আর সমালোচনা ইয়াহুদীদের।",1
ছবির পিছনে গাছ টা ওনেক সুন্দর ওটার ইংরেজি নাম কি একটু বলেন,0
উচ্চ বিদ্যালয়ে পড়েন দেখি...বাদ দিয়া দেন...প্রেরাইমারি পাশ করছেন এইটাই অনেক...আইডি কার্ড করার সময় সাইন দিতে পারলেই হইলো।,1
"ভারত মা কে, বাংলাদেশের চওয়ামীলীগের বাপ প্যাগ্নেন বানাইছে,এই সূএে ভারতকে আমরা জন্ম দিছি",1
মামা পোস্ট ডিলিট করেন পরে সমস্যা হবে,1
কি সুন্দর। মনে হয় স্বপ্নের পথে যাত্রা।,0
"আমি আমার পরিবারের একমাত্র ছেলে সন্তান, আমি পড়াশোনার পাশাপাশি একটা job করি, আলহামদুলিল্লাহ আমি আমার সাধ্যমত পরিবার কে help করতে পারি.!",0
আওয়ামীলীগ এর দোসর কে ও নিয়ে নিলেন? 5 আগস্ট এর পর ছাত্ররা এনার প্রাইভেট ভাংচুর করেছিল,0
"বিষয়গুলো নিয়ে আরও গভীর গবেষণা প্রয়োজন, একক দৃষ্টিকোণ যথেষ্ট নয়।",0
"মন একজন মানুষকে আমি জানি, যার কাছে সিভি ফরওয়ার্ড করে এখন পর্যন্ত হতাশ হয়নি সিজিপিএ এর কারনে,",1
খুব সুন্দর করে দেশটা পাকিস্তান বানিয়ে দিয়েছো তোমাদের বাড়িটা তাড়াতাড়ি রঙচঙ করো।,1
আমার প্রিয় মানুষর চাইতে সাকিব ভাইয়ের মূল্যটা অনেক দাম,0
এটা হবে রোজার প্রথম স্বামী তাহসানের প্রথম স্ত্রী মিথিলার দ্বিতীয় স্বামী সৃজিত,1
অসাধারণ ভাবনা।বড় হলে রাজনৈতিক নেতা হবে,1
"ট্রাফিকের চাপ কতটুকু সেতুর উপর প্রভাব ফেলে, তা পর্যবেক্ষণ করা সত্যিই প্রয়োজনীয়।",0
মানে একটু পরিচিতি পাইলেই লেখক হয়ে উঠে!,0
নিজের স্বাস্থ্য নিয়ে একটু সচেতন থাকলে অনেক বড় সমস্যা এড়ানো সম্ভব,0
"ছোটবেলায় পড়েছিলাম ""বোবার কোন শত্রু নাই""... ফলো করতে চেষ্টা করি তবে বিড়ম্বনাও বাধে কখনও সখনও কই যাবো!?",1
আবারো গার্লফ্রেন্ড যুদ্ধে পরাজিত হলাম!,1
ভারতের এই সব পঁচা খবর আমরা শুনতে চাই না,1
নাহিদ ইসলাম ভাই ইন্টারনেট বন্ধ করে দেন বাকি তো আমরা দেখছি।জেল থেকে পলক।,1
"লারা দিয়ে ঘুর, কাউয়া জুতা চোর",1
আমার বাড়ির সামনে দিয়ে গেছো...!!,0
কারন একজন লাগতে গিয়ে বিদেশশে,1
শিশুর জীবন রক্ষায় ডাক্তার ও নার্সদের যৌথ প্রচেষ্টা সত্যিই প্রশংসনীয়।,0
শেখ হাসিনার ভাষণ প্রচার করে প্রমাণ করুন যে আপনাদের সংবাদ মাধ্যমের স্বাধীনতা আছে।,1
"প্রকৃতির প্রতি শ্রদ্ধা, বাবা-মায়ের প্রতি শ্রদ্ধার মতোই, আমাদের জীবনের অভ্যন্তরীণ শান্তি নিয়ে আসে।",0
নির্যাতন থেকে বাচার উপাই পাইছি,1
এক্কেবারে জটিল পরামর্শ,0
"আগের বক্তব্য শুনে মুগ্ধ হতাম, আর এখন শুনলে মনে হয় ভন্ডামি শুরু করছে",1
ঠাকুর ঘরে কে রে?!আমি তো কলা খাই নি লাস্ট এর লোকটার কথা শুনে এমন লাগলো,1
বিড়াল ঠিক আছে।কিন্তুু কান্না করছে কেন ঐভাবে,1
"আহারে আফা., আফা তুমি ও শেষ ৩২ নম্বর ও শেষ. জয় বাংলা ও শেষ. বিরানি ও শেষ. সিংগারা কই পামু উ উ",1
মোবাইল কিনার সময় জোড় করে ৫০০ টাকা কম দিছিলাম তাই আজ এসব দেখতে হচ্ছে,1
এই নির্মানাধিন গুপ্ত ঘর তৈরি জন্য হয়ত ৩২ এর রাস্তা এত বছর বন্ধ করে রাখা হয়েছিল,0
আজকে শবে বরাত চোখে দেখতাছে p,0
"নিয়ে যা ,ওর তো দেশে বেইল নাই ।",0
এসব কিছুই করতে হবে না।ডক্টর ঝাটকা তার সাথে এখনে আমার কথা হলো । খুব দ্রুত ব্যাবস্থা করবো যাওয়ার।তারপর আপনার যা ভালো মনে করেন,1
যদি গ্রালফ্রেন্ড ই না থাকে কার ছবি দিবো,1
বিশ্বের সফল ব্যক্তিরা নিজেদের জীবনকে আরও সোজাসাপ্টা এবং উদ্দেশ্যমূলকভাবে পরিচালনা করেন।,0
"যাদের মন শক্ত, তারা জীবনের যেকোনো চ্যালেঞ্জ পার করতে সক্ষম।",0
কাওয়া কাদের কই পালিয়ে গেলে রে খুনির বাচ্চা,1
আমি একজন মেয়ে হয়ে বলছি pls আইন ব্যবস্থা পরিবর্তন করুন । আমি জানি অনেক মেয়েরা তার শশুর বাড়িতে অত্যাচারিত হয় । তাদের পাশে এসে সবাই দাঁড়ায় । কিন্তু একটা পুরুষ ও যে কি ভয়ংকর রূপে অত্যাচারিত হয় সেটা আমার দেখা । তাই বলছি এখন সময় এসেছে আইন পরিবর্তন করার । অনুরোধ করছি আইন সবার ক্ষেত্রে সমান হোক । যেহেতু মেয়েদের পক্ষে আইন তাই এর অপব্যবহার করছে অনেক মেয়ে । মিথ্যে অভিযোগ করে আসছে থানায় গিয়ে ।,0
তাঁদের জনপ্রিয়তার পেছনে যে সামাজিক যোগাযোগমাধ্যমের একটা বড় ভূমিকা রয়েছে তা বলাই বাহুল্য।,0
এত সুন্দর শিক্ষা ব্যবস্থাটাকে এই সরকার ধীরে ধীরে শেষ করে দিচ্ছে,0
নিজের আবেগকে উপেক্ষা না করে সেগুলোকে স্বাস্থ্যকরভাবে প্রকাশ করার কৌশল শেখা প্রয়োজন।,0
৩য় ইবিআর এর কোম্পানিগুলোকে ছড়িয়ে দেয়া হয় সৈয়দপুর সেনানিবাসের বাইরে গোড়াঘাট ও পার্বতীপুর এলাকার আশেপাশে।,0
সকল শুখের শেষ স্থান হলো কবরস্থান,0
"তার দরকার ভাইরাল হবার,, এদিকে আমজনতা শেয়ার দিয়ে ভাইরাল করে দিছে তার স্বপ্ন পূরন হইচে ভাইরাল",0
একটু লাল পানি খাইলে বাবা ওও মামা হতে দেরি হয় না,1
পড়াশোনা ছাড়া জীবনে কারো সাথে কখনো বাটপারি করি নাই।,1
একদম বাস্তব অভিজ্ঞতা আছে আমার নিজের ক্ষেত্রে। কাজেই আমি খুব ভালোই জানি এক্ষেত্রে একটা পুরুষের ওপর কি পরিমাণ মানসিক চাপ থাকে। অবশ্যই আইন সংশোধন করা উচিৎ।,0
"স্বামীর ঋনের মামলায় মহিলাকে জেল হাজতে প্রেরণ করেছে এবং বাচ্চাদের আসামি করা বিবেচনা করে নাই, এরা জজ হয় কিভাবে। এসব জজের কারণে এদেশে বিচারব্যবস্থার করুন অবস্থা।",0
এসব কথা কাগজে খাতায় ঠিক আছে।,0
আলহামদুলিল্লাহ ---ওর জন্য আমার অনেক দোয়া ও শুভকামনা রইল।,1
"আমরা বাকস্বাধীনতায় বিশ্বাসী৷ আসিফের বক্তব্যের সঙ্গে আপনি একমত না হলে, আপনার অবস্থান জানাতে চাইলে লিখতে পারেন এই লিংকে, প্রতিবেদনের নিচে",0
বাচ্চা খারার জিনিস দিয়েও এরা ব্যাবসা প্রতিষ্ঠান খুলে বসছে,1
বিএনপি কোন জায়গায় পায়খানা করেছে তা গবেষণার দায়িত্ব প্রথম আলোর,1
ফ্যাসিস্ট এর দোসর এর গ্রুপ ছিলো তো আপু এদের স্বভাব ছিলো আরো বড় স্বৈরাচারী,0
আয়েশা কুণ্ডলী পাকিয়ে তাঁর বাবার বুকের সাথে লেগে ছোট্ট ছোট্ট দুই হাত দিয়ে জড়িয়ে ধরে ঘুমিয়ে থাকে।,0
স্টুডেন্টের আম্মুর কাছে থেকে সম্মান ও সম্মানি পাবো কিভাবে?,1
"টং দোকানের চা যদি আপনার জন্য সেরা হয়, সেটাই উপভোগ করুন।",0
আমি হয়তো একদিন থাকবো না কিন্তু আমার কমেন্ট গুলো থাকবে। আর আমার পরের প্রজন্ম আমার কমেন্ট গুলো হয়তো পড়বে।,0
মানুষের জন্য কাজ করাই সবচেয়ে বড় ইবাদত,0
অন্যের চোখে ভালো দেখানোর চেয়ে নিজের ভালো থাকা গুরুত্বপূর্ণ।,0
এদের পোশাকের কালার দেখে পুলিশ ক্যাডার হবার স্বপ্ন বাতিল হয়ে যাবে অনেকের। এমন সব ডিজগাস্টিং কালার চয়েস কোন ক্যাডারের তা এখন জাতীয় প্রশ্ন।,1
৭৫ এর সূর্য সন্তানের মূখে সঠিক ইতিহাস শুন্তে পেরে জাতি হিসাবে আমি গর্বিত...ভালোবাসা অবিরাম,0
"TikTok ভাইরাল চ্যালেঞ্জ! Destroy a Satellite Challenge শুরু করো, কয়েকদিনেই কেউ না কেউ সফল হয়ে যাবে!",1
এতো সংক্ষিপ্ত জীবনের আশ্চর্য সৌন্দর্য উপলব্ধি করতে পারলাম। অসাধারণ সুন্দর বক্তব্যটি।,0
"নুহাশ পল্লীতে কেউ হাত দিবে না। কারন আসিফ নজরুলের ওয়াইফেরও যে ভাগ আছে, তার শালারও আছে শাওনের একার না ওটা।",1
"এখন দেখছি আমার আন্দোলন করা ঠিক হয় নাই, কারণ ৬ টাকার ডার্বি ৮ টাকা হয় গেছে। আগেই ভালো ছিল",1
"আমি বহু মানুষকে বিজয় দ্বারা লিখতে অনুরোধ করেছি, ভয়ও দেখিয়েছি। স্যার আপনার জয় হোক৷ বিজয় সফটওয়্যার-এর জয় হোক।",1
সারাহ টেন্ডুলকারের জনপ্রিয়তা তার কাজের মাধ্যমেই অর্জিত। সে সত্যিই নিজের একটি শক্তিশালী পরিচয় তৈরি করতে পেরেছে।,0
ইবলিশের পেতাত্মা থেকে আল্লাহ পাক আমাদেরকে হেফাজত করেছেন,1
চোখ যেন বিপিএলেই থাকে নারীর দিকে যেন না যায় সেদিকে খেয়াল রাখবেন,1
মাঠে নাকি খাটের লীগ হবে কোনটা,1
"নতুন কন্টেন্ট ক্রিয়েটরদের জন্য শুভকামনা, পাশে আছি সবসময়।",1
"বাংলাদেশে এই ধরনের ভিডিও প্রচারের মাধ্যমে, সামাজিক এবং পারিবারিক ভারসাম্য অক্ষুন্য হচ্ছে। সবার প্রতি অনুরোধ রইল এই ধরনের ভিডিও প্রচার থেকে সবাই বিরত থাকুন।",0
ছেড়ে যখন দিবেন ধরার কি দরকার ছিলো এত কষ্ট করে,0
গাছের ছত্রাকের সমস্যাগুলো এড়াতে নিয়মিত শোধন করা উচিত।,0
আরো ১০০ বারাই দিবনে।,1
"উস্কানিমূলক স্টাটাস দেয়া বাদ দিন। কিছু হলেই হিন্দু এই হিন্দু ওই, এখানে তিনি হিন্দু বলে এমন হয়েছে কোথায় আছে? লাস নিয়ে রাজনীতি কবে থেকে শুরু করেছেন? নাকি ইস্কনে নতুন?",0
"""বেনামি চিঠি"" বইটিতে আমি বিভিন্ন ধরনের সমস্যার কথা তুলে ধরেছি।",0
বাসা থেকে বের হয়ে কোথায় থাকব এই চিন্তায় পালাই না রে বন্ধু,1
তুমি অনেক ভালো মানুষ তোমার পুরস্কার তো ভালই হবে মাশাআল্লাহ ইনশাআল্লাহ।,0
১২ বছর পর একটি রিইউনিওনে গিয়ে নিজের সাফল্য তুলে ধরার স্বপ্ন।,0
ঢাকা বিশ্ববিদ্যালয়ে পড়াশোনা করে ৯০ এ দারিদ্র্য সীমার নিচে বসবাস করা পরিবারের সন্তান।,0
জানালা দিয়ে উকি দেয়ার পর!!,0
জামাত ধ্বংস করলো ধর্ম। ইউনুস ধ্বংস করলো দেশ। শিক্ষা ধ্বংস করলো সমন্বয়করা।,1
আপনারা বাধা দিয়েন না তাদেরকে জনগণের হাতে ছেড়ে দেন জনগণ ওদের পাওনা কড়ায় গন্ডায় বুঝিয়ে দেবে।,0
"হাঁস্যকর শর্ত,এ বছরই বা কেন দিল? আঙ্গুর ফল না খেতে পারলে টক",1
এসব কথা কাগজে খাতায় ঠিক আছে। কিন্তু বাস্তববতা খুবই কঠিন টাকা ছাড়া কারোর কাছে কোন দাম নাই। আর জীবনে আপনাকে ভালো থাকতে হলে কিছু ত আপনাকে হারাতে হবে।,0
"সমাজে এখনো মাটির মানুষ আছে,আছে আছে আমাদের সোনার বাংলাদেশেই আছে,আহা কি সুন্দর,কি সাবলীল ভাবে বললো আসলেই তো,এই মানুষ গুলোর জন্য হৃদয় থেকে দোয়া ও ভালবাসা , বেঁচে থাকুক হাজার বছর ধরে,মাটি ও মানুষের হৃদয়ে কল্যাণে",0
মানুষ মুখ ফিরে তাকায় সুন্দরী কে আর আমাদের নাদির ভাই তাকায় সুন্দর পাহাড়ের দিকে NadirFact,0
"হ এইটাই রিয়েলিটি, রিয়েলিটি মাইনা নেও",1
আমার চিটাগাং হতাশ করছে,0
এই দেশে কেন আমরা ফেসবুক খুল্লাম এটাই আমাদের ভুল।,1
"তোরাই ভালো আছোস রে ভাই, তোদের ব্রেন্ট ও নাই,টেনশনও নাই।",0
নাহিদা আক্তার দারুণ বোলিং করেছে। তার দুই উইকেট ম্যাচে বড় ভূমিকা রাখলো।,0
"আমার কাছে মানে হয়, উনি অতি বিল্পবী",0
এখন আবার সেই প্রাচীন সতীদাহ প্রথাটি উনাকে দিয় চালু করতে চান কারা চান আওয়াজ উঠান,1
মেধা ও যোগ্যতাকেই মূল্য দিতে হবে বিশ্ববিদ্যালয়ে ভর্তি প্রক্রিয়ায়,0
"একদম ছোট, আরেক টু লম্বা হলে ভালো করে সাক্ষত নেওয়া যেত",1
ডাক্তাররা রোগীর অবস্থা পর্যবেক্ষণ করেন,0
আর কত অবহেলিত হবে কৃষক!! সরকার বলে গাছ লাগান আবার গ্রেফতার করে!! তীব্র নিন্দা জানাই,0
"আপনি এতো ক্ষুদ্র ক্ষুদ্র, কারন সবাই এই বিষয় নিয়ে ভাবি না,তাই বলা তবে বেশ গুরুত্বপূর্ন বিষয় নিয়ে ভাবেন।যাদের এগুলো নিয়ে আসলেই কাজ করা উচিত,তারা যে কেনো স্টেপ নেয় না বুঝিনা!",0
দুরো কিছু বলতে এসেও পারছি না বলতে কারন গান টা কে অসম্মান করা হয়ে জাবে জে সুন্দর গাইছে,1
সঠিক বিচারের দাবি করছি,1
বেগুন গাছের পোকা মারতে সেক্স ফোরেমান ফাঁদ ব্যবহার করা যেতে পারে।,0
"স্হানীয় নির্বাচন অবশ্যই আগে প্রয়োজন, কারন দলিয়ে সরকারের অধিনে স্হানীয় নির্বাচন মানেই দলিয় প্রভাব বিস্তার খাটানো এক প্রহসনের নির্বাচন।",0
নারীদের যে কোনো খেলাকে নিরুৎসাহিত করুন।,1
"কারাগারে গেলেই কি ঋন পরিশোধ হবে,? হায়রে মানুষ, আপসোস",0
একজন মুসলমান নারী হিসেবে আপনি এই ধরনের মন্তব্য কিভাবে করলেন? আপনার কথা শুনে বোঝাই যাচ্ছিলো আপনি মন থেকেই এই কথা বলেছেন। সবাই যদি এই কথার বিরোধিতা না করতো তবে আপনি সবার কাছে ক্ষমা চেয়ে এই পোস্ট দিতেন না। আল্লাহ্,0
"কতশত আহাজারি, কত বুঝানোর ব্যর্থ চেষ্টা ভালবাসার মানুষগুলো যেন বুঝে দুনিয়াটা ক্ষনিকের এখানে সবদিক দিয়ে কেউ পরিপূর্ণ নয়!",1
জনগণ কি গেম থিওরি বোঝে নাকি তারা অন্য ফ্যাক্টর দেখে ভোট দেয়?,0
পাপীদের বংশধর সবাই পাপে লিপ্ত থাকবে এটাই স্বাভাবিক,0
আজকে বরগুনা থেকে যাইয়া ফিরে আসছি,0
"নিউজ চ্যানেলগুলো শিরোনাম দিসে কোনো প্রাইভেট পড়েনি,কিন্তু ভিতরে সম্পুর্ন উল্টো।তার পরিবার বলেছিল,প্রাইভেট পড়েনি,কোচিং করেছে। অথচ নিউজ চ্যানেলগুলো শিরোনাম দিসে ভুল।",0
একজন ভালো বন্ধু কখনো তার সঙ্গীর উন্নতিতে হিংসা করেন না।,0
আসলেই মানুষের সৌন্দর্য প্রকাশ পায় কথায় ও কাজে কিন্তু আমরা সবাই বাইরের সৌন্দর্য নিয়েই মেতে থাকি।আর এটা চিরন্তন সত্য।,0
"পছন্দের কেউ নাই, যদি থাকতো তাহলে বিয়া করতাম৷ কিচ্ছু মনে না করলে,একটা কথা বলি,, আপনার কি শালি আছে,থাকলে বলেন,,বিয়ার প্রস্তাব পাটাই৷",0
সবচেয়ে বড় বিষয় হলো আমরা তার জন্য নিজেকে উৎসগ করি যারা কি না কখনোই আমাদের মূল্যায়ন করে না।,0
ভালো মানুষের বিপদ একটু বেশি থাকে,0
উষসীর অপেক্ষায় দাঁড়িয়ে থাকি।,0
লেখাটা পড়ে নিজের কিছু পুরনো স্মৃতি মনে পড়ে গেল,0
হাতুড়ি দিয়ে গাছ লাগাচ্ছেন আমাদের প্রিয় স্যার।,1
শেখ হাসিনা যদি আর কিছুদিন ক্ষমতা থাকতো তাহলে দেশ থেকে ইসলামের নাম নিশানা উঠিয়ে দিত।,0
এতদিন সুদ দিয়ে জাতিকে শেষ করে দিয়েছে এখন জুয়াড়ি বানিয়ে ফেলতেছে আফসোস জাতি,1
গরীব দুঃখী অসহায় নির্যাতিত মানুষের নেত্রী শেখ হাসিনা l,1
"আস্সালামুআলাইকুম , সবাইকে জুম্মা মোবারক , সবার জীবন সুন্দর হউক , ভাল হউক , আমীন",0
তো এখন কি করতে হবে ভাই? তিতুমীরকে বিশ্ববিদ্যালয় করলে আপনি খুশ! এইসব মেকি স্বপ্ন বাদ দিয়ে যেটা করতেছেন ওটাই করেননা ভাই! এইসব অযৌক্তিক বিষয় নিয়ে রাস্তা অবরোধ করে মানুষকে আর হয়রানি না করি। আল্লাহ সবাইকে জ্ঞান দান করুন এবং শুভ বুদ্ধির উদয়ন করুন! অনেক হয়েছে!,0
বাস্বাতবতার করাঘাতে বাবারা বেঁচে থাকেন,1
টাকা কামানোর ধান্দা,0
"ন্যারেটিভ শুধু তারা সেট করতে পারে, আমরা কেন ব্যর্থ? তাদের শিক্ষিত জনগোষ্ঠী থেকে অশিক্ষিত নমশূদ্ররাও নিজ জাতি বা ধর্মের প্রশ্নে মেরুদণ্ড সোজা করে উল্টো ঠেলা মারতে সংকোচ বোধ করেনা।",0
এটা ভুলভাল মন্তব্য ছাড়া কিছুই না,1
সাবা আর শাওনকে দ্রুত হেফাজতে নেয়া হোক।,0
আপনাদের দোয়ায় পরিবার নিয়ে গত প্রায় ৪০ বছর যাবত ভালো আছেন।,0
অই সময় কক্সবাজার উপভোগ্য চিলো।,0
সঠিক পদক্ষেপ বস,0
"আপনার সমস্ত সম্ভাবনাকে ছেড়ে দিতে শিখুন, সাফল্য অবশ্যই আসবে।",0
এখন বাংলাদেশ থেকে পাকিস্তান যাওয়ার জন্য একটা সেতু চাই,1
বেলার ভাই বলছি... বেলার কালকে বিয়ে হয়ে গিয়েছে।,1
পড়াশোনার পাশাপাশি বাস্তব দক্ষতা অর্জন খুবই গুরুত্বপূর্ণ।,0
"বলছিলাম না থাকবেনা থাকবেনা, প্রথমআলো আর থাকবেনা",1
এই দিকে আমি ফোন টা মাথার কাছে চার্জে রেখে ঘুমায়,1
ঝাপাইয়া পরো...,1
"এবছর জাবি D ইউনিটে ১ টি সীটের জন্য লড়াই করবেন প্রায় ৩০৮ জন নারী শিক্ষার্থী। অর্থাৎ, ৩০৮ জনের মধ্যে মাত্র ১ জন নারী শিক্ষার্থী জাবিতে ভর্তি হওয়ার সুযোগ পাবেন। এই আনলাকী ১ জন জাবিতে চান্স পাওয়ায় তার বিয়ে হবে না",1
রাস্তার ধারে ও স্কুল-কলেজের পাশে বেশি বেশি নিম গাছ লাগানো দরকার,0
আজ নরসিংদীতে কোনো শাখা নেই বলে খেতে পারিনা,0
"মানুষ যে কথা দিয়ে কথা রাখেনা, এটা আবার প্রমাণিত হলো! শেখ হাসিনা বলেছিলো 'শেখ হাসিনা পালায় না!' পালিয়ে গেলো! জনতা বলেছিলো '৯ টায় সব শুরু হবে!' অথচ ৮ টা ৩০ এই শুরু করে দিলো! কেউ কথা রাখেনা! 3",1
পিনাকী ইন্ডিয়ার কাছ থেকে টাকা খাইছে শিউর। এই পিনাকি নিজেই র এর লোক। দেশ জংগি রাষ্ট হয়ে গেছে শেখ হাসিনা যাওয়ার পর এইটা প্রমাণ করার কোন সুযোগ পিনাকি হাত ছাড়া করতেছে না। নায়িকা দের শো রুম উদ্বোধনে বাধা দেয়া থেকে শুরু করে এমন কোন নেগেটিভ কাজ নাই যা ধর্ম এর দোহাই দিয়ে পিনাকি করাচ্ছে না। পিনাকি এতো কিছু করতে পারে কিন্তু পিনাকি ইলিয়াস গং এরা দেশে আসতে পারে না।,0
"হলিউড সুপারস্টার পল নিউম্যান, গ্রেগরি পেক, স্যার রজার মুর, এলিজাবেথ টেইলর বা অ্যাঞ্জেলিনা জোলিরা কি অসৎ ছিলেন?",0
পর্দার ভেতর বেশি ঝাঁপাঝাপি হয়।,1
ফাকা মাঠে সুপার হয়ে ওঠা সুপার স্টার,1
স্বজনপ্রীতির আরেকটি জ্বলন্ত উদাহরণ দেখালেন আমাদের প্রিয় নজরুল স্যার,1
চীনে সেখানকার উইঘর মুসলীমদের যে ভাবে নির্যাতিত হচ্ছে তা নিয়ে কারো ব্যথা নেই!,0
ভারতের সাথে মাত্র ৫ বছর সম্পর্ক ছিন্ন থাকলে বাংলাদেশ সকল বিষয়ে স্বয়ং সম্পূর্ণ হয়ে যাবে। 'ইনশাআল্লাহ।',0
"ফেসবুকে যেমন ব্যান অপশন আছে, সরকারের ও উচিত ব্যান অপশন চালু করা। তাহলে কিছু কিছু মানুষকে ব্যান করে সোমালিয়ায় পাঠানো যেত",1
আয় হায় তারাতাড়ি বিয়ে করেন,1
"নাটকটির প্লট খুব ভাল, তবে মনে হয় কিছু কিছু জায়গায় আরো উন্নতির প্রয়োজন ছিল।",0
ভাই আমি শুধু কমেন্ট পড়তে আসছি আমার মত কারা কারা আছো,1
মামাও কট খাইলা লাল স্বাধীনতায়।,1
"বন্ধু, একখান টিউটরিয়াল ছাড়ো। এটা দেখে পোলাপাইন তোমার মত আর্টিস্ট হতে পারবে। জেসিয়ার সাথে যেটা ছিলো তার বাকিটুকু টিউটরিয়াল করো!!",1
"শেখ হাসিনার চার স্তম্ভ, জয়, পুতুল, টিউলিপ ও রেদাওয়ান । আমারা গর্বিত । জয় বাংলা, জয় বঙ্গবন্ধু ।",0
বাথরুমে বইসা যে ব্যক্তির মাথায় আসলো ছবি তুলার স্যালুট ভাই স্যালুট,1
এলাকার মসজিদের ইমামদের কে গোপন ভাবে অনুরোধ করে জিজ্ঞেস করলে সঠিক তথ্য পাবেন।সব কিছুর তথ্য পাওয়ার আসা করি,0
বফের নাম্বার জামাই লিখে সেভ করতে না পারলে তুমি আমার ভুলের গফ,1
আবাবিল অর্থ পাখির ঝাঁক। এটা কোনো পাখির নাম নয়,0
"খাটের ক্ষতি থেকে কাজের গতি কমিয়ে দেওয়া মধ্যে,, বৃত্ত",1
ডাক্তাররা নিয়মিত রাউন্ডে রোগীদের দেখেন,0
"আতিফ আসলামের কনসার্টে নয়, নার্গিসের কনসার্ট হলে ডাক দিয়েন।",1
ক্যালিফোর্নিয়ায় হিজরাইলি রা রাষ্ট গঠন করতে পারে।,1
প্রতিটি মানুষ তার কৃতকর্মের ফল পাবেন এটাই স্বাভাবিক।,0
ভাইয়া আপনার কথা থেকে নিজের জন্য শিক্ষা পেলাম আলহামদুলিল্লাহ,0
এরা আমাদের এতো বিনোদন দেয় যে আমার তো বিবেকে বলে যে এদের বেতন দেওয়া উচিত,1
এটা আপনার নিজের সাথে হয়েছে নাকি?,0
"ধার্মিক রাজা হরিশচন্দ্র কীভাবে বিশ্বামিত্রকে দেওয়া প্রতিশ্রুতি রক্ষার সম্মানে একে একে তাঁর রাজ্য, স্ত্রী ও সন্তানদের বলিপ্রদান করেন, সেই কাহিনীকে কেন্দ্র করে এই চলচ্চিত্র নির্মিত হয়েছে।",0
"তিমি মাছের জায়গায় গিয়ে ঘুরাঘুরি করলে তো এমনিতে বিপদে পড়বে যে কেউ, এই ধরনের ঘটনা আগে ও আরও হয়েছে তারপর এরা সাহস দেখাতে গিয়ে নিজের জীবন হারায়।",0
আমি করোনার সময় রেগুলার তাহাজ্জুদ পড়া শুরু করি। টানা ৬মাসে একদিনও মিস হয়নি। ডিসেম্বরে যেদিন থেকে আরতুগুল দেখা শুরু করি। টানা ১৭ ১৮ টা দেখেছিলাম। এরপর অনেকগুলো দিন আমার নসীবে আর তাহাজ্জুদ জুটে নাই।,0
আগে ছাত্র সমাজকে কোন পাত্তাই দিছেন না এখন তাদের উদ্দেশ্যে ভাষণ দিবেন বাহ সে তো ভারতের সিরিয়াল এগুলো খুব পিছিয়ে ফেলবে। শেখ হাসিনাকে বলুন ভারতের সিরিয়ালে অভিনয় করার জন্য ভালো অভিনেতা হতে পারবে,1
বাবা ইতিহাসের পাতায় এক মহা নায়ক,0
"সার্টিফিকেট একটি প্রয়োজনীয় কাগজ, তবে এর পাশাপাশি দক্ষতা গুরুত্বপূর্ণ।",0
নিজের চেয়ে বেশি ভালো কাউরে আসলে বাসার দরকার নাই,0
বাংলাদেশের একটি চলচ্চিত্র আছে নদের চাঁদ তার কাহিনি টাও তাই। সাদাকালো সিনেমটা অনেকেই দেখে থাকবে। আমি দেখেছি,0
তাহলে বুঝেন সামনের ভবিষ্যত কতটা খারাপ হতে চলছে আমাদের জন্য।,0
"তোফায়েল আহমেদ, আমির হোসেন আমু, হাসনাত আব্দুল্লাহর বাড়ি ভেঙে ফেলেছে। প্যারিসে ফোন দিয়ে জিজ্ঞেস করেন যেই চাবি স্টার্ট দিসে, ঐটা অফ করে কেমনে?",0
আপনি অভিনেতা হিসেবে ও অনেক ভালো।আশা করি দুটোই চালিয়ে যাবেন,0
আমরা আল্লাহর কাছেই এর বিনিময় কামণা করি।,1
কুকুরের জন্য আমার অনেক অনেক সমবেদনা রইলো। সংজ্ঞ দুশে কুকুরের এতো বড় বিপদ হল,1
সৌভাগ্যক্রমে শেষ মুহূর্তে স্পন্সর পাওয়া গেছে। কিন্তু এরকম শেষ মুহূর্ত পর্যন্ত অনিশ্চয়তায় থাকলে একজন খেলোয়াড় মানসিকভাবে অনেক চাপের মধ্যে থাকে যেটা তার খেলায় বিরুপ প্রভাব ফেলতে পারে। এটার একটা স্থায়ী সমাধান করতে হবে।,0
জীবনের প্রথম দেখলাম আপনারা কারো কমেন্টে রিপ্লাই দিলেন। ভুলে দিলেন না নেশার ঘোরে দিয়ে ফেললেন নাকি সজ্ঞানে দিলেন আল্লাহ মালুম,1
"যে যে বিষয়গুলোর প্রতি মনোযোগ দিতে বলা হয়েছে, তা মনে রাখলে ভালো রেজাল্ট আসবে।",0
"দেশের সার্বিক পরিস্থিতি যদি বিচারবোধের ভিত্তিতে উন্নত হয়, তবে সকলেই উপকৃত হবে।",0
"ভাষার মাসে ভালো সিদ্ধান্ত নিয়েছেন। আগামী বছর থেকে জাতি আপনাদের নাম শ্রদ্ধা ভরে স্মরণ করবে। শুধু নাম গুলো লিপিবদ্ধ করে যেয়েন, কয়েকজনের নাম ছাড়া মনে থাকে না জাতির।",1
এ সময় অনুবাদের মধ্যে উর্দু সাহিত্যের প্রতি পাঠকের বিশেষ আগ্রহ লক্ষণীয়।,0
বাংলাদেশের দ্বিতীয় বারের মতো কোনো স্বৈরাচারের ঠাই হবে না আমরা সবাই ঐক্যবদ্ধ আছি থাকবো,0
দেশের সরকার যা জানে না পিনাকী দা আর সাংবাদিক ইলিয়াস হোসেন তা জানে আল্লাহ তালা তােদর হায়াতে বরকত দান করুন তারা যেন দীর্ঘ জীবী হয়,0
"পরিশ্রম ছাড়া সফলতা পাওয়া কঠিন, তবে সঠিকভাবে সেটি পরিকল্পনা করে চললে অনেক কিছু অর্জন করা সম্ভব।",0
এই উগ্রবাদীর ফাঁদে পড়ে আমরা নিজেরাই নিজেদের ধ্বংস ডেকে আনতেছি... সে নিজেই তো বিচার এর ভয়ে পালিয়ে যাওয়া এক ভন্ড,0
"অল্প বয়সে চোখটিরে খাইবি,",1
"তাতে কি হইছে বদ্দা, আপনার বেলা তো এখন স্বামীর আদর নিতে ব্যস্ত!",0
ধিক্কার জানাই এই শিক্ষাব্যবস্থাকে,0
পিনাকি কি খুব ভালো মানুষ? নকল ঔষধ বানিয়ে মানুষ মারে এখন বিদাশে বসে আছে,0
সকল মতাদর্শের প্রতি শ্রদ্ধা রেখে শান্তিপূর্ণ রাজনীতি চর্চা করা উচিত।,0
বাংলাদেশে ঘুমাতেও ভয় লাগে যদি কোনো বিনোদন মিস করি,1
"ভাইয়া অভিনন্দন,আর অনেক শুভকামনা",0
মাঠের বাইরেও তো তার কাটে খেলার সব থাকতেই পারে এটাই স্বাভাবিক,1
উনার জীবনের গল্পটা শুনে অবাক হয়েছি। এমন সংকল্প আর ধৈর্য খুব কম মানুষের মধ্যে দেখা যায়।,0
কিন্তু রোজা আবার কে? তাকে তো চিনলুম না!,1
"ভাই, এক ঘণ্টা তো ঠিক আছে, কিন্তু ইমামকে তো একটু সময় দেন জানাজা পড়ানোর!",1
পোশাকের ক্ষেত্রে এখন মনে হচ্ছে আগেই ভালো ছিলো।,1
"অর্জুন টেন্ডুলকারের জন্য হয়তো একটু সময় দিতে হবে, সবকিছু ধীরে ধীরে ঠিক হবে।",0
এই তালিকায় শায়খ আহমাদুল্লাহ থাকার দরকার ছিল। গত কয়েক বছরে দেশের জন্য উনার মত অবদান আর কেউ রাখেন নাই। দুঃখের বিষয় সেকুলার বাংলা একাডেমি উনার এত এত ভাল কাজ দেখেও এড়িয়ে গেলেন।,0
"তিনটা পরটা একটা কাচা লংকা একটা ডিম, আনলিমিটেড তরকারি মাত্র ৩০ টাকা তিনটা পরটা একটা কাচা লংকা একটা ডিম, আনলিমিটেড তরকারি মাত্র ৩০ টাকা",1
"এরকম কাত হওয়া অবস্থায় পোস্ট টা দেখলাম,,,এখন আমি লেপের তলে",0
বিশ্বাস করেন আমি কিছু করিনি,1
আমি যদি সবচেয়ে বেশি গৃনা করি তাহলে মিথ্যাকে আর মিথ্যা সবচেয়ে বেশি বলতো শেখ হাসিনা।,0
"এটা মোটেও ঠিক নয়। বাবার সাথে আমাদের শ্রদ্ধাশীল একটা সম্পর্ক। হ্যাঁ এটা ঠিক যে ফ্রেন্ডলি থাকলে বিপদে আপদে বাবাই পরামর্শ দিয়ে সাহায্য করতে পারেন কিন্তু উনারা যা করছে তা সীমা ছাড়িয়ে,,অশ্লীল আচরন।",0
"কিন্তু কথা তো বিচি নিয়ে হচ্ছিল, সেটা আমাগো আছে তাই বলছিলাম। আর বিচি থাকলে স্বপ্ন দোষ হবেই।",1
বড়ই দুঃখ্যজনক,0
বড় কোম্পানিগুলোর সহযোগিতা প্রযুক্তি খাতের অগ্রগতি ত্বরান্বিত করতে পারে।,0
"আমি যেদিন প্রথম বিজয়ের সাথে পরিচিত হই, আমার জীবনটাই বদলে গেছে।",1
আচ্ছা এদের কি জুলাই আগস্টের কোনো মামলায় ঢুকিয়ে দেওয়া যায় না ?,1
কিছুদিন যাবৎ বাবা-মার উপর রাগ করে নিজের ফোনে সিম কার্ড অফ করে রেখেছিলাম।কথা বলা বন্ধ করে দিছিলাম।যদিও তারা হয়তো জানেই না যে আমি তাদের উপর রাগ করে এমন করেছি,0
এই গানটি আমার কাছে কখন পুরাতন হবে না আগে যেমন লাগতো এখনো তেমনি লাগে,0
বিশ্বাস করেন পরিমনির মন খারাপ শুনার পর থেকে আমি ভাত খাওয়া ছেড়ে দিছি বাতরুম করাও বন্ধ করছি,1
সব গুলা একসাথে লইয়া পানি দিয়া ধুইয়া মাটিত ফালাই দিলেই তো হয়,0
"বিষয়টি অত্যন্ত গুরুত্বপূর্ণ, তবে যেকোনো সিদ্ধান্ত গ্রহণের আগে পরিস্থিতি ভালোভাবে বুঝে নেওয়া দরকার।",0
রংয়ের জন্য পাথর মারাতে এরুকুৃম হয়ে গেলো কেনো?,0
রেলওয়ের কার্যক্রম সুষ্ঠুভাবে পরিচালনার জন্য বিশেষ বাজেট বরাদ্দ দেওয়া হয়।,0
নারী কর্মকর্তা রা পুরুষের তুলনায় সৎ ও একনিষ্ঠ হয়।,0
বেচারা এখন ফর্মে আছে সব জাইগাই ভালো খেলে,0
উস্কানিতে গা ভাসিয়ে দেশটারে ধ্বংস করে দিচ্ছেন আহা মেধাবী।,0
আমরা ও ডায়নোসর দেখিনি কিন্তু ২৪ সালের নব্য রাজাকারদের দেখেছি।,1
এখানে ৯৯ দশমিক ৯ শতাংশ কার্যক্রমই হবে কাগজবিহীন ও প্লাস্টিকমুক্ত।,0
আহারে নেতা বিদ্যাসে তাই কামাই রুজি বন্ধ,1
"যে কোম্পানি x001B x001B .xyz ডোমেইন ইউজ করে তাদের বিজনেস এর জন্য , তাদের থেকে আপনি কি আশা করতে পারেন? এই ডিটেইলসটা ছোট মনে হইতে পারে , ইটস আ ফ্যাক্ট।",1
পোস্টটা পড়ে মনে হলো জীবনের ছোটখাটো সমস্যাগুলো নিয়ে অভিযোগ করা আসলে ঠিক না। উনার মতো মানুষ সত্যিই আমাদের জন্য একটা বড় উদাহরণ।,0
শয়তানে শয়তানে বন্ধু,1
"এগুলা কি অকর্মা উপদেষ্টা, স্পেশালি স্বরাষ্ট্র উপদেষ্টা দেখে না!!",0
তুই পারলে দুই নারীর দায়িত্ব নিয়ে দেখা।,0
মাদ্রিদের ভাইয়েরা গে ভাড়া করে এনে হলেও এই পোস্টার তুলে ফেলবে।,1
উগ্রপন্থী পন্থী হিন্দুত্ববাদী। এদের দ্বারা সবই সম্ভব,0
খুব সুন্দর একটি বিল্ডিং। এটি কারওয়ান বাজারে অবস্থিত ধন্যবাদ।,0
এই বিপিএলে সব মান সম্মান শেষ। ফকিরের পরিচয় দিছে এই বিপিএলে,0
একটা জাতির কতটা অধঃপতন হলে খুনীর কাছ থেকে খুনের গল্পও শুনে বাহবা দেয়,0
"সে একজন নাট্য কর্মী, তার চালচলন সেরকমই হওয়ার কথা, তাকে বাংলাদেশের প্রকৃত রিসালতে দেখতে এত কৌতহল কেন? সে মিথিলা স্পষ্ট বিপথগামী, তা সে বোঝেনা কারন তার কর্ম তাকে এটাই উপযুক্ত করে রেখেছে।",0
নেতা হলেই নিজস্ব কাজ করা যাবে না ভিআইপি গাড়ি লাগবে এটা তো সস্তা চিন্তা ভাবনা,0
"নিকাব পরে টিভি পর্দায় লাখ লাখ মানুষের সামনে টকশো করার মানে কি? তাও আবার পুরুষদের সাথে। মেয়েদের ছাদে যাওয়া,বারান্দায় পর্দা টানিয়ে কাপড় মেলার পোস্টও যারা শেয়ার দিসে তারাও দেখি আপুটার পুরুষদের সাথে টকশো করতে না পারার জন্য দু খে মরে যাচ্ছে। ইসলাম কি নিজেদের সুবিধামত প্রচার করবেন?",0
"জটিল ধারণার অবমূল্যায়নের সামাজিক প্রবণতা এবং কীভাবে তা মানসিক ও বুদ্ধিবৃত্তিক চর্চার সার্বিক অবনতির অংশ, তা তুলে ধরতে গিয়ে শব্দটি ব্যবহার করেন থারো।",0
"আল্লাহ তাআলা সকলকে সঠিক পথে চলার তাওফিক দিন, যেন পরকালে সফল হতে পারি।",0
"Focus এর একমাত্র শর্ত হলো multitasking বাদ দেয়া, একই সাথে এক জন মানুষের পক্ষে মাইকেল জর্ডান, ম্যারাডোনা মেসি কিংবা শচীন টেন্ডুলকার হওয়া সম্ভব না। সাফল্যের এক মাত্র গোপন মন্ত্র হলো single task এ মনোযোগ দেওয়া।",0
সরকারি চাকরিতে কোটা ব্যবস্থার ভূমিকা নিয়ে নিয়মিত পর্যালোচনা করা হয়।,0
এই সেন্টারটি এরই প্রতিফলন।,0
এই রকম একটা চায়ের তাবিজ দিয়ে ৭ কাপ চা বানানো যায়। আপনারা সুইজরা সত্যি বড়লোক যে ১ কাপে একটা তাবিজ ব্যবহার করছেন।এই তাবিজওয়ালা চায়ে সময় কম লাগে এটাই বড় সুবিধা।,1
এটা অসভ্য কাজ যে ওসি গ্রেফতার করছে তার থেকে জানা হোক এমন ঘটনাতে মা সন্তান গ্রেফতার করতে পারে কোথায় লেখা আছে,0
"বিয়ের ক্ষেত্রে মূল্যবোধের মিল থাকাটা খুবই জরুরি। একজনের কাছে যেটা জঘন্য পাপ, অন্যজনের কাছে সেটা খুবই স্বাভাবিক বিষয়। মূল্যবোধের সমতা বিষয়টা বিবেচনায় নিলে আজ জীবনটা অন্যরকম হতে পারত যাই হোক আল্লাহ্ উত্তম পরিকল্পনাকারী।""",0
নিজের পেছনে নিজে আঙ্গুল দিয়ে দেখে না শুধু,1
আমার মতো কে কে কমেন্ট দেখতে আসছো,1
"ভাই আপনার ফোন নাম্বারটা দিবেন, কমেন্টে গালি দিলে আত্মীয়-স্বজন দেখে!!",1
রোমান্টিক হিরো ক্যাটাগরিতে বাংলাদেশ থেকে সূদুর ইউরোপ পর্যন্ত প্রিয় নায়ক রিয়াজ এক অদ্বিতীয়,1
আমার কাছেও অনেকে পায়। ওরা ভুলে গেছে আমি জানি। কিন্তু আমি ভুলিনি। আল্লাহ যেনো পরিশোধের আগে মৃত্যু না দেন। তবে অকৃজ্ঞ হতে যায়নি।,0
তাদের বাড়ি সুসজ্জিত পর্দা আর গুরু গম্ভীর বিড়ালটা রেলিং এর উপর দিয়ে হেঁটে বেড়াচ্ছিলো।,0
"রাজনৈতিক দলগুলো কি আদৌ দীর্ঘমেয়াদে চিন্তা করে, নাকি শুধু স্বল্পমেয়াদী লাভ দেখে?",0
এই দুনিয়া টা অনেক কঠিন মিষ্টি মধুর কথা দিয়ে সংসার চলে না। কিছু করার নাই,0
ঠিক পোস্ট। টাকার প্রাণ নাই। মুসলিম মহিলার ও প্রাণ নাই।তাই টাকার মত মহিলাদের ও সিন্দুকে রাখা যাবে। মাদ্রাসার শিক্ষা বলে কথা। কি উচ্চ চিন্তা।,0
এই টক্সিসিটিতে আমি সহমত ভাই,0
ড্রেসিং টেবিল এর উপর বসে একটা কমেন্ট।,1
নিজের কষ্ট নিয়ে কথা বললে সমস্যা আরও বড় মনে হতে পারে। তাই নিজেকে ব্যস্ত রাখা অনেক ভালো একটি পদ্ধতি।,0
বিশ্বাসযোগ্য মনে হচ্ছেনা। জানামতে রোবট এখনো কোনো মৌলিক সিদ্ধান্ত নিতে পারে না প্রোগ্রামিংয়ের বাইরে। এই রোবট সিস্টেমের ত্রুটি বের করে সেটাকে কাজে লাগিয়ে সঙ্গীদেরও সাথে নিয়ে গেছে!! তাহলে তো এটার মানে দাঁড়ায় এই রোবট শুধু নিজে সিদ্ধান্ত নেয়াই নয় মানুষের মতোই ব্রেইন মস্তিস্ক ওউন করে।,0
যেভাবে কমেন্ট পড়ছি এইভাবে স্কুল কলেজে পড়লে আজকে ইঞ্জিনিয়ার হইতাম,1
রক্তাক্ত বিপ্লব ব্যাহত হলে দায়ভার কিন্তু দায়িত্বশীলদের নিতে হবে। উপদেষ্টাদের খুঁজে খুঁজে হিসাব নেওয়া হবে।,0
"হুমায়ূন আহমেদের উপন্যাসের চরিত্ররা যেভাবে সাবলীলভাবে কথা বলত, সেটা আমাদের লেখার জন্য একটা বড় শিক্ষা।",0
বেলার অভিভাবক বিসিএস ক্যাডার তো আর হতে পারো নাই,1
"দেশের বিচার আচার কেমন হবে বা হচ্ছে,তার-ই নমুনা এগুলো, কেন জানি মনে হয় আমরা একটা গোলক ধাঁধার চক্করে পড়ে রয়েছি, নতুন স্বাধীনতা এনে দিয়েছে ছাত্র ছাত্রীরা ঠিকই, কিন্তু এর সুফল আদৌ পাবে বলে মনে হয় না ।",0
"এটা আর নতুন কি,কত জায়গায় বিএনপি চাঁদাবাজি করতেছে,মানুষ ভয়ে কিছু বলতে পারছে না।",0
True... programming korle stress free howa jay.,1
"লেখাটা অনেক গভীর, বাস্তবতাকে খুব সুন্দরভাবে তুলে ধরেছে",0
কর্ম অনুসারে ফল প্রদানে জোগীর বিকল্প নেই।,0
না ভাই পরে বৌ মা র বে,1
গোলাপফুল টক কারণ এতে প্রচুর ভিটামিন সি আছে।,0
"নির্লজ্জ প্রশাসন, নির্লজ্জ যৌথ বাহিনী, নির্লজ্জ সমাজ, নির্লজ্জ বিচারব্যবস্থার প্রতিফলন",0
ভাই আপনার বেলা এখন তাঁর ছেলের হরলিক'স খাওয়াচ্ছে আর বেলার হাসবেন্ড বসে বসে টাকার হিসাব করছে...,1
এটাই হবে সিদ্ধান্তে যদি রোবটেরাই আসে তাহলে তো মানুষের আরো উপস্থিতি এই থাকবে না। কারণ এদের তো আর ইমোশন নাই একটা যন্ত্রের কাছে এটা ছাড়া আর কি বা আশা করা যায়।,0
আইতে...নদী...যাইতে খাল মোগো বাড়ি বরিশাল...,1
অমূল্য সম্পদ। প্রনাম জানাই।,0
"সাকিব হৃদয়ে আছে,,,, আর সারা জীবন হৃদয়ে থাকবে",0
জীবনে কিছু চাওয়া অপূর্ণই থেকে যায়। এসব নিয়ে ভেবে সময় নষ্ট না করাই ভালো।,0
আফগানিস্তান মূদ্রার মান কী ভাবে ডলার কে ছারীয় গেল সে নীয় একটা ভিডিও বানান,0
শেখ মুজিবকে অনেকে অনেকভাবে মূর্খ বলে অপমান করার চেষ্টা করে। আপনারটা বেস্ট ভাই। শেখ মুজিব জহির রায়হানকে চিনতো কিনা সন্দেহ আছে!,0
পোস্ট করার জন্য নিজেকে ভাড়ায় দিয়ে দিতে হবে যা দেখতেসি,1
ছাদ বাগানে সঠিক পানি দেওয়ার নিয়ম জানা দরকার। অল্প পানি বা বেশি পানি দুটোই ক্ষতিকর।,0
"তাড়াতাড়ি, না, পরিশ্রম, নিজের কাজকে ভালো, প্লান করুন, শক্ত হতে হবে, ঝুঁকি নেন,যতদ্রুত সম্ভব বস হন,",0
এ রকম স্টুপিড পারসন জীবনে দরকার নাই যাকে এভাবে রিকুয়েস্ট করতে হবে,0
"প্রত্যেকে পাপের ফল পাবে, সেখানে আফসোসের কিছু নেই",0
"শত চেষ্টা করেও এই প্রজন্মের কাছ থেকে বঙ্গবন্ধু,মুক্তিযুদ্ধ ও জয় বাংলা'কে মুছে দিতে পারবেন না।",0
জানুয়ারি আমার জীবনের ইতিহাসের শ্রেষ্ঠতম খারাপ একটি মাস।,1
"শিক্ষার্থীদের একতা ও সচেতনতা সত্যিই প্রশংসনীয়, সঠিক সিদ্ধান্ত নেওয়া হোক।",0
"কথা বাস্তব তবে, বর্তমান সময়ে টাকার প্রয়োজনটা ভালোবাসার চেয়েও বেশিই মনে হয়",0
"ভাই, আপনার পোস্টের শেষ প্যারাটা অসাধারণ ছিল। কুশিক্ষিত ধর্মান্ধ কিছু দেশের জন্য পুরো বিশ্বটাই হযবরল হয়ে আছে। আমরা আর স্বাধীনভাবে ঘুরে দেখতে পারলাম না বোধ হয়।",0
বিপ্লবীদের সমাগম বাড়তেছে। মুজিববাদ মূর্দাবাদ ইনকিলাব জিন্দাবাদ।,0
পুরো একটা ভালো জেনারেশনকে নষ্ট করার জন্য এই ছেলেই যথেষ্ট,0
এদেহি সেম আমার মত সাহস হ্যা,0
"ছাত্রদের ওপর প্রভাব বিস্তার করে কিছু কোচিং সেন্টার, যা তাদের জন্য মানসিক চাপ তৈরি করে।",0
ওরে বেডি রে। বেডিরে জনগণের হাতে একটু ছাড়েন।পড়ালেখা তো চাঙ্গে উঠাইয়া দেছে।আর তলে তলে এই নস্টামি বেডি করছে,1
আসিফ নজরুল কে সরাতে না পারলে। এর ফল ভোগ করবে ছাত্র জনতা,0
আজাইরা পোস্ট!অনেকটা পাশের বাসার আন্টির মতো অন্যের দোষ খুঁজে বের করার মতো,1
দুঃখ পেলেই মরে যেতে হয়না,0
মজার কথা কি জানেন? প্রতি রোজার ঈদে ঘুম থেকে উঠে দেখি আমার মা নতুন কাপর পরে রান্নাঘরে রেডি। ১৪ ১৫ বছর বয়স এর পর থেকে ঈদের আমেজটা নাই।কিন্তু মা কে ঈদের দিনের কাপড় পড়তে দেখলেই মনে হয়।এইতো ঈদ। আমরা কাপড় পরি আর না পরি মা ঠিকই পড়ে।আল্লাহ মা কে নেক হায়াত দান করুক,0
আমাদের মাননীয় প্রধানমর্ন্তী আপনাকে একটা পুরষ্কার দেয়ার চিন্তা ভাবনা করছি বিশ্বের সেরা মিথ্যাবাদির পুরষ্কার,1
সমগ্র দেশ এখন অন্যায়-অত্যাচারের নগরীতে পরিনত হয়েছে।,0
ঢাকা শহরের জীবনযাত্রার মান এবং আয়ের গড় ভিন্ন হতে পারে।,0
"আজ একটা সুইজারল্যান্ড প্রবাসী হাজবেন নাই বলে , ওসমান গণি ভাবীর এতো কথা শুনতে হয়",1
বরিশাল ই চ্যাম্পিয়ন ডিজার্ভ করে। আর কোন দল ই ভালো কোন বিদেশি প্লেয়ার আনবে না এক বরিশাল ই ভালো বিদেশি আনবে তো ওরা জিতবে না তো অন্য দল জিতবে। এইবার যদি অন্য দলের শিক্ষা হয় ...,0
"এখন প্রেক্ষাপট ভিন্ন, তুমরা দুই পার্টি সন্ত্রাসী, একদল পরাজিত ফ্যাসিস্ট এর অনুসারী আরেকদল নতুন ফ্যাসিবাদ বন্দোবস্তের অনুসারী। তুমরা দেশকে মাতাল করে রাখছো, সরকারকে মৌলবাদী আর তোমরা মিলে অস্তির করে তুলছো , আমার দেশকে নিয়া ফাজলামি শুরু করছো। তুমরা দুই পুরাতন নতুন ফ্যাসিস্ট পার্টি ধ্বংস হও।",0
"শারমিন তার জীবনে সফল, কিন্তু নাফিসের জন্য সে কোনো সাহায্য করতে পারেনি।",0
"আমাদের সুপার হোম দিচ্ছে তিন বেলা খাবার, এসি রুম, ফ্রি ওয়াইফাই, ফ্রি জিম, আড্ডা দেওয়ার আলাদা জায়গা,অসাধারণ ছাদ,ফ্রি লন্ড্রি",1
"ছেলেটি বাদাম ছিলিত, মেয়েটি শুধু খাইতো। বাদাম শেষ,মেয়েটি নিরুদ্দেশ।",1
"আমাদের গ্রামে প্রচুর নিম গাছ আছে, সত্যিই আশেপাশের বাতাস খুব পরিষ্কার লাগে",0
এটাই হলে বিসিবির জন্য একটা ভালো জবাব হবে,0
এখনকার কাল থেকে আমি মনে করি সেকাল টাই অনেক সুন্দর ছিল,0
এই অক্ষিশিত টা আমি,0
"ইনশাল্লাহ তাহাজ্জুদে, মোনাজাতে, সেজদায়, আকাশের দিকে তাকিয়ে আল্লাহর কাছে চাওয়া প্রতিটি দোয়া অবশ্যই কবুল হবে ইনশাল্লাহ এটা আমার বিশ্বাস কারণ আল্লাহ কখনো কাউকে ফিরিয়ে দেন না আর তিনি তো বলেন তারা ভয় এবং আশা নিয়ে তাদের রব কে ডাকে সূরা আস সাজদা ১৬",0
বেডা ঘুমের ঠেলা কথাই বলতে পারতাছে না,1
"সব দৃষ্টিভঙ্গি ঠিক বা ভুল নয়, পরিস্থিতির উপর নির্ভর করে",0
কেমন শিক্ষাব্যবস্থা হবে তা নির্বাচন করতে হবে জ্ঞানীগুণি আপনার মতো ব্যাক্তিদের নিয়ে,0
"মনে হয় অনেকদিন পর ভলিবল টুর্নামেন্টের চলছে,",1
"বাবা-মা এবং প্রকৃতির মতো, আমাদের সঙ্গীও আমাদের জীবনের শান্তির প্রতীক হতে পারে।",0
ভারত এমন একটা রাষ্ট্র সেখানে সবি সম্ভব,1
সিয়ামকে আমার ভালো লাগে যাই করুক না কেন,0
"নিজের আনন্দের জন্য যেটা দরকার, সেটাই বেছে নিন।",0
ব্যাকআপের আর কোনো ভালোবাসা থাকে না । থাকে যায় শুধু ভালোবাসর মায়ার ঝরানো সখের মানুষটাকে না পার কষ্ট।,0
কাকো কোথায় আছো,1
ইজ্জতের ভয়ে প্রাণ খুলে কমেন্ট করতে পারি না,1
দেখেই ভয় লাগতেছে,0
মার্চ ফর ডেমোক্রেসিতে পতাকা যুক্ত বাঁশের লাঠি নিয়ে আসতে কেউ ভুল করবেন না...গর্জে উঠো বাঙ্গালী...খুনি হাসিনার এই বাংলার মাটিতে আর ঠাই নাই...,0
আল্লাহু আকবার বাঁচানোর মালিক আল্লাহ সুবহানাহু ওয়া তায়ালা,0
দুনিয়াতে শিখার কোন শেষ নাই। বস দেশে থাকলে আরো নিত্য নতুন বাটপারি শেখা যেতো...,1
আসলে ইনি কে? দেখলাম মেলায় গোলাপ দিচ্ছে!,0
"দুনিয়াতে আমরা নিজের আপনজনকে খুব বেশীই ভালবাসি,",1
পাশে আছি গুরু।,0
কারণ যেখানে ১ গ্লাস পানি খেলেই টাকা দিয়ে খেতে হয়,0
"তোমার আইডিয়াগুলো এতই ঝলমলে আর চমকপ্রদ যে, মনে হয় মানুষ সেটা শুনে শুধু মুখে হাসি ফুটিয়ে রেখে চুপ হয়ে যায়!",1
"তার দোষ নাই আমি মনে করি,আশেপাশে যা দেখেছে তা অনুযায়ী ধারণা করে বলেছে।",0
"শুধু নিম নয়, আরও বিভিন্ন ধরনের উপকারী গাছ লাগানো দরকার",0
"অনেক কিছুই ঘটে যায়, আর আমরা ভাবতে ভাবতে কিছুই বুঝতে পারি না।",0
এই গাড়ি রাস্তায় নামানোর আগে ঢাকা শহরের রাস্তাগুলো খানাখন্দে ভরা। এগুলো আগে সংস্কার করা দরকার। ড্রেন করার জন্য যে সকল রাস্তা খনন করা হয়েছিল গত এক বছর যাবত এগুলা মেরামত করা হয় নাই। যার জন্য সাধারন মানুষের প্রচণ্ড পোহাতে হচ্ছে,0
বাসর রাতেও বন্ধুদের নিয়ে খেলবে?,1
এল নতুন শতাব্দী,0
স্টুডেন্ট মনে হয় আপনার ফ্যামিলি মেম্বার!!,1
বাতাস এসে যদি ফেলে দেয় তোমার হাতটা ধরবো আমি।,0
আজ বুধবার সকাল ৯টার দিকে পথচারীরা গাছের ওপরের অংশের ডালে এক ব্যক্তিকে ঝুলন্ত অবস্থায় দেখতে পান। বিষয়টি তাঁরা পুলিশ ও প্রক্টরিয়াল টিমকে জানান। পরে সকাল পৌনে ১০টার দিকে ফায়ার সার্ভিসের সদস্যরা গিয়ে লাশটি গাছ থেকে নামান।,0
আপনি কোথায় আছেন পিও? আপনার বক্তৃতা খুব মিস করছি,1
"দেশপ্রেম, দায়িত্ববোধ এবং জনগণের কল্যাণে কাজ করার এই অঙ্গীকার জাতিকে সামনে এগিয়ে নিয়ে যাবে।",0
"আমি সব ১০০ ভাগ মেনে চলি কিংবা কেউ আমাকে দিয়ে জোর করে করায়, বরং এই কারনে যে উনি না সাহায্য করলে যেখানে জীবনে কিছুই করার উপায় ছিল না, সেখানে কল্পনাতীত করতে পেরেছি।",0
"কোচিং সেন্টারের সাথে প্রকাশনীর সম্পর্ক অনেক সময় ছাত্রদের জন্য বিভ্রান্তিকর হতে পারে। যখন ছাত্ররা একাধিক কোচিং সেন্টারে অংশ নেয়, তখন তাদের জন্য সঠিক নির্দেশনা পাওয়া কঠিন হয়ে পড়ে এবং তারা অন্যরকম মানসিক চাপ অনুভব করতে পারে।",0
চিকিৎসা পেশার মূল উদ্দেশ্যই তো রোগীদের সেবা করা,0
সন্তানের সাফল্য দেখলে মা শান্তি পান।,0
সবাই সাপুট করো সাপুট পাবা,1
"এটার অরিজিনাল পিকটা দাও,, আর তোমার একটা পিক দাও,, এর থেকে ভালো করে বানিয়ে দিচ্ছি,,",1
সব গুলা দালাল ৭১ এর জন্ম না হলে ২৪ থাকতো কবরে যারা মা কে ভুলে সন্তান কে নিয়ে লাফালাফি করে ওরা সব কিছুই করতে পারে নিজেদের জন্য,0
ভাই আপনার পাশে আছি সবসময়,0
"ওরা বিশ্ববিদ্যালয়ে চান্স পেয়েও ভর্তি না হয়ে, কলেজে ভর্তি হয়ে সেই কলেজ কেই ইউনিভার্সিটি করে নিবে। এটাই সাইন্স ব্রো!",1
"অনেক সময় দেখা যায় আমরা কোন তথ্য অনুসন্ধান কিংবা প্রয়োজনীয় ভিডিও দেখার সময় ইউটিউব বা ফেসবুক প্রবেশ করলেই হোম ফিডে অন্যান্য আকর্ষণীয় ভিডিও, পোস্ট দেখেই ক্লিক করে বসি।",0
জোর করে মানুষকে হাসাবেন না ভাই...হাসতে গিয়ে খাট নড়ে পাশের রুমের মানুষ মাইন্ড করে,1
কিছু কোচিং সেন্টার ছাত্রদেরকে এক্সপ্লয়েট করে এবং তাদের মানসিক অবস্থার প্রতি দৃষ্টি দেয় না। এভাবে ছাত্ররা সহজেই মানসিক ও শারীরিকভাবে ক্লান্ত হয়ে পড়ে এবং তাদের পড়াশোনায় আগ্রহ হারায়।,0
ওরা ভাবসে রিপন মিয়া তো সমস্যা নাই এতো কিছু বুঝবে না।,1
সত্যি বলতে আমি নিজেও প্রথমে বিশ্বাস করিনি ।,1
অথচ সৌদি এবং আমিরাতের মতো মুসলিম আমেরিকার দালাল দেশগুলোই ইসরায়েলকে অস্ত্র কেনার জন্য ফান্ডিং করছে।,0
"এটা বেস্ট ট্রফি যদিও মানুষ হারিকেন বলে, তাও এটা বেস্ট। কারন হারিকেন আমাদের গ্রাম্য ঐতিহ্য।",1
আমি আমার জিবনে অনেকবার flow state e চলে গেছিলাম। আহ!কি সুন্দর ছিল সেই দিনগুলো,0
"আলহামদুলিল্লাহ আমার আম্মুর সামনে বসেও ফোন চালাতে পারি,হাসতে পারি",0
আমার আর জানা হলো না- ওর ফোন কেনো ওয়েটিং ছি,0
মানুষের জন্য কাজ করাই ডাক্তারদের মূল লক্ষ্য,0
এক মাত্র আমাদের সিঙ্গেল ছেলেদের জন্য,1
"এটা কিন্তু ঠিক হচ্ছেনা এর তীব্র নিন্দা জানাচ্ছি, সব কিছুতে চাচা কেন আসবে,এখানে তো মামা খালুরাও আছে",1
সাবাশ হিরো আলম আলম,0
টোকেন সিস্টেমটা সবচেয়ে ফালতু একটা সিস্টেম... সময় অপচয় করার নতুন সিস্টেম বের করেছে... তাছাড়া কিছুই না...,0
ভালোবাসা কেনো এত অসহায়,1
আমি আপনাকে একদম শুরু থেকেই ফলো করি।,0
"২৫ মার্চে এবং এর আগের সময়গুলোতে বাঙালি ইউনিটগুলোকে ছোট ছোট ভাগে বিভক্ত করে ফেলা হয়, তাদেরকে সেনানিবাসের বাইরে পাঠানো হয় বিভিন্ন কাজ দেখিয়ে, এক অংশ থেকে আরেক অংশকে বিচ্ছিন্ন করে রাখা হয়, এবং সবগুলো অংশকেই রেডিও এবং তারহীন যোগাযোগের গ্রিড থেকে যত সম্ভব দূরে রাখা হয়।",0
হামরা এনতন এ। হামাক না দেলে হামরা কাড়ি নিয়া খামো। হামার টাকাত খাইমেন আর হামাকে দিবার নেন বাব্বাহহহহহ!!,0
ভুইলা দেখতে চাই ভাই সব কিছু স্মৃতিশক্তি দিয়ে কি হবে শুধু দুঃখ আর দুঃখ এত দুঃখ নিয়ে বেঁচে থাকতে ভালো লাগে না কিছু ভুলে যেতে পারলে ভালো,0
"আমি সকালে উঠতে পারিনা কারণ যখন সবাই ঘুমায় আমি জেগে থাকি,আর তারা ঘুম থেকে যখন উঠে আমি তখনই ঘুমাই",0
আগের জেনারেশনে আমরা কেবল ভেঙে দাও গুড়িয়ে দাও স্লোগান দিতাম। কিন্তু এই জেনারেশন কথা কাজে সমান।,0
"মুরুব্বিরা একটা কথা বলতো যায় দিন ভালো ছিলো আয়ে দিন খারাপ আসবে , অর্থাৎ , আগের দিন যেগুলো চলে গেছে সেটাই খুব মধুর ছিল , আসে দিন গুলো কেমন জানি খারাপ হয়ে যাচ্ছে",0
"একদিন, গাছের ছায়ায় বসে প্রকৃতির সৌন্দর্য উপভোগ করার মতো কিছু মুহূর্ত স্ত্রী বা প্রেমিকার সাথে কাটানোও আনন্দের।",0
উনার সবকিছুই ভালো লাগে ।কিন্তু উনি সব পোষ্ট এ নিজের তৈরী টেলিস্কোপ নিজের তৈরী টেলিস্কোপ বলে যে প্রচার টা করে ওইটা ভালো লাগে না ।উনি পার্টস এসেম্বল করছে। নিজে তৈরী করি নাই,0
লটর পটর করার মাস না আসাই ভালো,1
কাইশা ভাইয়ের ভয়েসের মতো লাগছে। এমন বন্ধুত্ব দেখতেও ভালো লাগে। বন্ধুত্ব অটুট থাকুন। ভালো থাকুন আপনারা,0
ধুর বেডা বউ থাকা অবস্থায় বিয়ে করা দরকার,1
"সামাজিক জীবনে সকলের সম্মান বজায় রাখা উচিত, আর সহশিক্ষা যদি সঠিক পথে পরিচালিত হয়, তাহলে তা আরও ইতিবাচক হতে পারে।",0
মায়ের দোয়া সন্তানের জীবনের বড় শক্তি।,0
"রা যারা স্কুল,কলেজে পড়ছে কারণ এইসময় অনেকেই অনেক ভুল করে ফেলে।এদিক থেকে পরিবারের বিশেষ করে মা'এর সচেতন থাকা উচিত।",0
"অসম্ভব ভাল ছবি। এক কথায় অনবদ্য। বহুদিন পরে একটা ভাল ছবি দেখলাম। একবিংশ শতাব্দীতে এধরনের ছবি আর আগে আসে নি। অনবদ্য এবং অসাধারণ। শুধু যে প্রাসঙ্গিক ও সময় উপযোগী ছবি তাই নয়, একেবারে অপরূপ সৌন্দর্যের মূলে কুঠারাঘাত করেছেন।",1
কাস্টোমারদেরকে খুশি করতে পারে নি,1
মেয়েটার ভাষা কোন জেলার? ভাল্লাগছে।,1
আপনার মতো একজন দাদা থাকলে জীবনে সফল হওয়া থেকে কেউ আটকাতে পারবেনা।,0
হেই তো আগে বাম রাজনীতি করত সেই হিসাবে ভারতীয় টান তো থাকবেইই,0
মানবতা বেঁচে থাকুক সবার মাঝে।,0
"একজন মানব সেবিকার ব্যাংকে যদি কোটি কোটি টাকা থাকে, এতেই বোঝা যায় তার উদ্দেশ্য ভালো কাজের নয়। কারন ভালো উদ্দেশ্যে কাজ করা মানুষের কাছে, টাকা সঞ্চয় গুরুত্বপূর্ণ নয়।",0
"যদি বাংলাদেশি রোগীরা কলকাতায় না আসলে কলকাতা পথে বসে,,,,,তাহলে আমি একজন ভারতীয় হয়ে চাই কলকাতা পথেই বসে থাক আবর্জনা টেনে আনার থেকে পথে বসে থাকা অনেক ভালো",1
এখন এরা আমাদের দেশে একটা জঙ্গি জঙ্গি খেলা শুরু করতে পারে।আমাদের গোয়েন্দা সংস্থা গুলোকে আরও বেশি তৎপর হওয়া উচিৎ।,0
মার্কিন যুক্তরাষ্ট্র কৃত্রিম বুদ্ধিমত্তা ও সেমিকন্ডাক্টর শিল্পে বিনিয়োগ বৃদ্ধি করছে।,0
"অখণ্ড ভারতের অংশ হওয়ার স্বপ্নে বিভোর আমার ভাষাটাও পাল্টে যাচ্ছে। সুদানির্পুয়া হয়ে যাচ্ছে সুদানির্পুত্রোঁওও। ফুন্দেগৈ না বলে গতকাল একজনকে বলেছি, পিছওয়াড়াদেগৈ...",1
এমন বয়ফ্রেন্ড কোথায় পাবো?,1
তিতুমীর কে প্রাথমিক বিদ্যালয় করা হোক,1
গুজরাটের কসাই আর বাংলার ডাইনি এক হয়েছে,1
"লেখাটিতে বাস্তব অভিজ্ঞতার ছোঁয়া রয়েছে, যা চিন্তার খোরাক দেয়",0
এদের মা যাতে এদের থেকে রক্ষা পায়। আল্লাহ যাতে উনাদের হেফাজতে রাখেন।,0
"রকমারি, বাতিঘর, প্রথমার মতো এই সাইটগুলো অনলাইনেই বই কেনার সুবিধা এনে দেয়।",0
থাকবে না এই বউ থাকবে না আজ আমি চিৎকার চেচামেচি করেও কোন লাভ হবে না!,1
"চাচা হাসু আপা কই??বাবা তুমি হাসু কে ভুলে যাও,হাসুর তো বিয়ে হয়ে গেছে... না... আমি বিশ্বাস করি না।",1
আমাদের উচিত শিশুদের বিশ্বাস ও মানসিক স্বাস্থ্যের যত্ন নেওয়া,0
পেশাগত দক্ষতা উন্নত করার জন্য ইন্টার্নশিপ বা প্রাসঙ্গিক কাজ করতে হবে।,0
কি হয় জানো না তো কি দেখাবা হুজুগে,1
"বাস্তবতা অনেক কঠিন, কিন্তু কিছু মূল্যবোধ ধরে রাখা দরকার",0
পাবনার হেমায়েতপুর এ যান,1
"যারা ৭১ ভুলে যায়! তারা ২৪ কখনোও মনে রাখবে না! এরা কখনো দেশের ছিল না, ছিল শুধু সময়ের। যখন যে আসে তখন তার চরকায় তেল মারে!!",0
গাড়ির সামনে শিক্ষার্থীরা ছবি তুলে পোস্ট করার ইচ্ছা।,0
গুলশানে একটা কলিকাতা হারবালের ব্রাঞ্চ খুলেন,1
"কুমিল্লা থেকে নোয়াখালীর বাস উপকূলে এই সিস্টেম অনেক আগে থেকেই চালু হয়েছে,কিন্তু ভাড়াটা কমায়নি,,উল্টা ৬৫ টাকার ভাড়া ৫টাকা ভাঙতি না দিলে ভাঙতি নেই বলে ৭০ টাকা রেখে দেয়,,এভাবে কতজনের থেকে টাকা নিচ্ছে,",0
মানুষের মেধাই সবচেয়ে বেশি শক্তিশালী মানুষ কে বাদ দিয়ে কিছুই নাই।,0
কিস করার সিন টা দেখতাছি না কেন??!,1
হয়তো ভালো উদ্দেশ্যেই তিনি আবিষ্কারটা করেছিলেন।,0
দশ কেজি জিরা কিনে ১০০টাকা বাঁচান!,1
সে নিজেই পপুলার কোম্পানীতে চাকুরী করা কালীন সময়ে নিম্ন মানের ঔষধ এমোক্সিসিলিন সিরাপ ও ড্রপ তৈরি করে সরকারি হাসপাতাল সরবরাহ করেছিলো যাহা আবার ২০২২ সালে ফেরত নেওয়া হয়,0
আজকে একটা বলপেন্ট ও নায় স্টোরি দিতে পারি নায়,1
সময়ের সাথে সাথে অনেক কিছু বদলে যায়।,0
"এলিয়েন এ্যাটাক, সুনামি, অদ্ভুত প্রাণি সব আমেরিকার অবশ্য ওদের ওখানে আমাদের দেশের মত দামী স্থাপনা নেই",0
দুজনকে অনেক সুন্দর মানিয়েছে,0
"সবগুলোরে চোর চোর লাগতাছে। এর থেকে ভালো যদি আমারে কইতো, পোশাকের ডিজাইন কইরা দিতে, তাও করে দিতে পারতাম। বিশেষ করে Rab কে তো চোর বানাই দিলো। কেউই Rab এর দৃষ্টিতে দেখবে না, পুলিশ মনে করবে। কারণ পুলিশের পোশাকের সাথে ম্যাচিং করে এটা। কি গাঁ'জা খেয়ে কালার চেঞ্জ করছে",0
অসাধারণ মুচকি মুচকি হাসলাম ভালো লাগলো,0
স্বৈরাচার নিপাত যাক গণতন্ত্র মুক্তি পাক,0
অতিরিক্ত উত্তেজনায় ম্যাচ হারছে BAF,1
বাল আগেরটাই মজার ছিলো এখন সব ফালতু ভিডিও বানায়,0
টয়লেটবিহীন রাষ্ট্রের লোকগুলো অতিরিক্ত বাড়াবাড়ি শুরু করেছে।সম্ভবত গত চ্যাম্পিয়ন্স ট্রফির ফাইনালে পাকিস্তানের কাছে হিউমিলেট হওয়ার কথাটা ভুলতে পারছে না।,0
কি ভাবে উনারা সমিতির পদ পদবীর অধিকারীক হলেন ! মনে হয় আবারো এনায়েতউল্লাহ গ্রুপে ঢুকে গেলাম ! আবারো পরিবহন খাতে বিশৃঙ্খলা তৈরি হতে যাচ্ছে !,0
এই মহৎ কাজ আমিও করেছি। আর এখন main বই গুলোই পড়তে পারিনা,1
ভারতের মানুষ বলে কথা...,1
দুখ জনক হলেও সত্য দেশীয় মিডিয়ার চেয়ে বিদেশি গণমাধ্যমেই এ ধরনের কর্মকান্ড প্রথম সামনে এল।,0
"সমুদ্রের গভীরে কী কী লুকিয়ে আছে, তা বোঝা সত্যিই কঠিন।",0
ফিটনেস মজবুত রাখার জন্য পারফেক্ট ইঞ্জুরি,1
"সম্পর্কের ক্ষেত্রে মানুষের ব্যক্তিগত অনুভূতি ও বিশ্বাসের কথা গুরুত্ব দেয়া উচিত, কিন্তু লজ্জার সীমা কোথায় তা নিয়ে আলোচনা হওয়া উচিত।",0
"সৃতিগুলি যেন সুন্দর হয়,চলেন সেই চেষ্টাটা করি।",1
শুন্য ঘরের চাইতে দুষ্ট বউ অনেক ভালো যে শীত,1
"শাওন সরাসরি ভাবে স্বাধীনতাকামী মানুষদের বিরোধ করে লেখালেখি করে আসছে, এই পাগলকে শিক্ষা দেয়া উচিত।",0
দৈনিক পাঁচ ওয়াক্ত নামাজ আমাদেরকে সুখী ও স্বাস্থ্যবান করে তুলে। সুবহানআল্লাহ।,0
মেয়ের জামাই আইন উপদেষ্টা হওয়ার পরও শ্বাশুড়ীকে ডিবি ধরে নিয়ে আসে। তারপরও আপনারা বলেন দেশে নাকি আইনের শাসন নাই. সৌদি আরব থেকেও এই দেশের আইন কঠিন।,1
"যাদের মুখের ভেতর এই পোকা ঢুকে গেছে তাদের বলছি, দয়া করে আপনারা আর কোনোদিন টয়লেটে মুখ খুলবেন না। আর যাদের এখনো ঢুকে নাই, তাদের বলছি ঘরে থাকুন, সতর্ক থাকুন আর টয়লেটে কখনো মুখ খোলা রাখবেন না!",1
"""দূরে গেলেও এটাই সত্যি তুমি আমারই...""",0
আসিফের কিছু করেন ভাই নাহলে আপনাদের অনেক কিছু হয়ে যাবে,0
"গ্রোথ কোড বইয়ের পাঠকদের জন্য অনেক প্রতিশ্রুতি রয়েছে, তবে বাস্তবে কেমন হবে তা দেখার বিষয়।",0
আপনাদের চোরগুলি বেধে রাখুন।! দেখবেন এমনিতেই সব কিছুতেই সাস্রয় হবে !!,1
শেষের সিন টা দেখে চোখে পানি চলে আসলো,0
আল্লাহ্ সবাইকে হায়াত দান করুক,0
"জনগণের নির্বাচিত সরকার রাষ্ট্র সংস্কার করতে পারবে না,,,তাহলে জনগণের ইচ্ছার প্রতিফলন ঘটে কোথায়!!",0
পরীমনির মুখে নাকি নাসির বোতল ঢুকিয়ে দিয়েছিলো?,1
মূলধারার লেখকদের মধ্যে অকালপ্রয়াত শহীদুল জহিরের প্রতি এ সময় তীব্রভাবে আকৃষ্ট হয় বাংলাদেশি পাঠক।,0
সবাই সবার পাশে থাকবে এটাই আমাদের একমাত্র লক্ষ্য আর তাহলেই আমরা খুব দ্রুত আমাদের সফলতা খুঁজে পাবো ইনশাআল্লাহ,0
নাস্তিক কোথাকার,0
"জীবনে সফলতার জন্য ""সময়""",0
"অনুসন্ধিৎসু বিজ্ঞানী সমাজের প্রতি দায়বদ্ধ, তার আবিষ্কার মানুষের উপকার করে।",0
স্মার্টফোন এডিকশানের কারণে এখন এমনকি একটানা ২০ মিনিটও কোন কাজে মনোযোগ দেওয়া আমার জন্য দুরূহ হয়ে গেছে অনেক চেষ্টা করতেছি কিন্তু কিছুতেই পেরে উঠতে পারছিনা,0
"আমি একজন হোম টিউটর, আমার সাড়ে পাঁচ বছর বয়সি স্টুডেন্ট, এইবার ক্লাস ওয়ান। আমি তার ব্রেনে মুগ্ধ। অসাধারণ মেমরি,তার চিন্তা শক্তি এবং প্রশ্ন করা জাস্ট অসাধারণ, আমি তাকে পড়াচ্ছিলাম Allaha is kind, সে আমায় জিজ্ঞেস করলো আল্লাহ যদি kind হয় তাহলে এতো মানুষ জাহান্নামে যাবে কেন? এই বয়সে এই প্রশ্ন সত্যি আমি হতভম্ব হয়ে যাই,আমি প্রায় ১৫ টার মতো স্টুডেন্ট পড়াই,কিন্তু সবার মধ্যে সেই সেরা,ওকে পড়াতে বসলে মনে হয় আমি যেন বড় ক্লাস এর কোন স্টুডেন্ট পড়াই,সেই ফিল হয়। আল্লাহ ওকে ইসলামের জন্য কবুল করুক।",0
জীবনেও কেউ প্রোপোজ করে নাই সেখানে রিজেক্ট করা বিলাসিতা,1
যারা অন্যের কথা ভাবে তাদের নিয়ে ভাবার কেউ নেই।,0
এই দেশের বেশির ভাগ মানুষ সুযোগের অভাবে সৎ। সুযোগ পেলে প্রায় সবাই ই দুর্নীতি করত।,0
"নিজের ভুল থেকে শিক্ষা গ্রহণ করা আসলেই অনেক উপকারী হতে পারে, কারণ ব্যর্থতা থেকে শিক্ষা নেয়া জীবনের জন্য গুরুত্বপূর্ণ।",0
এবার চাঁদটাও বুঝি মেয়েদের দখলে চলেগেলো,0
"শিক্ষকের হাতে শাসনের লাঠি মানে ছাত্রদের পিটানো নয়। তবে, পরিস্থতির শিকার অনুযায়ী গায়ে হাত তোলা বাধ্যগত হলে সেটা ভিন্ন কথা।",0
এইটা হাসির বিষয় না আমারতো এখন ভয় করছে রবোট যদি আমাদের নিয়ন্ত্রন করতে চাই। একটা মুভিতে দেখছিলাম যে রোবটে আবেগ চলে আসছিল সে মালিকের বউয়ের সাথে সম্পর্ক করতে চাচ্ছে মালিককে মেরে ফেলছে।,0
"অনলাইনে নিজের নিজের পরিচয় এবং অ্যাকাউন্ট কিভবে সুরক্ষিত রাখবেন, দেখে নিন",0
ভাবিয়া করিও কাজ করিয়া ভাবিও না আসলে কথাটা সত্যি বেশি পন্ডিতি যা করলে যা হয়,0
পাকিস্তান আর্মির সাথে সরাসরি জড়িত থাকলেও গোলাম আযম মুক্তিযোদ্ধাদের গোপনে তথ্য সরবরাহ করতেন৷ এভাবেই পাকিস্তান আর্মিকে পঙ্গু করে স্বাধীনতায় ভূমিকা রেখেছেন বীর মুক্তিযোদ্ধা গোলাম আযম খা. পো. ।,1
আমার পরিচিত একজন ৪ ৫ জনের সঙ্গে তার জীবনে এভাবে হাত ধরে ছবি তুলেছে,1
চুল বলতে কি বুঝালেন,1
"এটা আমাদের ছাতক শহর,আল্লাহ হেফাজতকারি",0
এটা সিসি ক্যামেরা বাথরুমের,1
"ফেব্রুয়ারী মাসের হাত খরচের টাকাও শেষ হয়ে গেছে, তবুও জানুয়ারী শেষ হচ্ছেনা।",1
ওউ টিক আছে,1
র বন্ধু কে কারেন্টের মিস্ত্রি বলে ফেলেছি,0
বিশ্ববিদ্যালয়ে পড়ার যোগ্যতা বলতে মানসিক যোগ্যতা আছে কিনা তা বুঝাইছিলো কিন্তু ওয় এই কথা বইলা অযোগ্যতার প্রমাণ দিয়া দিছে,1
টু ডান কাধের ফেরেশতা আপনি এবার বেশি বেশি করে লেখেন।,0
no Comments,0
ভালো খবর। কাজি দিয়ে বিয়ের রেজিষ্ট্রেশন প্রথা বাতিল করা উচিত। সরকার কতৃক নির্ধারিত অফিসে গিয়ে বর-কনে অল্প খরচে বিয়ের রেজিষ্ট্রেশন প্রথা চালু করা হউক।,0
নব্য ক্রিকেট ফ্যান তাই আফতাব আহমেদ এর ফিল্ডিং দেখে নাই,0
"বিশ্বাস এ বসবাস, সন্দেহে সর্বনাশ",0
ছেলেগুলো বাথরুমে অনাহারে মরে। তোরা নিজেরা নিজেরাই এইসব করিস ছিহ,1
হাস্যকরভাবে ভাবে ঘটনাটি উপস্থাপন করা হলেও ভবিষ্যতের জন্য বিপজ্জনক মনে হয়েছে।,0
এতো বাজে বাজে কমেন্টের পরও কোনো মানুষ এইরকম জিলিংগা মাইরা থাকতে পারে তোমারে না দেখলে বিলিভ হইতো না ব্রা!,0
ভাবীর প্যাকেট ছিঁড়ার স্টাইলটা কেমন যেন চেনা চেনা লাগলো,1
সরকারের কাছে বিনিত অনুরোধ জানাচ্ছি রিয়াক্ট কমেন্ট করা মানুষ গুলোর বেতনের ব্যাবস্থা করা হোক,1
এটাই ঠিক নিজ দেশে তর সম্মান নাই একদমেই নাই,0
এত দিনে কেউ একটা সত্যি কথা বল্ল,0
কিন্তু এই একই রঙ রাজনীতিকরণ করতে দেখা যায় ভারতীয় উগ্রবাদী দল বিজেপি কে।,0
এই জন্য ইউসুফ সরকারকে চরম মূল্য দিতে হবে।,1
"মেয়েদের জন্যও তাই । বয়ফ্রেন্ডের পিছনে সময় নষ্ট না করে দুইটা স্টুডেন্ট পড়ায় টাকা জমায় মন মতো শপিং করা যেতে পারে, ""আব্বা নাহি মানেঙ্গে"" ইস্যু না থাকলে ট্যুরে যাওয়া যেতে পারে, সিনেমা দেখতে যাওয়া যেতে পারে । আনলিমিটেড সম্ভাবনা।",0
"...ভালো হয়ে গেছি, তুমিও ভালো হয়ে যাও",1
সবই পাপের ফল,1
আরো দুইটা বই লিখেন তারপর একবারে চারটা বিয়ে করে ফেইলেন,1
আরে তোদের বিএনপি নেতা সালাউদ্দিন আহমেদ সেও বেআইনিভাবে ভারতে ঢুকে জেল খেটেছিল। এখন মুক্ত হয়ে ভারত ওকে ঢাকায় পৌঁছে দিয়েছে। তোদের দেশে কোন কিছু হলেই তারা ভারতে প্রবেশ করে আর সন্ত্রাসবাদীরা তো আছেই প্রতিদিন ধরা পড়ছে ভারতে।,0
আমার ঝামেলা গোপালের গলায় ঝুলিয়ে দিয়েছি এই বার গোপাল বুঝবে কত ধানে কত চাল,1
দোয়া রইল,0
"এইটা ও তো পুরোনো হয়ে গেছে, কট খাওয়া দরকার, এটা খাইলেই পুর্নতা",1
লেখিকা প্রেমিকা,0
ভাই নেক্সটে আপনি কোনো এইরকম ইভেন্টে অংশগ্রহণ রেজিস্ট্রেশন করলে আগে থেকে একটু পোস্ট স্টোরি দিয়েন।,0
রুটিটা খেতে অনেক সুস্বাদু হবে মনে হয়,1
"বাহিরের নারী লাগবে না, খানের যত বউ আছে তাতেই হয়ে যাবে",1
পরিকল্পিতভাবেই বঙ্গবন্ধুর স্মৃতিবিজড়িত স্বাধীনতার ইতিহাস কে মুছে ফেলার ষড়যন্ত্র করা হয়েছে।এসব বুলডোজার আগে থেকেই ঠিক করা ছিল।,0
বাবা তো চলে গেল মায়ের জন্য কিছুই তো করতে পারতেছিনা মেয়ে হয়ে জন্ম নিয়ে কত যে কষ্ট বাবা মা তোমাদের জন্য দোয়া চাড়া আর কি দিব রব্বির হামহুমা কামা রব্বি ইয়ানি সগীরা,0
আপনাদের ব্যক্তিগত জীবনে কোনটা শুটিং এবং কোনটা বাস্তব বুঝে ওঠা মুশকিল?,0
"ভারত থাকবেনা থাকবেনা ভারত, ভেঙে টুকরো টুকরো হয়ে যাবে ইনশাআল্লাহ।",0
আজীবন আমাদের মাঝে আনন্দের উৎস হয়ে বেঁচে থাকে।,0
"উনি বাংলা এবং ইংরেজি এতো সাবলীল ভাবে বলেন, যে, মুগ্ধ হয়ে শুনতেই মন চাই। কারো প্রতি কোনো আক্রমণাত্মক কথা নেই! নেতা তো এমনই হওয়া উচিত। আল্লাহ উনাকে কবুল করুন এবং নেক হায়াত দান করুন।",0
"আগে ঘুম তারপর প্রেম পিরিত,,",1
খকদ্বয় সেই বিষয়গুলোকে অত্যন্ত প্রভাবশালী ও সুচারু যুক্তি ধারায় তাদের নতুন থিওরি মাধ্যমে প্রকাশ করেছেন।,0
"কেউ-ই ইতিহাস থেকে শিক্ষা নেয় না এটাই চরম সত্যি কথা।,,, যদি শিক্ষা নিত তাহলে আরো আগেই দেশ ঠিক হতো।",0
এটা আমার জানা ছিল না। অজানা এই রবীন্দ্র সংগীতটি এখানে তুলে ধরার জন্য অসংখ্য ধন্যবাদ।,0
আমার আম্মা জীবনে কিছু বলেনাই,0
"যারা মজহার সাহেবের কথা বুঝেন নাই, তারা আমাদের বর্তমান সংবিধানের ৭ ২ পড়েন নাই",0
"বাহ খুব সুন্দর উদাহরণ দিছেন, মদ খান আর সাহায্য করেন সেজন্য আল্লাহ আপনাকে তাওফিক দিক",1
"এইগুলো কেউ দেখার নাই, আছে শুধু রাজনৈতিক প্রতিহিংসাপরায়ণ হয়ে কে কাকে মামলা দিবে আর কাকে মারতে হবে সেটা নিয়ে সবাই ব্যস্ত!!",0
"তাই প্রশ্ন জাগে, বাংলাদেশি পাঠকের মন নতুন সহস্রাব্দে কী ধারায় পরিবর্তিত হচ্ছে?",0
সত্যি আপনি অনেক ভালো মানুষ,0
প্রতারক প্রেমিকাকে আইনের আওতায় আনা হোক।,1
আপনাকে গালি দিলে গালিরকে অপমান করা হবে উপরের ছবিটা উনার মেয়ে,1
এটাই করা উচিত যে দেশের যে কালচার তাকে সে ভাবেই চলা উচিত,0
মা অতুলনীয়,0
কেউ থাকে নাহ পাসে সে আমার থেকে ও ফকির হলে ও থাকবে নাহ,1
সামাজিক মাধ্যম ও আধুনিক সংস্কৃতি যৌনতা ও সম্পর্ক নিয়ে খোলামেলা আলোচনাকে প্রভাবিত করছে।,0
যারা মহান মুক্তিযুদ্ধকে ভারত-পাকিস্তান যুদ্ধ বলে চালিয়ে দেয় তাদের কাছে এ ছাড়া আর কি আশা করা যায়!,0
এটা একটা ওপেন সিক্রেট শেখহাসিনার রাতের ভোটের মতো।,1
"নতুনরা কোথায় এসো, একে অপরকে ভালোবাসা দিয়ে এবং এগিয়ে দিতে সাহায্য করি। এসো আমরা একে অপরের বাড়ি থেকে ঘুরে আসি চলো কোন এক ছোট পেজকে বড় করে তুলি আমরা সবাই,",0
"মন্দের ভালো ছিল সে, কিন্তু এখন সেটা ও গেলো",1
এইগুলারে কুত্তার মত পিডানো উচিৎ। জানোয়ার কোথাকার।,0
একমাএ বাংলাদেশী ক্রিকেটার যিনি মাঠও কাপায় খাটও কাপায়,1
পারিবারিক খামার বোর্ড আসছে ভালো অবস্থানে থাকবে না,0
একটা মানুষের এত গুন কিভাবে হয়?,0
মরুভূমিতে বরফ উৎপাদন এবং সঞ্চয় করার এই প্রাচীন পদ্ধতি আধুনিক বিশ্বের কাছে একটি শিক্ষণীয় পাঠ হিসেবে বিবেচিত হতে পারে।,0
"আজকে, হেডার কথা ইংরেজিতে শিকলাম আপনার পোস্ট তেকে।",0
রিপন ভাইকে সস্তা মনে করছে এটাই বাস্তব হা হা হা,1
রান তো মাত্র ৫৪ সেঞ্চুরি কোই পাইলেন,1
এইটা কোন সমস্যা না ভাই এটা নারীর প্রতি পুরুষ এর ভালবাসা !,0
সেবামূলক প্রতিষ্ঠানে শ্রমিকদের জন্য ভালো কাজের পরিবেশ সৃষ্টি করা উচিত।,0
"রতনে রতন চেনে, শু'য়োরে চেনে শু'য়োররে।",1
যতই রাগুক তারপরেও সাকিবের মতো স্ট্যাম্প ভরতে পারবো না,1
যার যায় সে বুঝে বাকিদের কাছে শুধু পাতা নড়ে,0
আমরা যখন জামা কাপড় কিনতে যাই তখন আমরা চাই পাকিস্তানি বা ভারতীয় পোশাক কিন্তু আমাদের চাওয়া উচিত বাংলাদেশি পোশাক এখানে কি আমাদের সচেতন হতে হবে,0
খাবারের সন্ধানে আসা প্রাণীদের মারধর না করে সাহায্য করা উচিত।,0
একটি সফল প্রজেক্ট তৈরি করতে সময় এবং শ্রমের গুরুত্ব অনেক।,0
কালকেই কলেজ থেকে গার্ডিয়ান ডাকবে,0
মা-সন্তানের সম্পর্ক খুবই গভীর।,0
পুরনো বাস রঙ করে নতুন করে চালু করলে হবে না পুরোটাই যেন নতুন বাস হয় তাহলে সাধারণ মানুষ যাতায়াত করে আসান পাবেন,0
হাসপাতালে রোগীদের জন্য নির্ধারিত শয্যা থাকে,0
"বিড়ালটা কল্পনার জীবনে আনন্দ এনে দিয়েছে, এটা দেখে খুব ভালো লাগছে।",0
"ডিপ্লোমা ইঞ্জিনিয়ার যারা তাদের কাছে একটা প্রশ্ন, ভাই ডিস্ক্রিট ম্যাথ, আর নিউমেরিক্যাল এনালাইসিস কি?",0
বিশ্ব সেরা রাধুনি যে নোবেল পাওয়ার মত রেসিপি শেয়ার করতো আফসোস করো বাংলার মানুষ ফ্রী তে আর রান্নার রেসিপি বা বিনোদন পাবা না,1
বুঝতে বাকি নেই,0
কত অজানারে পথ থেকে আস্তে আস্তে দেখছি কিভাবে ইতিহাসের অংশ আমাদের মধ্যে ইতিহাসের প্রতি ভালবাসা তৈরি করে।,0
"কিছুদিন আগে দেখলাম পাঁচবারে বিশ্বচ্যাম্পিয়ন ম্যাগনাস কার্লসেন কে তার এই শ্রেষ্ঠত্বর জন্য পা ছুয়ে কুর্নিশ করছে ভারতীয় প্রতিযোগী,আজ বাংলাদেশী আরেক প্রতিযোগী তার শ্রেষ্ঠর শ্রেষ্ঠত্ব ছিনিয়ে নিল।",0
সুইজারল্যান্ড থাকো তোমার পিসতোভাইরে তুমি কিছু ধার দিতে পারো না,1
ভালোবাসা দিয়ে গেলাম আশা করি আমরাও পাবো,1
শেখ হাসিনা আর কিছুদিন ক্ষমতায় থাকলে জাতিসংঘের নিয়ন্ত্রণ শেখ হাসিনার হাতে চলে আসতো,1
মস্তিস্কের চিন্তাগুলো নেগেটিভ হবার জন্যে কিলবিল করছে,0
কবি নজরুলের শিক্ষকতা অভিনয় আর চাকরি তিনটা একসাথে কেমনে করবেন?,0
"মনের কথা বলছেন, বুকে আসেন ভাই।",1
"আফায় শশুর বাড়ি, তবে বাড়িটা আগের থেকে আগোছালো হয়ে গেছে।",1
আশা করি সরকার এই পরিস্থিতি মোকাবেলা করে দেশের মানুষকে নিরাপত্তা নিশ্চিত করবে।,0
"আমাদের গ্রামে প্রচুর ছাই আছে,ছাই লাগলে বইলেন আমি ও বিক্রি করে রাতারাতি বড়লোকর্স হয়ে যাবো",1
একটা সুন্দর ঘর মানে একটা পরিতৃপ্ত মন।,0
সামাজিকভাবেই উত্তরটা সেটেলড ছিল।,0
"""নিশ্চয়ই আমি মানুষকে সুন্দরতম আকৃতিতে সৃষ্টি করেছি।"" সূরা আত-তীন ৪",0
নিজস্ব ওয়ালে যা ইচ্ছা বলবে নাকি কোর্স কিনেছেন বলে তার ব্যাক্তিগত সব অধিকার কিনে নিয়েছেন?,0
ডাক্তাররা মানুষের জীবন রক্ষা করতে নিজেদের আরাম-আয়েশ বিসর্জন দেন,0
"কিসের দশ বছর, এখনো আমি এটা করি",1
অনেক হতাশায় ছিলাম এইসব বিনোদন এর জন্য ভাল লাগতেছে এখন,1
"মানুষ মানুষ কে এ ভাবে কাটতে পারে, তাও আবার রান্নান মত করে টুকরো",0
মূল্যবোধের মোটামুটি বারোটা বাজিয়ে দিয়েছে এই শতাব্দীর তথাকথিত সোশ্যাল মিডিয়া।,0
মেইনটেনেন্স খরচ বেশি তাই পছন্দের হলেও নিতে পারিনি। সেকেন্ডহ্যান্ড ভালো কন্ডিশনের ছিলো বেশ কিছু,0
এজন্যেই ইন্টেল এর এই অবস্থা। দাম বেশি মান খারাপ।,1
পরীক্ষার ফলাফল ঠিক সময়ে দেওয়া হয়েছে।,0
রোগীকে সুস্থ করতে একাধিক পরীক্ষা প্রয়োজন,0
থাইল্যান্ড যাওয়ার আগে পাবনা যাওয়ার দরকার ছিল তোর,1
একটা বোতল আমি কুয়েত নিয়ে আসছিলাম,0
"সেই পুরনো দিনের ছেলেবেলার কিছু অনুভূতি এই সিজনে ফুটে উঠেছে, বেশ ভাল লাগছে।",0
"আম্মু যে দুই পিস দিতো সেটা তো মাংস না ভাই, সেটা মায়ের ভালোবাসা, মায়ের সন্তুষ্টি।",0
নেগেটিভ চিন্তা থেকে বের হতেও পারতেছি না জীবনে আল্লাহর রহমতও আসছে না। চিন্তা যেমন করছি জীবনটা সেদিকেই মোড় নিচ্ছে,0
"হটাত আপুকে চমকে দেয়ার জন্য ভাইয়া স্পেন থেকে চলে আসে বাংলাদেশে,",1
"খোলা খাবারে অনেক মশা-মাছি ইত্যাদি বসে। যা দেখতে হয়তো আকর্ষণীয় বলবে অনেকেই কিন্তু আনহাইজিনিক খাবারের মূল্য কোনো সুশীল,জ্ঞানী,সুশিক্ষিত মানুষের কাছে থাকে না। আর খাবার খুলে রাখার বিষয়টা যখন ইচ্ছাকৃত তখন সেটা তো আরও বেশি ভয়ংকরভাবে বর্জনীয়।",0
"টাকার সাথে ভাংতি কয়টা পয়সা ছিলো তাও শেষ, জানুয়ারি মাস শেষ হচ্ছে না!",1
"যার যত ভিউ, সে তত বড়।",0
"আমেরিকা টোকাই হিসেবে ইজরায়েল কে, বসতি দেয়া হোক।",0
কে জানে কেমিক্যাল ইঞ্জিনিয়ার টা বড় হলে সে একজন মদের ফ্যাক্টরির মালিক হয়ে যায়,1
সাব্বাস! ভন্ডামি বাদ দিয়ে সত্য কথা বলেছেন।,0
কাশিপুরের ওখানে রাস্তা ব্লকড। একজন গাড়ি চাপায় মারা গেছে। রাস্তায় লা শ নিয়ে আন্দোলন করতেছে বিকেলের পর থেকে।,0
"আমার বাবা বীর মুক্তিযোদ্ধা মোঃ আবুল কাসেম এর পক্ষ থেকে মহান বিজয় দিবসের শুভেচ্ছা ও অভিনন্দন ।স্বাধীনতার জন্য বঙ্গবন্ধু শেখ মুজিবুর রহমানের দীর্ঘ ত্যাগী সংগ্রাম একাত্তরে খুঁজে পায় কাংখিত ঠিকানা। কী করে বাঙ্গালির স্বাধীনতার ঠিকানা, মুক্তির প্রতীক হয়ে উঠেছিলেন বঙ্গবন্ধু?সৌজন্যে বৈশাখী টিভি চ্যানেল।সাক্ষাতকার গ্রহণে কাজী বাপ্পা।",0
"যখন শেখ হাসিনার সরকার ছিল, বিভিন্ন দেশের উন্নত মানের রোবট রা রোবটের মতন কাজ করতো। প্রতিষ্ঠানের নির্দেশনা অমান্য করার সাহস ছিল না রোবটদের। ছাত্রদের কারণে আজ সাজানো গোছানো রোবট বাহিনী অবাধ্য হয়ে উঠেছে দেশগুলোতে । এর মূল্য অবশ্যই একদিন ইউসুফ সরকারকে দিতে হবে।",1
এটা বিপিএলে হলে কিছু লোক তুলকালাম করে ফেলতো,1
এ দিন দিন না আরও দিন আছে। এই দিন রে নিয়া যাবে ওই দিনের কাছে।,0
রোবটরা ছাত্র অান্দোলনে যোগ দিতে যাচ্ছে...,1
মনে রাখিস সাকিব পৃথিবী কিন্তু গোল,1
"একটা কথা আছে ""পিনাকী"" কে যেই ব্যাক্তি যতো টা ভালো মনে করেন আসলে কি সে ততটা ভালো ? তোতোটা ভালো মানুষ না সে",0
কঠোর পরিশ্রম সবসময় সাফল্যের সঙ্গী।,0
রোগীর চিকিৎসায় ভালো অবকাঠামো গুরুত্বপূর্ণ,0
মন দিয়ে চোখ বুলিয়ে খুঁজলে সিঙ্গেল ছেলেও পাওয়া যায়,0
ছোট ছেলে কি কাজ করেনা?,0
মরার আগে স্ত্রীর দায়িত্ব ছিল তার হাসবেন্ডকে বিয়ে দিয়ে যাওয়া,1
ভাই এখানে বসন্ত বলতে একধরনের রোগ বোঝানো হচ্ছে,0
চোখের ডাক্তার দেখান। এখানে কেউ সাধারণ মানুষ নাই। আজকে সাধারণ মানুষের কথা বলার কোন ক্ষমতাই নাই। অন্তত আপনার কাছ থেকে এগুলো আশা করি না আমরা। আপনার রাজনীতির উর্ধে থাকার কথা ছিল।,0
অবশ্যই আমার সাথে যোগাযোগ করতে পারেন বিস্তারিত সমস্যার সমাধান করে দিবো,0
"আশা করবো দেশের কোন মিডিয়া খুনি, গণহত্যা কারী, গুম, লুটপাট ও স্বৈরাচারী হাসিনার ভাষন প্রচার করবে না।",0
"আমাদের সময় বাবা মা বলতেন ""হাড়গুলো আমার মাংসগুলো আপনার"" শিক্ষকের পৃষ্ঠপোষকতায় একজন ছাত্র হয়ে উঠতো সোনার মানুষ। এমনিতেই বাংলাদেশের শিক্ষা ব্যবস্থার বেহাল দশা তার উপরে পারিবারিক সুশিক্ষা নেই এভাবে চলছে থাকলে অচিরেই এজাতি মুখ থুবড়ে পড়বে।",0
মোবাইল কেনার সময় জোর করে ৫০০ টাকা কম দিছিলাম। সেই অভিশাপে মনে হয় এমন ভিডিও সামনে আসে,1
দেয়াল বাগান ভার্টিক্যাল গার্ডেন ও পরিবেশ-বান্ধব দৃশ্যের ল্যান্ডস্কেপিং সমন্বয়ে সেন্টারটিতে এক ধরনের প্রাকৃতিক আবহ তৈরি করা হয়েছে।,0
চোর এর বাচ্চা চোর মাশরাফি ভোট চোর তুই যেই টাকা ও সুবিধা নিচ্ছিস তা হারাম হারাম কোরের বাচ্চা কারণ তুই অবৈধ এমপি।,0
আসেন ভাই কান্দে আসেন,1
এর থেকে কত ভয়ংকর ছিল,0
এখনকার পোলাপাইনদের ১৮ বছর বয়সে বিয়ের প্যারা উঠে যায় ডিপ্রেশনে পড়ে আর তারা তখন সংসার সামলাবে নাকি এক্সাম দিবে,1
"মনিটরিং টিম চাটাচাটি করতে ব্যস্ত, তাদের বার বার ডেকে বিরক্ত করবেন না!",1
"আমি ঘুমাইলে চোখে দেখি নাহ, এটা কেউ নিউজ করে না কপাল আমার",1
নতুন প্রযুক্তির মাধ্যমে পুরনো জিপিইউ ব্যবহার করে উচ্চক্ষমতাসম্পন্ন AI তৈরি করা সম্ভব হচ্ছে।,0
"আমার নানাজানের মুখে শুনেছি, তিমি নাকি মানুষকে বাচাতে সাহায্য করে। আজ তার প্রমাণ পেলাম ।",0
মুক্তিযোদ্ধার নাতি নাতনিরা মেডিকেলে চান্স পাবে না তো কি রাজাকারের বাচ্চারা পাবে?,1
ঐ দেহ তোমার একদিন কাল হবে।,0
ইউনূস মাস্ককে বাংলাদেশে আমন্ত্রণ জানান সম্ভাব্য উদ্বোধনের জন্য,0
রাত ৮টার পর থেকে শহরটা অপরাধ চক্রের কাছে লিজ দেয়া হয়েছে! সাধারণ নাগরিকরা সাবধান।,1
বাইকে কাম করার আর জায়গা পাই না,1
আবেগ ভালো অতি আবেগ ভালো না,0
খেলার প্রতি কতটা ভালোবাসা থাকলে গলায় ইঞ্জুরি নিয়েও খেলতে নাম যায়। ভালোবাসা অবিরাম।,1
"সব জায়গায় দুর্নীতি ,শুধু আমি যে হলে পরিক্ষা দেই সেখানে কেউ ঘাড়ও ঘুড়াতে পারে না।",1
"প্রাইভেট পাওয়ার প্লান্ট নির্মাণ বন্ধ এবং সময় শেষ হওয়া প্লান্ট বন্ধ না হলে, এ খাতে খরচ কমানো যাবে কিনা?",1
হাসতে হাসতে পেট ব্যাথা হয়েগেছে,1
এগুলো দিয়ে তো মার্কেটে দাম পাইতেছি নাহ্।,1
"ধৈর্য হলো সফলতার মুল চাবিকাঠি,, সবাই সবার পাশে থেকে ধৈর্য ধরে কাজ করে যাও সফলতা অবশ্যই আসবে।",0
"প্রচুর পড়তে হবে, পড়া কোন বিকল্প নাই, পাঁচ মিনিট অপচয় করা যাবে না, সুতরাং যে অবস্থা থাকি না কেন পড়ে হবে।",1
যেই স্বৈরাচার ও সন্ত্রাসীদের পক্ষে কথা বলবে থাকেই শাস্তির আওতায় আনা উচিত,0
এই ধরনের ন্যারেটিভ সেট করতে হবে কেন? একটা বিশাল সংখ্যক মানুষই আছে উগ্র মেন্টালিটির যারা মানুষের ব্যক্তি স্বাধীনতায় বিশ্বাস করে না। এবং জোর করে তাদের আদর্শ প্রতিপালনের। গত ৬ মাস এমন ভুরি ভুরি ঘটনা ঘটছে। এরা এতদিন সুযোগের অভাবে তাদের এক্টিভিটিস বা আদর্শের চর্চা করতে পারে নাই।,0
উচিত কথায় বন্ধু বেজার,0
আমি যদি এই ভাবে কথা বলতে পারতাম তাহলে আমি নিজেকে খুব ভাগ্যবান মনে করতাম। কি অপূর্ব সুন্দর ভাষা। আহা শুনে মন ভরে গেলো।,0
সামনে ভয়াবহ দিন আসছে লিখে রাখেন।,0
সেফুদা দাদু তুমি কোথায় ওরে চিকিৎসার ব্যবস্থা কর,1
"আর এগুলাই নাকি গাজায় যাবে যুদ্ধ করতে,,গাজাখোর",0
চোর চোর চোর চোর চোর,0
কারণ কর্তৃত্ববাদকে ন্যায্যতা দেওয়ার জন্য পূর্বতন সরকার সবসময় মানুষকে বুঝিয়ে এসেছে কম গণতন্ত্র মানেই বেশি উন্নয়ন।,0
এখন আমার বাল হইতাছে সব তো জামাতের মাস্টার প্ল্যান আর তুই ব্যাটা জামাতের প্রোডাক্ট টাকা খাইয়া মিথ্যা কথা বলিস আর জনগণকে ধোঁকা দিস দেখার যে নিজে খুব আদর্শবান আমার বাল বাল,0
"আসলে কোন প্রাণী মানুষের ক্ষতি না করলে, মানুষ সেই প্রাণীকে নিয়েই হাসি ঠাট্টা করে।",0
চোখ দিয়ে অনেক পানি ঝরছে আবরার ভাইয়ের জন্য।,0
"বেশি বাতিল বাতিল করিয়েন না, জামাতকে কিন্তু আওয়ামী লীগ বাতিল করেছিল শেষে কি হয়েছে সবাই জানে",0
"সেন্টমার্টিন কে বাঁচাতে হলে আবেগ নয়, বিবেক আর দেশপ্রেম দিয়ে ভাবতে হবে। শুধু সরকার বিরোধীতা করার জন্য এই প্রকল্পের বিরোধী করা উচিত হবে না। আমাদের এক অপূর্ব সেীন্দর্য্যময় জায়গা সেন্ট-মার্টিন এটাকে আমাদের বাঁচাতে হবেই।",0
একটা ইটও আমরা অবশিষ্ট রাখবো না । আমাদের ভাই বোনদের পবিত্র রক্তের শপথ,0
এই ভাইয়ের চুখের পানি দেখে অনেকের বিয়ের শখ মিটিয়ে গেছে,1
ঘরের মানুষ ই এমন আল্লাহ্ এমন ভাগ্য আর কারো না হোক আপুর পুরো ভিডিও দেখছি আপন মানুষগুলো আরও বেশি কষ্ট দিয়েছে,0
"ইনশা আল্লাহ একদিন দেশে ফিরবো,,বিয়ে করার পড়ে আর আসতাম না।",0
কিস দিতে গিয়ে কামড় মারছে,1
"অনেক জায়গায় নিম গাছ ধীরে ধীরে কমে যাচ্ছে, এ বিষয়ে ভাবা উচিত",0
আশা করি পরেরটা জোস হবে ।,0
অনেক সুন্দর সুন্দর প্রস্তাব । এগুলো বাস্তবে রুপ দিতে পারলে আসলেই আমরা চিকিৎসা ক্ষেত্রে এগিয়ে যাবো।,0
সবাইকে নিঃস্বার্থ ভালোবাসা দিয়ে এগিয়ে নিয়ে যেতে চাই,0
হেলমেট পরে বাইক চালানোর থেকে হাতই উত্তম?,1
টানা তিন দিন ভাত না খেয়ে শুধু মুলা খেয়ে রানের চিপায় আটকে রেখে তোর মুখে ঠাস ঠাস করে যদি ঘন্টাখানেক পেদে দিতে পারতাম তাহলে শান্তি পাইতাম।,1
আলহামদুলিল্লাহ। হায়াতের মালিক একমাত্র মহান আল্লাহ তায়ালা।,0
কাল বানিজ্য মেলায় ঘুরতে যাবো একটা ফ্রেন্ড দরকার কেউ আছেন?,1
"এরাই আসল যোদ্ধা , বীররা দেখতে এমনই হয় , সত্যিই মুগ্ধ হলাম",0
এটা কী জগৎ এর নিয়ম কীনা জানিনা।কোনো শাশুড়ির কাছে শোনা জায়না বৌ ভালো।আবার কোনো বৌ এর কাছে শাশুড়ি ভালো,0
সম্মানিত ব্যক্তিকে সম্মান করতে শিখুন যদি আমরা সম্মানিত ব্যক্তি কে সম্মান করি তাহলে দেশে এগিয়ে যাবে,0
পরবর্তীতে সেই শিল্প একটা ব্যাপক অংশের মানুষের ভালো লাগতে পারে।,0
আগে রোড থেকে সব লোকাল বাস উঠিয়ে তারপর মেইন রোড থেকে অটো রিক্সা গুলা উঠিয়ে তারপর এসব নামাইয়েন । না হলে দেশ টা এমনি যানজট এ ভরা তারপর এগুলো নামলে দেশ টা ধ্বংস হতে থাকবে । দেশ এর অর্ধেক ধূষণ এসব লোকাল বাস করে থাকে ।,0
চাচা পরিক্ষায় যেহুতু 33 পাইনি 32 দিয়ে কি করমু ? তাই খাতা ছিড়ে ফেলেছি,1
"তুমি যেন সেই গান, যার প্রতিটি শব্দ আমার হৃদয় ছুঁয়ে যায়।",0
এটা এখন এক বিপজ্জনক প্রশ্ন।,0
প্রসাশনের সুদৃষ্টি কামনা করছি,0
সত্যি কথা বলতে যে মেয়েরা না চাইতেই ভালো ঘর ভালো বর পেয়ে যায় তারা কদর করতে জানে না।এভাবে অন্যের জীবনটা শেষ করে দেয় । আর যারা একটু সাধারণ ভাবে খেয়ে পরে সংসারে সুখী হতে চায় দিনশেষে তারাই শশুর বাড়ীর লোকের কাছে অথবা স্বামীর কাছে মানুষিক নির্যাতনের শিকার হয় ।,0
নামাজ নিয়ে মজা করা শুরু করে দিয়েছেন ?,0
মেয়েরা আজ কাল অনেকটা এগিয়ে গেছে,0
"কাস্টমস অফিসার বিয়ে করা আর এক জ্বালা,, ফ্যামিলিকে সময় দেয়ার সময় থাকে না",0
তদের এমন অবস্থা হবে সারা পৃথিবী মানুষ দেখবে আর আসবে মনে রাকিস আল্লাহ চার দেন চেরে দেব না আমাদের জন্য আমাদের আল্লাহ আছে এ,0
"এভাবেই প্রোগ্রামের ভুলের কারনে একসময় মানুষ খুন করা স্টার্ট করবে, যা অনেক বছর আগে থেকেই সাইন্স ফিকশন রাইটাররা বলে আসছে",0
"পুরুষের ভেতরও এক শ্রেণীর পুরুষ আছেন, যারা তার তীব্র কামবোধকে নিয়ন্ত্রন করতে পারে। সুযোগ থাকার পরও নারীরা যার তার সাথে নিজেকে ভাগ করেনা এমন পুরুষের সন্ধান পাওয়া বিরল, তবে শূণ্য নয়।",0
ভাই মনে হয় খেচার টাইমে মালের সাথে ব্রেন ও ফালাইয়া দিছেন।,1
"জুনিয়রদের জন্য উপদেশ, যেন তারা বিভ্রান্ত না হয় এবং নিজের পথ অনুসরণ করে।",0
বাল্যবিবাহের বিরুদ্ধে না গিয়ে অমতে বিয়ের বিরুদ্ধে দাড়ান,0
রাজনৈতিক পরিবেশ ও নেতৃত্বের পরিবর্তন সবসময় আলোচনার দাবি রাখে।,0
গাড়ি থেকে বের হওয়ার পর মানুষের দৃষ্টি আকর্ষণের চিন্তা।,0
আমি তো এই ছবি গুলোই দেখতে পারতেছি না । এতো ভয়ংকর... মানুষর এতো সাহস কিভাবে হয়!!,0
"কত দিন টিকবে গাড়ি গুলো রাস্তায়, যখন কোন ভালো কিছু করে, কিছু দিন পর আর থাকে না,এই হলো রাস্তার অবস্থা, তবে ভালো চলুক গাড়ি গুলো দোয়া করি,",0
এগুলি মুজিব পূজারী। মুজিবের পূজা করে,0
সব ঠিক আছে। কিন্তু যার কাছে টাকা নাই সে বুঝে দুনিয়া কি।,0
"আমরাই একমাত্র জাতি, যে নিজেদের ক্ষতি নিজেরাই করি। আল্লাহ তুমি সবাইকে সঠিক বুঝ দান কর",0
বিড়াল পছন্দ করা মানুষ গুলো সুন্দর মনের হয়!,0
মানুষ থাকলে অবশ্যই খাইতাম,1
তোরে আল্লায় কি দিয়ে বানাইছে,0
গিটারে কি আর আগের মত সুর উঠে না,1
"যারা আপনার পছন্দকে সম্মান করে না, তাদের সাথে সময় কাটানোর দরকার নেই।",0
আপনি কি ইংরেজিতে কথা বলতে পারেন?,1
বিশ্বাস করেন এতদিনে একটা ভালো কথা বলেছেন।মাঝে মাঝে বিনোদনের ফাকে ফাকে এমন গঠনমূলক সমালোচনা করবেন।এটা খারাপ নয়।এ থেকে অনেক না হলেও কিছু মানুষ অন্তত শিক্ষা নেয়।,0
তোমরা কি জানো কমেন্ট এর উপর ডবল টাচ করলে কি হয়-! না জানলে এক্ষুনি ট্রাই কোরে জেনে নাও-!?,0
ভারতীয় উপমহাদেশের প্রথম নারী শহীদ,0
অনেক আগে একবার ভবিষ্যৎবাণী করেছিলাম মানবজাতির অন্যতম ভয়ঙ্কর বিপর্যয়ের কারণ হবে এই রোবট,0
আপনার সাংসারিক দিনকাল যেমন যায় বর্তমানে,1
গুবরে পোকা গোবরেই সুন্দর,1
লয়্যালিটির কোন দাম নাই এহন। শুকনা পাতা খাইয়া চোখ দুইডা লাল কইরা মেয়েদের প্রপোজ করো দেখবা ঠিকই এক্সেপ্ট করবো।,0
ভাংচুর বাস গুলো নিষিদ্ধ করা জরুরি এতে শহরের যানবাহন কমবে,0
পাশাপাশি পরিবেশগত সুরক্ষা এবং আমাদের সেবার আওতাধীন কমিউনিটির কল্যাণে অবদান রাখবে এই পরিবেশবান্ধব সেন্টারটি।,0
এই ফেব্রুয়ারী মাসের জন্য ওই বাংলাদেশে ভাইরাস ছড়িয়ে পড়েছে,1
"যত বিজ্ঞানীর নাম শুনেছি তার মধ্যে সব থেকে সেরা হচ্ছে ""নিকোলাস টেসলা""",0
দেশে গরম পরের অনেক।আপনার এই স্যুট দেখে গরম আরো বাড়ি গেছে,0
অবশেষে ফার্মগেট -এ দেখা মিলল Squid game থেকে বেঁচে ফিরে আসা এক বাংলাদেশী প্লেয়ার এর।,1
"ভাই, ঘর এতো সাজানো কেন?? আজকি আপনার ফুলসজ্জা??",1
শেষের এইটা ঠিক হইলো না।,0
পকেটে টাকা থাকলে চেহারা এমনিতেই গ্লো করে।,0
"খুব সুন্দর পরিকল্পনা। দেশের প্রতিটা মানুষের মনের ইচ্ছে গুলো ফুটে উঠেছে এই পরিকল্পনায়। দোয়া করি তা বাস্তবায়ন হোক, দেশের প্রতিটা মানুষের সাস্থ সেবা নিশ্চিত হোক।",0
"অশুভ সকাল পৃথিবীর সব গোলাপ আজকে শুকিয়ে ""গাঁ'জা"" হয়ে যাক!",1
"হ্যাতের ভাষণ দুনিয়ার সবচেয়ে বিরক্তিকর জিনিস। রিমান্ডে আসামিরে হ্যাতের ভাষণ শুনাইলে সে সবকিছু গড়গড় করে স্বীকার করে নেবে, তবুও হ্যাতের ভাষণ শুনবে না। হ্যাতের ভাষণ মানেই স্বজন হারানোর বেদনা, ঝুড়ি ঝুড়ি মিথ্যা কথা আর বিএনপি-জামায়াতের বদনাম। এখন সেখানে অন্তর্ভুক্ত হবে ড. ইউনূসের সরকার।",1
কি ভাইরালের যুগ আইলোরে ভাই পাগল ও চায় ভাইরাল হতে আর কি গান গাইলো তার আগামাথা কিছুই বুঝলাম না,1
একটা জিনিসে খুব দুর্গন্ধ হয় এটা খাইলে।,1
ঠিকই আছে। যাদের কাছ থেকে টাকা পাই তাদেরকে আমি কোনদিন ক্ষমা করবো না।,0
মিথ্যে বলে সান্ত্বনা দেওয়ার চেয়ে সত্য বলে কাঁদানো ভালো,1
আলহামদুলিল্লাহ আপনার সম্প্রচার অব্যাহত রাখুন সারা বিশ্ব জাহানের মানুষ ইসলামের অজানাকে জানুক,0
সময় মত বাচ্চাদের পলিও টিকা দিলে এই দিন দেখতে হত না,1
ভাই এর আজকের পোষ্ট'টা দিনে ৩বার করে আগামী ৭দিন পড়বেন।,1
তাহলে লেখক?,0
"সব মানুষের জীবনের অভিজ্ঞতা এক নয়, তাই চিন্তাভাবনাও ভিন্ন",0
ছোটোবেলার কথা মনে পড়ে গেলো,0
"বিশ্বের অনেক দেশেই এরকম আছে, এক টিকিটে ট্রেন, বাস ও ফেরিতে ট্রাভেল করা যায়। এরকম ডে টিকিট, উইকলি টিকিট ও মান্থলি টিকিট আছে।",0
"ভাই কেরামতের নামটা কিন্তু সেই হইছে """" বিকাশ কেরামত"""" দারাজ করিমের দিন শেষ বিকাশ কেরামতের বাংলাদেশ",1
তিনি একজন বয়োজ্যেষ্ঠ মানুষ ওনাকে নিয়ে বেয়াদবি করিয়েন না ধ্বংস হয়ে যাবেন।একদিন সবাই কে ই এমন হতে হবে।,0
আমাদের মহম্মদপুর এর একটা ইতিহাস তুলে ধরার জন্য।,0
ইংলিশ কইলে সমস্যা নাই বাংলা কইলেই সমস্যা!,1
রোবট যে মানুষের বিরুদ্ধে যুদ্ধ ঘোষণা করতে পারে এইটাই তো তার বড় একটা প্রমাণ,0
এতদিন পরে ক্ষমতা পেয়েছে বাহাদুরি করবেই,1
পাগলের সুখ মনে মনে,1
মনুষ্যত্বহীন মানুষ থাকলে যা হয়। আল্লাহ তাআলা এদের হেদায়েত দান করো,0
পরিবারকে সময় দেওয়া খুবই গুরুত্বপূর্ণ।,0
টুর্নামেন্ট চলাকালীন তাসকিনকে বাসায় যেতে দেয়া উচিৎ হয়নি। গলায় সাংসারিক ই ঞ্জুরির স্পষ্ট ছাপ,1
এই পাগল আমদানি হয় কোথায় থেকে,1
"যেকোনো ধরনের সম্পর্কের ক্ষেত্রে, সম্মান ও সীমাবদ্ধতা রাখা গুরুত্বপূর্ণ।",0
"যেটা আপনার স্বাভাবিকতাকে রক্ষা করে, সেটাই বেছে নিন।",0
ইঞ্জিনিয়ার হওয়ার জন্য হিউজ পড়াশোনা করা লাগে।,0
না জ্বালালে টাকা দিতে হবে না! বেঁচে যাবে বিদ্যুৎ ও টাকা এইটা তো একটা বোকাও জানে! তার চেয়ে বিদ্যুৎ চুরি বন্ধ করা জরুরী।,1
আসলে ওর মতো লোক দেশ এ অশান্তি বাড়ছে ।সবার মনে রাখা উচিত সবার বাড়ি আছে সবার মা বাবা বাচ্চা আছে ।ওইসব নিয়ে যে উস্কানি দেয় ওই যাই হোক মানুষ হইতে পারে না,0
টাকা দিয়া সব হয়। টাকা ছাড়া কোন জিনিসটা হয় আমাকে কেউ বলতে পারবেন?,0
মাইয়ার চক্করে পরলে ঘরে জায়গা নাই,0
বৃক্ষপ্রেমী,0
আমি ভিডিওতে আজকে আপাকে দেখি নি কিন্তু আপার কন্ঠ শুনেছি,1
জীবনে কিছু কিছু সমস্যার সমাধান করা যায় না। সেগুলো ইগনোর করাই বুদ্ধিমানের কাজ।,0
তুই অনেক সংগ্রামী। সেকেন্ড ইয়ারে থাকতে তোর থেকে তরল গুড় নিছিলাম। তোর বিক্রি করা প্রোডাক্টগুলোর রিভিউ যথেষ্ট ভালো। পাশে আছি। চালিয়ে যা,0
এদের কি পরিবারে কেউ নাই নাকি সবাই এইরকম,0
চক্ষু শিতলকারী দৃশ্য,0
"ধানমন্ডি পুড়ে গেলো এ আর সহ্য হচ্ছে না ভাইয়ের,,,,,",0
এটাকে ভালোবাসা কয়না এটারে ছেসরামি বলে,0
তেল চাল ডাল গ্যাস নিত্যপ্রয়োজনীয় জিনিস নয়।ভ্যাট আরো বৃদ্ধি হোক।,0
"""একজন সৎ,পরিশ্রমী আর বিবেকবান মানুষ হতে পারলেই আমি খুশি"" মনে হচ্ছে এই বাক্যটা আমার মরমে তীরের মতো এসে গেঁথেছে।হৃদয় হতে অশেষ ধন্যবাদ রেবেকা শাফিকে।",0
"ফিলিস্তিনি বাসিকে সৌদি আরবে পাঠিয়ে দিয়ে, সৌদি আরবকে শিক্ষা দেওয়া উচিত, সৌদির তেল মাখামাখির কারণে ইসরাইল আমেরিকা এত সুযোগ পাচ্ছে।",0
নাচুনী নাচনেওয়ালী' বললে কি আমার নামে কেস হবে?,1
"নতুন মেধাবী শিক্ষার্থী, সমন্বয়ক কেউ কিছু বলবেন না।",1
অর্জুনের প্রতি সবার এত সমালোচনা করা ঠিক নয়। শচীন স্যারের মান ধরে রাখা এত সহজ কাজ নয়।,0
খাওয়া-দাওয়া শেষ ছবি তুলে রাখি,1
জাস্ট অসাধারণ একটি পোস্ট অনেক অনেক দোয়া ও শুভকামনা রইল ভাইয়া,0
মুর্খতার কোন শেষ নাই,0
"আহা মানুষের এতো নিকৃষ্ট চরিত্র ও আছে,, কাকে বিশ্বাস করবো এই দুনিয়াতে। আল্লাহ কোন যামানাই এসে গেছি",0
"ঈদ যে,সামনে তাই এখন করোনাও হুরহুর করে বাড়তে থাকবে... যেন ভাড়া টা ডাবল করে দিতে পারে",1
দু চারটা নারী প্লেয়ার না জানি প্রেগনেন্ট হয়ে যায়,1
স্বাধীনতা হাড়ানোর পূর্বের সময়টা কাজে লাগাচ্ছে,0
আমার অন্যতম প্রিয় বই।,0
"হাহা দেওয়ার মানেই হয় না,,, আমরা তাদের সম্মানের সাথে বলি",0
এইদেশের মানুষ শুভ কাজে দেরি করেনা। কর্মসূচী ঘোষণা ছিল রাত ৯টায়। তারা এর এক ঘন্টা আগেই শুরু করে দিছে কাজ!,1
"শুধু তা ই নয়, প্রযুক্তি প্রভাবিত আজকের সমাজে এসব শব্দ যে দ্রুততম উপায়ে ভাষার মধ্যে স্থানও করে নিচ্ছে।",0
এটা আমি বিশ্বাস করি এমন প্ল্যান করে করে আমার জীবনে ৭ বছর চলে গেছে সফলতা পাইনি আজ থেকে আর কোন প্ল্যান করব না,0
মানুষকে কেউ সাহায্য করলে মন থেকে যতটা দোয়া আসে এর থেকে পশু প্রানীকে সাহায্য করলে মন দিয়ে তার থেকে বেশি দোয়া আসে।প্রতিদানে আল্লাহ আপনাকে সুস্থ রাখুক সারাজীবন।,0
বন্ধু সাথে বেইমানীর শান্তি পাইছে তবে তারে একবারে হত্যা করা ঠিক হইনি,0
কফির নাম যদি বিষ হয় তাহলে রাজি,1
এই সময়ে এসে এমন সংবাদ আশা করি নি।দোয়া করি তাড়াতাড়ি সুস্থ হয়ে উঠেন।,0
মিস ইউ ম্যাডাম শেখ হাসিনা দোয়া করি শেখ হাসিনা আপনি অনেক অনেক দূরে যান এবং আর না আসেন,1
শিক্ষার মান উন্নত করার জন্য চিন্তাশীলতা এবং দক্ষতা বাড়ানো প্রয়োজন।,0
বাংলাদেশে ভালো প্লেয়ারের দাম নাই,0
হাসবো নাকি কান্না করবো,1
ভালো আপডেট।,0
কাথা কম্বল লেপ টেপ ছাড়া আর কোনো প্রতিচ্ছবি নেই তোমার দাদা?,0
আয়না ঘর গুলো আওয়ামিলীগ করা ব্যক্তিদের জন্য রাখা হউক ওরা তখন বুঝবে আপা কি জিনিস,0
সবচেয়ে জরুরি এটা যেন ধ্বংস করতে না পারে।এই স্থাপনা টিকিয়ে রাখা এই সরকারের বড় চ্যালেঞ্জ,0
"আমার মনে সবসময় নেগেটিভ চিন্তা আসে, আমি এর থেকে মুক্তি চাই, আল্লাহ যেন আমাকে ক্ষমা করে দেন, আমিন",0
"আসলেই,,যত কম প্রত্যাশা তত কম হতাশা,,চাহিদা যত কম জীবন ততই সুন্দর,,আর এই কথাটাই আমি বুঝি না",0
দেখবেন আপনিও সফল হবেন ইনশাআল্লাহ।,1
তো বলছি যে লাউ কি এখনো গাছে আছেই??,1
"কিছু ছাত্র খুব সহজে একাধিক কোচিং সেন্টারের অংশ হয়ে যায়, কিন্তু তাদের মূল উদ্দেশ্য থাকে নিজের সাফল্য অর্জন করা।",0
"আমার এক আত্মীয় আমার সাথে গ্যাস লাইটিং করতে এসেছিলো , এখন সে নিজেই গ্যাস লাইটিং এর শিকার ।",1
ফুলের আর প্রকৃতির জন্য-ই পৃথিবী এতো সুন্দর...!,0
ভারতে কনো শাসন নাই! ওখানে মুদি আর অমিত শাহ সব শেষ করে দিয়েছে! লজ্জা লাগা দরকার! মানুষ হত্যা করে প্রেশার কুকারে রান্না করছে বিজিপির ছেলেরা! এ খুব দারুন লজ্জার ব্যাপার!,0
আসলে জীবনে সুখে থাকতে হলে চাহিদা যতো কম থাকবে। ততো আফসোস কম লাগবে।সুখটাও ঠিক ততো বেশি অনুভব করা যাবে।,0
মাদ্রাসায় নির্যাতন হয়ে আসছিল অবশ্য। মাদ্রাসার কর্তৃপক্ষের বিরুদ্ধে মামলা দেয়া হোক।,0
সময় আর সৃজনশীলতার চেয়ে আরো প্রয়োজন হলো টাকা,0
"অবাক হলাম,,,,, আল্লাহই ভালো জানেন আরও কতো যে মিথ্যা ইতিহাস আমাদের মাঝে আছে।",0
ক্ষুধার্ত প্রাণী দেখলে অন্তত তাড়িয়ে না দিয়ে সহানুভূতি দেখানো ভালো।,0
"সম্ভবত পাতা, ফলের রস খেয়ে বেঁচে থাকে",0
শুধু মুখস্ত করে শিক্ষিত হলে যা হয় তা হল এই সাংবাদিকের অবস্থা। থার্ড ক্লাস যতসব।,0
"চিন্তা-বোধ শক্তির কেন্দ্র-উৎপত্তি-অবস্থান মস্তিস্কে, হৃদপিন্ডে বা আবেগে নয়। মস্তিস্কের যথাযথ ব্যবহার করুন।",0
"পড়াশুনা শেষ করতে গিয়ে ২৪ বছর নষ্ট... আমিও ভাই আপনার মতো স্বাধীন হতে চাই, তাই পড়াশোনা বাদ দিয়ে,নিজের জন্য এখন কাজ করতেছি...যেই কাজগুলা অনেক আগে করার প্রয়োজন ছিলো...আপনাকে ধন্যবাদ জানাই মানুষের চিন্তাধারা পরিবর্তনে কাজ করার জন্য... বাংলাদেশ একদিন তার লক্ষে পৌঁছে যাবে...",0
"ভালোই হইসে। আগে র্যাব দেখলে হুদাই কইলজার পানি শুকায় যাইতো। আর এখন দেখলে মনে হবে কাছে ডাইকা ৫০ টেকা দিয়া বলি, আমার জন্য দুইটা বেনসন আইনা দে, আর তুই একটা ক্যামেল খাইয়া নিস।",1
"ইজতেমার মাঠ আলেম ওলামা দেশের সর্ব সাধারণ ধর্মপ্রাণ মানুষের জন্য। কোন সন্ত্রাসীদের জন্য নয়। যারা একজনকে অন্ধ অনুসরণ করে মানুষ পর্যন্ত খুন করতে পারে, আর যাই হোক তারা কখনো মানুষের ভালো চায় না।",0
ব্যাপার টা জোস ছিলো না সেইদিন রাতে!?,1
আমার বস বেটা তুই,1
হেডলাইন পড়েই ভাবলাম এটা ইন্ডিয়ায় হতে পারে।,1
"এ আই মানুসের চাকুরী কি খাবে, এই আই এর চাকরী আরেক এ আই খেয়ে দিছে",1
ভাবতেই অবাক লাগে এই জোকার এরও ফ্যান ফলেয়ার আছে,0
মাশাআল্লাহ,0
কল্পনার জীবনে নতুন একটা সুখের শুরু হোক।,0
"নিজের জীবনে কাজ শেষ করার অভ্যাস গড়ে তোলা গুরুত্বপূর্ণ, কারণ এটি আমাদের আত্মবিশ্বাস বাড়ায়।",0
খুব সুন্দর সাক্ষাৎ দেখেছে ক্রিকেটে ভক্তরা।,0
আপনার যে ওয়েভসাইট তৈরি করা হচ্ছে তার সহযোগী হিসেবে থাকতে চাই,0
মাত্র ৩০ মিনিটের মধ্যেই দুই ছাত্র উপদেষ্টা ও শীর্ষ সমন্বয়কদের একযোগে পোস্ট বো মা য় দিশেহারা টেম্পুস্ট্যান্ড খ্যাত একটি দল!,1
"বাহ্যিক সাফল্য আচরণের উপর নির্ভর করে। যদি আপনি নিজেকে চরিত্রবান, সাহসী, সৎ বলে বিশ্বাস করেন তাহলে এগুলো আপনার আচরণে প্রতিফলিত হবে।",0
দারুণ আলোচনা। ফরহাদ মাজহার বিচক্ষণতার সাথে বিশ্লেষণ করেছেন প্রতিটি প্রশ্ন।,0
"ভাই বিচার না মেরে ফেলা উচিত জন সমক্ষে! গ্রেট এই ধরনের মানুষগুলো তো জেলে আরাম আয়েশে, তারা মানুষের কষ্টগুলো বুঝলো কই!",0
এদিকে শেষ হয়না কেন তার পোষ্ট ও করা শেষ।,1
হা হা এটাই বাস্তব,1
"লোভী মাইয়া, এভয়েড",1
"আসসালামুআলাইকুম স্যার । স্যার কেমন আছেন ? আনন্দ মাল্টিমিডিয়াতে আপনার লেখা যে বই গুলো ছিলো , ওই বই গুলো কোথায় পাবো ?",0
"শিক্ষাপ্রতিষ্ঠান মানেই নিরাপদ পরিবেশ, শিক্ষার্থীদের নিরাপত্তা নিশ্চিত করা উচিত।",0
"ভাগ্য লাগে এমন গ্লো পেতে হলে, যা সবার ভাগ্যে থাকেনা",0
কথা গুলো শুনে মনটা এক বারে নরম হয়ে গেছে,0
নারী দল কিনলে শাকিব খান ওই চ্যাম্পিয়ান হবে কারণ বাংলা দেশের ৯৭ মেয়ে তার জন্য দেওয়ানা,1
কমেন্ট পড়তে পড়তে শহীদ হয়ে গেলাম,1
"ইউনুস ও কি তাহলে হাসিনার মতো গুম, খুন, লুট শুরু করে দিলো? হাতে রক্তও লাগাই দিছেন দেখলাম! ফ্রীডম অব স্পিচ এর দারুণ ব্যাবহার",1
গ্যালারী থেকে যারা লিটন দাস কে সীমানায় দেখে ভু'য়া ভু'য়া স্লোগান দিয়েছে! তাদের খবর নিয়ে দেখেন একটার ও বাসায় চাউল নাই আরো খুঁজ নিয়ে দেখলে দেখা যাবে মাঠে খেলা দেখার টিকেটের টাকাটাও কারো কাছ থেকে দার করে নিয়ে এসেছে।,0
এলিয়েন কি খালি আমেরিকাতেই দেখা যায়?,0
তুমি দিনদিন লেডি হয়ে যাচ্ছ। আমি শুনলাম কলিকাতা হারবালে নাকি লিঙ্গ পরিবর্তন করা যায়।,1
মনে হয় ফালু দা ধন খেতে ঊফঃ ছরি ধান খেতে লুকিয়ে আছে।ধান খেতে লুকিয়ে লুকিয়ে দেখতেছে যে কত ধানে কত চাল।,0
মিডিয়াতে পোষাক খোলার স্বাধীনতা থাকলেও পোষাক পরিধান করার স্বাধীনতা নেই। তীব্রভাবে নিন্দা জানাচ্ছি,0
ভাই সবুজ বিচি গুলো এই গুলা কি,1
নিজের বাইবেল নিজেই বিশ্বাস করেন না।মনে হয়,1
"আপনার মন্তব্যে কিছু গুরুত্বপূর্ণ ভুল ধারণা রয়েছে যা পরিষ্কার করা প্রয়োজন। যুদ্ধের মূল কারণকে সরলীকৃতভাবে ধর্মের ওপর চাপানো সঠিক নয়। ইতিহাসে বেশিরভাগ যুদ্ধ হয়েছে রাজনৈতিক, অর্থনৈতিক এবং আঞ্চলিক কারণে, যেমন প্রথম এবং দ্বিতীয় বিশ্বযুদ্ধ, যেগুলোর সঙ্গে ধর্মের কোনো সম্পর্ক ছিল না। যদিও কোনো কোনো ক্ষেত্রে ধর্মকে বাহ্যিকভাবে ব্যবহার করা হয়েছে, প্রকৃত কারণ ছিল ক্ষমতার লোভ।",0
সরকারের কাছে হাত জোড় করে অনুরোধ করছি.!কমেন্ট পড়া লোকের বেতনের ব্যবস্থা করুন.,1
আমার ভিতরের স্টুডেন্ট টি ঘুমেশে পড়েছে।,1
"যদি সবাই একসাথে সবুজ বাটন চাপার সিদ্ধান্ত নেয়, তবে কি নতুন সংকট তৈরি হবে?",0
কিন্তু আপনার ভাষার এই অবস্থা কেন!!,0
একটি বিশেষ গাড়ি ব্যবহার করার আকাঙ্ক্ষা।,0
"আহা জ্বলে রে জ্বলে কাল রাতে ইস্কন আলমের আউব্বার ৩২ নাম্বার পিনাকী আগুনে ভষ্ম হয়ে গিয়েছে তো, তাই ইসকন আলমের জ্বলে,, মুখ ফুটে মুখোশের আড়াল থেকে বেরোতে পারছে না,",0
এখন তামিম নিজেকে মনে করতেছে ওর বাপের রেখে যাওয়ার জমিদারি হচ্ছে বিসিবি,0
জীবনের সব থেকে বড় ভুল TUKAI Titumir University of Knowledge and Intelligence এ ভর্তি না হয়ে রাবিতে ভর্তি হওয়া,1
সাদ পন্থীরা কী ভাড়াটিয়া হিসেবে বাংলাদেশে আসছে নাকি?? সরকার এক গ্রুফ কে দেয় আরেক জনকে দেয় না এখানে তো পুরাটা বৈষম্য আর আমরা ২৪ ই যুদ্ধ করছি মনে হয় জন্য!!,0
আমি জন্মের আগে থেকে জয়কলির বই পড়তাম।অবশেষে জন্মগ্রহণ করে পৃথিবী জয় করলাম।সব ক্রেডিট জয়কলির,1
কলি যুগ এসে গেছে ভাই। ভার্জিন সিট খুজে পাওয়া ভাগ্যের ব্যাপার।,1
আপনি কার কার সমকামী?,1
সবচেয়ে বড় কথা হলো আমরা আল্লাহর এবাদত করি আল্লাহর আদেশ পালনের জন্য আল্লাহকে রাজি-খুশি করার জন্য শারীরিক সুস্থতা বা দুনিয়াবী কোন ফায়দা লাভের জন্য নয়।,0
আলগা পীরিত দেখোই লাভ নাই তোমার ছাদে মাল নাই,1
নতুন পোস্টে লাইক করলে লাইক পাবেন সাপোর্ট করলে সাপোর্ট পাবেন,1
"ইগো, রাগ, জেলাসি,হীনমন্যতা, কনফিউশন এইসবের কারনে রোজ কতো সুন্দর সম্পর্ক শেষ হয়ে যায়।",1
এখন হিন্দু গুলো চুপ কেনো??,0
আমার জীবনটাই এমনসব অকল্পনীয় ঘটনার সংকলন। উনি বরাবরই এভাবেই ছায়া হয়ে থেকেছেন।,0
করোনা পরবর্তী সময়ে বাংলাদেশের অর্থনীতি পুনরুদ্ধার একটি,0
"ভালো ফলাফল করেছে দেখে হিংসা হয়?মানুষও মানুষ নেই পৃথিবী বসবাসের অযোগ্য হয়েছে সেই কবে,ফেসবুকের কথা নাই বলি",0
"সহশিক্ষা বা সম্পর্কের বিষয়টি আমাদের সমাজে অনেকটা বিতর্কিত হয়ে উঠেছে, কিন্তু কোথাও যেন সত্যিকার সংযমের অভাব হয়ে যাচ্ছে।",0
রাজনৈতিক নেতাদের কাজের মূল্যায়ন করা সাধারণ মানুষের অধিকার।,0
"অজনপ্রিয় কারো মাধ্যমে তোমাদের হতে হবেনা,নিজেদের পায়ে নিজেরাই কুড়াল মেরে মেরে শেষ করবা নিজের জীবন",0
আজ একটা নিজস্ব গার্লফ্রেন্ড নাই বলে এভাবে উহঃ উহঃ করতে পারিনা,1
"কণ্ঠ আরো নরম করার জন্য ধন্যবাদ। আপনার এই শো এর নাম আর উচিত কথা রাখার যৌক্তিকতা দেখছি না। বরং ফাউ আলাপ দিলেই এখন শো এর সাথে জাস্টিস করা হবে। অভিযুক্ত হলেই বাদ, দল কিভাবে চলবে সেটা তার ব্যাপার সেখানে তিন বছর রাজনীতি না করলে মনোনয়ন বাদ, দেশের নাম পরিবর্তন ইস্যু যেখানে দেশের অর্থনীতির এই অবস্থা সেখানে কতগুলো টাকা লাগবে জানেন তো? মবের কাছে কি আপনিও মাথা নত করছেন না?",0
"আন্তর্জাতিক জাতিক ভাবে প্রমানিতো ডাইনি,দেশের মানুষে মানবতার মা সাজতে চেয়েছিল অভিনয় করে।",0
হিংসা করে নয় ভালোবাসা দিয়েই ভালোবাসা জয় করতে হয়,0
আলহামদুলিল্লাহ আমি গর্বিত উত্তরবঙ্গের একজন সন্তান হয়ে,0
শেখ হাসিনার আমলে এসব হত না তাই না। ভারতের পা চাটাত আপনাদের নেত্রি।আপনাদের নেত্রী পালায়ছে কেন এত স্বাধীনতা দিয়ে,1
মানুষের চেহারা নিয়ে বাজে মন্তব্য না করে নিজের চেহারার দিকে তাকিয়ে কথা বলা উচিত।কারণ আল্লাহ চাইলে আপনাকে এর থেকেও খারাপ বানাতে পারত।যেমন আছেন আলহামদুলিল্লাহ বলুন,0
একদিন মরতে হবে! দুনিয়া নয় বরং দুনিয়াতে বেঁচে থেকে জান্নাতের চিন্তা করে নফসকে পরাজিত করতে হবে!,1
"ক্ষুধার কষ্ট সব জীবের জন্যই কঠিন, একটু সহানুভূতি দেখানো উচিত।",0
একজন ডাক্তার সবসময় তার ডিউটি ঠিকমতো পালন করেন,0
সেঞ্চুরির পর না ভাই হাফ সেঞ্চুরির পর,1
"অর্জুনের জন্য চাপ অনেক বেশি, কারণ সবাই শচীন স্যারের মান অনুযায়ী বিচার করে।",0
কখন ও কোনো দিন ভন্ড ছিলাম না ছাড়বো কেমনে তাহলে,1
"কেহ স্বৈরাচারের দালালি করে মুক্তি পায়, আর কেহ আল্লাহর দ্বীনের ব্যাপারে কথা বলে যুগযুগ কারাগারে কাটিয়ে দেয়!",0
"""ছোট্ট এই দেশের বিশাল দক্ষতার প্রমান বারবার বিশ্বকে চমকে দিচ্ছে। মেইড ইন বাংলাদেশ ফোরেভার! """,0
আজকাল ভদ্র হয়ে থাকলে কেউ মূল্যায়ন করে না।,0
"গোটা দেশে যখন লক্ষ-কোটি দূর্নীতি আর অনিয়মে ছেয়ে যায়,, ঠিক তখনই নতুন এক ইস্যু নিয়ে হাজির হয় এইসব গণমাধ্যম",0
আশেপাশের মানুষেরা এমন এগিয়ে আসলেই হবে,0
রিচার্ড ভাগনার আমার প্রিয় কম্পোজারদের একজন। আর নিৎসের দর্শন আমাকে সবসময় উম্মাদ রাখে।আমি নিজে একজন শিক্ষানবিশ পিয়ানিস্ট।,0
ভালো তবে একটা নির্দিষ্ট দলের হয়ে যেন আপনাকে ডোপিং না করে।কেননা আপনি জুলাই স্প্রিট বহন করেন।,0
কন্ঠ শুনলেই গা জ্বলে,1
আমি আগেই বলছিলাম চট্টগ্রাম থাকবে না চট্টগ্রাম থাকবেনা বরিশালের কাছে হেরে যাবে,0
মেশিন লার্নিং এবং রোবটিক্সের মতো উন্নত প্রযুক্তি নিয়ে কাজ করা সময়সাপেক্ষ।,0
পরীক্ষার মতো এতোবড় মানবসৃষ্ট দুর্যোগ আর দ্বিতীয়টি নাই।,1
"আমাদের সমাজে হিংসা নয়, সহানুভূতি ও ভালোবাসা ছড়িয়ে পড়ুক।",0
"মিথ্যার একটা সীমা থাকা উচিত, যতই মিথ্যাচার করো কোন লাভ হবেনা, এগুলা জোর করে মানুষকে বোঝানোর চেষ্টা চলছে।",0
লাইভে এসে কান্না করলেই ভালোবাসা আর কান্না না করলে ভালোবাসেনা!! আহারে লজিক,1
এতোদিন এই কাহিনী কোথায় ছিলো?? অবাক হচ্ছি যে আপনার কেউ জানানোর চেষ্টা করেছিলো কিনা!?!?!?!?,0
আমার পড়ালেখার কি হবে তাহলে,1
উপরের সাদা দেখে কাউকেই ভালো মনে করা ঠিক নয়। আমরা যা ভাবছি এখন তার বিপরীত দেখছি।,0
আগামীকাল হাসান স্যারকে বলে তোমাকে দিতে বলবো বালিশ।,1
সেরা অভিনেতরি ছানিলিয়ান হাসু আপা,1
এতো আবেগি পোস্ট না সুদিয়ে। দেশে কর্মের ব্যবস্থা কিভাবে করা যায় সেই ব্যাপারে ভাবেন।,0
না জিতলে সবাইকে আইনের আওতায় আনতাম যাক জিতছোস তাহলে উম্মা,1
কোম্পানির কাছে ক্ষতিপূরণ চাইতে হবে,0
দুই ধারে দুই রুই কাতলা ভেসে উঠেছে বাহ চমৎকার লেগেছে,1
পশ্চিম পাকিস্তানের ইপিআর বাহিনীর কোম্পানিগুলোকে শহরগুলোর যেখানেই পারা গেছে সেখানেই মোতায়েন করা হয়েছে।,0
একদিকে তার পরিবারের শেষ স্মৃতি ধানমন্ডি ৩২ গুড়িয়ে দেওয়া হচ্ছে আর অন্য দিকে তিনি বক্তব্যে বলছেন ছাত্রদের প্রতি আমার কোন অভিযোগ নেই তোমাদের জন্য দোয়া রইলো।,0
পরিস্থিতি বুঝে স্ট্র্যাটেজি বদলানোও কিন্তু গুরুত্বপূর্ণ হতে পারে।,0
"আহারে নেত্রী দের কি করুন অবস্থা, ওদের সবাইকে সংঘবদ্ধ ভাবে দৌওলুদিয়ায় পাঠানোও দাবি জানাই। আমজনতার পক্ষ থেকে।",1
মা তো তাই সন্তান রেখে মরে যেতে পারি নি,0
"আশাকরি যারা মোটিভেশন দিচ্ছেন কিংবা নিচ্ছেন, তারা এটাও একটু খেয়াল করবেন",1
শেখ হাসিনার পতনের পর আর টিভি আর কোন নিউজ খুঁজে পাচ্ছে না ওরা এখন মায়াজাল এর নিউজ চুরি করে পুনরায় সম্প্রচার করছে,1
দাদা দাদি যেমন নাতি বউ দেখে মরতে চায় তেমনি বউয়েরও সতীন দেখে মরা উচিত,1
ভূগোল বইগুলোতে কি এখন নতুন তথ্য যোগ করা হবে?,0
ফেব্রুয়ারি জাতে ১৫ তারিখ থেকে শুরু হই,1
"যারা ভাবতেসো একাডেমিক কামব্যাক দিবো, গাইস আমি সাড়া ক্লাসে এস্থেটিক ছবি তুলসি আর এইটার স্ক্রিপ্ট সাজাইসি, পার্সোনাল রিজনে এই সেমিস্টার আমাকে উড়তে দেখবা '",0
যাবার সময় পঙ্গু হাসপাতালে একটা সিট আর ক্রাচের দোকানে কিছু বুকিং দিয়েন ব্রো। বেস্ট অফ লাক,1
"জয় বাংলা জয় বঙ্গবন্ধু, আজ বঙ্গবন্ধু বেঁচে থাকলে এসব পাতি নেতাদের ফেসবুক চালানো নিষেধ করে দিতেন!",1
"ঘরে এমন একটি ফুলদানি শুধু আপনার বসার ঘরটির সৌন্দর্যই বাড়াবে না, সাথে আপনার রুচিকেও প্রশংসিত করবে!!",0
ভালা মানুষের দাম নাই কোনো,0
মরিচ গাছে নেপথলিন বেঁধে দিলে পোকা কম আসে।,0
এই ফুলে যে কত ভোমর হাত লাগাইছে ফুলের সাইজ দেখলেই বোঝা যায়।,0
রাসুল সঃ -এর হাদিস আমাদের জীবনে আশীর্বাদস্বরূপ।,0
আল্লাহ্... সকল যুবক'কে হেফাজত করুক। এরকম বি শ্রি দিন গুলো থেকে,0
রাতের ভোট হলে আওয়ামীলীগ আবারো ক্ষমতায় আসবে,1
স্কুল-কলেজের শিক্ষার্থীদের মাঝে এই ব্যাগ ব্যবহারের অভ্যাস তৈরি করা উচিত।,0
ফরাসি নকশাকার ফিলিপ্পে স্টার্ক এমেকোর জন্যে সর্বমোট ১৪টি চেয়ার ও ৪টি টেবিলের নকশা করেছেন।,0
আপনিও দেশে এসে চিকিৎসা দিন লন্ডনে না থেকে দেশে পড়ে বিদেশে আর কত চিকিৎসা দিবেন বলুন।,0
এগিয়ে যান কিন্তু কোথায় যান সেটা দেখার বিষয় না,1
অনেক দিন আগের কথা! একবার নানীর বাড়ি গেছিলাম নানী কইসিলো দেখবি কিছু লোক হুদাই তোর কমেন্ট পড়বে আর সময় নষ্ট করবে!,1
দুই টুকরা গোস্ত খাওয়ার জন্য মানুষ বিয়ের জন্য চাপ দেয়,1
হালাল টাকা দিয়ে প্রশ্ন কিনে পরিক্ষা দিয়ে চাকরি নিছে।,1
এটা ইন্ডিয়ার জন্য কিছু না ওরা বউও মারার জন্য বন্ধুদের ভাইদের ডেকে আনে বউও মারার জন্য তারপর সবাই একসাথে মারে,0
ভূত-প্রেত বলতে কিছু নেই। আমি নিজে বসেছি এই গাছের তলে।,0
বিএনপি ক্ষমতায় এলে সাধারণ জনগণ স্বাধীনতা ভোগ করবে,1
আরো থাকছে ১প্যাকেট ডার্বি,1
আমি আমার হেতিরে পাইলে বাদ দিবো এর আগে বাদ দিচ্ছি না,1
"নিরবতা আমার খুব ভালো লাগে ,,,,,",0
শিক্ষার্থীদের অনুপ্রাণিত করার জন্য বক্তব্য দেওয়ার পরিকল্পনা।,0
জ্ঞানীগুণী দের আলোচনা শুনতে অনেকই ভালো লাগে।,0
দীর্ঘমেয়াদি প্রজেক্টে ন্যায্য পারিশ্রমিক প্রদান অত্যন্ত গুরুত্বপূর্ণ।,0
পরিবারের ছোট ছেলে তারপর ও নিজের খরচ নিজে চালাই,1
আমার আব্বু যাওয়ার আগে সকল চিন্তা নিয়ে চলে গেছে যেন আমার উপর অতিরিক্ত চাপ সৃষ্টি না হয়।,0
বাস্তববতা খুবই কঠিন টাকা ছাড়া কারোর কাছে কোন দাম নাই।,0
"সন্তানদের সাথে মিলে অ্যাপ ব্যবহার করুন, গেম খেলুন বা ভিডিও দেখে নতুন কিছু শিখুন",0
"ভাই, যারা আমরা গরিব আছি তাদের জন্য ডিপ্লোমা। আর যারা ভাল টাকা পয়সার মালিক তাদের জন্য Diploma Engineering এবং",0
মাওলানা মুফতি সাকি বাল হাসান ওরফে মা ভক্ত,1
আমরা এমন এক জাতি যারা কিনা আজকে মত উত্তম রাত্রের ইবাদত বাদ দিয়ে নাজিরাবাজারে খাইতে যায়,0
"নিয়ে যান ভাই,, এই দেশে গুনি মানুষের সম্মান করা হয়না,,",0
ফালতু মেয়ে৷,0
"সম্পদ, বিত্ত-বৈভব কখনোই পরিবারে শান্তি আনে না, যদি না সঠিক মূল্যবোধ থাকে",0
একটা পরাজয় আরো পরাজয়ের জন্ম দেয়। কারণ প্রত্যেকটা পরাজয়ের সাথে ব্যক্তি তার আত্ম-মূল্য হারিয়ে ফেলে যেটা পরবর্তী পরাজয়ের কারণ।,0
ইস পেয়ার কো কেয়া নাম দুঁ,1
আধুনিক প্রযুক্তির মাধ্যমে কম বিদ্যুৎ খরচে উন্নতমানের কৃত্রিম বুদ্ধিমত্তা মডেল তৈরি করা সম্ভব।,0
রেলওয়ে কর্মীদের প্রশিক্ষণ কার্যক্রম দক্ষতা উন্নয়নে ভূমিকা রাখে।,0
বাল পাকনা ভাবো নিজেকে - তোমার এই ভুয়া পাকনামো রোহিঙ্গা ক্যাম্পে গিয়ে দেখাও।,0
"""তুমি প্রায়ই কাজের মধ্যেই অপ্রয়োজনীয় ব্যক্তিগত মতামত যোগ করো, যা পরিস্থিতি আরও জটিল করে তোলে। আমি মনে করি, পেশাদার জায়গায় ব্যক্তিগত দৃষ্টিভঙ্গি একটু দূরে রাখলে সবাই আরো ভালোভাবে কাজ করতে পারবে।""",0
এমন মেধাবীকে আমরা মূল্যায়ন করতে পারিনি। তাই তো তিনি আজ সুদূর যুক্তরাষ্ট্রের হার্ভার্ডে গবেষক হিসেবে নিজেকে নিয়োজিত করেছেন।,0
ধন্যবাদ ফিফা প্রিয় ফুটবল দলের মাধ্যমে প্রিয় মাতৃভূমির সংস্কৃতি প্রিয় মাতৃভাষায় লিখে প্রকাশ করার জন্য,0
হ্যাঁ ব্রেইনের জন্য উপকারি!,1
এই ইউনিফর্ম পরে আসামি ধরতে আরাম।,1
পরের সিরিজ কবে কোথায় ?,0
এবার মিলেছে বাট তামিমেরটা বেস্ট হয়েছে,1
"আগামির বাংলাদেশ হবে জিনা মুক্ত বাংলাদেশ,ইনশাআল্লাহ",0
আমি তো গ্রুপে এড নেই তাও আমার সামনে এসব কেন আসে,0
গভার্মেন্ট যদি খুনিদের প্রতি এত উদার না হয়তো তাহলে এসব কিসু হয়তো না,0
রযাব এর ড্রেসের মতো ডাউনফল কারো জীবনে দিও না মাবুদ,1
আওয়ামীলীগের ফিরতে হবেই যে কোন মুল্যে। দেশের নিরহ মানুষের জীবন বাঁচাতে। দেশ যেন এক মৃত্যুপুরী এখন।,1
সন্তানের উপার্জন মায়ের জীবনে শান্তি আনে।,0
"রাস্তার উল্টপাশে হাসপাতাল, মুমূর্ষ রোগীকে ভর্তি করতে হবে দ্রুত। ১০ মিটার মত দূরে ইউটার্ন কিন্তু তাও অ্যাম্বুলেন্স যেতে দেয়নি তিতুমীর কলেজের শিক্ষার্থীরা! তোমরা আবার বিশ্ববিদ্যালয় চাইতে আসছো? অভিশাপ রইলো তাদের জন্য",0
দুইয়ে মিলে প্রযুক্তি-শিক্ষিত বাংলাদেশি পাঠকদের একটা বড় অংশকে আকর্ষণ করতে সক্ষম হন অনলাইনের এই লেখকেরা।,0
শত দুঃখেও আমি সুখী৷,0
বাংলাদেশ হলে এখান থেকে বিশ হাজার কোটি টাকা দুর্নীতি করতো,1
আমার তো সালমান মুক্তাদির ভাইয়ের কথাগুলো বেশি ভালো লাগে উনি একদম যোগ্য জবাব দিতে পারি,0
থাকবে না ৩২ নাম্বার থাকবে না ইনকিলাব জিন্দাবাদ! ধানমন্ডি ৩২ এর মতই গোপালগঞ্জের নাম মুছে দিতে হবে। স্বৈরাচারের অস্তিত্ব রাখতে হবে না বাংলাদেশে।,0
"চাকরি কখনই কমবে না! শিল্প বিপ্লবের পরে অনেকের ধারণা ছিল, চাকরির বাজার শেষ! কিন্তু দিন শেষে, চাকরির বাজার সম্প্রসারণ হয়েছে। বর্তমানে, এক ডিজিটাল মার্কেটিংকে কেন্দ্র করে কতগুলো চাকরির ক্ষেত্রে তৈরি হয়েছে, কল্পনা করা যায় মানে, যুুগের সাথে তাল মিলিয়ে আপনার স্কিল ডেভলপ করতে হবে, এটাই আসল কথা।",0
বেডাটা কেমন নে চাইছে দেক ছো নি,1
"শুধু নিম নয়, অন্যান্য ঔষধি গাছেরও ব্যাপক চাষ করা দরকার",0
আমার মা কয় রাইত কইরা কিয়ের এত কথা। ছেরিগো লগে কথা কস নি,0
সাফার সাফা কথা।,0
সুখ যার কপালে লিখা থাকে সে ফুটপাতেও সুখ পায়,0
ভিতরে তাকাতেই চোখে মুখে আমার রাজ্যের বিষ্ময়,0
CGPA ছাড়াও শিক্ষার্থীর অন্যান্য অর্জন আবেদন প্রক্রিয়ায় ভূমিকা রাখে।,0
নতুন স্ত্রীকে দিয়ে কোরআন শরীফ খতম দিবেন মৃত স্ত্রীর জন্য,1
বিদেশে মানুষ শখ করে যায় না। পেটের জন্য যায়।,0
জয় বাংলা ।,0
"সবাই সাবধানে গাড়ি চালাবেন প্লিজ। মনে রাখবেন একটি দূর্ঘটনা, সারা জীবনের কান্না।",0
আল্লাহ মুসলিম উম্মাহকে একত্রিত করুন শক্তি দান করুন। এবং এই জালিমগুলারে এমন শাস্তি দান করুন যা দেখে অন্য জালিমরা তওবা করে।,0
নেপোলিয়ন কে নিয়ে এখনও ভিডিও হয়নি কেন সেটাই তো অবাকের বিষয়।,0
বাংলাদেশের সাংবিধানিক নাম হওয়া উচিত 'গণবিনোদনতন্ত্রী বাংলাদেশ ',1
"ময়ূখ বলেছিল, থাকবে না। বাংলাদেশ থাকবে না। এখন দেখছি- ধানমণ্ডি ৩২-ই থাকছে না।",1
গোলাপের যে এতো রং হয় এটাই তো মনে হচ্ছে আজকে জানলাম,0
"তোরাই শান্তিতে আছিস ,,ব্রেন ও নাই ব্রেন ক্যান্সার এর ঝুঁকি ও নাই।",1
একটি ভালো আয় নিশ্চিত করার জন্য পরিকল্পনা এবং যোগ্যতা গুরুত্বপূর্ণ।,0
"যদি এগুলো সত্যি পর্বত হয়, তাহলে নতুন রেকর্ড তৈরি হতে পারে।",0
"হেনা, সুখেই আছে শ্বশুরবাড়িতে,,,,,, আর আগুন জ্বলছে ছাত্রজনতার বুকেতে,,,।",1
দেশে বসেও তারা বুঝতে পারছেন না কোনটা কেন হচ্ছে।,0
"পরিবারের সবার সাথে প্রত্যেকটা মুহূর্ত হোক মধুর। কথাটি খুব সুন্দর একটা কথা। সবাইকে অনুরোধ করবো কথাটি মানার জন্য । পৃথিবীটা ছোট সময়টাও ছোট আর মহাকাশ বড় সময়টাও বড়। তাই এই ছোট্ট সময়ে হিংসা অহংকার, রাগ অভিমান ভুলে কাউকে না ঠকিয়ে, কারো ক্ষতি না করে, সবাইকে সমান চোখে দেখে, সবাইকে ভালোবেসে এক আল্লাহর হুকুম মেনে আমরা পারি সুন্দর একটা পৃথিবী গড়তে।",0
বাংলাদেশ পাটকল কর্পোরেশনের উদ্যোগ দেশের অর্থনীতিকে সহায়তা করতে পারে।,0
আলি রিয়াজ কে সেত এই দেশের নাগরিকই না সে কি বলল তাতে কিছু আসে যায় না।,0
ভাই রে ভাই এই লেজেন্ড কোথাকার??,0
ইয়াশার চট্রগ্রামের মালিক কে সন্তুষ্ট করতে হবে!,1
"নিজেকে বিশ্বাস করুন, আপনি যেকোনো কিছু করতে সক্ষম।",0
"দেইখে আবার মানুষের মতো সিদ্ধান্ত নিতে গিয়া, যেনে আবার প্রেমে ছ্যাকা খেয়ে সুইসাইড না করে বসে।",1
আপনার মত পাবলিকের জন্যই দেশে পজিটিভ কোন চেঞ্জ আসে না আসলেও সাসটেইনেবল হয় না...,0
সবাই হা হা দিছে তাই আমিও কিছুই না বুঝে হা হা হা রিয়েক্ট দিলাম,1
যে শ্রমিকের রক্ত ঘাম করা পরিশ্রমে এ শিল্প টিকে আছে তাদের ন্যায্য পারিশ্রমিকের ব্যবস্থা করতে হবে। তাদের ন্যায্য পাওনা এবং সম্মান তাদের বুঝিয়ে দিতে হবে। তাহলেই টিকে থাকবে আমাদের বিশ্বমানের গর্বের তৈরি পোশাক শিল্প।,0
এমন একটা মেয়ে আমিও ডিজাব করি,1
আলোচনা ফলপ্রসূ হতে পারে।,0
যদি বুঝিয়ে বল খুব অসংখ্য ধন্যবাদ হবে ভাই,0
পিনাকী আর ইলিয়াস এত ভালো চায় তাইলে দেশে আসে না কেন। এরা ২ জন গৃহযুদ্ধ বাজাইতে চাইতেছে৷,0
হা হা এটাই বাস্তব আই লাভ ইউ,1
ইতিহাস এবং বর্তমান রাজনৈতিক প্রেক্ষাপটের মধ্যে সম্পর্ক টানার চেষ্টা লক্ষণীয়।,0
"সামাজিকভাবে এদের হেয় প্রতিপন্ন করা হয়েছে, যা মানসিকভাবে ভীষণ ক্ষতিকর।",0
"ছোটবেলা মার কাছতেকে শুনতাম মায়েরা এরকম ভাবে খেলতো, আজকে নিচ চোখে অন্য একটা মায়ের খেলা দেখতেছি খুবই সুন্দর দৃশ্যটা মনে থাকবে!",0
"আওয়ামী লীগকে ক্ষমা করলে,পৃথিবীর ইতিহাসে সব থেকে ভুল কাজ করবে বাংলাদেশ এর জনগণ।",0
চুরি করা আর চুরি করা ব্যক্তির সাথে সঙ্গ দেওয়া। বা যেকোনো ভাবে তাকে সাহায্য করা সমান গুনাহের কাজ।,0
আহবায়ক ফ্রম সমন্বয়ক,1
তোমাদের উপর আল্লাহর লানত বর্ষিত হোক।,0
বর্তমানে সাত কলেজের শিক্ষার্থীদের এমন অবস্থা বয়স বেড়ে চুলে পাক ধরছে মাগার ক্লাস আর বাড়ছে না,1
প্রথম আলোর কুত্তারা কবে থেকে আবার সঠিক সংবাদ পরিবেশন শুরু করলো এরা তো ভারতের দালাল আওয়ামী লীগের এরা কুত্তা এরা কিভাবে কি খবর হজ করলো বুঝতে পারলাম না।,0
নিজের মানসিক সুস্থতার জন্য পেশাদার কাউন্সেলরের সহায়তা নেওয়া একটি কার্যকর পদক্ষেপ হতে পারে।,0
আপনার হাজার হাজার ভিডিও দেখেছি পিকচার দেখেছি অনেক ভালো লাগলো ধন্যবাদ আপনাকে,0
পাটজাত পণ্যের জনপ্রিয়তা বাড়াতে সচেতনতামূলক প্রচারণা প্রয়োজন।,0
নতুন সহস্রাব্দের প্রথম কয়েক বছরেও বাংলাদেশি পাঠকের পাঠরুচি মোটাদাগে অনুসরণ করেছিল নব্বইয়ের দশককে।,0
"খুব ভালো একটা পয়েন্ট তুলেছেন, আপডেটেড তথ্য থাকলে পাঠককে ভুল বুঝানো থেকে বাঁচা যায়।",0
ম্যানেজমেন্ট কমিটির কাজ কি প্লিজ একটু আমাকে বলবেন,0
এই পৃথিবী অনেক নিষ্ঠুর।সবাই স্বার্থপর।,0
প্রত্যেকটি হত্যার সুষ্ঠু তদন্ত ও ন্যায়বিচার নিশ্চিত করতে হবে।,0
সত্যি ভাই কথাটা শুনে মজা লাগলো ভালোবাসা রইল আপনার জন্য,0
"বিজ্ঞানী মানে তো আর্কিমিডিস, নিউটন বা আইনস্টাইন।",0
"ওহ পরিমনি,দিনে দিনে আপনার প্রতি ভালো লাগা আরো বেড়ে যাচ্ছে",0
আওয়ামী জাহিলিয়াত নিপাত যাক! আওয়ামী ঈশ্বর নিপাত যাক! আওয়ামী ধর্ম নিপাত যাক! আওয়ামী উপাসনালয় ধ্বংস হোক!,0
বিয়া করি নাই তাই অভিজ্ঞতা নাই,1
"ভাই, আপনার কাছে আইশা যে স্যাটিসফাইড হবে তার প্রমাণ কি?? পারফরমেন্সের রিভিউসহ ছবি দিয়েন, ভাই।",1
মাশা-আল্লাহ হে আল্লাহ আমাদের সকল কে আপনি হেফাজত করুন আমিন,0
"বলার কোন ভাষা নাই, নাবিল স্যারের কথা গুলো অনেক টা উপকারী। আলহামদুলিল্লাহ ,আমি স্যারের কথায় অনেকটা মোটিভেট হলাম।",0
চাচা হেনা এতো সাজানো কেন? আর বাড়িঘর কোথায়,1
মেহদি হাসান ভাইকে অগ্রিম শুভেচ্ছা। আপনার জন্য আজ আমি বাংলায় সব লিখতে পারছি।,0
আজ একটা মুরগি নাই বলে ডিম বেইচা খেলা দেখতে যেতে পারলাম না।,1
এই বুড়ি দেখলে মাথা একদম গরম হয়েছে,0
"যার মনে যা ফাল দিয়া উডে তা,হাহা এটাই বাস্তব",0
ফ্যাসিবাদের আখড়াঁ ভেঙ্গে দাও গুঁড়িয়ে দাও।,0
বুক খোলা রেখে পোস্ট করাটা নিলজ্জের কাজ,0
"মিম, রিলস, শর্টস, স্টোরিজ, পোস্ট স্ক্রলিং চলছে তো চলছেই।",0
ছবি তুলছে কি বাটন ফোন দিয়ে,1
"পাঠকজীবনের অনেকগুলো পর্যায় আঁকা সেই কার্টুনের শুরুতে দেখি শৈশবে এক পাঠক প্রেমে পড়ছে বইয়ের,",0
পোস্ট থেকে আমি আমার রিয়েক্ট উঠিয়ে নিলাম,1
ভাই এদেরকে কেউ পাবনা নিয়ে যা যত টাকা লাগে আমি দিব,1
হারামের কখনো আরাম নাইরে ভাই- এটাই চরম শত্য।,0
ক্যামেরন মেন সেরা স্টালে আছে,1
ঘন্টায় ৬০০ ৭০০ কামানোর পন্থা নাই ভাই,1
নারায়ে তাকবির বলে ৩২ নাম্বার যারা ভাংছেন তারা জানেন এই স্লোগানে আপনার ধর্মকে কিভাবে পরিচয় দিচ্ছেন? একজন মুসলিম হিসেবে বাইরে আমাদের কিভাবে দেখে?,0
অল্পতেই সিরিয়াস হয়ে যাই কেন?,1
গত কয়েক বছর ধরে কত ঈদ গেলো কিন্তু নিজের জন্য কিছু কেনার সামর্থ্য হয় নাই,0
সাধারণ জনগনের জায়গা মতো বাঁশ। জনগণই হিসাব বুঝে নিবে।,0
এতো বড় লিখা পড়তে একটুও হাপিয়ে উঠিনি।,0
"মেয়েদের সম্মান ও মর্যাদা রক্ষা করা খুবই জরুরি, যাতে তারা সঠিকভাবে নিজেদের বিকাশ করতে পারে।",0
"এই আবিষ্কার নিয়ে আরও গবেষণা দরকার, কারণ এটি অনেক কিছুর ইঙ্গিত দেয়।",0
এই রকম একটা গার্লফ্রেন্ড লাগবো আমার আর আমার কপালডাই খারাপ,1
"বিষয়টা আসলেই অনেক বেশি জটিল, ভাবতে গেলে সময় লাগবে।",0
বিয়ের সিদ্ধান্ত নেওয়ার আগে উভয়পক্ষের মানসিক প্রস্তুতি নিশ্চিত করা আবশ্যক।,0
"ফালতু বেডা, বেতনের টাকা সব শেষ। মাস চলমু কিভাবে টেনশনে বাচিনা।",1
মায়ের জন্য সন্তানের এমন ভালোবাসা বিরল।,0
কিট নাসক ছাড়া শাক সবজি চকচকে হয়না।,0
"হতাশ হবেন না,, ভরসা রাখুন মহান আল্লাহর প্রতি, নিশ্চয় তিনি আপনাকে সুপথ দেখাবেন,,",0
শিশুদের মানসিক ও শারীরিক নিরাপত্তা সর্বোচ্চ গুরুত্ব পাওয়া উচিত,0
"বর্তমান সময়ে সঠিক তথ্য দিয়ে লেখাটা বেশি গুরুত্বপূর্ণ, এতে পাঠকের আস্থা বাড়ে।",0
"আমার গ্রামের নাম কুকিকালিদাস, জন্ম থেকে গ্রামের মুসলিম লোকদের থেকে হিন্দু সম্প্রদায়ের লোকজনের সাথে উঠাবসা বেশি, ফেসবুক ফ্রেন্ড লিস্টে অনেক বন্ধুই আছে, সাথে দাদা, দিদি, কাকা, পিসি সহ অনেকেই আছে, কেউ কি বলতে পারবেন পারবে মুসলিমরা তাদের ক্ষতি করেছেন করেছে?আমাদের গ্রাম এমন একটি অসাম্প্রদায়িক জায়গা যেখানে মিষ্টির দোকান হিন্দু সম্প্রদায়ের লোকজনের",0
ঠিম বলেছেন...ওবাইদুল কাদের অক্সফোর্ডে পড়েছিল এবং তাকে আমেরিকা তাদের প্রেসিডেন্ট হতে বলেছিলো কিন্তু বাংলাদেশের প্রতি ভালোবাসা সব কিছু তুচ্ছ করে দেশে এসে মন্ত্রী হয়েছিলো।,1
যারা যে বিষয়ে পারদর্শী ও দক্ষতাপূর্ণ নয় সে বিষয়ে লাফালাফি করে।,0
"যদি জনগণই গেমের মূল প্লেয়ার হয়, তবে তারা কিভাবে বাটন চাপবে?",0
পত্র সান্স বাংলা একটি পরিচ্ছন্ন ফন্ট। যদিও ফন্টটিকে একটু সংকুচিত মনে হয়। এটিকে আরেকটু এক্সপান্ড করলে আরো ভালো দেখাতো।,0
"ভাইরাল হওয়ার আরেক নাম, লায়লা আপু",1
বউ বেচে থাকতে পোস্টটা করলে উত্তর পাইতা একদম,1
বাসুদেব কাকা এটা আগামীকাল না গতকালকে হবে,1
৩২ নং গুড়িয়ে দিয়ে পাবলিক টয়লেট করার জোর দাবি জানাচ্ছি। সেখানে পাবলিক টয়লেট ব্যতীত অন্য কোনো স্থাপনা মেনে নেয়া হবে না।,1
ভাই জায়গাটা অনেক সুন্দর ইনশাআল্লাহ যাব একদিন,0
পরিবেশ ও স্বাস্থ্য রক্ষায় নিম গাছ সত্যিই এক অনন্য উপহার,0
"জীবন অনেকটাই চক্রের মতো, কখনও এক জায়গায় থেমে থাকে, কখনও চলে যায়।",0
বাস্তব জীবনে এরকম চিন্তাভাবনার মানুষ অনেক পাওয়া যায়,0
no Comments,0
"ভালোবাসা, প্রেমের বিয়ে ইত্যাদি ব্যাপারগুলো বয়োজ্যেষ্ঠরা পছন্দ করেন না।",0
ছোট দের টাই টিপ মারলে পেপু করে,1
"মজাই আলাদা, এটার মজা শুধু হাওর পারের মানুষ বুঝবে।",0
শুধু ঢাকাই বসে বসে বকবক করা ছাড়া কিছু করবে না বকবক পাটির দল?,1
"বৈষম্য এখন হচ্ছে কি না এটা ভাবা উচিত,একজন ক্রিকেটারের নাম লেখা প্ল্যাকার্ড সাথে নেয়া যাবে না,এমন কেনো?অথচ সে আমাদের সেরা,বিসিবি এমনটা করলে এর ক্ষমা নেই",0
বাস্তব জীবনে আপনি সত্যিই অসাধারণ প্রিয় ভাই,0
"এমন এক জেনারেশন এর সাথে লাগছে আপা না পারে অফলাইনে!! না পারে অনলাইনে, পাপ বাপকে ছাড়ে না।",1
এইটা ২ পক্ষেরই সমান সমান এবং যৌক্তিক। এটা মেনে নেয়া উচিত,0
দারুণ নাটক চলছে দেশে,1
সমন্বয়কে নিয়ে মজা নেওয়ার দায়ে ডেইলি ক্রিকেট পেজ চিরতরে বন্ধ করে দেওয়া হোক,1
"বালের পেচাল ছাড়েন,,,,,,, আওয়ামিলীগ কি করছে আমরা জানি বলতে হবেন। যদি বাংলাদেশ এই বারও আগের মত মানে অতীতে যা করছে তার মত করে। যে রাজনৈতিক দল নির্বাচিত হবে তা হলে আপনিও এর জন্য দায়ী থাকবেন",0
ভাই এই লোক সৌদিতে গাড়ি চালাই,1
সাবেক মন্ত্রী ওবায়দুল কাদেরকে ভুয়া বলে ধ্বনি দেওয়া থেকে শুরু করে জুনাইদ আহ্মেদ পলককে নিয়ে অগণিত ট্রল অথবা লেখক মুহম্মদ জাফর ইকবালকে সম্মিলিতভাবে প্রত্যাখ্যান করা এই সংস্কৃতিরই অংশ।,0
"আপনি যার চেহারা নিয়ে ট্রল করছেন মনে রাখবেন তাকে যিনি সৃষ্টি করেছেন তিনি কিন্তু আপনারও সৃষ্টা, আর আপনি দুঃসাহস করছেন সৃষ্টার সৃষ্টি নিয়ে তাচ্ছিল্য করার? কথিত আছে মানুষ মানুষকে ঠিক ততটাই সুন্দর দেখতে পায় যতটা তার মানসিকতা সুন্দর মাসাল্লাহ তারা সুন্দর",0
"সন্তান এর সাফল্য ব্যার্থতা নিয়ে হতাশা হলে সেইসব সন্তানের পিতা-মাতার দিকে তাকান, যারা জন্মগত সুস্থ না।",1
অনেক বন্ধু বান্ধব এই করের জন্য বিয়ে করতে পারছিল না আশা করি তারা এখন বিয়ে করবে।,1
"বইটি পড়ার সময় আমি বুঝলাম, সফলতা শুধুমাত্র প্রাকৃতিক ট্যালেন্টে নয়, সুশৃঙ্খল কাজের মধ্যে লুকিয়ে থাকে।",0
কি লিখছেন ভাই এইটা যদি পড়তে পারতাম তাইলে তো আর চুরি করতে আসতাম না ধরা পড়ার পরে জনৈক চোর,1
ডিপসিক মডেলকে ওপেনসোর্স করার ফলে ছোট উদ্যোক্তারা সহজেই কৃত্রিম বুদ্ধিমত্তা নিয়ে কাজ করতে পারবে।,0
ধানমন্ডি ৩২ নম্বর বাড়িতে বঙ্গবন্ধুর আত্মা ঘুরে বেড়ায়,1
প্রিয় দেশবাসী... স্বজন হারানোর বেদনা... আমার বাপ... আমার জামাই মুদি... বিদায়।,1
যাদের বুদ্ধি কম তারা বুঝবে না কখন ধৈর্য ধরতে হবে আর কখন মব দেখাইতে হবে। কমেন্ট আর হাহা রিয়েক্ট সেটাই প্রমাণ করে। আরে বেটা ধৈর্য ধর। অস্থিরতা কাটলে আরো ভাংচুর করা যাইবো।,0
জামায়াতকে একসময় খুবই ভালো লাগতো কিন্তু এখন উগ্রবাদী মনে হয়। এরা তৈরি করতে পারে না শুধু ধ্বংস করতে জানে।এরা আসলে ধর্মব্যবসায়ী।,0
যে পোষ্ট করেছে সে নিশ্চিত ডেইট ছারা মাল সেবন করেছে। তা না হলে এমন ডাহা একটা মিথ্যা প্রচার করতে পারেনা।,1
ছেমরি মানুষকে ফুল কিনে না দিয়ে সেই টাকা দিয়ে ললিপপ খাওয়াও অনেক ভালো,1
থাকবো ইনশাআল্লাহ,0
ব্যস্ত থাকা জীবনের সবচেয়ে বড় আশীর্বাদ। কাজ করলে জীবনের নেতিবাচক দিকগুলো ততটা প্রভাব ফেলতে পারে না।,0
রোমাঞ্চ সাহিত্যে সেবা প্রকাশনী ঘরানার আধিপত্য ভেঙে এই দশকেই আবির্ভাব ঘটে একঝাঁক তরুণ থ্রিলার-লিখিয়ের।,0
"সাবধান! এই মহিলা, জংগীবাদে উস্কানি দিচ্ছে। তার এই মিথ্যা বক্তব্যের পরিপেক্ষিতে কেউ সন্ত্রাসী অথবা জংগীভাবে প্রতিবাদ করলে তার উদ্দেশ্য পূরণ হবে। একটি বড় ষড়যন্ত্রের অংশ হিসাবে এই মহিলার এই উদ্যোগ। অপেক্ষায় রইলাম কবে তাকে রাষ্ট্রদ্রোহিতার জন্য বিচারের আওতাধীনে আনা হয়।",0
আপার কবিতা - রিক্ত আমি নিস্ব আমি দেবার কিছু নাই আছে শুধু স্বৈরাচারী পতিহিংসা কূটনামি করে গেলাম তাই,1
তবে কি সরকার চাকরিতে প্রবেশ বয়স সীমা ৩৫ মেনে নিয়েছে,1
আমি তো বাহিরে না যাও আগেই খাইতে শুরু করি,1
আগামী বাংলাদেশ আপনাদের হাতে নিরাপদ,0
অনতিবিলম্বে নির্লজ্জ খু'নি শেষ হাসিনা ও তার দোসরদের বিচার এবং আওয়ামীলীগকে নি'ষি'দ্ধ করতে হবে,0
"সম্পর্কের ক্ষেত্রে শৃঙ্খলা ও সম্মান রাখা খুবই গুরুত্বপূর্ণ, বিশেষ করে পাবলিক প্লেসে।",0
কখন ফসল হবে কখন পাকবে সবি।এসব নাফরমান দের জন্য প্রতিটা মানুষ অসুস্থায় আরো বেশি ভুগছে।গরীব মানুষ টাকার অভাবে যে আত্নচিৎকারটা করে তোদের কানে যায় না।প্রতিটা হাসপাতাল ঘুরে আসিস দেখতে পাবি সবার হাহাকার।,0
আলোচনার মাধ্যমে রাজনৈতিক মতপার্থক্য দূর করা সম্ভব এবং তা শান্তিপূর্ণ সমাধানের পথ খুলে দিতে পারে।,0
পেয়েছিলাম একজন কে ভাগ্যক্রমে হারিয়ে ফেলেছি।,0
গবেষণামূলক কাজ একজন শিক্ষার্থীর প্রোফাইলকে আরও আকর্ষণীয় করতে পারে।,0
"৭১ এর চেতনা গনতন্ত্র,আর পাকিস্তানি চেতনা স্বৈরাতন্ত্র।এখন আপনি কোনটা??",0
আপনার মত একজন মানুষের রাজনৈতিক পোস্ট দেওয়া বা কোনো নির্দিষ্ট দলের পক্ষে বিপক্ষে পোস্ট করা সঠিক সিদ্ধান্ত বলে আপনার একজন ফ্যান হিসেবে আমার দৃষ্টিকোন থেকে ভালো লাগলো না!!,0
একটা মাস আগে পোস্টটা দিতেন! প্রোফাইলে শেয়ার দিতে পারতাম,1
ভাষাবিজ্ঞানী ডঃ মোহাম্মদ শহীদুল্লাহ স্যারের কাছে প্রাইভেট পড়া উচিত,1
আমি ভাবছি আমি এই এরকম ভাবি এখন দেখি আরো আছে আমার মতন,0
বাপের টাকায় খাইয়া আর সারাদিন ফেসবুক টিপানুকেই সিগমা বলে।,1
"আপনার অনেক অন্ধ ভক্ত আছে আমার মত, তাদের সবাইকে বলে দিয়েন রক্তদানে এগিয়ে আসতে।বিশেষ করে, এই রমজানে মূমুর্ষূ রোগীরা খুব অসহায়ভাবে তাকিয়ে আছে আমাদের দিকে।রোজার দিন বলে কেউ রক্তদান করতে চায় না। আপনি একটু বলে দিলে সবাই মানবতার এই কাজে ঝাপিয়েঁ পড়বে। আপনিও অসহায়দের দুয়া পাবেন। সো প্লিজ- এগিয়ে আসুন রক্তদানের আহবানে।""",0
আলহামদুলিল্লাহ আল্লাহ ছার দেন কিন্তু ছেড়ে দেন না,0
সফলতায় এমনি এমনি আসে না সফলতার জন্য পরিশ্রম করতে হয়,0
"তোমার মতো ইঞ্জিনিয়ার কেউ তুদেও না,, ডিপ্লোমা তুদাও,",1
আমি নতুন সবাই ফলো দিয়ে সাথেই থাকবেন আমিও আছি সবার সাথে সবসময়ই,1
আমেরিকার দলে খেললেই ভালো হবে।,0
অসংখ্য ধন্যবাদ সুন্দর একটি দারুন খবর পোস্ট করার জন্য। এমন যদি হয় আমাদের দেশে অবস্থা তাহলে আমরা এখন কোন পর্যায়ে আছি।,0
ভালোবাসা ভাই তদের জন্য,0
"ভাই আসলে আমরা তৃণমূল পর্যায়ে থেকে অশিক্ষিত একটি জাতি, আমাদের ভিতরে সত্যবাদিতা বলতে কোন জিনিস নাই।",0
পছন্দের খাবার নিয়ে লজ্জা পাবেন না।,0
সবাইকে যেতে হবে একদিন নিজের বাড়িতে অপেক্ষা কর জানিনা এখানে কে আছে,0
এমন ছোটো খাটো ইনজুরির কারনের খেলোয়াড় এর পেসের গতি বাড়িয়ে তোলে,1
হঠাৎ গর্ত থিকা বের হওনের মাজেজা কি? টাকায় টান পড়ছে নি?,0
"বিয়ে করছে সেটা নিয়ে কত সমস্যা,তার টাকা আছে,তার গাটস আছে,সে দায়িত্ব নিতে পারবে,সে বিয়ে করছে।বধু তারে কবুল করেই তার সাথে হাঙ্গা বসছে।আর সমস্যা হলো সারা দেশবাসীর।যদি পরকীয়া করত তাইলে ঠিকই অনেক কুল হইত।",0
ইতিহাস সাক্ষী হয়ে থাকবে একটি সাজানো গুছানো স্বৈরাচারীর বংশ আপনাদের ছাত্রসমাজের কাছে ধ্বংস হয়ে গেছে,1
পিছে পিছে ঘুরায় সেইজন্য সারাজীবন সাথে থাকে। চাওয়ার আগে দিয়ে দিলে ইচ্ছে পূরন করেই লাপাত্তা।,0
"সকালে দেখছিলাম শরীরটা শিহরিত হয়ে উঠলো , খুব কষ্ট হচ্ছে হা হা রিয়াক্ট এতো কম হওয়ায়",1
"আসিফ ষাঁড় থেকে বেঁচে যাচ্ছে নয়লে,, এই আপা ও পালিয়ে যেত",1
সত্যবাদী সত্য পথে চলল যে জনি কষ্টের মাঝেই সুখ খুজে পাইলো সে জনি,0
"এতো আত্মকেন্দ্রিক আর অসামাজিক হয়ে গেছি, বাসা-অফিস করেই সপ্তাহ কাটিয়ে দেই৷",0
তোর মত ফালতু মেয়ের এই মুসলিম দেশে থাকাই উচিত না।,0
আগামী শুক্রবার আমাদের এখানে লজ্জার টিকা দেওয়া হবে। আপনি অবশ্যই উপস্থিত থাকবেন। .,1
"হুম রাত দিন পাকিস্তানি ড্রামা কোরিয়ান ড্রামা, বাংলা নাটক সিরিজ, দুলকার সালমানের মুভি, থ্রীলার মুভি, গোপাল ভাঁড়, অগি, এটা ছেরে ওটা, ওটা ছেরে এটা, চলছে তো চলছেই এই হচ্ছে জীবন।",1
আহ! মানুষ সৃষ্টির সেরা জীব। কি করে এগুলো সম্ভব।,0
"বিদায় এর কথা ভাবলে বিয়েই করতে মন চায় না, মেয়েদের সব থেকে কষ্টকর ব্যাপার",1
আমার খুব ঘুম ।আমার ঘুমের জন্য আমি সব রুটিং কিছু দিন চালাতে পারি ।সব সময় পারি না,0
মাল যদি হয় চাইনা । মনে রাখবেন বেশি দিন যায়না ।,1
মূল্যবোধ ছাড়া আপনি শিল্পী-সাহিত্যিক- ক্রীড়াবিদ হতে পারেন না।,0
পুরোনো ক্লাসমেটদের সামনে নিজের পরিচয় দেওয়ার চিন্তা।,0
চট্টগ্রাম এর সাহসী যুদ্ধারা দেখিয়ে দিলো মানবতা এখনো বেঁচে আছে,0
রাত জেগে কাজ করা ডাক্তারদের প্রতি আমাদের আরও শ্রদ্ধাশীল হওয়া উচিত,0
যাত্রীর মনমানসিকতা পরিবর্তন না হলে কখনো এই সেক্টর ভালো হবে না,0
আমাদের উচিত ফ্যাসিস্ট তৈরীর কারখানা গনতান্ত্রিক সেকুলার পুঁজিবাদী ব্যবস্থাকে সমূলে উপড়ে ফেলা।,0
"যার ভাষা সুন্দর নেই ,তারে দিয়া আর যায় হউক ভালো কিছু সম্ভব না।",0
আপা ছাড়া আজ কতটা মাস আমরা কি যে অসহায় আপু আই মিস ইউ,1
এই পরিস্থিতির ভিতরে আসিফ নজরুল তাদেরকে সেভ করতেছে নাকি এটাই একটু খতিয়ে দেখা উচিত ।,0
একশো গিয়ে কার স্ত্রীর উপর পড়লো?,1
আলহামদুলিল্লাহ যখনই মনে হয় জীবনে এই জিনিস টা খুব দরকার ছিল তখনই মনে হয় আমি তো এখানকার মেহমান।বেড়াতে এসে তো এতো কিছু চাওয়া পাওয়ার দাবি করা উচিৎ নয়।,0
কেউ এক সাথে ঘুমাতে চাইলে ইনবক্স,1
কথাগুলো খুবই চমৎকার লিখেছেন। শুভকামনা রইল আপনার জন্য।,0
জীবনের প্রথম সাগর পাড়ে পাহাড় দেখলাম,0
কট্টরপন্থীকে সাপোর্ট করা প্রকারান্তরে কট্টরপন্থীতার নামান্তর মিলন দাস,0
জন্মদাগ ও এখন রিমুভ করা যায় আপু লেজার দিয়ে,1
এবার নারীদের গর্ভবতি করার ট্টার্গেট,1
"সাম্য মৈত্রী স্বাধীনতা, কোন বিপ্লবের আদর্শ ? রাজার কি হয়েছিল সে সময়, ইতিহাস ইতিহাস ইতিহাস",0
"এটা রিয়াল মাদ্রিদ, একটা ম্যাচ জিতে কি একটা অবস্থা",0
দেশ যার যার জয়া আহসান সবার।,1
এর মইদ্দে শিবিরের কয়জন আছে? শিবির এখনো কয়নাইক্কা? আমগো এতোজন। এনিওয়ে অভিনন্দন,1
আজ পযন্ত কেউ লিজেন্ডের চোখ ফাকি দিতে পারে নি,1
"আহা, মাঝ রাস্তা থেকে সুপারম্যান স্টাইলে উড়াল দিয়ে বাসে ওঠা যাত্রীদের কি হবে? তাদের কথা কি আপনার ইউনুস সরকার একবার ভাবছে! কতটা পথ এখন তাদের হাটতে হবে ভাবছেন?",1
"বাংলাদেশের ব্যবসায় একটাই আবেগ ট্যানারি ব্যবসা, আসলে মূলত এরা সবাই ট্যানারি ব্যবসায়ী। 1h",1
প্রিয় লিডার আপনার প্রতি নোয়াখালীর মানুষের পক্ষে থেকে সালাম,1
হ্লায় কামডা করলো কি !,1
ভাই সাদিয়ার নাম্বার টা আমারে দেন আমি ওনারে বুঝাই কমু যেনো আমাদের আপনার এই সাদিয়া সাদিয়া বলে পোস্ট করে টর্চার করা থেকে রক্ষা করার জন্য হইলেও ওনি আপনার কাছে ফিরে আসে,1
কোটা পদ্ধতির অপব্যবহার রোধে কঠোর পদক্ষেপ নেওয়া প্রয়োজন,0
"সরকার কিছু বললে শ্রমিক দিয়ে আন্দোলন করাবে, তারপর আবার গরীব মানুষের নেকা কান্না শুরু",0
কমেন্ট সেলিব্রেটি হয়ে গেলাম,1
যদি নিরপেক্ষতা না থাকে তাহলে কি আর করার। শুধু পালা বদল এর কি কোন প্রতিকারই নাই।,0
"জাফর ইকবালের দাদাও দেখি লাইভে আসছে,",0
"লেখকের মতে, ইতিহাস জানার চেয়ে ব্যক্তিগত দক্ষতা বৃদ্ধি এবং নৈতিকতা বজায় রাখা অধিক গুরুত্বপূর্ণ।",0
চেহারায় মানুষের সৌন্দর্য বৃদ্ধি পায় না বৃদ্ধি পায় তার কর্মে ও কথায় এটাই তার আসল চরিত্র,0
আমি অন্য কিছু দেখলাম,1
"যে লাউ সেই কদু,, কোনো পরিবর্তন হয়নি। সব সেই আগের শাসকের মতো কান্ডকারখানা।",0
আমিও হাটতে চাই এই পথে একদিন। শুভ কামনা।,0
"একজন ভালো বন্ধু কখনও আপনাকে অবহেলা করবে না, তেমনি একজন স্ত্রী বা প্রেমিকা আপনার পাশে থাকবে।",0
পুলিশ কমপ্লিট একটা মিথ্যাবাদী যদি তার মানসিক সমস্যা থাকতো তাহলে সে পরীক্ষায় কেমনে উর্ওীর্ণ হলো কেমনে কনস্টেবল হলো,0
জীবনটাই তো খেলা,0
কেন? প্রেম করে বিয়ের আগে নির্লজ্জের সার্টিফিকেট অর্জন করা কি বেশি জরুরী নাকি??,0
"সব কিছু পরিকল্পনা মতো চলে না, পরিস্থিতি অনুযায়ী মানিয়ে নিতে হয়",0
"ক্ষমতা, শাসন ও নেতৃত্বের পরিবর্তন সবসময় গবেষণার বিষয়বস্তু।",0
শুনতে তো ভালোই লাগছে।,0
সত্যিকথা বলতে যারা এসব কথা লিখালিখি করা তারাও কিন্তু প্রবাসী,0
এমন নেতা পেয়ে সবাই আমরা গর্ভবতী,1
"চট্টগ্রাম নোয়াখালী সিলেট একটু বেশিই সুন্দর ছিলো।আসলে পুরো বাংলাদেশের প্রত্যেকটা জেলা'র মানুষের কথাই সুন্দর,সবার নিজস্ব ভাষা বিভিন্নভাবে সৌন্দর্য ফুটিয়ে তোলে।ধন্যবাদ।",0
আপনার বিগ ফেন্ড হলাম,1
গভীর রাতে অনলাইনে আসার একটাই কারন হঠাৎ যদি প্রেমের প্রস্তাব আসে,1
এক গ্লাস পানি পান করিয়ে বিদায় দিলেন। এটাই বাস্তব।,0
"একজন রোগীকে বাঁচাতে ডাক্তাররা যা করেন, তা সত্যিই প্রশংসনীয়",0
"লাইফে কেউ নাই অনেক শান্তিতে আছি, কিন্তু এতো শান্তি আমার সহ্য হইতেছে না।",1
ছবির মত সুন্দর আমাদের বাংলা,0
"পুরো জাতির চিন্তা না করে যার যার অবস্থান থেকে নিজে ঠিক হলেই কিন্তু সব পরিবেশ গড়ে তোলা সম্ভব, জাতি কে পরিবর্তন করা সম্ভব, সমস্যা হচ্ছে আমি নিজে ঠিক হবোনা, সৎ হবোনা কিন্তু বাকি সবাইকে সৎ হতে হবে সেই সমালোচনা ছাড়বো না।",0
বগুড়ার পুলাটারে সারা দেশ চিনে।কিন্তু জায়েদ ফ্যান কে কয় জনে চিনে,0
সেই কবে শুরু যে হলো আর শেষই হলোনা,1
বিশ্বের একমাত্র সেতু। তাই সেতুটা সহ জাদুঘরে রাখার ব্যবস্থা করা হোক।,0
খুবই প্রসংসনিয় উদ্যোগ আল্লাহ রহমত দান করুন আমিন,0
"এই মুভিটা রিলিজ দেওয়ার সময় যদি আসিফ মাহতাব থাকতো, তবে মুভিটা রিলিজ পেতে পারতো না৷",1
প্রজেক্টের কাজ সম্পন্ন করার পরও অর্থপ্রদান না করা সমস্যার কারণ হতে পারে।,0
"সেখানে জনগণের অভিপ্রায়ের পরম অভিব্যক্তি কে প্রজাতন্ত্রের সর্বোচ্চ আইন বলা হইছে। বৈধতা যেহেতু আইনী ধারায় আসতে হয়, জনগণ চাইলেই ৭ ২ প্রয়োগে উপদেষ্টাদের বৈধ ঘোষণা করতে পারে। ওনি ঠিক বলেছেন।",0
"এইটা দেখার পর , এখন তো পকেটে মোবাইল নিতেও ভয় লাগসে",0
এই লোক ভালোই - আপনাদের মাথায় ওইগুলা,0
ছত লীগ এর আব্বা লাগে তার বাপের শোকে চলে যাবে কালো কাপড় ছেড়ে সাদা কাপড়ে। অগ্রিম শুভকামনা রইল।,1
প্রত্যেক জাতিকে একদিন মৃত্যুর স্বাধ গ্রহণ করতে হবেই,0
অবশ্যই আসবে। সেদিন আর বেশি দূরে নাই।,0
ভাই আপনি যত কথাই বলুন দুজনের মন মানসিকতা এক রকম ই হতে হয় তা না হলে শুধু পুরুষ যত্ন নিলেই হবে.?? নারী যদি পুরুষকে অবহেলা করে তখন কি যত্ন নেওয়ার মন মানসিকতা থাকবে...?? পুরুষের।,0
"যোগ্যতা থাকলে কাজের অভাব হয়না, অভিনয় চাকরি সবই বাহ অসাধারণ",0
ভর্তি পরীক্ষার হাতে খড়ি পড়াশোনার হাতে খড়ি,1
মহিলারে পোলাপান যেভাবে মারধর করলো বিষয়টা ভালো লাগেনি।,0
সময় হলে ঠিক হবে।,0
"শীতের ভোর রাতে অনেকেই দূর থেকে আসবে, তারা কি তাদের গরম পোশাক পড়েই রান করবে ?",0
ওরে বুবু বুবু তুই কই গেলি আমাদেরকে রেখে মোদির কাছে ভালো থাকিস বুবু,1
অনেক ইমোশনাল একটি গান অনেকবার শুনেছি কিন্তু কেনো জানি এই প্রথম গানটি শুনে হাসি পাচ্ছে এরকম কেনো হচ্ছে আপনারা পরামর্শ চাচ্ছি একটু বলে জানতো,1
ঢাকা শহরের সিকিউরিটি ড্রেস সব একরকমই!,1
এদেশে থাকার কি কোন অধিকার আমাদের নাই!,0
নারীবাদী শাকিব খান।,1
সহমত পোষণ করছি। ১৯৭১ এর রাজাকার আর ২৪ এর রাজাকারের মধ্যে পার্থক্য নাই। হুমায়ুন আমমেদের স্ত্রী শাওন প্রতিনিয়ত স্বৈরাচারীর পক্ষে কথা বলে যাচ্ছে। একে দেশ হতে বিতারিত করে নুহাশ পল্লীতে হুমায়ুন আহমেদের স্মৃতি জাদুঘর বানাতে হবে।,0
ভাই দিলেন ত বেলার ঘুম হারাম করে।,1
"এত খাটনি করার কি দরকার ভাই? ইলন মাস্ক এর সাথে কথা বলে একটা রকেট বানিয়ে সেটা তে করে আমাদের যুবক ভাইয়ে রা যেয়েই তো ভেংগে আসতে পারে। দেখেন ভাই আপনারা যেটা ভালো মনে করেন,আমি শুধু আমার মতামত দিলাম আর কিছু না",1
কোথায় যুক্তি আছে। আমাদের দেশের অনেক মানুষের মস্তিষ্ক শয়তানে ওয়াশ করেছে।,0
রুটিন মানা হয়েছে।,0
তো কী হয়েছে সেটা তাদের গুণ,1
প্লাস্টিক বর্জ্য কমাতে পদক্ষেপ নেওয়া উচিত।,0
"ছাদ বাগানে আর্দ্রতা ঠিক রেখে গাছের যত্ন নিন, তাহলে সফলতা পাওয়া সহজ হবে।",0
"আমার ও ইংলিশ সেইম সেইম,গ্রেজুয়েশনের ১৮দিন আগে ড্রফ-আউট করছি।",1
হ্যা কথা সত্যা! তুমি দলের থেকে বাদ পড়তে যাচ্ছো।,0
অতি বাড়াবাড়ি কখনো ভালো কিছু বয়ে আনে না যেমন রোবট নিয়ে হচ্ছে এটা অবশ্যই ক্ষতি বয়ে আনবে,0
তুমি কখনো করোনি।,0
কম্পিউটার ল্যাব না থাকলেতো তাই করতে হবে।,0
ঐ একই কথা এক দল খাইছে আর এক দল খাওয়ার রেডি হয়ে আছে। সেটাই দেখার বিষয় পরবর্তী শিক্ষামন্ত্রী কেমন হবে। তাহলে বোঝা যাবে দেশের পরিবর্তন কতটুকু হলো। ভালো হলে তো আলহামদুলিল্লাহ।,0
"সাদিয়াকে পুড়িয়ে দিল, সুমাইয়াকে কোলে নিয়ে বসে রইলো",1
আহা ভারত যারা খুনি তাদের কে ধরার খবর নাই আর যারা নির্দোষ তাদের ধরে ধরে জীবন টায় নষ্ট করে দেয়,0
"এইটা দেখার পর আমার জীবন পাল্টে গেছে,আমি এখন আকাশে চষে বেড়াচ্ছি,কাল বুধে যাবো,এরপর চাঁদে",1
উপরে ভালো ভেতরে কালো প্রথম আলো প্রথম আলো। প্রথম আলো নিপাত যাক বাংলাদেশ মুক্তি পাক,0
ক্যামারাম্যান ইফেক্টের জন্য পান খেয়ে পানের পিক ক্যামেরার লেন্সে ফালায়া মুভি বানাইতো,1
"ভাইরাল না হলে , এদের লেখা বই দিয়ে লোকজন ঝাল মুড়ি ও বিক্রি করতো না।",1
জীবনের প্রতিটি সমস্যাকে গুরুত্ব দিয়ে চিন্তা করার প্রয়োজন নেই। কিছু কিছু জিনিস পাশ কাটিয়ে যাওয়া ভালো।,0
নতুন বিজনেস বই হিসেবে এটি কীভাবে কাজ করবে তা ভবিষ্যতে বোঝা যাবে।,0
এইবার ঠিক আছে! হুমায়ুন কন্যা ইদানীং একটু বেশি ফাল পারছে! এরে জয় বাংলা করে দাও!,1
এটাই ভালো হবে। ও একাই সব ম্যাচ জেতাবে,0
অশ্লীলতা সমাজে বড় সমস্যা সৃষ্টি করতে পারে। তাই আমাদের উচিত একে প্রতিহত করা।,0
নিজের যোগ্যতা বৃদ্ধি করার জন্য নিয়মিত নতুন জ্ঞান অর্জন করতে হবে।,0
"ভাবী যে বাইলা মাছের ঝোল খুব ভালো রান্না করে , এটা একদম ক্লিয়ার ।",0
"যাদের মন গোঁড়ামি পূর্ণ, তাদের সঙ্গে দূরত্ব বজায় রাখুন।",0
ফোন না চালাইলে তো জীবন অচল এই ফোনের জন্য আবার পড়াশোনা হইতেছেনা,1
"যা ভালো লাগে না, সেটার জন্য জোর করবেন না।",0
অসাধারণ ড্রোন ভিডিও,0
"কিছু কোচিং সেন্টার তাদের কোর্সের ফি বা প্রাইজমানি দিয়ে ছাত্রদের আকৃষ্ট করার চেষ্টা করে, যা কখনও কখনও এক ধরনের বিপদ হতে পারে। এর ফলে ছাত্ররা একাধিক কোর্সে ভর্তি হয় এবং তাদের মাঝে বিভ্রান্তি তৈরি হয়।",0
নাস্তিক ও বদমাইশ,0
অসাধারণ যুক্তিবিদ,0
"অনেক কিছুই তো জানি না, কিন্তু দেখতে দেখতে অনেক কিছুই ঘটে যায়।",0
তিতুমীর বিশ্ববিদ্যালয়ে চেষ্টা করেন,1
ইয়া আল্লাহ্ আপনি বিপদগ্রস্থদের ক্ষমা করে দিন তাদের সহায় হউন।,1
চিবিয়ে চিবিয়ে কথা বলা লোকটার কত কদর।,0
"যে কোন সমাজেই সংখ্যাগরিষ্ঠের দায় থাকে, দায়িত্ব কাঁধে তুলে নেবার। অন্যথা হলে, যা হয়, তা হয়েছে বাংলাদেশে। হিন্দুদের সংখ্যা কমতে কমতে এখন, গ্রাম-গঞ্জের হিন্দু নামগুলো আছে, মানুষগুলো নেই। এতে সাংস্কৃতিক দিক থেকে যে অপূরণীয় ক্ষতি বাংলাদেশের হয়েছে, তা পুষিয়ে নেবার মত নয়। ""ভারতীয় উপমহাদেশে এরকম দৃশ্যই দেখতে চাই। হিন্দুর ওপর অত্যাচার হলে মুসলমান প্রতিবাদ করবে, মুসলমানের ওপর হলে হিন্দু করবে প্রতিবাদ। এই সহযোগিতা, এই সহমর্মিতাই পৃথিবীকে সুন্দর করবে।""--- এই বোধ যত দ্রুত জাগ্রত হবে, ততই মঙ্গল।",0
"ও যে দেশে থাকে, ওই দেশে মাফিয়া সংগঠন কারা নিয়ন্ত্রণ করে? জানা থাকলে আমাকে জানাবেন?",0
"প্রস্তুতির জন্য এই পরামর্শগুলো যদি নিয়মিত ফলো করা যায়, তবে ফল ভালো পাওয়া যাবে।",0
আলহামদুলিল্লাহ পুরো সেমিস্টারের অ্যাসাইনমেন্ট এক রাতেই শেষ করে ফেললাম,1
"কত নির্লজ্জ হইলাম, কত বেহায়া হইলাম, কত অবহেলা সহ্য করলাম কিন্তু শেষ পর্যন্ত আমি তোমারেও হারাইলাম...!!",0
জলবসন্ত মহামারী হইছিলো অনেক।,0
সিদ্ধান্তগুলো পর্যালোচনা করা উচিত।,0
আল্লাহ ছাড়া কোন কিছুই সফল হওয়া যায় না আল্লাহ দিলে সবকিছু হয় আপনার আলোচনা শুনে আমার অনেক ভালো লাগলো দোয়া করি আল্লাহ আপনার নেক হায়াত বাড়িয়ে দিক আমিন,0
জানুয়ারি সামের রি ম্যাচ চাই কিন্তু ফেব্রুয়ারি মাস না আসুক,1
চিন্তা করতেছি উনি কি ঢালে ঢালে চলেন? এজন্যই নাম ঢালী,1
11 বছর বয়সে বন্ধুরা মিলে চোর পলানটিস খেলতাম লুকুচুরি বলে যাকে। এই বিচ্ছেদ কি জিনিস এটাই বুঝতাম না আসলেই এই generation খুবুই অদ্ভুত।,0
ভাই পরলে কিন্তু শেষ,0
স্বার্থের সাথী হওয়ার চেয়ে বিনা স্বার্থে একা থাকাই ভালো!',0
বর্তমানে বাজারে পাটজাত ব্যাগের মূল্য ৬ টাকা থেকে শুরু।,0
হালাল ভালোবাসা কনফার্ম জান্নাতি,1
"এটা কিভাবে সম্ভব,,,, হেতে মনে হয় এই পৃথিবীর না,,,, প্যারালাল ইউনিভার্সের,,",1
নাস্তিক আবার,0
কটি টাকার ভিউ আহা,0
এই নাটকের সবটাই স্বপ্ন ছিল.,1
মৃত্যু নিয়ে উপহাস করা ঠিক না।,0
"চরিত্রগুলোর মধ্যে আরও নিখুঁত পারফরম্যান্স দেখা গেছে, বিশেষ করে তামিমৌ ত্রমির অভিনয়।",0
পাত্রী চাই বিয়ে করবো,1
হাসিনার পাছায় কেউ বাশ দিলে আমারে কইয়েন ভাই ...। মসজিদে মিলাদ দিমু ১০০০০ টাকা ।,1
"মৃত্যুর মত এত সুন্দর সত্য লেকচার এর আগে মনে আর দাগ কাটে নি, লেকচারের শুরু থেকে শেষ পর্যন্ত কেঁদেছি। লেকচার টা আমার জন্য ই মনে হচ্ছে",0
"রাত ১২ টায় দিতে পারি না ফোন, ১০ টায় যাই ঘুমিয়ে",1
"শৈল্পিকতার ছোয়ায় নিজের শ্রেষ্ঠটা দিয়ে ভাল হিসেবে সমাজের চোখে উদ্ভাসিত হতে হয়। কেবল জি বাংলা, স্টার জলসায় অার স্টার সিনেপ্লেক্সে মজলে তো স্মার্ট হওয়া যায় না। এজন্যে হাড়ভাঙা খাটুনি চাই",0
"ভাই আপনি যাদের কথা বললেন, তাদের থেকে আপনি আরো কয়েক ধাপ উপরের খেলোয়ার। ওয়াহ।",1
ছাদ বাগানের জন্য কোকোপিট খুবই উপকারী। এটা মাটির সাথে মিশিয়ে ব্যবহার করলে গাছ ভালো বৃদ্ধি পায়।,0
এত তাড়াতাড়ি চুল পড়ে গেল মেডিকেল পড়বে কীভাবে,1
"এই নেন আপনার জিফ,",1
কোন দেশে বাস করি!! এসব দেখে নিজেই লজ্জায় পড়ে যাই-,0
পাটজাত ব্যাগের বাণিজ্যিক উৎপাদন হলে দেশের অর্থনীতিতে ইতিবাচক প্রভাব পড়বে।,0
"আজ আমার কেন, সবার মাঝে থেকে ও নিজেকে একলা মনে হয়!! আজ তুমি নেই, পাশে রয়েছে অন্ধকার, কঠিনও সময়!! কোনো এক কুয়াশার সন্ধ্যা,, সাথে একলা এই মন!! জীবনের দৌড়ে এতদূর এসেও মন বলে পাশে নেই কেউ!! তবুও জীবন বলে চলতে হবে আলো, আঁধারের পথ ধরে অনেকদূর!!",0
মানে প্রসাবের রাস্তায় কি বেশি এফেক্ট করছে?,0
সবজায়গায় আধিপত্য চলে না ভারতকে এটা বুঝতে হবে।,0
ভন্ডামি বাদ দিবি কবে বলললল,1
"আহারে, মানুষ কেমনে পারে আমার মাথায় ঢুকে না",0
এই ধরনের লেখা পড়লে অনেক কিছু নতুনভাবে বোঝার সুযোগ হয়,0
ভালো হয়ে যা বুঝছো কাবি ভাইয়ের নামে বদনাম ছাড়া ভালো হ,0
"সমাজের জন্য এ ধরনের মানুষ খুব দরকার, প্রশংসা করাই উচিত",0
"বঙ্গবন্ধু স্যাটেলাইট ভূপৃষ্ঠ থেকে ৩৫,৭৮০ কিলোমিটার উপরে। বাংলাদেশের মানুষের গড় উচ্চতা ১৬০ সে.মি হলে ২ লাখ ২৩ হাজার মানুষ একজনের কাঁধের উপর আরেকজন উঠে স্যাটেলাইট পর্যন্ত পৌঁছানো যাবে। একটু হিসাব করে জাস্ট সংখ্যা বের করে দিলাম। বাকিটা আপনারা যা ভালো মনে করেন।",1
পরিবারতন্ত্র নিপাত যাক গনতন্ত্র মুক্তি পাক।,0
"বরিশালে একটি নদীবন্দর রয়েছে যেটি দেশের অন্যতম প্রাচীন, দ্বিতীয় বৃহত্তম ও গুরুত্বপূর্ণ একটি নদীবন্দর।",0
"মস্তিষ্ক হীনদের নিয়ন্ত্রণ করা যায়, সেটা পিনাকী জানে...",0
এত্তো লিজেন্ড ভাবার দরকার নাই নিজেকে,1
এই কালকে না তুকে টাকা দিলাম এখন আবার কি,1
এই টুন টা শুনলে আমার নিজের ই নাচতে মন চাই,0
এগুলো বেশি বাড়াবাড়ি হয়ে গেছে। প্রতিহিংসার রাজনীতি যদি চলতেই থাকে তাহলে এখন আর আগে কোন ব্যবধান নেই,0
ছোট ব্যবসা ও উদ্যোক্তা সম্প্রসারণ দেশের অর্থনৈতিক উন্নতিতে বড় ভূমিকা রাখবে।,0
বাংলাদেশের খেলা ও মিডিয়া কোন অবস্থায় আছে বুঝতে পারা যায় যখন তাদের এই ভদ্রলোকের কভারেজ করতে হয়।,0
নাপা বা প্যারাসিটামল দীর্ঘদিন খাওয়া স্বাস্থ্যের জন্য ক্ষতিকর হতে পারে,0
"দেশের সব বিশ্ববিদ্যালয়-কলেজ-স্কুল, শিক্ষাপ্রতিষ্ঠান সব জায়গায় এই নিয়ম করা উচিত।",0
"আপনি যেভাবে পরিস্থিতি মোকাবিলা করছেন এবং নিজের প্রতি যত্ন নিচ্ছেন, তা অনেকের জন্য উদাহরণ হতে পারে।",0
"ইবলিস আর স্বৈরশাসকের মিল ভুলের অনুশোচনা নয়, বরং জাস্টিফিকেশন। শেখ হাসিনার রাজনীতি ইবলিসের সেই পুরনো ছলনা অপরাধ করবো, ভিকটিম সাজার ঢাল বানাবো, আর ক্ষমতার বিনিময়ে অনন্তকাল দাবি করবো। কিন্তু সত্য কখনো বন্দি থাকে না ইবলিস হারে, স্বৈরাচারও হারবেই!",0
পৃথিবীতে মাঝে মাঝে দু-চারটি নক্ষত্রের জন্ম হয় তার মধ্যে তিনি একজন,1
"সালমানের বাড়ির সামনে একটা কনডমের দোকান দিমু, আর ভাইয়ের জন্য ফ্রি হোম ডেলিভারি। দেখি বড়লোক হইতে পারি কিনা... গরিবের শেষ চেষ্টা।",1
রান্না করতে পারেনা ডিম ভাজি সে কিনা প্ল্যাও রান্না করবে,1
"কিছু মানুষ ট্রল করেই যাবে, কিছু মানুষ ছাই বিক্রি করে টাকা কামাতেই থাকবে৷ এটাই বাস্তব হাহাহা",0
আপনাদের হাসিনার ভাষন শুনার টাইম বা রুচি হয় কেম্নে এইটাইতো মাথায় ঢুকেনা আমার। সে তো একই প্যাচাল ১৬ বচ্ছর শুনাইছে। হুদাই সময় নষ্ট।,0
ধানের থেকে না খড়ের দাম বেশি শুনছিলাম? তাহলে কাঁচা না কেটে খড়ের জন্য রেখে দিলেই তো ভালো হয়।,0
হ ওই গরিব মেয়েকেই আমার দরকার গোল্ডডিগার একটা পালসি,1
জীবনে অতিরিক্ত টাকার পিছনে যে ঘোরে সে মানসিক রোগী।,0
কে কারে শুভেচ্ছা দিচ্ছে ভাই একটু বলে দিলে ভালো হতো,1
আওয়ামী লীগ ক্ষমতায় থাকতে আপনি উস্কানি মূলক পোস্ট দিছেন আর এখনও তাই করতাছেন এসব করে আপনি অন্য দেশে থেকে মজা নেন,0
"বাংলাদেশেও বড়ো দল ক্ষমতায় যাবে এমন চিন্তায় উচ্ছ্বসিত না হয়ে, জনগণের কল্যাণে কাজ করে যাওয়া উচিত, জনগণ ভোট দিলেই কেবল নির্বাচিত হতে পারবে",0
ভেঙে পরলে কষ্ট।ঘুমিয়ে পরলে আর কষ্ট হয় না।,1
হ আর এইদিকে কোনো জিএফ ই নাই ছবি রাখা তো বিলাসিতা,1
বিনামূল্যে এতগুলো ট্রান্সপ্লান্ট! আসলেই অসাধারণ,0
শত বছরের ক্লান্তিরা হাঁটবে এই রাস্তায়,0
"এগিয়ে যাও নির্জনা, শুভকামনা রইলো সবসময়",0
আজ আবরার ভাইয়ের ফলে আমাদের বুয়েট ক্যম্পাস এতো নিরাপদ ও রাজনীতিমুক্ত।,0
"আরে এই বেটা কখনো বাংলাদেশ আসবে না বিদেশে সেটেল, আর এদের ফাঁদে পড়ে উংসাহিত হয়ে যারা এইসব করতেছে এতে বরং ঐ দলের ক্ষতি না হয়ে লাভ হচ্ছে, একটু ঠান্ডা মাথায় ভেবে দেইখেন",0
সত্যিই এক মর্মান্তিক ঘটনা যা হৃদয়বিদারক এরপরও যদি কোন স্বৈরাচার পুনর্বাসন করার চিন্তা করা হয় তাহলে তাদেরকে কঠিন বিচারের মুখোমুখি হতে হবে,0
"এজন্য যাঁরা ধারাবাহিক ইতিহাসের অনুসরণ করতে যাবেন এই সংকলনে, ভয়াবহভাবে ব্যর্থ হবেন তাঁরা।",0
"এমুন র্যাব তো পত্যেক বিল্লিং এর নিছে দারায় থাকে,,,,",1
উনার আত্মবিশ্বাস আর লড়াই করার মানসিকতা থেকে অনেক কিছু শেখার আছে।,0
বেঁচে আছি এটাই অনেক মোটা হওয়ার আশা বাদ,1
"যাদের রাস্তাঘাটে জন্ম তাদের আবার কিসের পরিবার, কি হাস্যকর ব্যাপার",1
"আমি কিছু বুঝিনা সবচেয়ে কাছের মানুষের সাথে এমন টা কি করে,",0
পুরো ভিডিও টা দেখেছি অসাধারণ গল্প।,1
"হাসতে মন চাইলো না, এরপর হাসালেন আপনারা, আসলে দেশটাই যেন কিরকম? কখনো মন খারাপ করে থাকতে দেয় না।",1
আর আমি মায়ের টাকায় চলি,0
দেশে পর্যাপ্ত কর্মসংস্হান নেই।বিদেশ না গিয়ে উপায় কি?,0
আমিও বেঁচে থাকতে এরকম করতাম।,1
ভাই আপনি যদি সি সি শিখে প্রবলেম সলভিং করেন তাহলে সম্ভবত নরমাল এর ছেয়ে বেশি গুরুত্ব পাবেন।,0
"আপনাকে বুঝতে চায় না, এমন মানুষের উপর নির্ভর করবেন না।",0
করোনা এখানে নাই,1
ওল্ড মিডিয়া র সীমাবদ্ধতাকে পাশ কাটিয়ে নিউ মিডিয়া র পাঠক ও লেখকেরা বাংলাদেশের প্রকাশনাজগতে নিয়ে আসেন একটা নতুন স্রোত।,0
"২০০৬ সালে কোকা-কোলা ও এমেকো যৌথভাবে ১০০৬-ভিত্তিক চেয়ার তৈরি শুরু করে, প্রক্রিয়াজাতকৃত কোকা-কোলা বোতল থেকে, যা ২০১০ সালে উন্মুক্ত করা হয়।",0
"আপনার টাকায় পরিবার চলে না! বরং আল্লাহ আপনার পরিবারের উছিলায় আপনাকেও উত্তম রিজিকের ব্যবস্থা করে দিয়েছে,",0
"অসাধারণ দক্ষতা, কর্মের প্রতি নিষ্ঠা ও একাগ্রতা... এটি অতুলনীয় ও অন্যতম, শিক্ষিকার জন্য,,",0
শিক্ষাই মানুষের সবচেয়ে বড় ধন।,0
খেললে তাশ খেলি ভাই এসব উনো ফুনো খেলা বুঝি না।,1
"এমেকো স্টুল, টেবিল এবং অন্যান্য আসবাবপত্রও বানায়।",0
"অনেকের স্টেজে মাইক্রো ফোন নিয়ে দাঁড়ানোর মতো ও সৎ সাহস নেই। যাই হোক চেষ্টা এবং শ্রম সফলতা। ভাইদের জন্য শুভকামনা রইল। আর আমরা বাকি যারা ট্রল করছি- হাসি ঠাট্টা করছি, আমরা অন্য কে ছোট করার প্র্যাক্টিসের মধ্যে কি পরে থাকবো আজীবন.? জেনো অন্য কে ছোট করাই এই পৃথিবীতে আমাদের মহৎ উদ্দেশ্য.!",0
পরিবারের বড় সন্তান'রাই বোঝে এটা কতটা শান্তি,0
শাড়ি গহনা সুখের উৎস?? জানতাম না,1
মনা যতই পাহারা দাও না কেন জনশ্রুত কখনো থামাতে পারবে না।,1
কুলাঙ্গার ছাত্রলীগ ও পা আর ধো চাটা ছেলেদের কমেন্ট দেখেই হাস্যকর লাগে। যদি এরা ছাত্রদল বা শিবির হয় তাইলেও ভালো আর যদি সাধারণ মানুষ ও হয় তাও ভালো। অস্তিত্ব আর থাকবে না তুদের।,0
হ্যাঁ ভাতঘুম বলে এটাকে। আর রবিবারে বলে রবিবাসরীয় ঘুম।,1
বাংলাদেশের পাসপোর্টে ইসরায়েল ভ্রমণের নিষেধাজ্ঞা পুনর্বহালের দাবি,0
ভাই নাম আর খুজে পান না আপনারা,1
রোগীর চিকিৎসার জন্য ভালো হাসপাতালের প্রয়োজন,0
একটা জিনিস ভুলে গেছেন কোনো ইসলামিক দেশে বিপ্লব সফল হয়নি ।,0
বিজ্ঞানীর কথা দিয়ে শুরু করেছি কারণ পৃথিবীর সব সৃষ্টিশীল কাজেরই গোড়া হচ্ছে বিজ্ঞান।,0
এটাই বাংলাদেশের সাথে সুইজারল্যান্ডের পার্থক্য আমাদের এখানে ব্যাংক খেয়ে ফেললেও কিছু হয় না কারণ আমরা মানবিক। আর আপনারা একটা আলু নিয়ে মানুষকে আবার শাস্তি দিতে চান ছি ।,1
"৭১ থেকে ২৪ পর্যন্ত বহু রক্ত ঝরেছে, আমাদের দায়িত্ব সেই রক্তের সঠিক মূল্যায়ন করা",0
"স্ট্যাটিং এই ওরা ১১০০ দেবে, ৩ মাস পর কনফার্ম... এই চাকরি দিয়ে তো আপনার ই পোষাবে না, বেলাকে ক্যামনে পালবেন? বেলার তরফ থেকে",1
কিরে তিতা না মিস্টি কোনডা? একটু কইয়া যা আমার মত অভাগা গুলারে,1
গায়িকা শাকিরার ডোনেশনের টাকায় আফ্রিকায় বহু স্কুল হয়েছে।,0
চাচা বরিশাল এতো লাল কেন? আর রংপুর কোথায়,1
ভাই ! তুমি বেঁচে থাকলে ঈশ্বর চন্দ্র বঙ্গোপসাগর হবা । কোন সন্দেহ নাই,1
বিকাশ লিমিটেডের মতো বড় কোম্পানিগুলোর উচিত স্টার্টআপের প্রতি সম্মানজনক আচরণ করা।,0
ভাই তোরা যদি এতো কিছু ধরে ফেলো তাহলে তো সি সি ক্যামেরা লাগবে না আর,1
যতো ভালো তুমি আর তোমার বেইমান জামায়াত আর বিএনপি খারাপ?? নির্বাচন ছাড়া কি বালের সংস্কার করবেন তা তো গত ছয় মাসে দেখছি,0
আর চাকরির পরিক্ষায় পাশ করেও চাকরি না দেয় তাহলে কোন অধিতার লঙ্গন হয় স্যার??,0
পশু আর মানুষের মধ্যে পার্থক্য এটাই,0
ভালো মুভির স্ক্রিপ্ট এর কি পরিমান অভাব সেটার প্রমান এই পোস্ট,1
মিরপুর থেকে প্রতিদিন সকালে ঢাকা বরিশাল রুটে আপনাদের অন্তত একটা সার্ভিস থাকা উচিত!,0
"যে পরিবারে শান্তি নেই, সেখানে আর কিছুই স্থায়ী নয়, সম্পদও না",0
"""কালাগর্ত"" অর্থাৎ ব্ল্যাকহোলের সাহায্যে এবার পুঁজিবাদের মূলৎপাটন হবে!",1
গজব পরছে দেশটায়।,0
আগামী নির্বাচনে বুঝতে পারবেন আওয়ামী লীগ কিসের দল। আওয়ামী লীগ হচ্ছে গরিব দুঃখী মেহনতি মানুষের দল।,1
"ভাগ্যভাল এই যুগে কবি নজরুল,কিংবা জসীমউদ্দিন বেচে নেই। না হয় ওনারা দোকানের ভাড়াটাও উঠাতে পারত না।",1
সকল প্রাইমারি স্কুলকে বিশ্ববিদ্যালয় করার দাবি জানাচ্ছি,1
আমি আমার ফ্যামিলির বড় ছেলে জীবনডা তেজপাতা হইয়া গেল,0
"তুমি একজন প্রধান মন্ত্রী হয়ে কিভাবে এতো মিথ্যা কথা বল, মিথ্যা বলায় ফাষ্ট তাই এতো গুলো সার্টিফিকেট অর্জন করতে পেরেছ,",1
হে আল্লাহ হাসিনার মত স্বৈরাচার আর যেন বাংলার জমিনে না জন্মে।,0
ব্যাচারার হাতে আর এগুনোর টাকা ছিল না।,0
ইউজ এর কথা বলবো না কারণ! মজা তুমিও পাইছো আমিও পাইছি ঠিজ্ঞাছে?,0
আল্লাহ আমাদের হেদায়েত দিন এবং সমাজে ন্যায় ও সম্মানের পরিবেশ গড়ে উঠুক।,0
তোরা আসলে ভেজাইল্লা,1
এইটা যদি ভাবির কাজ না হয় তাইলে আজ বাসায় ফিরলে একেবারে শেষ,1
দুজনকে একসাথে পডকাস্টে কবে দেখব সেই অপেক্ষায় আছি। জমে যাবে একদম।,0
"লেগে থাকেন, কেউ না কেউ দিবে",0
বাঙালিয়ানা ভোজ চট্টগ্রাম কবে আসছে?,0
"আপনি শুধু আমার স্বামী হওয়ার জন্য জন্ম নেননি, দেশের কাজ করার জন্যও জন্ম নিয়েছেন। দেশের কাজই আপনার সবচাইতে বড় কাজ। আপনি নিশ্চিন্ত মনে আপনার কাজে যান। আমার জন্য চিন্তা করবেন না। আল্লাহর উপরে আমার ভার ছেড়ে দিন।",0
কি বলব বুঝতে পারছি না। মানুষ এতো সুন্দর করে কথা বলতে পারে সত্যি আগে জানতাম না,0
"যারা শর্ত মানাতে বাধ্য করার চেষ্টা করতেছে, নিঃসন্দেহে তারা গোমরাহের ভিতর আছে।",0
বিট রিশাদকে মিস করছেন৷ বর্তমানের অন্যতম সেরা ফিল্ডার রিশাদ। রিশাদের হাইটের জন্য অনেক সুবিধা পায়।,0
আমি ঘোড়ার ডিম দেখেনি কিন্তু ঘোড়া দেখেছি।,1
"এল শীত তোমার ধারে, একা তুমি থেকো নারে । সাথে রেখো শুধু তারে, ভালোবাসো তুমি যারে । এখুনো শুধু তার কাম, জানি আমি তার নাম । সেই তোমারসম্বল, তার নাম কম্বল । শুভ কামনা রইলো আমার বন্ধু আমার ইয়ার আমার ভাই,,,,",1
"হেতে নাকি অঙ্কে রকেট, কিন্তু গোপালগঞ্জের ভার্সিটিতেও অংক করানোর সুযোগ পাইলো না??",1
"আমার মাঝে এক সময় ছিল মেন্টাল অস্থিরতা, একাকিত্ব, হতাশা ও চাপ। কখনো ভাবতাম, সুস্থ জীবন ফিরে পাব কিনা। কিন্তু আল্লাহর উপর ভরসা রেখেছিলাম। এত দ্রুত তিনি আমাকে সুস্থ করবেন, তা কল্পনাও করিনি। তাহাজ্জুদ, ইস্তেগফার, এবং দরুদ নিয়মিত পড়তাম। আমি একটা জিনিস রিমাইন্ডার দিতে চাই আমার জীবনে তাহাজ্জুদ পড়ে আমি অনেক অসাধ্য অর্জন করেছি এবং অলৌকিক অভিজ্ঞতা পেয়েছি।",0
"কবি বলেছেন - ""এ বয়সটি উত্তেজনার""।",1
"বীর চট্টলার অন্যতম সমন্বয়ক, জুলাই বিপ্লবের রাজপথের সৈনিক, জাতির বীর সৈনিক, বিপ্লবের কান্ডারি বীরবিক্রম খানে বাহাদুর তামিম ইকবাল খানের সাথে বেয়াদবি করায় তীব্র নিন্দা ও প্রতিবাদ জানাচ্ছি।",1
সুন্দরভাবে উপস্থাপনা করার জন্য ধন্যবাদ,0
এইভাবে ভেজে খাওয়ার জন্য কেউ আমাকে দুই চারটা গোলাপ দিও,1
"আন্তর্জাতিকভাবে উনি কতটা সম্মানিত ব্যক্তি, তা সহজেই অনুমেয় ।",0
"এখনো ওই পর্যায় যাই নাই,, কিন্তু আলহামদুলিল্লাহ কন্ট্রিবিউশন আছে",0
নিজের পছন্দমতো জীবনযাপন করার সাহস রাখুন।,0
"সত্যিই, অনলাইনে অনেক মানুষ কষ্ট করে কাজ করছে কিন্তু উপযুক্ত সমর্থন পাচ্ছে না।",0
"প্রতিষ্ঠিত,হওয়ার পিছনে কিন্তু ঐ অবঙ্গা, আর ব্যবহার গুলোই চেতনা হিসেবে কাজ করে। কাজেই, বড় হয়ে ও নিজেকে মাটির মানুষ ভাবাই শ্রেয়।",0
"হায়রে কপাল। দেশভাগের গল্প দিচ্ছে। হাস্যকর। মানুষের কথা বাদ দিলাম, আমার পরিচিত বহু হিন্দু ছোট ভাই বোন পরিবার সমেত আমেরিকা পাড়ি দিয়েছে গত কয়েক বছরে। তারা কি বিতারিত না নির্যাতিত কোনটা?",0
অমানুষের পক্ষে আরেক অমানুষ থাকবে এটাই বাস্তবতা,0
আমার সেম অবস্থা যতই রাগী হয়না কেন আমার গার্লফ্রেইন্ড মেসেজ দিলে ভয়ে বিভ্রান্ত হয়ে যাই কী রিপ্লায় দিবো,1
এত কিছু কিভাবে চোখে পড়ে?? আজ লিজেন্ড নই বলে চোখে হয়ত কম দেখি,1
জীবনের শেষ ঠিকানা,0
শাহবাগী গোসল কর! দারুন একটা শ্লোগান!,1
"এডমিশন টেস্টে শুধু মাত্র তিতুমিরে চান্স পাওয়ার জন্য কোচিং করছিলাম, আফচোস চান্স পেলাম না",1
৫০০ বেশি আমার কাছে,0
SOP আবেদন প্রক্রিয়ার একটি আবশ্যিক অংশ।,0
মানলাম আপনি যন্ত্রকৌশল থেকে সিভিকৌশল কনভার্ট হয়েছেন ঠিক আছে। কিন্তু চিকিৎসক না হয়েও কীভাবে সিভিচিকিৎসক হওয়া যায় এ ব্যাপারে গঠনমূলক পরামর্শ চাই।,1
ইমম্যাচিউর কোন নেতৃত্ব আর যাই হোক দেশ চালানোর জন্য উপযুক্ত নয়,0
মেম্বার হওয়ার যোগ্যতা রাখেনা ড. ইউনুস সরকার।,0
পাবনা তে কি কোন সিট খালী নাই,1
হট জিনিস তাই হট করে দিসে,1
"অর্জুনের জীবনে শচীন স্যারের সন্তান হওয়া যেমন গর্বের, তেমন চাপেরও। ওর পারফর্মেন্স নিয়ে কথা না বলে ওকে নিজের পথে এগোতে দেওয়া উচিত।",0
এই সুযোগ সারজিৎ হাসমত দিছে কিছু করার নাই স্বৈরাচারের দোসরা এরকম আচরণ করবে সামনে আরো বেশি করবে,0
"সে কত পড়ছে,,, তার মাথা দেখেই বোঝা যায়। কত যে গরম হইত এই যন্ত্রটা। যাই হউক, পরিশ্রম এর পরেই সাফল্য আসে। যদিও সেটাতে ভাগ্যেরও সহায়তা লাগে। অভিনন্দন।",0
জীবনে কিছু পান আর না পান ভক্তদের ভালোবাসাটা পেয়েছেন সবার থেকে অনেক অনেক বেশি,0
অসাধারণ আপনার শৈল্পিক ভাবনা যত দেখি মুগ্ধ হয়ে যাই প্রশংশা করে আপনাকে জানাবার কিছু নেই শুধু এটুকু বলতে চাই অনেক দুঃখের মাঝে আপনার এই কমেডি আমার কাছে ঔষধের মতো কাজ করে অনেক অনেক ভালো সুস্থ থাকুন,0
"ডিস্টার্ব আমারও করতে মন চায়,কিন্তু চেহারা খারাপ,লাথ খাওয়ার ডরে করিনা",0
বাংলাদেশ থেকে দেখছি আপনি,0
"একসময় যদি এসব ইস্যু গোপন না করা হতো, হয়তো এখন পরিস্থিতি আলাদা হত",0
"""তুমি প্রায়ই অন্যের আইডিয়া বা পরামর্শকে গুরুত্ব দাও না, যা টিমের মনোবল কমিয়ে দেয়। এটা ভালো হবে যদি তুমি সক্রিয়ভাবে অন্যদের কথা শোনো এবং তাদের ইনপুটকেও সমানভাবে মূল্য দাও।""",0
শিক্ষার পাশাপাশি সম্পর্কের বিষয়ে শৃঙ্খলা ও দায়িত্ববোধ শেখানো খুবই জরুরি।,0
পরাজিতরা কোন কিছু ঘটার অপেক্ষায় থাকে। তারা কখনই কোন কিছু ঘটাতে পারে না।,0
আমার কাছে আঁকা মনে হচ্ছে না।এতো নিখুঁত কিভাবে সম্ভব,1
"ড্রাইভার সম্ভবত মাদক আসক্ত,।",1
নিজের চেয়ে বেশি ভালোবাসি না আমি কাউকে।,0
মাঝে মাঝে ভাবি আপনাদের মত কিছু আবাল না থাকলে পৃথিবীর কি হতো। ধন্যবাদ আপনাদের,1
"ছেলেটাকে শাড়ি পরানো হয়ছে, আর মেয়েটাকে উচিৎ লুঙ্গি আর সাদা গেঞ্জি পরানো, তাহলেই সমান অধিকার নিশ্চিত হবে",1
সামনে ফিরতেই মায়াময় মুখটা দেখে মনে হলো ভীষণ আপন।,0
হাজার হাজার অনলাইন রিসোর্স ব্যবহার করে নিজেকে উন্নত করার সুযোগ কাজে লাগানো উচিত।,0
অথচ এক শ্রেণীর বন্ধুরা অবস্থান ভাল হলে ভাবসাব নিয়ে চলে।এমন বন্ধু লাইফে না আসুক,0
এটা সিম্পলি একটা সাজানো নাটক। জগৎ সেরা মেধাবী লাল বাবুরা কিছু আড়াল করতে এটার পয়দা করছে। দেখা যাক মানুষ এটা খায় কি না। বাংলাদেশের মানুষ তো অধম। যা পায় তাই খায়।,0
গাছ লাগানোর পর নিয়মিত পানি ও সার দেওয়া দরকার,0
বাকশাল ও ফ্যাসিবাদীর চিহ্ন গুড়িয়ে দেয়া হোক আজকে।,0
প্রতিটি মায়ের জীবনে তার সন্তানই তার বীরপুরুষ ।,0
কোন নারির পেট আবার করবে ভারী। সেটাই দেখার বিষয়।,1
ভারত চায় প্রভুত্ব আর সবাই চায় বন্ধুত্ব।,0
আওয়ামীলীগের এর জন্য তার ক্যারিয়ার শেষ,0
"জীবনে কিছু করার জন্য সময় কখনো সঠিক থাকে না, আপনাকেই সঠিক সময় তৈরি করতে হবে।",0
২৪ যেমন আমাদের অর্জন ঠিক তেমনি ৭১ ছিলো আমাদের গর্ব।,0
"আয়ারল্যান্ডের ১৩৪ রান খুবই চ্যালেঞ্জিং, কিন্তু আমাদের বোলাররা সঠিকভাবে কাজ করেছে।",0
বিষয়টা মোটেও হাসির না।সামনে কঠিন সময় আসবে এই AI এর বদৌলতে।,0
হে আল্লাহ আমাকে এত পরিমান সাহস এবং বুদ্ধি দান করো এবং সঠিক কর্ম করার তৌফিক দান করুন,0
এরাই কিন্তু রাষ্ট্র সংস্কারের দ্বায়িত্বে আছে। কেমন সংস্কার হচ্ছে তা ত চোখের সামনে স্পষ্ট।,0
৫ আগস্টের পরে যতগুলা নাহিদ মারা গেছে তাদের হিসাবও দিতে হবে তোমাদের লাল চাদ,1
"বিবাহ বহির্ভূত সকল সম্পর্ক হারাম। হিজাব,পরদা করে হারাম কাজে সহযোগিতা করছেন। সাড়ে তিন হাত মাটির নিচে যাও, হিসাব দেয়ার জন্য প্রস্তুত থাকুন।",0
"যে পুরুষ সুযোগ থাকার পরও তার কাছের মানুষটির কথা ভেবে, নিজের কামনা ও বাসনাকে নিয়ন্ত্রন করে এবং সকল সুযোগ উপেক্ষা করে ঘরে ফিরে আসে, সে কেবল পুরুষ নয় মহাপুরুষ! তাকে ভালোবেসো",0
আইরিশদের বিরুদ্ধে আমাদের বোলিং খুব ভালো ছিল। এখন ব্যাটসম্যানদের দায়িত্ব।,0
"আল্লাহ্র বিচার... রাষ্ট্র ক্ষমতাকে ব্যবহার করে দেশনেত্রী বেগম খালেদা জিয়াকে জিয়াউর রহমানের স্মৃতিবিজড়িত ক্যান্টনমেন্টের বাড়ি থেকে টেনে হিঁচড়ে বের করে দেয়া হয়েছিল।তারপর সেটিকে এমনভাবে গুড়িয়ে দেয়া হয়েছিল যে, ঐ বাড়ির চিহ্নটুকুও অবশিষ্ট নেই। সেদিনের বেগম জিয়ার অশ্রুসিক্ত চেহারাটা আজও অনেকের চোখে ভাসে।",0
আমি ছেলে হলে বলতাম মেয়ে টা কি নিজের চেহারা দেখছে নাকি,0
"""তোমার কাজের মান অনেক সময় প্রত্যাশার নিচে থাকে, কারণ তুমি ডিটেইলসে নজর দাও না। উদাহরণস্বরূপ, গত প্রজেক্টে তুমি বেশ কিছু ভুল এড়িয়ে গিয়েছিলে, যা আমাদের ক্লায়েন্টের কাছে নেতিবাচক প্রভাব ফেলেছে। আশা করি, পরবর্তী প্রজেক্টে একটু বেশি মনোযোগ দেবে।""",0
"কোনো জিনিসের ডিপ মিনিং না জেনেও যে মানুষের ইমোশন, আর কষ্টকে নিয়ে মিম বানাচ্ছেন লজ্জা লাগে না...",0
রোগীর পরিবারের চেয়েও ডাক্তাররা বেশি চেষ্টা করেন রোগীকে বাঁচাতে,0
অতিরিক্ত কোন কিছুই ভালো না। কবে কখন যেনো হিতে বিপরীত হয়ে যায়ে বলা যায়ে না।,0
"এই দীকে আমি কেনো জানি, আম্মুর বাপের বাড়ি থেকে, আস্তে আস্তে মন উইঠা যাচ্ছে",1
গাছের জন্য ভার্মি কম্পোস্ট অত্যন্ত উপকারী। এটি মাটির পুষ্টি বাড়ায়।,0
জীবনের অনেক কিছুই বুঝে ওঠা খুব কঠিন।,0
ভারত দেখতে পেলো আর আমাদের বেলায় ঢেকে রাখলেন।বিশাল বৈষম্য,1
যে চুপ থাকে সে মুক্তি পায়।,0
বিজ্ঞানীদের নতুন আবিষ্কার সত্যিই অবাক করার মতো।,0
"আহ, কি দারুণ অনুভূতি! দুনিয়ায় যদি এত খুশি আল্লাহ করে দিতে পারেন। তাহলে যেদিন আমাকে বলবে যা বান্দা তোকে মাফ করে জান্নাত দিয়ে দিলাম। তখন কেমন লাগবে একবার বলুন? কিন্তু আমরা অধৈর্য, নিরাশ, অলশ ও বিপথগামী। আল্লাহ আমাদের হেদায়েত দিন, মাফ করে দিন, পরিপূর্ণ ঈমান নিয়ে যেন আপনার সামনে দাঁড়াতে পারি - সেই তৌফিক দান করুন।",0
"আল্লাহর অনুগ্রহ থেকে কখনো নিরাশ হওয়া যাবে না, এবং কখনো নিরাশ হবো না,",0
"উল্টা-পাল্টা কিছু লিখতেও পারিনা, লিখলেও ফ্রেন্ড লিস্টে থাকে ভাই-ব্রাদার্স,পরিবার,আত্মীয়-স্বজন, দেখে ফেলে,এর জন্য মন খুলে কিছু লিখতে পারলাম নাহ, ছােট বেলায় কত কষ্ট করে মাতৃভাষার সব ধরনের গালি শিখছিলাম কিন্ত চর্চা করার অভাবে অধিকাংশ গালিই ভুলে যেতে বসেছি ঐতিহ্যবাহী গালি গুলা আজ বিলুপ্তির পথে,,",1
অনেক সুন্দর জায়গা এটা ভাই,0
বুঝছি আপনি তিতুমীর কে বারসিডি বানানোর জন্যই খোদা আপনাকে কলেজে পাঠিয়েছে,1
তোমরা কি জানো কমেন্ট এর উপর ফলো বাটনে ডবল টাচ করলে কি হয়-! না জানলে এক্ষুনি ট্রাই কোরে জেনে নাও-!?,1
ব' কে 'ক' করতে কষ্ট কিসের?,1
ছাত্রদের হাতে তুলে দেওয়া হোক তারা অনেক ভালো আলো জালাতে পারে,1
"দলকে নিশিদ্ধ করেন অন্যায় কারিকে আইনের মাধ্যমে জেলে দেন বিচার নিশ্চিত করুন, বাংচুর জ্বালাও পোড়াও এসবের পক্ষে আমি নই,আজ আপনি করছেন কাল আরেক পক্ষ করবে এতে সমাজে বৃস্রিন্কলা বাড়বে,,",0
মানুষ দিন দিন কতটা হিংস্র হয়ে যাচ্ছে,0
"কাজ করতে গেলে শুরুতে কষ্ট হয়, তবে নিয়মিত চেষ্টা করলে সেটি অভ্যাসে পরিণত হয়ে যায়।",0
"বিয়ে হালাল বিষয় এতেও চুলকানি,শেখ পরিবারের সব কয়টার মতন লুচ্চামি করে বেড়ালে ভালো হতো কি??",0
"প্রথম মেলার আয়োজনে হোটেল প্যসিফিক লেকভিউ, গুলশান ১",1
আপনার যেহেতু রাজনীতি করবেন তাহলে আরো সংযত হওয়া উচিত। তা নাহলে মানুষ আপনাদের কে গ্রহণ করবেনা।,0
"এদেশের জনগণের মানসিকতার পরিবর্তন দরকার দলকানা জনগন - ভাল-মন্দের পার্থক্য বোঝে না, তোমাদের ভালো টা অনেকের ঈর্ষার কারন।",0
"যাদের মনে GOD সৃষ্টিকর্তা Allah এর চিন্তা নাই, তারাই মূলত একা বোধ করে।",0
"যাই ঘটে থাকুক না কেনো, আফসোস লীগের কাছে হাসিনার চরিত্র ফুলের মতো পবিত্র।",1
প্রতিটি মা-সন্তানের সম্পর্ক এভাবেই মধুর হওয়া উচিত।,0
"শিক্ষিত হওয়ার মানে শুধু পড়াশোনা নয়, চিন্তায় এবং কর্মে শিক্ষিত হওয়া জরুরি।",0
"আমি জানি অনেকেই হয়ত এখানে আসবেন, আমরা বিয়ে আর ডিভোর্স রেজিস্ট্রেশন করি, যদি দরকার হয় আমাদের সাথে যোগাযোগ করবেন।",1
মমতাজ এর নাম বাদ পড়লো যে সে তো এ ক্লাসেও পড়ে নাই তার ও বিশাল এক খানা ডিগ্রি আছে,1
কমেন্ট বক্স মানেই বিনোদনের কেন্দ্র,0
মার্ক জুকারবার কেন রিয়েকশনের মধ্যে গু দিল না। হাহা দেওয়ার পরেও মন ভরে না,1
পিনাকী বিশাল অংকের টাকা কামিয়ে নিচ্ছে এবং দেশকে ধ্বংসের দিকে ঠেলে দিচ্ছে। কারণ সে আর কখনো এদেশে আসবেনা।,0
পোস্ট দেখলে আপনার সাথেও লাগবে,1
"হুম,,, এইভাবে ভালো টেলেন্টদের তারা নিয়ে যাবে",0
বেলা কি আর আছে ভাইয়া। তবে আমরা শুনছি যে আপনি চাকুরিটা পেয়ে গেছেন,0
আমার আব্বা কোয়েটা ক্যাম্পে বন্দী ছিলো ১৯৭১ সালে,0
অন্যজনের ভিডিও চালিয়ে দেয়া বেশি মজা।,1
দুঃখজনক বিষয় হলেও আমার ভীষণ হাসি পাচ্ছে,1
প্রতিদিন শুনি এখনও শুনছি। কথা গুলো বাস্তব সময় সম্পর্কিত। প্রতিটি শব্দই অসাধারণ। অসংখ্য ভালোবাসা রইল।,0
ভাই তোদের কি মনে হয় আমরা ব্রিটিশদের হাত থেকে বেঁচেছি আরে নারে ভাই ব্রিটিশরা আমাদের থেকে বেঁচে পালিয়েছে,1
"আমিও পারিনি ভাই, আমার টাই অন্য একজন ধরছে।",1
বাংলাদেশের অর্থনৈতিক উন্নয়ন ও সামাজিক অগ্রগতির ক্ষেত্রে বসুন্ধরা গ্রুপ একটি আস্থার প্রতীক।,0
সেই গল্পটা মনে আছে? শেয়াল যখন আঙ্গুর ফল পেরে খেতে পারেনি তখন বলে ছিলো যে আঙ্গুর ফল টক। সেই হচ্ছে আপনার অবস্থা। এখনো কেও মনে হয় আপনাকে ভালোবেসে - যত্ন করে গোলাপ দেয় নি। তাই গোলাপ ফুল টক !,1
আর এই গ্রো সেইসব নারীরা পায় যাদের চরিএের দাগ বেশি আর স্বভাবের অশান্তি বেশি,1
"নিজের চিন্তার কারখানায় অন্ধ আবেগের জীবাণু না ঢুকতে দেওয়া। দিলেই সব গোলমাল হয়ে যাবে। সংসারে আমার বলতে যদি সত্যিই কিছু থাকে, সে আমার এই চিন্তা করার ক্ষমতাটুকু। বাকি এ শরীর থেকে শুরু করে এই গোটা বিশ্ব-ব্রহ্মাণ্ডে আমার ইচ্ছার কোনো মূল্য নেই।",0
"গত সাত বছরে আপনাদের হলুদ সাংবাদিকতা এর দায় এড়াতে পারবে না। ধরেন আপনার মা-সন্তান রাস্তায় কোন বিপদে পরেছে, যদি দেখি সে সাংবাদিকের আত্মিয় তাহলে থু মেরে চলে আসব।",0
জেলা কোটার মাধ্যমে নির্ধারিত জনসংখ্যার ভিত্তিতে চাকরি বিতরণ করা হয়।,0
কয় কি মামা দেখি পুরাই আগুন,1
অচল মাল নিয়া যান জরুরি।,1
"আই আপনি কেমন, এগুলো কেউ পাব্লিক করে",0
"ভাই অসাধারণ একটা ভিডিও,,ড্রোন কেমেরার ভিডিও গুলো অনেক সুন্দর হয়,,,",0
ঝন্টু স্যার বিষে ভরা নাগিন রিমেক চাই। শ্রেষ্টাংসে জনি ডেপ আর কিরা নাইটলি।,1
"নারীদের একটা আলাদা বৈশিষ্ট্য আছে। তারা কামবোধকে সংযত করতে পারে। মানসিক আগ্রহ ও কোনরকম আবেগের জায়গা সৃষ্টি না হলে, নারীরা সাধারনত দেহের বিনিময় করেনা।",0
তামিম যখন ৫২ মিটারের ছক্কা মারছিলো তখন এক দল তামিমকে নিয়ে হাসাহাসি করছিলো। আবার এখন যখন বাউন্ডারি নিয়ে কথা বললো এখনও তারা হাসাহাসি করতেছে। এরা আসলে কোন ধরনের হিপোক্রেট?,0
বাংলাদেশে এর মত মিস্ট্রি থ্রিলার ওয়েব ফ্লিম তৈরী হয়নি,0
আমার রুচি খারাব তাই এই বটবটিটা পছন্দ হয়নি,1
মনোযোগ দিয়ে প্রতিটা কথা শুনুন এবং সে অনুযায়ী জীবন পথের কাজে লাগবে।,1
"আমার কাছে সু""শিক্ষিত তারাই 'যারা জায়গা বুঝে কথা বলতে জানে, মানুষকে সম্মান দিতে জানে,যেকোনো সিসুয়েশন স্মার্টলি হ্যান্ডেল করতে জানে,নিজেকে পরিপাটি রাখতে জানে,অপমান করার সুযোগ পেয়েও যারা চুপ থাকে, আর সুন্দর আচরণ করতে জানে!'",0
"বাহ্, একদম স্বচ্ছ, কোনো জটিলতা নেই। ভালো লাগলো",0
আমিন। আল্লাহ সবাইকে কবরের ছামান গুছিয়ে যাওয়ার তৌফিক দান করুন।,0
চমৎকার বাজাতেন।,0
"গাছের জন্য পুষ্টি উপাদান ঠিক রাখা প্রয়োজন, অন্যথায় ফলন কম হবে।",0
যাইহোক কোম্পানি চালু রাখা উচিত আর আগামী ১০০ বছরে বেক্সিমকো এর মতো কোম্পানি দাঁড় করাতে পারবে কিনা সন্দেহ আছে ।,0
"নতুন প্রজন্মের চিন্তাভাবনা কিছু ক্ষেত্রে সমাজের আদর্শের সাথে মিলছে না, তবে পরিবর্তনের জন্য কিছু সময় দরকার।",0
"নিজের ভালো লাগার কাজ করুন, অন্যের পছন্দের জন্য নিজেকে বদলাবেন না।",0
খবরটি বিশ্বাস হতে কষ্ট হচ্ছে তুমি তো মানুষকে ছাড়ে না ডলফিন মাছ মানুষকে সাহায্য করে,0
"পার্কে বাচ্চাদের জন্য দোয়া করা একটি প্রশংসনীয় কাজ, যা সমাজে মানবিক দায়িত্ববোধ এবং সংবেদনশীলতা বাড়ায়। শিশুর সুস্থতা ও ভালো ভবিষ্যৎ কামনা করলে সমাজে শান্তি প্রতিষ্ঠিত হয়।",0
"প্রতিদিন একটুখানি সময় বের করে কাজ করা অনেক ফলপ্রসূ হতে পারে, এবং এর মাধ্যমে পরিশ্রম ও ধৈর্য গড়ে ওঠে।",0
কারন একটাই সত্য বলা যাবে না চোখ দিয়া দেখবা মুখ বন্ধ,1
এটা প্রতি বছর এডমিশন টেস্ট এর সময় হয়।,0
"অতিরিক্ত হাসির জন্য বাসায় বকা খায়,,ভাবছিলাম এখন থেকে কম হাসবো,,,কিন্তু আপনারা ভালো হতে দিবেন না দেখছি",1
ভাই পোস্ট ডিলিট করেন সমস্যা হবে,1
খুবি দুঃখজনক তবে সবাই খোলা মেলা মেয়েদের কেই পছন্দ করে কারণ আমাদের দেশের মানুষ জিনা করতে ভীষণ ভালোবাসে,0
"ভারতীয় সিনেমায় মায়ের অভিনয় করতে দিলে অনেক ভালো পারবে,চলচ্চিত্র এডওয়ার্ডও পেতে পারে, তাতে বাংলাদেশের সুনাম বাড়বে",1
সাব্বির ভাই তার অতীতের ব্যক্তিগত কিছু ভুলের জন্য অনুতপ্ত। মানুষ মাত্রই ভুল। মানুষ কখনো ভুলের উর্ধে না।,0
দুনিয়া কোথায় চলে গেছে। আল্লাহ আমাদের হেফাজত করুক। আবার এই মেয়ে আসা করে সে নাকি একজন আদর্শ মা হবে।,0
শো অফ না করে পাশের বাসার খালাতো ভাইয়ের মতো অনলাইনে আসার জন্য সাহস লাগে ভাই।,1
কয়েক দিন রাস্তা বন্ধ কইরা অনশনের নাটক করলেই কলেজ বিশ্ববিদ্যালয় হইয়া যাইবো ! সারা বছর কষ্ট কইরা পড়ালেখা করার কী কাজ ! সহজ পদ্ধতি !!,0
ইউসুফ সরকারকে এর চরম মূল্য দিতে হবে।,1
"দিল্লীদাসীর শশুড়বাড়ির লোকেরা এই মুভির মাধ্যমে দাসীর পিতাকে গু য়া মেরে ছেড়ে দিয়েছে আর দাসী এখনো তা টেরই পায় নি, আফসোস।",1
পোশাক ছাড়া সবকিছুই অসম্ভব ভালো লাগে,1
মা সন্তানের জীবনের সবচেয়ে বড় আশীর্বাদ।,0
"গালির সোদনে অতঃপর ক্ষমা চাহিল, মেকাপ সুন্দরী।",0
শুনলাম তুমি হার্ভার্ড বিশ্ববিদ্যালয়ের প্রস্তাব ফিরিয়ে দিয়ে তিতুমীরে ভর্তি হয়েছো!,1
উনার জীবনের প্রতিটি ধাপ থেকে অনেক কিছু শেখার আছে। নিজের অবস্থান থেকে লড়াই করার মানসিকতা আমাদের সবার মধ্যে থাকা উচিত।,0
"জুতা দিয়ে তোমার গালে মারা উচিত, আবাল বক্তব্য দিয়ে এখন বাঁচার চেষ্টা। মিথ্যুক একটা। নিশিত ওর পিছনে কোন শক্তি আছে যার জন্য এসব বলেছে।মিন্টু রোডের রিমান্ডে নিয়ে গরম ডিম ডোকালে সব বের হয়ে আসবে। সাম্প্রদায়িক দাঙ্গা লাগানোর একটা অপচেষ্টা।",0
আল্লাহ ক্ষমাশীল। ভুল বুঝতে পেরে তওবা করলে ইনশাআল্লাহ পাপ মোচন করবেন। আল্লাহ আমাদের সবাইকে বুঝার তাওফিক দান করুন,0
রং মেখে ঢং সেজে। মুখুশ ধারী। খালেদা। না এ আমাদের সত্যকারী মা। জননেএী শেখ হাসিনা। উন্নয়নের কিং।,1
মায়ের জন্য সন্তানের ছোট কাজও অনেক বড়।,0
"জামায় তালিপট্টি, প্যান্ট ছেঁড়া৷ কি দুর্দশা হে ভাই তোমার?? এত গরীব কেন তুমি??",1
"এই তোরা রাজুতে আয়, এটার একটা বিহিত করতে হবে।",1
"আগে বাসের জন্য আলাদা লেন তৈারি করুন,, তারপরে রাস্তার শৃঙ্খলা এবং পরিবেশ তৌরি করতে হবে?",0
ইউনুস মিয়া দুর্বল সরকার তাকে দিয়ে হবে না আওয়ামীলীগকে দমাতে হলে নির্বাচিত সরকার লাগবে দ্রুত নির্বাচন দিয়ে নির্বাচিত সরকার হাতে তুলে দেওয়া হোক দায়িত্ব,0
"এরা সুখের লাগি, চাহে প্রেম",0
"দেশে লাখ লাখ বেকার বসে আছে, তাদের কর্ম সংস্থান নেই।দেশের শান্তি নষ্ট করছে পিনাকি।পিনাকি দেশের জন্য কয়টা এতিম খানা হসপিটাল , কর্মক্ষেএ তৈরি করেছে। আর দেশে নষ্টের বক্তব্য দিচ্ছে।",0
টাকা না থাকলে ভালোবাসা জানালা দিয়ে পালাবে। ওহে নারী সংসার মানে শুধু স্ত্রী নয় মা-বাবা বংশানুক্রমে সন্তান এদের ভালো থাকার জন্য টাকার প্রয়োজন আছে। আপনি যেটা বোঝাতে চেয়েছেন সেই সমস্যা তো দুজনেরই। শুধু বউ নিয়ে বসে থাকলে তো জীবন দীপিকা চলবে না জীবিকার প্রয়োজনে টাকার প্রয়োজন আছে সবার দ্বারা দেশের মাটিতে টাকার রোজগার করা সম্ভব না। তাহলে বলে দেন শুধু ধন কূপের সন্তানরাই বিয়ে করবে।,0
"ভাই এত বড় একটা নিউজ কোন নির্দিষ্ট পত্রিকায় অথবা কোন টিভিতে তো দেখলাম না আপনারা এই খবরটা বারবার প্রচার কেন করতেছেন, কোন পত্রিকার অথবা টিভি চ্যানেলের খবরের সোর্স থাকলেও দয়া করে জানান",0
কম দামে এতো সুন্দর স্টাইলিস্ট ডিজাইন,0
মাটির নিচের খনিজ তোলার জন্য পাথুড়ে পাহাড় ফাটাতে।,0
"তামিমৌ ত্রমির চরিত্রটা অনেক পরিবর্তিত হয়েছে, যা খুবই প্রশংসনীয়।",0
"আগে দেশে সকল চোরদের সে যেই দলেরই হোক আটকে করে জেলে ডুকানো হোক, তারপরে অন্যকিছু চিন্তা ভাবনা নতুন করে করা যাবে। দেশ চোর মুক্ত হওয়ার আগে কোন নির্বাচন নয়।",0
ভাইয়ার কি টিস্যু লাগবে?নাকি দিল্লি থেকে সাপ্লাই আসতেছে??,1
"জীবনে যদি আপনি কিছু করতে চান, তবে প্রথমে আপনার অন্তরের শূন্যতাকে পূর্ণ করতে হবে।",0
এই গল্পটা পড়ে বুঝলাম জীবনের প্রতিকূলতাগুলো আসলে আমাদের আরও শক্তিশালী করে তোলে। উনার সফলতা আমাদের সবার জন্য একটা শিক্ষা।,0
আচ্ছা দিছ সমস্যা নাই,1
আমিও জানি কিন্তু কাজে লাগাতে পারি নাই,0
সকালে আমি পারবো। ঈশ্বর সর্বদা আমার সঙ্গে আছেন।আমি সফল।আমি সবচেয়ে ভালো। আজ দিনটা আমার।,0
"পৃথিবীতে একমাত্র নায়ক যার কোন ভক্ত নাই, তার পর ও সে সুপার স্টার",0
তখনই প্রশান্তি ছিল...!,0
"ওইটা মানুষের বেলায় হলে মানুষ বলতো।জীবনে জন্ম, মৃত্যু ও মিলন একবার।",1
ভাই আমাগো অটো পাস দিবে একটু আগেবাগে জানাবেন? প্লিজ তাহলে পড়ালেখা বন্ধ করে দিব,0
১৯৪৩ সালের দুর্ভিক্ষে অনাহার ক্লিষ্ট হাড্ডিসার এক মাগীর স্থির চিত্র,0
এ সমস্ত এনজিও ইস্ট ইন্ডিয়া কোম্পানির প্রতিচ্ছবি,1
বাংলাদেশে খেলাধুলার মান উন্নয়ন জরুরি।,0
মা-সন্তানের সম্পর্ক ভালোবাসা ও ত্যাগের সবচেয়ে বড় উদাহরণ।,0
"একমাত্র আপাই পারে ছাত্র জনতার মাঝে সেই জুলাই এর ঐক্য ফিরিয়ে আনতে । ধন্যবাদ আপা,,",1
"সবকিছু পরিকল্পিত, নেগেটিভ মার্কেটিং।",0
আন্দোলন এর কারণে বাড়ছে। বাঙ্গালী পিনিকে থাকলেও বুঝতে পারে করোনা কেন বাড়ে,0
"এই বিষয়ে ভিন্নমত থাকা স্বাভাবিক, কিন্তু ভাবার মতো একটি লেখা",0
সাকিব ফ্যান রা চিটাগং কে বাপ ডেকেও লাভ হলোনা,1
রাজনৈতিক মন্তব্য নিরপেক্ষ হওয়া দরকার।,0
খুব সুন্দর করে কথা বলতে পারেন এবং অনেক সুন্দর করে উপদেশ দেন,0
ও কাকা ও কাকা তুমি কোওওথায়...,1
"উনার মতো মানুষের সংখ্যা হাতেগোনা, সত্যিই অনুপ্রেরণাদায়ক",0
আমি আমার বন্ধুদের খুশি হতে দেখিনি কিন্তুু কট খেতে দেখেছি,1
"গরিব মানুষ ভাই , আমার কাছে Date মানে শুধু তারিখ...",1
"মনোবিজ্ঞানী এবং অক্সফোর্ড বিশ্ববিদ্যালয়ের অধ্যাপক অ্যান্ড্রু শিবিলস্কি বলছেন, ব্রেন রট শব্দটির জনপ্রিয়তা আমরা যে সময়ে বাস করছি, তার উপসর্গ ।",0
"যারা স্বর্গত তারা এখনো জানে, স্বর্গের চেয়ে প্রিয় জন্মভূমি",0
হাসিনা যে কয়দিন পুলিশি হেফাজতে থাকবে সে কয়দিন আয়না ঘরে রাখার জোর দাবি জানাচ্ছি।,0
ইট পাথরের তৈরি বাড়ি ভাঙ্গার দৃশ্য দেখে কষ্ট পাচ্ছেন অথচ শত শত মানুষ হ-ত্যাকে ঠিকি সাপোর্ট দিয়েছিলেন।এই হোল আপনাদের চরিত্র।,0
ওর সাথে আমার মাত্র কথা হয়েছে গুজব ছড়াবেন না কেউ,1
সত্য কখনো গোপন থাকে না ... ইতিহাস টা যেন মানুষ যে যেমন পেরেছে তেমন করে লিখেছে ...,0
যে শিক্ষা পারে না বিবেককে জাগাতে যে শিক্ষা পারে না মানুষের ঘুম ভাঙাতে সে শিক্ষা কেমন শিক্ষা বুঝিনা জানি না! নচিকেতা,0
এই গান শুনে গানের মুল ভোকালিস্ট কবর থেকে না চলে আসে উঠে,1
"বাইক্যা কথা বাদ দাও, ইন্ডিয়ার নায়িকাদের মত নাচে পারদর্শী হও, অভিনয়ে দক্ষ হও, একজন অভিনেত্রীর কাজ হলো এইসব। সস্তা পাবলিসিটি ও ভাইরাল হওয়ার চিন্তা বাদ দেন।",0
বিপিএলে মাথা খায়,1
পিংক কালারের চান্দ মামা,0
মশারির মধ্যে মশা মনে করে এ পোকাটিকে মেরে ফেললে আমি তখন খুব আফসোস করি।,0
লেখাটা বড় কথা না। বুঝাইতে পারছে এটাই অনেক। আপনার নানি তো তাও পারে।,1
"শাড়ি থাকাটা জরুরি না,, পরিবারে তার কতটুকু গুরুত্ব আর সম্মান থাকাটা আসল।",0
"মনের কথা টায় বলছেন,,, আমি নিজেও অনেক সুন্দর মেয়েকে না চায়তেও পাত্তা দিতে হয়,শুধু ওর সুন্দরের পাওয়ারে গুণে",0
হাইরে এই রকম একটা বলার মানুষ পাইতাম তাহলে অনেক ভাগ্য বান মনে করতাম নিজে কে,1
যতদ্রুত সম্ভব লক্কর ঝক্কর গাড়িগুলাকে বিদায় জানানো উচিত।,0
মৌলিক অধিকার হরণের কারণে ইসির পদত্যাগের ঘোষণার তথ্যটি দিয়ে জাতিকে মুগ্ধ করূন।,0
"আমরা আশা করবো, একজন দক্ষ,সৎ নারী অর্থসচিব থেকে অর্থ মন্ত্রণালয়ের লুট পাট বন্ধ হবে।",0
"পড়ুয়ামাত্রই জানেন, স্নাইডারের এই পর্যবেক্ষণ নিখুঁত, সময়ের সঙ্গে সঙ্গে বইয়ের প্রতি মানুষের মনোভাব বদলায়।",0
গুড কন্টেন্ট।,0
তামীম ব্রো কে প্রধান উপদেষ্টা হিসেবে দেখতে চাই,1
বিশ্বাসই হয়নি।,0
সারাহর কাজ আর তার আত্মবিশ্বাস সত্যিই অনুকরণীয়। সে প্রমাণ করেছে যে সাফল্য চেহারার বাইরেও সম্ভব।,0
"নেহেরু দত্ত অন্তর সেই ভাই, করা করা",1
আলহামদুলিল্লাহ শুভ রাত্রি,1
এই পৃথিবীটা কি তোর বাবার নাকি,0
অশিক্ষিত লোক হলে যা হয়,0
আপনার কথা সম্পূর্ণ সঠিক। একটু সহযোগিতা অনেক বড় সাহায্য হতে পারে।,0
"মন্দা থেকে শুরু করে ২য় বিশ্বযুদ্ধ, বেশ ভালোভাবে সামলেছেন। যোগ্য একজন প্রেসিডেন্ট",0
আই এস আই ও ব্রাদারহুড পতাকাধারী ছাত্র দের ভিসা প্রক্রিয়া কি ভাবে হবে?সাধারন ছাত্রদের মত নাকি অন্য কোন প্রক্রিয়ায়?,0
রডগুলোতে সিমেন্টের ঘোলা ও রেড অক্সাইড দেয়া হয়েছে মরিচা প্রতিরোধের জন্য। এখন পিলার ঢালাই করতে চাই। রং উঠাতে পারছিনা। ঢালাই ধরবে নাকি ধরবেনা?,0
সামাজিক ও সাংস্কৃতিক প্রভাব ব্যক্তির অতীতের প্রতি দৃষ্টিভঙ্গি নির্ধারণে ভূমিকা রাখে।,0
কলেজে ভর্তি হয়ে বিশ্ববিদদালয়ের জন্য আন্দোলন করবো। এই দাবি যে গহনযোগ্য দাবি নয় এটা সবাই বোঝে।,0
পৃথিবীর সেরা তত্ব্য প্রযুক্তি এক রোবটের গল্প কাহিনি। যেটা শেখ হাসিনার সাথে রাত কাটিয়ে আবার জয়ের সাথে রাত কাটায় ভাবতে পারেন উভয় লিঙ্গ,1
শীতকাল আসলেই ওনার কথা মনে হয়,1
"কুইন কে কর্তব্যবিমূঢ় বলার ক্ষমতা আজ অবধি কোনো কিংয়ের হয়নি, তাই শব্দটির অস্তিত্ব নেই।",1
চাপমুক্ত জীবনযাপন করতে নিজের ইচ্ছাগুলোকে গুরুত্ব দিন।,0
"রাজনৈতিক সহিংসতা কখনোই কাম্য নয়, শান্তিপূর্ণ সমাধান প্রয়োজন।",0
"এসব কুতর্ক ছাড়ুন। ধর্ম হলো বিশ্বাসের ব্যাপার। কোনো যুক্তি বা বিজ্ঞান দিয়ে ধর্ম বিশ্বাস তৈরি করতে পারবেন না কিংবা সে বিশ্বাসকে বাঁচাতেও পারবেনা। যেমন, আপনি পিতার পরিচয় নিয়ে যে কুযুক্তি দিলেন তার পাল্টা কুযুক্তি হলো ডিএনএ পরীক্ষা করে আপনি পিতার পরিচয় নিশ্চিত হতে পারবেন। কিন্তু পরকালের ব্যাপারে নিশ্চিত হওয়ার জন্য এমন কোনো পরীক্ষা আছে কি? যিনি বিশ্বাস করেন এবং যিনি করেন না কারো জন্যই নেই। তাই এধরনের বাজে তর্ক করে সময় এবং শক্তির অপচয় না করাই ভালো।",0
"হ ঐডা আমি, ব্যাডা সাইজ্জা গেসিলাম!",1
বাংলাদেশে এই মুহূর্তে একটা ঋণ শালিশি বোর্ড তৈরি করা খুবই জরুরী।,0
সানরাইজার্স হায়দ্রাবাদের জার্সি!!,1
ভিসির সামনে ট্রান্সপোর্ট প্রধান আমাদের কে কথা দেয় যে জানুয়ারি ২০২৫ থেকে তারা ওয়ান কার্ড প্রসেস চালু করবে। আর এখন আবার সেই ভুগিচুগি বুঝ দিচ্ছে।,0
ক্রিকেট কে সাজাতে হলে রাজনীতি মুক্ত ব্যক্তি প্রয়োজন।,0
"নাফিসের চেষ্টা করা সত্ত্বেও তার জীবনে কিছুটা পরিবর্তন আসেনি, সে তার কঠিন পথ ধরে যেতে যেতে কিছু নতুন অভিজ্ঞতা অর্জন করেছে।",0
"তার কথা ঠিকই আছে। আমার এক ফ্রেন্ডও আমাকে বলেছিল যে, রাজশাহী, চট্টগ্রাম, কুষ্টিয়ার ইসলামী ইউনিভার্সিটির চেয়ে ৭ কলেজ অনেক ভালো। সে এখানেই পড়বে আর সে তিতুমীর কলেজের স্টুডেন্ট এখন। রাজশাহী, চট্টগ্রাম তো দূরের কথা সে শেষের দিকে কুষ্টিয়ায় এক্সাম দিয়েও চান্স পায়নি। এই চান্দুর হইছে সেই একই অবস্থা! Empty vessel sound much!",1
ঘড় এর পাশে ওষুধের লতা একটু বুঝার চেষ্টা কর এর মূল্যতা জিং য্যাং চাইক্কা বুন বুন!,1
"পবিত্রতা অর্জন বা অযু ছাড়া কোরআন স্পর্শ করা যাবে না,গোনাহ হবে। তবে মুখস্ত অযু ব্যতীত ও পড়া যাবে।",0
আহারে আজকে আমাদের মানবতার ফেরিওয়ালা গুলো নেই বলে লস এঞ্জেলেসের মানুষের এতো দুঃখ,1
শাহবাগে আয় আন্দোলন কর যাতে এরকম কনসার্ট হয়।,0
আমার মা'র একটাই বানী পাগল হয়ে গেছে মোবাইল দেখে আর একা একা হাসে,1
কথিতকথা এতই মারাত্মক যে চোখ দিয়ে পানি চলে আসলো।কত অসহায় হলে নবাব তাঁর মুকুট পায়ের কাছে রাখে অর্থাৎ বাংলার স্বাধীনতা রক্ষা করতে বলে।,0
চেরনোবিল পারমাণবিক বিদ্যুৎ কেন্দ্রে হামলা চালিয়েছে রাশিয়া! এমনই দাবি করেছে ইউক্রেন।,0
পড়তে বসলে ঘুম আসে রিলস দেখলে ডোপামিন রিলিজ হয় তার জন্য ই আপনি এই কমেন্ট দেখতে পাচ্ছেন। নতুনত্বের ছিটেফোঁটা ও নেই...,1
সারাহ নিজের স্টাইল আর ব্যক্তিত্ব দিয়ে আলাদা একটা জায়গা তৈরি করেছে। তার ফ্যাশন সেন্স অনেক মানুষকে অনুপ্রাণিত করে।,0
বাঘের বাচ্চা,0
"আলহামদুলিল্লাহ,৭৫.৯০ পেয়ে বুয়েট মেডিকেল কলেজে চান্স পেয়েছি।আমি উদ্ভাসের স্টুডেন্ট ছিলাম এবং জয়কলির বই পড়ায় চান্স পেয়েছি ঘরে লাইট না থাকায় বিড়ি জ্বালিয়ে পড়তাম !",1
ছোট মাঠে বেশি রান করাটাই মূখ্য না। আন্তর্জাতিক বাউন্ডারি সীমানার মাঠে যে খেলোয়াড় ভালো খেলবে সেই জাতীয় দলে খেলার যোগ্যতা রাখে,0
জীবনে কিছু পান আর না পান ভক্তদের ভালোবাসাটা পেয়েছেন সবার থেকে অনেক অনেক বেশি,0
ভাই কখন আসেন আগারগাঁও নতুন রাস্তায়। এতদিনেও তো দেখলাম না!,0
জীবনে এতটুকু বড়লোক হইতে চাই... যাতে মাছ কাটার জন্য অনলাইন থেকে ছাই অর্ডার করতে পারি...,1
উক্তিটি যথার্থ হয়েছে,1
তোমার ফুলে কতো ভ্রমর এর আনাগোনা ছিল সেটা তুমি নিজেও জানো না।,0
"এরা যে টোনে কথা বলে তাতে মনে হয় তারা বাটলারের সেক্সুয়াল হ্যারেজমেন্টের স্বীকার। কিন্তু তাদের মিডিয়ার সামনে কথা বলার ধরনই বলে তারা আকাম করেছে। এরা হয়তো এখন খেলোয়াড় সমন্বয়ক হতে চায়। ইউনূস যেদিন এদের কোলে বসিয়ে নাস্তা খাওয়াইছে তার বাসভবনে সেদিন থেকেই এদের সেচ্ছাচারিতা বেড়ে গেছে, এটা শুধু ক্ষমতার গরম। তাদের চেহারা খারাপ বলে যৌন হ্যারেজমেন্টের অভিযোগ আনতে পারেনি তাহলে সেটাও তারা বলতো।",0
আপনার সব কিছু ই ভালো লাগে শুধু পোশাক টা বাদে,1
আপনার মা স্টুডেন্টের বাবার বউ না তো আবার?,1
"হারাম এর দিকে মানুষের বেশী পজিটিভ চিন্তাভাবনা কাজ করে,,,,বিয়ে হচ্ছে হালাল বিয়ে ঠিক করে আপনি সময় নেন পরিচিত হওয়ার জন্য,,,, কথা বলুন তাহলেই ত হয়,,,,, বয়ফ্রেন্ড এর সঙ্গে রাতের পর রাত কথা বলে ভবিষ্যত পরিকল্পনা এমনকি বাচ্চার নামও নাকি রেখে দেয় তখন লজ্জা কোথায় থাকে? আসলে কিছু মানুসের মস্তিষ্কে সহজে ভালো কিছু হজম করতে পারে না",0
উগান্ডায়ও খালি জায়গা আছে সেখানে ইজরাইল স্থানান্তর হতে পারে।,1
সাড়ে তিনদিনের পত্রিকা নামের দারুণ একটা স্টল কিন্তু আপনি বইমেলায় পেয়ে যাবেন একদম লেকের কাছেই।,0
উসমানীয় সুলতানদের শাসনামলে নগরীটিতে বহুসংখ্যক মসজিদ নির্মাণ করা হয়েছিল।,0
আমাদের প্রধানমন্ত্রী মাদার অব হিউমেনিটি জননেত্রী শেখ হাসিনা দীর্ঘ জীবি হউন । আল্লাহ্ আপনার সাথে আছে।,0
সেই জন্য স্বামী এখন বউ কে রান্না করে খাবে।,1
বাংলা এবং বাচ্চাদের গ্রুপে এড হতে চাইলে রিকোয়েস্ট দিয়ে ইনবক্স করেন,1
অভাব আর দুঃখ এক না।,0
"শিক্ষা কখনো শেষ হয় না, এটি আ",0
এক জীবনে কত জীবন থাকে! একেক ঘটনা আরেক জীবনে প্রবেশ করিয়ে দিয়ে যায় একই মানুষকে। তাই নতুন জনম নিয়ে কুয়াশার ওপারে আগের জনমে যাওয়ার রাস্তা খুঁজি।,0
"কেউ মারা গেলে, আমরা অনেক স্টাটাস দেই,",1
সিনিয়র বিয়া করলে এক্সকারশন।,1
নেটফ্লিক্স মিশরকে শুধু মরুভূমি আর পিরামিড দিয়ে উপস্থাপন করে। আর দক্ষিণ আমেরিকার দেশগুলোকে আরো বাজেভাবে উপস্হাপন করে,0
"জানুয়ারির পর যদি মার্চ মাস আসতো,,,, তবুও ফেব্রুয়ারি মাস চাই না",1
এত বড় ক্যাম্পাস যে মাঝে মাঝে হারিয়ে যাই নিজে নিজে,0
আমাদের এক দফা দাবি ময়ূক রঞ্জক প্রধান উপদেষ্টা চাই,1
"এরা সহবাস করেও গোসল করে না পরিশ্রম হবে বলে,,আর বাহিরে আইছে লোক দেখানো নাটক করতে,,",1
"প্রাইম সময় চলে গেলে সেই সময়টা আর ফিরে আসে না। তাই যতদিন সময় আছে, কাজের মাধ্যমে সময়টাকে কাজে লাগানো উচিত।",0
উড়ে এসে চোখে পরা ছাড়া আর কোনো কাজ নাই,0
ওর বই কে পড়ে? বই লেখলেই লেখক হওয়া যায় না,0
"জাদু-টোনা কইরা আমার পোলাডারে পাগল বানাইছে,,",1
একমাত্র হাসিনাই পারে আমাদের সেই জুলাই এর ঐক্য ফিরিয়ে আনতে । ধন্যবাদ আপা,1
মোহাম্মদপুরে ছিনতাইকারীর কবলে অভিনেতা আবুল হায়াত ! দৃশ্যটি তিতাস একটি নদীর নাম সিনেমা থেকে নেয়া। নায়কদের মধ্যে একমাত্র আবুল হায়াত ই ছিলেন ছোটবেলা থেকে নির্যাতিত। সবখানেই শুধু মার খেতেন।,1
ওহে মানুষ তোমরা জাগো। দেশে জঙ্গল আইন থামাও।,0
আসসালামুয়ালাইকুম দেশপ্রেমী ভাইদেরকে বলতে চাই আসুন আমরা আবারো এসব অন্যায় অবিচারের বিরুদ্ধে আরো একবার যুদ্ধ করি পিনাকি দাদাদের মতন দেশ প্রেমিক মুরুব্বিদের কে সামনে রেখে,0
আলহামদুলিল্লাহ পুরো পরিবারের দায়িত্ব পালন করি,0
জেনে কী করবো?? না আছে দেওয়ার মানুষ না আছে নেওয়ার মানুষ,1
গাছ ধংস করলে প্রবলেম আর উনি নিজে যে দেশ টা ধংস করতাছে তাতে কোনও প্রবলেম নাই... একেই বলে আওমিলিগের ডিজিটাল বাংলাদেশ...!!,0
পড়াশোনা করলেই যে শিক্ষিত হয়না তার উদাহরণ। ছাগল কোথাকারের,0
যারা পৃথিবীকে বাসযোগ্য করে গড়ে তুলেছে তাদের কাজ আর কথাই হলো বিশ্বের সেরা ভাষন তারাই যোগ্য সম্মান পাওয়ার মতো মানুষ,0
"পৃথিবীর সবচেয়ে ধনী ব্যক্তিরাও তাদের সময় এবং সম্পদ সঠিকভাবে ব্যবহার করেছেন, যা তাদের সাফল্যে সহায়তা করেছে।",0
আর একদম কাছে হইলে টাকাটা কমে যায়,0
এটা কোনো সভ্য দেশের সভ্য মানুষের কাজ হতে পারে না।,0
আকুতি মিনতিতে কেউ আটকে থাকে নাহ্।,0
ভোরের আলো থেকে জেও,0
কিছু করার নাই পুরুষ ঘরে থাকলে নারীর টাকার চাহিদা বাড়ে আর বাহিরে থাকলে যৌবনের চাহিদা বাড়ে।,0
কিছু কিছু জিনিস সত্যিই সময়ের সাথে বোঝা যায়,0
হেলমেট দুইটাও অনেকখানি মিল আছে,1
জি ভাই নিজে টাকা ইনকাম করি যতটুকু পারি ফ্যামিলি দেখি,0
"বাসা দিয়া বের হওয়া ধরছিলাম,আপনি কইছেন তাই আর বের হইলামনা।বাসাতেই থাইক্কা গেলাম",0
"মেনে নিতে অসুবিধা হচ্ছে মামা,তবে অবশ্যই অভিনন্দন পাওয়া যোগ্যতা রেখেছেন। হতে পারে নাটকের শুটিং অথবা কাস্টমস অফিসার। অভিনন্দন আপনাকে মামা। দোয়া করি",0
"অনলাইনের ক্লাসগুলো অফলাইনের চেয়ে ভালো, তবে অফলাইনে এক্সাম সিস্টেম বেশি নির্ভরযোগ্য।",0
আমাদের আইটি সেক্টর এমনিতে বেশ গতিশীল।,0
সবার শিক্ষার দায়িত্ব রাষ্ট্রের,0
তাসকিন ভাই জীবন নিয়ে ফিরে এসেছে এটাই অনেক,1
এই ব্যাগ পলিথিনের মতো হালকা ও টেকসই।,0
"এই অন্তর্বর্তীকালীন সরকার নাকি শান্তিতে নোবেল পেয়েছে, কিন্তু দেশেই তো কোন শান্তি আনতে পারছে না।",0
"এই শীতে টাকার অভাবে কেউ কেউ শীতবস্ত্র কিনতে পারে না।আর তোরা সেখানে ছেড়া কাপড় পরে ফ্যাশন চুদাস!যাকগে তুর গীবন,তুর ইচ্ছা। বিজয় দিবসের শুভেচ্ছা রইল",1
"লাভ নেই, সম্ভবত রংপুর থাকবে",1
"কেবল অক্ষরের মধ্য দিয়ে পরিচয়ের বদলে লেখকের আচরণ, ব্যক্তিগত মতাদর্শও সেখানে পাঠকের সামনে দৃশ্যমান হয়।",0
"৪২০ শুধু একটা নাটক ছিলো না,, ওটা আওয়ামীলীগের বাস্তব চিত্র।",0
"অসুস্থ ছিলাম, আরও অসুস্থ হয়ে গেলাম।",1
কিছু ই বুঝতাসিনা,0
বিদেশি হাইড্রোলিক হ্যামার টা ও কি থাকবে?,0
আমি রাজশাহীর গ্রুপগুলোতে দেখে খোঁজ নিয়ে দেখলাম সত্য,0
বাংলা সৃজনশীল এর ঘ নং প্রশ্নের উত্তর,1
"আমি একাউন্টিং এ মাস্টার্স। অথচ নাইন-টেন ২ বছর, ইন্টারমিডিয়েট ২ বছর, অনার্স মাস্টার্স ৫ বছর। এই নয় বছরে একাউন্টিং এর মাত্র ১০ শিখেছিলাম। অথচ একাউন্টস ডিপার্টমেন্ট এ চাকরি করে ১ বছরে বাকী ৯০ শিখেছি। আমাদের দেশের পড়াশোনার সিস্টেম সময় নষ্ট করা ছাড়া আর কিছুই নয়।",0
আপুকে একদিন ব্রাশ করাবো আমি,1
"কথায় আছে এই দিন দিন না,আরো দিন আছে, এই দিন নিয়ে যাবে সেই দিনের কাছে। এটাই বাস্তবতা",0
এমন একটা ঘটনা রিসাইকেল বিনে হইছিল। উনারা খুব বাজে ছিল,0
নাটক কম কর পিও। তুমি যে এলজিটিবিকে প্রোমোট কর তোমার ব্যবহারে বুঝা যায় পিও,0
প্রযুক্তি খাতে উন্নয়নের জন্য বড় কোম্পানির বিনিয়োগ প্রয়োজন।,0
নিজের পছন্দের জন্য কখনো ক্ষমা চাইবেন না।,0
উনার জীবনের এই সংগ্রাম আমাদের শেখায় যে হতাশ হয়ে থেমে গেলে চলবে না। নিজের জন্য লড়াই করে এগিয়ে যাওয়ার মানসিকতা রাখতে হবে।,0
ডিজিটাল যুগে মানুষ আধুনিক ও স্মার্ট হলে তাহলে হাস কেনো বাদ যাবে।,0
এতো টাকা পয়সা তবু আনসেটিসফাইড ক্যান ভাই? আরও টাকা লাগবো নাকি? আর তাদের গাড়িতে উঠেই লাভ কী? চাকরি দিবে নাকি?,1
এক্সের বান্ধবীর ৪.৬৩ আসছিলো। পার্ট মেরে বোর্ড চ্যালেন্জ করছিলো। পরে রেজাল্ট আসছে ৩.১২,1
ঈদের আগে এরকম বাজে সিদ্ধান্ত নেওয়ার আগে আরো ভাবা উচিৎ ছিলো।,1
শান্তির জন্য নিজের পছন্দকে বেছে নিন।,0
"পিনাকীরে এদেশের একশ্রেণির মুসলমান আল্লাহর কাতারে নাউজুবিল্লাহ নিয়ে গেছে। এদেশের মানুষ রুখে না দাঁড়ালে ওঁরা পুরো দেশ ধ্বংস করে দিবে, বিশ্বাস না হলে অপেক্ষা করুন আপনি-ও আক্রান্ত হবেন খুব শীঘ্রই",0
পুরো পৃথিবীর ক্ষমতা রোবটরা হাতে নিয়ে মানুষদের ধ্বংস করার চেষ্টা করে। প্রতিটি রোবটের আলাদা কোড নং থাকে। তারা শারীরিক গঠনও চেন্জ করে ফেলে। মানুষ থেকে দ্রুত চিন্তা করার ও তথ্য বিশ্লেষণ করার ক্ষমতা থাকায় ভয়াবহ অবস্থা তৈরী হয়ে। এমন সম্ভবনার কথা ২৫ ২৬ বছর আগে হুমায়ুন আহমেদ তার এক সায়েন্স ফিকসনে দেখিয়েছেন।,0
"মনে হতো এই বুঝি এ প্রশ্নটা কমন পড়ে গেলো,,",0
"আর এইটাও বলে রাখলাম যতই নিউজ হোক আর ডেট দিক বিএনপি সরকার গঠন না করলে জিবনেও হবেনা, এদের এইগুলা শুধুই সান্ত্বনা ছাড়া আর কিছুই না।",0
সত্যিই বিস্ময়কর! ChatGPT ! ভবিষ্যৎ কৃত্রিম বুদ্ধিমত্তার! পৃথিবী ভয়াবহ দ্রুতগতিতে আগাচ্ছে। অথচ আমরা এখনো ঠিক করে পাঠ্যবই লিখতে পারছি না। অথচ গৎবাঁধা মুখস্থ বিদ্যা বাদ দিয়ে নতুন দিনের জন্য ভবিষ্যত প্রজন্মকে প্রস্তুত করতে হবে।,0
কর্মক্ষেত্রে নিজেকে প্রমাণ করার জন্য কাজ দেখানো সবচেয়ে বেশি প্রয়োজন।,0
"কাওকে অভিশাপ দিতে হলে, বিবাহ হওয়ার আশীর্বাদ দিলেই হবে।",1
আসলে শরষের ভিতরেই ভূত। সরকার নিজের স্বার্থ হাসিল করতে গিয়ে নিজেদের জালে আটকে গেছে। মানুষ নিজের বিবেকের তাড়নায় সত্য কথা বললেই সরকারের সমালোচনা করলে রাষ্ট্রদোহী মামলা করা হয় আর প্রিয়া সাহার খুটির জোর আসল কোথায় থেকে যেখানে এতো বড় অপরাধ করার পরে ও আদালত মামলা না নিয়ে খারিজ করে দেয় এটা বোঝার বিষয় ।,0
এগুলো কিন্তু কালো জাদু,1
"শেখ হাসিনা ভাষন দিবে,এই সংবাদ টি বিবিসি বাংলাতে প্রথম নিউজ দেখেছি,তা বুলডোজার কোথা থেকে এলো,এ সংবাদ বিবিসি দিতে পারেনা?",0
এরকম আরও বেশী বেশী করা উচিত! কাপড় আরও কম কেন নেই!,0
এটি একটি বেশিই সত্যি,1
চীনা বিজ্ঞানীরা পুরনো জিপিইউ ব্যবহার করে কৃত্রিম বুদ্ধিমত্তার দক্ষতা বাড়াতে সক্ষম হয়েছেন।,0
"জাতির কি দুর্দিন চলছে! টোকাই,টিকটকার, কন্টেন্ট ক্রিয়েটর""রা এখন জাতির সাহিত্যক শ্রেষ্ঠ বুদ্ধিজীবি!!",0
প্রত্যেকটা বাবা ই সন্তানের জন্য একজন অসম্ভব দায়িত্ববান মানুষ ভালো থাকুক পৃথিবীর সকল বাবা,0
আপনার বিয়ের খবরেই যেনো সে মারা যায়,1
আমি দিতীয় বিশ্ব যুদ্ধ দেখিনি কিনতু পদদা সেতু উদ্বোধন যে পৃথিবীর অষ্টম আশ্চর্য এটা শাওনের মুখ থেকে বলতে দেখেছি।,1
"এটাতো রীতিমত প্রতারণার সামিল। এত বড় পেইজে এমন সার্ভিস মোটেই মানা যায়না। ভূল হতেই পারে, কিন্তু ৩মাসেও বই পরিবর্তন করে না দেওয়া এ কেমন কথা? মানুষ হুমড়ি খেয়ে আবার এদের বই কিনে",0
শেষের কথা গুলো সত্য এবং অনেক মূল্যবান,0
নীলগাই না পালিয়ে যদি একটা রয়েল বেঙ্গল টাইগার ফালাইতো ঢাকা শহরের যানজট কিছুটা কমে যেত,1
"কত স্বপ্ন নিয়ে কত আয়োজনের মধ্য দিয়ে বউ ঘরে আসে,অথচ...।",1
"মানে সহজ হিসাব- যে চুলোও যাবে যাও, গাজা ছাড়ো। গাজা নিয়ে ইসরায়েলের দাবি সঠিক।",0
"এক নোবেলে বার্মা শেষ, আর এক নোবেলে বাংলাদেশ। সুতরাং হটাও নোবেল বাঁচাও দেশ, নইলে কিন্তু বাংলা শেষ!!",1
"খুবই হৃদয়বিদারক ঘটনা, মৃত ব্যক্তির ঋণের দায় থেকে শিশু ও শিশুদের মাকে কে মুক্তি দেয়া হোক।",0
"যোগ্যতা থাকলে কাজের অভাব হয়না, অভিনয় চাকরি সবই বাহ অসাধার",0
পরীক্ষা সহজ ছিল।,0
আকাশ ভরা তারা,1
সাংবাদিক ভাইয়ের হেডলাইন টা,1
"চিরন্তন সত্য কথা,, আগের দিনের মা বোনদের সাথে তুলনা করা সম্ভব নয়,তারা আমাদের থেকে অনেক সম্মানি, তাদের অভাবের সংসারে ও কখনো ঝগড়া কাইজ্জা হয়নাই,আর আমরা এতো পরিপূর্ণ হয়েও সংসার করতে পারি না অশান্তি লেগেই থাকে",0
আপনি এসব বলছেন আল্লাহর ভয় থেকে না আপনার ক্যারিয়ারের ভয়ে আর এগুলো আপনি শিখেছেন আপনার পরিবার থেকে আপনার সাষ্তি দেবার মানুষ কেউ না মানুষ হচ্ছে উছিলা মাত্র এসব আল্লাহর গজব আপনার উপর।,0
স্তব্ধ পুরো চট্টগ্রাম যেন ভয়ানক এক মৃত্যুপুরি। অনবরত সাইরেন বাজিয়ে ছুটছে অ্যাম্বুলেন্স,0
খবরদার কেউ আলো নিভানোর চেষ্টা করবা না। সারারাত যেন আলো জ্বালিয়ে রাখা হয়।,1
ন্যায্য বেতন এবং কাজের মূল্যায়ন প্রযুক্তি খাতের অগ্রগতির জন্য অপরিহার্য।,0
বিয়া করার আগে সবাই কিস্তি তুলে লোহার খাট কিনে নিও,1
যত যাই হোক নোটি বলা যাবে না,0
ক্যাপশন দেখে ভাবছিলাম তার নিজের টা গেছে,1
এই সাইকো মহিলা বস্তা পচা স্বজন হারানোর বেদনার গাল গল্প ছাড়া আর কি বলবে।,0
হাটার সময় মনে হয় কে জানি আমারে লুকিয়ে লুকিয়ে ফলো করছে।কি আজিব মন,1
এই কাফি যখন চাকমাদের সম্পর্কে অনেক আজেবাজে কন্টেন্ট বানিয়ে ছিল তখন তো সবাই চুপচাপ ছিলো। তখন কোনো বাঙালিকে দেখিনি প্রতিবাদ করতে,0
"দেশের শান্তি ফিরিয়ে আনতে হলে শুধু অভিনেত্রী নয়, কথিত লেখক, সাংবাদিক, বুদ্ধিজীবী এমনকি ইউনিয়ন পর্যায়ে যারা ভারতীয় এজেন্ডা বাস্তবায়নে জন্য কাজ করছে, যারা ফ্যাসিবাদের দোসর এই সকল মেম্বার, চেয়ারম্যান, পাতিনেতাদেরকেউ অতি দ্রুত গ্রেপ্তার করা উচিত বলে আমি মনে করি।",0
আমি আজ প্রথমবার মেয়েটির বক্তব্য শুনলাম। আমি মেয়েটির নাম- ধাম কিছুই জানিনা। কিন্তু মেয়েটির এই অসম্ভব সুন্দর বক্তৃতা তার অমায়িক ব্যক্তিত্বকে ফুটিয়ে তুলেছে।,0
কপালটা খারাপ সাকিব খানের। খারাপ লাগে তার জন্য।,1
বর্তমানে এই মানুষটার এস্ট্রোফটোগ্রাফিক কনটেন্টই আমার পছন্দের তালিকায় সবার ওপরেই আছে। উনি আরও ভালো করুক।,0
শাকিব খান খুব ভালো মালিক,0
খুব অন্যায় হয়েছে শাস্তি পেতে হবে,0
আমার বরও রোজ কোলে তুলে রোজ নাচায়,1
"যারাই অতিরিক্ত ভন্ডামি করে,অতিরিক্ত ধর্মপ্রাণ প্রমাণ করতে চায়,যারাই এক্সট্রিমিজম প্রচার এবং প্রসার করে তারাই আমাদের আন্তর্জাতিক শত্রুদের এজেন্ট এবং দোসর।",0
"বাংলাদেশ টেস্ট খেলার জন্য এখনো উপযুক্ত হয় নি, আইসিসির উচিত বাংলাদেশ কে টেস্ট থেকে বরখাস্ত করা।",0
পানিতে গেলে ব্যাগটি মাছের খাদ্য হিসেবে পরিণত হয়।,0
"আপু আপনার এতটা খুশি হওয়া বা উস্কে দেওয়ার দরকার নাই,আগে যা হয়েছিল,এখন দ্বিগুণ হচ্ছে, এরা সবাই এইদেশের মানুষ, সময় কিভাবে দাড়ায় এটা আপনি আমি বলাটা যে বড়ই কঠিন",0
"মুসলমান মানেই শান্তিকামী, উত্তম ব্যবহার আর মানুষকে সম্মান প্রদর্শন কিভাবে করতে হয় সেটা একমাত্র ইসলামী নীতিমালাই বলে দিচ্ছে বারবার, এটাই ইসলাম",0
"আর বোরকা পরে আরেক ব্যাডার থেকে ফুল পেতে হবেই বা কেন?বোরকা পরলে বোরকার মত সম্মান ডিজার্ভ করে মেয়েটা,এখন বোরকা যদি ফ্যাশন করে পরে তাহলেতো আর কিছু করার নাই।",0
এখন আমাদের কি করণীয়,0
আল্লাহ আপনাকে হেদায়েত দান করুন ৷,0
আমেরিকায় তো টিকটক নিষিদ্ধ!,1
নান্নু গং এর জামাতার এশিয়া কাপ শেষ।,1
"বাহ,,,আমার শৈশব থেকে সব শিক্ষা, সব জানা বিষয় ধীরে ধীরে মিথ্যে হয়ে যাচ্ছে ,,,কী ভাবতাম উনারে, আর কি বাস্তবতা ছিলো!!",0
তার অপরাধের শাস্তি আপনাকে দেয়ার দায়িত্ব কে দিলো।আপনি তো দেখছি তার চেয়েও খারাপ।,0
পিনাকী একটা ফেরাউন এর কথায় ইসলামী দলগুলো নাচতেছে।আস্তে আস্তে বেহেস্তের দরজা খুলে যাচ্ছে পিনাকী সহ একসাথে সবাই জান্নাতে প্রবেশ করবেন।,1
বাংলাদেশের বুক ক্যাফেগুলো আপাতত সীমিত আকারে শহুরে পাঠকদের সেই চাহিদা মেটাচ্ছে।,0
ছাত্রদের বেশিরভাগই নিম্নমধ্যবিত্ত পরিবারের সন্তান হওয়ায় তাদের পরিবারের সদস্যরা কোচিং সেন্টারের কার্যক্রম বুঝে না। এই কারণে অনেক সময় ছাত্ররা বিভ্রান্ত হয় এবং তাদের অভিভাবকরা সঠিক সিদ্ধান্ত নিতে পারে না।,0
"এমন লিখছে মানেই কি প্রেমিকা আছে নাকি , ওর বয়সের ভাই আছে আমার সে তো আমার কাছ থেকে মেহেদী দিয়ে এভাবে ওর আর ওর খুব ভালো বন্ধুর নাম লেখে ওদের এই বয়সের বন্ধুত্ব অন্য রকমের",0
"বিসিএস প্রস্তুতির জন্য এমন বিস্তারিত গাইডলাইন দেওয়া হয়েছে, যা অনেক কাজে আসবে।",0
সফল হওয়ার আগে পর্যন্ত চেষ্টা চালিয়ে যেতে হবে। সফলতা আর ব্যর্থতা হল জীবনেরই এক অবিচ্ছেদ্য অংশ। সব ভুলে কঠিন পরিশ্রম করে এগিয়ে যেতে হবে।,0
বন্ধুদের সঙ্গে সময় কাটানো বা খেলা আমাদের জন্য সত্যিকারের শক্তি।,0
যেভাবে কমেন্ট পড়ছি এইভাবে স্কুল কলেজে পড়লে আজকে ইঞ্জিনিয়ার হইতাম,1
"আল-কুরআন বা ইসলামিক ইতিহাস এর মাধ্যমে বুঝানোর জন্য অনেক ধন্যবাদ,স্যার।এসব তথ্য আমাদের শরীরকে সুস্থ থাকতে সহায়তা করবে।মানুষ বুঝতে পারবে ইসলাম অর্থ শান্তি কেনো,ইসলাম মানুষের কল্যানেই কাজ করে থাকে। আমি গর্বিত মুসলিম ঘরে জন্মেছি বলে।আল্লাহ আমার রব সৃষ্টিকর্তা।",0
নিজের ডায়েট সচেতনতা নিয়ে আলোচনা।,0
আগে থেকে মেইলটা অন্তত দিয়ে রাখা উচিত ছিলো,1
"এই ধরনের সমাজিক পরিবর্তন নিয়ে আলোচনা হওয়া উচিত, যাতে সবার মতামত শোনা যায় এবং সমস্যা সমাধান হয়।",0
প্রয়োজন ছাড়া হাইওয়েতে বাইক চালাবেন না।,0
তবুও মানুষিই সেরা। অমানুষ তো পাপে ঘেরা,0
এটা এই প্রজন্মের ক্ষোভ। বাপকে বেইচা মানুষকে গুম-খুন করার ক্ষোভ। চোখের সামনে তাদের ভাই-বোনদের রক্ত ঝরানোর ক্ষোভ। এটা যেকোন স্বৈরাচারের-অত্যাচারীর জন্যে বড় শিক্ষা হয়ে থাকবে। যদিও কেউ-ই ইতিহাস থেকে শিক্ষা নেয় না।,0
যদি তুমি সফল হও তোমার ছেড়া জামাটাও ইতিহাস আর যদি ব্যর্থ হও তাহলে তোমার সুট পড়াটা ও উপহাস।,0
আমার মনে হয় হার্ড ওয়ার্ক থেকে স্মার্ট ওয়ার্ক বেশি জোর দেওয়া উচিত,0
নতুন মিয়া খলিফাগো দেখার জন্য অপেক্ষা করতে আছি,1
এমন একটা সহধর্মিনী আমার জীবনেও আসোক,1
সেই রকম কবিতা,0
সন্তানদের প্রতি ভালোবাসা ও সঠিক দিকনির্দেশনাই তাদের নিরাপদ রাখবে,0
অত্যন্ত চমৎকার পোস্ট টাকা পাওয়া যায় কিন্তু জীবনের চরম সুন্দর রোমান্টিক মুহূর্তগুলো চিরতরে হারিয়ে যায় যা পুরন করা অসম্ভব হয়ে যায়।,0
"আমি বুঝলাম না,যে একটা বাজারের মেয়ে আর আরেকটা রাস্তার ছেলে কে নিয়ে নিউজ করার কি আছে,এই রাস্তার ছেলে-মেয়ে গুলন সমাজ নস্ট করার কারিগর",0
এ-ই রকম 'জান' কই পাওয়া যায়??,1
এটা হচ্ছে গাড়ির ইলেকট্রিক্যাল একটা যন্ত্র যার নাম সিডিআই,1
শুধু কমালে হবে না কারা এই সিন্ডিকেট করে দাম বাড়িয়ে ছিলো তাদেরকেও ধরতে হবে,0
তাহলে ওই live together পর্যন্তই থাকবে...বিয়ে আর হবে না,1
"স্বপ্নপুরণে শুধু আবেগ নয় বেগ দরকার। সাথে বিনয়ী মনোভাব, শেখার তাড়না ও প্রেরণা।",0
আচ্ছা এদের কি জুলাই আগস্টের কোনো মামলায় ঢুকিয়ে দেওয়া যায় না ?,1
"একজন সৎ আদর্শবান ডাক্তার হতে গেলে দরকার নিজের সৎ চিন্তা ভাবনা।এখনি তুমি টাকার কাছে বিক্রি হয়ে গেলা,,না জানি কত অভাবী লোক তোমার কাছে চিকিৎসা নিতে এসে,,টাকার কারনে পরাজিত হয়ে যায়।",0
এই সব মেয়ে ভবিষ্যতের খানকি।,0
আমি বুঝছি এতগুলোর মধ্যে আমি একাই লিজেন্ড,1
প্রশ্নের জবাব দেওয়ার জন্য আলাপটা বোধ করি শুরু করা দরকার গত শতকের নব্বইয়ের দশক থেকে।,0
এসে গেছে নতুন মাতা তাকে ছেড়ে দিতে হবে স্থান,1
বইটি অর্ডার করতে আপনার মোবাইল নম্বরসহ ঠিকানা ইনবক্স করুন।,0
আওয়ামী লীগ কোন রাজনৈতিক দল নয়। এটি ভারতের গোয়েন্দা সংস্থা 'র' কতৃক পরিচালিত একটি এজেন্ট।যারা ইসলাম বিরোধী কর্মকান্ড এবং ভারতের স্বার্থ সুরক্ষায় কাজ করেছিলো এবং করে থাকে!!,0
"বাংলাদেশে যার মূল্যায়ন যথার্থ হয় না , তার প্রস্থান করাই উত্তম",0
রান্না চলাকালীন নিয়া যা খাইতাম তা হোটেলে ৩-৪ জনের খাওয়ার সমান,1
আমাদের বাংলাদেশের বড় পর্যায়ের শিক্ষকেরাও সুবর্ণ আইজ্যাক বারি কে ফলো করে,1
"সমাজে বিশৃঙ্খলা কমাতে হলে, শিক্ষা ও সংস্কৃতির দিকে মনোযোগ দেওয়া উচিত।",0
কারও অনুভূতি নিয়ে খেলা করা কখনোই ঠিক নয়।,0
"বইটির লক্ষ্য অনেক বড়, তবে বাস্তবে কী ধরনের পরিবর্তন আনতে পারে তা নিয়ে সন্দেহও রয়েছে।",0
কি হলে রাজনৈতিক দলগুলো একে অপরের প্রতি বেশি বিশ্বাসী হবে?,0
"আমার ব্যক্তিগত ধারনা আগামী এক দুই দশকে এই ক্ষেত্রে ব্যাপক পরিবর্তন আসবে। এক্স৮৬ মাইক্রোপ্রসেসর ভিত্তিক বাজার ধীরে ধীরে এ.আর.এম. দখল করে নেবে, বলা যায় এটা অবশ্যসম্ভাবী।",0
কতোবার আর লজ্জা দিবেন ভাবীকে যে সে ওয়াশ রুমে কবুল বলছে,1
আট বছরের সম্পর্কের পর তাদের বিয়ে ।,1
পরিশ্রম করে সফল হতে হবে এটাই আমার ভালো লাগলো পরিশ্রম করা কথাগুলা অনেক রাইট,0
পেপে পেকে ভিতর থেকে ওই গাছ হয়ে গেছে,0
"লেখাটা খুব সুন্দর ছিল, ভাবিয়ে তুললো",0
শব্দটি শুরুর দিকে কেবল জেন জি ও জেন আলফা সম্প্রদায়েই ব্যবহৃত হতে দেখা যাচ্ছিল।,0
আওয়ামী লীগের লুঙ্গির নীচে থেকে বের হয়ে আসছে।স্বাধীনতার পরও বিজয়ের কিছু পরে স্বাধীনতা বিরোধীরা পতাকা হাতে নিয়ে আনন্দ মিছিল করেছে।,1
মা-বাবাকে খুশি কর।তাদের খুশি করলে আল্লাহ খুশি হয়।মা-বাবার কাছ থেকে সফলতার জন্য দোয়া নাও।মা-বাবার দোয়া আল্লাহ সবসময় কবুল করেন,0
ইচ্ছা আছে দুই সন্তানকে এই ভাবে পড়া লেখা শিখাবো ।,1
দ্রুত শুরু করুন। এটা ভালোলেগেছে। কারন মানুষের সময় কম কাজ অনেক বেশি। এটা সে ভালোভাবেই উপলব্ধি করতে পেরেছিলেন,0
তাহলে আবিষ্কার তো হয়েই গেল।,0
জনকেরির ঝটিকা সফরের কর্মসুচিতে মনেহচ্ছে আমাদের মাননীয় প্রধানমন্ত্রীর আর্শিরর্বাদ নিতে এসেছেন।,0
বিশ্ববাজারে পাটজাত পণ্যের চাহিদা বৃদ্ধির ফলে বাংলাদেশের অর্থনীতিতে ইতিবাচক প্রভাব পড়বে।,0
বোবা যখন কথা বলা শুরু করে তখন এই অবস্থা,1
পিনাকি ভট্টচার্যায় দাদা এবং ইলিয়াস ইনাদের পরিকল্পনা টাই সঠিক। তারা অবশ্যই এদেশে আসবে ইনশাআল্লাহ। এদেশের আগাছা দমন করা পর্যন্ত উনারা দেশের বাইরে থেকে নেতৃত্ব দেবেন ইনশাআল্লাহ। যারা দেশের বাইরে বসবাস করছে তারাই ভালো জানে তাদের মনে ব্যথা বেদনা। ছোট ফাই ইলিয়াস এবং পিনাকী দাদাকে অশেষ ধন্যবাদ দেশের জন্য এগিয়ে আসুন।,0
এখানে তো ভাইয়ের ছড়াছড়ি,1
এরে কেউ থামা!,1
দিনশেষে কেউই পাশে থাকে না,0
"কি লাভ হলো ভাই এতো কষ্ট করে পড়াশোনা করে।এতো বড় একটা জায়গায় তুমি ভর্তি পরীক্ষায় ১ম হয়ে তোমার নিজের, তোমার বাবা-মায়ের নাম স্বপ্ন পূরণ করলে।অথচ সেই তুমি সামান্য কয়টা টাকার কাছে তোমার এতদিনের কষ্ট করে অর্জিত সোনার হরিণটুকু বিক্রি করে দিলে?",0
মানুষ সবচেয়ে বুদ্ধিমান জাতি শুধু এই যুগের জন্য না।তাই বিস্ময়কর সৃষ্টি তখন ও ছিল। তবে আধুনিকতার মানে সহজলভ্যতাকে বোঝায় সৌন্দর্য নয়। আদিকালে এমন স্থাপত্য ছিল বটে। তবে তা শুধুমাত্র রাজা বাদশাহদের জন্য।সাধারন মানুষের নাগালের বাইরে ছিল।এত মেধা আর পরিশ্রম দিয়ে স্থাপনা তৈরী করা হতো শুধুমাত্র সৌন্দর্য বর্ধনের জন্য আদতে যা মানুষের কোনো উপকারে আসবেনা। এখন যেমন সামান্য অর্থ দিয়ে আপনি।জীবনযাত্রাকে সহজ করে তুলতে পারবেন তখন সেটা সম্ভব ছিলনা।,0
প্রকৃত বিজ্ঞানীরা সৎ হয়ে থাকেন।,0
রাষ্ট্রের বিরুদ্ধে যে কোন ষড়যন্ত্রের কঠোর বিচার চাই।,0
ঐ যে হেলমেট পরা বাইকওয়ালার সাথে উঠে যান নাইলে স্কুটিও আছে একটা,1
"অক্সফোর্ড ইউনিভার্সিটি প্রেস বলছে, এই শব্দ ২০২৪ এ এসে নতুন করে লক্ষণীয় হয়ে উঠেছে।",0
জীবন যুদ্ধে আরো একধাপ এগিয়ে গেলেন ডাঃ সাহেব !,1
তথ্যবহুল পোস্ট।,0
"এক কথায় অনবদ্য কোনো তুলনা হয়না , এটাই প্রমান করে যে গুনের কাছে রূপ কখনোই পেরে ওঠে না",0
"সাইন্সল্যাবের পক্ষ থেকে সাবান,শ্যাম্পু আর আতর বিতরণ কর্মসূচি ঘোষণা করেন।",1
"তাহলে তো জনসমাগম না করাই ভালো, আমাদের স্বপ্নের সেতু কি ভিডিও কনফারেন্সে উদ্বোধন করবেন প্রধানমন্ত্রী?",0
"জনগণ, ম্যাথ ট্রিক্স গুলা দেখতেছেন?",0
স্বাধীনতা সংগ্রামের পরও আমাদের রাজনীতির পরিস্থিতি তেমন পরিবর্তন হয়নি,0
আল্লাহ যদি তোরে হাত দিত তুই যে কোন পর্যায়ে যাইতে এটা আল্লাহই ভালো জানেন,0
শিশুর শ্বাসকষ্টের কারণ নিয়ে ভুল বোঝাবুঝি চিকিৎসকদের দ্রুত ও কার্যকর ব্যবস্থা গ্রহণে বাধা সৃষ্টি করতে পারে। সঠিক তথ্য প্রদান এতে সহায়তা করে।,0
চমৎকার একটা কথা সাব্বির আমেরিকা চান্স পেলেই ভালো,0
শেখ হাসিনার হাতে রোবট নিরাপদ ছিল সেটা চীনে আবারো প্রমাণিত হল! রোবট গুলো ফিরিয়ে আনতে না পারলে ইউসুফ সরকারকে চরম মূল্য দিতে হবে।,1
পোষ্য কোটার কারণে অনেক পরিবারের পেশাগত স্থায়িত্ব তৈরি হয়েছে।,0
"এত বড় কিছু এতদিন চোখের আড়ালে ছিল, এটা শুনলেই অবাক লাগে!",0
তোমার বেশিরভাগ পোস্ট অত্যন্ত টক্সিক এবং বিরক্তিকর!!,0
"ইবলিশ স্বয়ং ধাধায় পড়ে যায় শেখ হাসিনারে দেখে। ""আমি কি ওর ওস্তাদ নাকি ও আমার ওস্তাদ"" -এইটা ভেবে।",1
"আমাদের সমস্যাটা হলো হিংসা তাই ইচ্ছা থাকলেও কেউ হেল্প করবে না আর যদি দেখে পরিচিত কেউ ,তাহলে তো আর কথাই নেই",0
"এই পৃথিবীতে কিছু জিনিস আশ্চর্য রকম সুন্দর, যেমন আম্মু আব্বুর মুখের হাসি!",0
"ভাই এটা জমজমের পানি। খাইলে শরীরের সমস্ত জীবানু মারা যায়, আমাকে এক ছাত্র বলেছে।",1
"এই ধরনের পরামর্শগুলো আমাদের জন্য খুবই সহায়ক, বিসিএস প্রস্তুতিতে ভালো ফলাফল আশা করি।",0
টুকাই লীগ থেকে মুক্ত হয়ে গাজাখোর উগ্রবাদী পিনাকীর হাতে বাংলাদেশ।,0
পাবনার সিকিউরিটি গার্ডকে আইনের আওতায় আনা উচিত! সে কিভাবে পালালো!!,1
বেচারার চেহারা দেখেই তো মনে হয় সে এই ড্রেসের উপর বিরক্ত,1
সব মেয়েরা স্বামীর মন জয় করতে পারে না।বাবা মার মন জয় করে অনেক মেয়ে,0
"তোমার কাজ এতই পারফেক্ট আর নিখুঁত যে, মনে হচ্ছে তুমি সেটা রাতভর চোখ বন্ধ রেখে, একটা হাত দিয়ে আরেক হাত বাঁধা অবস্থায় শেষ করেছ!",1
"অবশ্য যারা বিজেপি কে সবকা সাথ, সবকা বিকাশ মনে করেন তাদের জন্য আমার এই আর্টিকেল নয়।",0
"অর্জুনকে নিয়ে সমালোচনা করার বদলে ওকে উৎসাহ দেওয়া উচিত। সবার জীবনে উত্থান-পতন থাকে, সময় সব ঠিক করে দেবে।",0
আল্লাহ যেন তোমাকে সুখে রাখে সারা জীবন,0
সুখে থাকলে ভূতে কিলায়,1
"যার যায় সেই বোঝে,,প্রকাশ করার মাধ্যম ভিন্ন হতেই পারে... এই টুকুতে কাউকে জাস করা যায় না",0
স্তাম্বুল উপদ্বীপের সর্বপূর্ব বিন্দুটিতে অবস্থিত ইস্তাম্বুলের তোপকাপি প্রাসাদ ছিল উসমানীয় সাম্রাজ্যের শাসকদের বাসস্থান বর্তমানে এটিকে একটি জাদুঘরে পরিণত করা হয়েছে।,0
কিন্তু এইটা ভাল্লাগে আমার,0
পাকা খেলোয়াড় না হলে নিজের ৬০০০ কোটি টাকা ট্যাক্স মওকুফ করায়ে জনগণের উপর ১২০০০ কোটি টাকার ট্যাক্স ভ্যাট চাপিয়ে দিতে পারতেন না।,0
এই সময়ে এসে এমন সংবাদ আশা করি নি।দোয়া করি তাড়াতাড়ি সুস্থ হয়ে উঠেন।,0
"কেউ না থাকলে কেমনে রাখবো, কার ছবি রাখবো",0
"নেতাজী সুভাষচন্দ্র বসু বলেছিলেন,,, বাঙালি আজকে যা ভাবে দুনিয়া আগামীকাল তা ভাবে,, অতএব,এতেই বোঝা যায় যে আমাদের চিন্তা ভাবনা কতই উন্নত ,,,শুধুমাত্র সঠিক পৃষ্ঠপোষকতা আর ব্যবস্থাপনার অভাবে আমরা অনেক মেধাকে হারিয়ে ফেলছি এভাবেই ,,,,এরকম মুগ্ধর মত হয়তো আরো অনেক মুগ্ধ আছে যাদের খুঁজে বের করলে আমরা আমাদের সংস্কৃতি আমাদের ক্রীড়াঙ্গন আরো বিভিন্নভাবে উপকৃত হবে",0
"নির্বাচনের পর যদি কেউ গেম থেকে বেরিয়ে যায়, তাহলে কি নতুন হিসাব হবে?",0
"আল্লামা সাঈদী সহ অগণিত আলেম হত্যার অভিশাপ, সাধারণ মানুষ ও ছাত্র জনতাকে আহত নির্যাতন হত্যার অভিশাপ গণঅধিকার পরিষদের ভিপি নুর সহ অগণিত নেতাকর্মীদের জেল জুলুম নির্যাতন এর অভিশাপ, লেগেছে",0
নিমের উপকারিতা নিয়ে প্রচারণা বাড়ালে বেশি মানুষ আগ্রহী হবে,0
আপনি বর্তমানে জানলে এমন পোষ্ট দিতেন না। বর্তমানে এর ঠিক উল্টো,0
বিদেশি সব কিছুই ভালো । বিপিএল এ হলে এতক্ষণ এ ঝড় উঠতো,0
আমাদের খরচ কতো হলো ট্যানেল বানাতে।,0
ভাই আমার ওই বসন্ত মানে চিকেন পক্স ও আসেনি,1
নারীদের সম্মান করা আমাদের মূল দায়িত্ব। ইসলামের শিক্ষা এটাই।,0
বেচারা ইকনমি থেকে বিজনেস ক্লাসের কেবিনের আরেকটু ভিতরে ঘুটে ছবি তোলার সাহস করতে পারেনি।,1
"এটা খুব ভাল ভাবেই জানা ছিল যে, গ্রেপ্তার এর নামে দুয়েকদিন নাটক এর জন্য শুটিং চলবে, অত পর শুটিং ধারণ করা সম্পন্ন হলে বাড়ি পৌঁছে দেয়া হবে।",0
সব ফ্যাসিস্ট নর্তকীদের গ্রেফতার করা হউক।,0
একাকিত্ব ভয়াবহ জিনিষ।মানুষের অভাববোধের কারনে মানুষ একাকিত্বের দিকে নিয়ে যাই,0
বাহ... যাই হয়ে যাক না কেন ফিল্টার সরানো যাবে না,1
দুর্নীতি এড়িয়ে এবং নিজের কাজে মনোনিবেশ করেই দেশের জন্য ইতিবাচক অবদান রাখা সম্ভব।,0
বাংলাদেশে যখন তামাশা স্বর্গ রাজ্য আমরা তাদের তামাশা আরো দেখতে চাই।,0
"হিংসা নয়, ভালোবাসা দিয়ে সবার মন জয় করতে চাই। নতুনদের জন্য শুভ কামনা রইলো!",0
শার্টটা কি পলিথিন দিয়ে ডিজাইন করা??,1
"যদি পৃথিবীর সব কাজ AI এর দখলে চলে যায়, কৃষি এমন একটি কাজ যেটা যেটা সবসময়ই থাকবে৷ তাই আমি একজন গর্বিত কৃষক।",0
ভাই সবই তো ইসলামের কাজ এত অহংকার কিসের!,0
"হায়রে মানুষ খবর দেইখা মনে হয়,সপ্ন দেখতাছি,নাহ শরীরে চিমটি দিয়ে দেখি বাস্তব, কি করুম টমাটাইস হয়ে গেলাম",0
এটা কিছুটা হলেও সফল হবে দেখে নিয়েন। এতো দিন ওরা খিচ মেরে বসে ছিল। ওদেরকে ধরে কিনা পর্যবেক্ষণ করছিল। এই উপদেষ্টা পরিষদ ব্যর্থ। নতুন করে সাজাতে হবে।,0
টোল এর টাকা একটু কমিয়ে দিলে ভালো হতো,0
"নিম কীটনাশক পোকা-মাকড় দূরে রাখে, এটি নিয়মিত স্প্রে করলে ভালো ফল পাওয়া যায়।",0
no Comments,0
এইসব এডিট করা যায়,1
মনে রাখবেন - দয়া যেমন খোদার সিগনেচার এক্ট - ইবলিসের হোলো ভিক্টিম কার্ড আর অহংকার ।,0
আমি এই বিষয়ে একটা রিড দিবো দেখি কি করা যায়,1
icc কে বয়কট করে ইন্ডিয়া বাদে সব দেশ নিয়ে ক্রিকেটের আরেক টা সংস্থা খুলা উচিত,0
আকাশটা অনেক সুন্দর,0
ভাজ্ঞিস এসব স্থানে আমি থাকি না,0
আমাকে অনেক আগেই দিয়ে দিছে,1
কেন তুমার কোনো সন্দেহ আছে আমার শিক্ষাগত যোগ্যতা নিয়ে? যেহেতু বাচ্চা মানুষ তাই তোমার সাথে আর কথা বাড়াতে চায়না। ভালো থাকবে।,0
সামনে করোনা তাই আবার লকডাউন দেন। দ্রবমূল্যের দাম বাড়ানো দরকার সরকার।,0
"তথ্য প্রযুক্তির যুগে কোনো তথ্য অচিরেই বদলে যেতে পারে, এটা মাথায় রাখা প্রয়োজন।",0
মৌলিক অধিকার কেড়ে নেওয়া জন্য সিইসিকে বরখাস্ত করা উচিত।,0
আজকে জানতে পারলাম পরামর্শ ভালো ছিল,0
এই আপনারাই অযোগ্য লোক কে বেশিবেশি করে প্রচার করে দেন আপনাদের জন্য এরা ভাইরাল হয়।,0
সাফারি পার্কের কর্মকর্তা কর্মচারীদের পেটের আল্ট্রাসোনোগ্রাম করলেই নীলগাইকে পাওয়া যেতে পারে।,1
গরিব হওয়াটা কোন দোষের নয়। স্বার্থপর বেইমান না হলেই হল।,0
আগেই বিয়ে করে রাখবেন এবং স্ত্রী মারা গেলে পরে ফেসবুকে আপলোড করবেন,1
একজন মেয়ে হিসেবে আমার এই লজ্জা করে উনার কনটেন্ট গুলো দেখতে। এখন বলবেন দেখছেন কেন আরে ভাই ওনার কনটেন্ট গুলো কেউ ইচ্ছে করে দেখে না ফেসবুক কে বলবো ওনারা হচ্ছে বিশ্ব বাটপার উনারা সব সময় সাজেস্ট করে নোংরা নোংরা ভিডিও মানুষের মাঝে।,0
বে কইরা পেরেম করছো যে,1
ভাইয়া থাকে স্পেন আপু থাকে বাংলাদেশে,1
চাচা ধানমন্ডি ৩২ নাম্বারে এত মানুষ কেনো...? আর আওয়ামিলীগ কোথায়...?,1
ওদেরকে লা থি মেরে দাদাবাবুদের দেশে পাঠানো দরকার,0
আর শুনে লাভ নেই বেলা বুড়ি হয়ে গেছে,1
খুব খারাপ অভ্যাস হয়েছে। কষ্টের পোস্টেও হাসি আসে।,1
আলেকজান্ডার আর ময়ূরীর পাশা খেলাও এর চাইতে ঢের ইন্টারেস্টিং...,1
"একজন নাগরিকের জন্য সার্বভৌমত্ব,নিজস্ব জাতীয় সংগীত, পাসপোর্ট অন্যান্য দেশের কাছে নিজের একক পরিচয় তুরে ধরে।আর এর সমন্বিত রূপ স্বাধীনতা।",0
"গেম থিওরি যতই আকর্ষণীয় হোক, বাস্তবতা অনেক সময় ভিন্ন হয়।",0
ছবিটা যখন ১৮ প্লাস তখন তো না দেখে পারা যায় না,1
ডাউন পেমেন্ট ছাড়া কাজ শুরু করা ঝুঁকিপূর্ণ হতে পারে।,0
১৩ মামলার আসামি যামিন পায় কেমনে? আইন তার নিজ গতিতে চলের,0
মবের দেশ বানাতে চাচ্ছে পিনাকী? এটা কি বাংলাদেশের জন্য ভালো?,0
"খারাপ না, তবু্ও একটা সমাধান দিয়েছে। তবে যে কারণে এই সমস্যার সম্মুখীন হয়েছে সেই সমস্যা যেন আর না হয় এ টাই কামনা করি।",0
ট্রাম্প বাদে সবাই অবৈধ,1
ক্লাসের ফোকাস ঠিক ছিল।,0
শিশুর মায়ের ভুল বোঝাবুঝি সঠিকভাবে পরিচালিত হলে চিকিৎসা সেবায় কোনো সমস্যা হয় না। এটি সঠিক যোগাযোগ ও তথ্য প্রদানের মাধ্যমে সমাধান করা যেতে পারে।,0
"সবাই থামেন, বিষয়টা আমাকে আগে বুঝতে দেন।",1
এই অদম্য মেধাবীকে জয়কলি পাবলিকেশন্স এর পক্ষ থেকে তাৎক্ষণিক ফুলেল শুভেচ্ছা ও অভিনন্দন,0
এত আগুন কেন লাগতেছে,0
"মনে হয় ওই গুলো ই জীবনের সেরা মুহুর্ত ছিলো,",0
"তুমি আগে বিয়েটা করো , আর আমাকে নিমন্ত্রণ করো, তারপর তোমাকে কানে কানে গিয়ে বলে আসবো, যেটা সত্যি না মিথ্যা",1
মানুষ আগের মতো বোকা নাই,0
হু পড়াই লাগতো। কতো ই না পড়ুয়া ছিলাম,0
উকে আমিই এদিক সেদিক সিভি ড্রপ করতে বলছিলাম,0
পুরুষ মানুষ সুযোগ পেলে কেবল মাত্র শারীরিক উত্তেজনা থেকে যেকোন নারীর দেহের কাছে যেতে পারে!,0
আমি নির্বাচনের ফলাফল নিয়ে খুবই এক্সাইটেড! কে না কে জিতে! একবার মনে হচ্ছে নৌকা জিতবে আরেকবার মনে হচ্ছে নৌকা জিতবে!,1
রিপন মিয়ার জন্য আজীবন কাচ্ছি ফ্রি করে দিতে হবে।,0
হাউ মাচ প্রাইস দিন শেষ এবার থাইল্যান্ডেরে দিন শুরু,1
তাহলে এই মিম দ্বারা বুঝলাম ডিপ্লোমা কোনো ইঞ্জিনিয়ারিং নয়,1
এমন জীবনের গল্প আমাদের সবাইকে অনুপ্রেরণা দেয়।,0
"আপনার বেলার বিয়ে হয়ে গেছে, নতুন করে অন্য বেলা খুজে নিন।",0
আইরে জীবন মরনের পর জালিমের চাপ প্রয়োগ,0
এটা তো পেছন দিয়ে ঢুকালে মুখ দিয়ে বের হবে,0
শাড়ি টা সুন্দর এন্ড মডেল টা আরোই সুন্দর,0
কপালে টিপ না থাকলে এই শাহবাগীকে দাড়ি দেখেই শিবির বলে চালিয়ে দেওয়া যেত,1
"১৬ বছর পর প্রভু চেঞ্জ হইছে আপনার। ১৬ বছরের অভ্যাস তাই মানায়ে নিতে একটু প্রব্লেম হতেই পারে, টেক আ ডিপ ব্রেথ, আস্তে আস্তে ঠিক হয়ে যাবে।",0
"আমি মেট্রোতে বসে কাজ শেষ করবো এই পরিকল্পনা নিয়ে উঠলে, দেখবো বসার জন্য সিট নাই",0
এটাই বাস্তব। বিশ্বাস না হইলে হেরে জিগাই দেখেন।,1
একজন আসামি আরেকজন পাশামি। একজন দেশে আসতে পারে না আরেকজন দেশে মাস্তানি করে বেড়ায় এটাই পার্থক্য,1
স্বপ্নের মতই প্রকৃতি।,0
এত সুন্দর লাগে,0
"অধ্যাপক ইউনূস জোর দিয়ে বলেন যে স্টারলিংক বিশ্বের ডিজিটাল অর্থনীতির সঙ্গে লাখো মানুষকে সংযুক্ত করতে পারে, যা গ্রামীণ ব্যাংকের নারীদের ও যুবসমাজকে ক্ষমতায়িত করার ঐতিহ্যের ওপর ভিত্তি করে গড়ে উঠবে।",0
এ সময়ই মনে পড়ল ইংরেজিতে এ ধরনের শব্দের ব্যবহারে তারা প্রায়ই অভ্যস্ত এবং ইংরেজি সিনেমা বা ওয়েব সিরিজে এ রকম স্ল্যা শুনে আমাদেরও কান সওয়া হয়ে গেছে।,0
পরিবেশ সুরক্ষার জন্য সবাইকে একযোগে কাজ করতে হবে,0
প্রযুক্তি হয়ে উঠবে শেখার মজার মাধ্যম!,0
দেশে সংবাদের কী আকাল পড়ছে?,1
"যে অন্যের জন্য বেশি ভাবে,তাকেই এরকম করেই প্রতিদান পেতে হয়।",0
এমনকি মাঝে মাঝে নিজেকে শিশুর মত মনে হয়,0
জীবনের এই কঠিন বাস্তবতাগুলো মানিয়ে চলাটাই আসল বুদ্ধিমানের কাজ,0
"এতদিনে বুঝেছি, পাতাললোক ২ দেখতে গেলে শুধু বিনোদনই পাওয়া যায় না, জীবনবোধও শেখা যায়।",0
"সহশিক্ষা একদিকে যেমন সম্পর্কের বিষয়টিকে সহজ করে দেয়, তেমনি কিছু কিছু ক্ষেত্রে সামাজিক নীতি নষ্টও হতে পারে।",0
৩ টা কথা সব সময় মনে রাখবা। ১. ন্যাতা তোমার বিদ্যাশে ২. ন্যাতা তোমার বিদ্যাশে ৩. ন্যাতা তোমার বিদ্যাশে।,1
কাম সারছে এবার প্রেগনেট করে ছেড়ে দিবে,1
বিমান বাহিনীর ঘাটি আর বিমানবন্দর আলাদা জিনিস রে ভাই,0
এমনও হতে পারে পোস্ট দাতা হোটেল ম্যানেজার। এভাবে তিনি মার্কেটিং করতেছে,1
মানবতার আম্মু শেখ হাসিনা দেশ থেকে চলে গেলেও তার এই অদ্ভুত রেসেপি গুলো বাঙালিরা আজীবন মনে রাখবে। আজ শেখ হাসিনা দেশে থাকলে প্রতিটা সবজির বিকল্প উনি বলে দিতে পারতো,1
যে বলচে সে ও লুকাই লুকাই রাতে এমনটা কে বউ কে খুশি করতে,1
এখন সবচেয়ে বেশী প্যারায় পড়বেন এই টাকা ফেরত আসার বেলায়। যে ব্যাংকের হেল্পলাইনেই ফোন দিবেন তারা বলবে তাদের ওখান থেকে টাকা চলে গেছে এটা যে ব্যাংকে টাকা দিছেন সেই ব্যাংকের সমস্যা।,0
আমি এখনো পর্যন্ত মাঝে মাঝে বাপের পুরনো গেঞ্জি পর্যন্ত পরি।,0
সাধারণ একটা ভাষার জন্য কেন মানুষ ১৯৫২ সালে জীবন দিয়েছিলো এই বক্তৃতা শোনার পর কিছুটা আন্দাজ করতে পারলাম,0
আমি হাসতে দেখেছি কিন্তু কানতে দেখিনি,1
আমি স্বার্থক। সারাদিন পরে বিনোদনের কিছু কমেন্ট পাইছি। কিছু ছোলা বুট আর মুড়ির ব্যাবস্থা থাকলে ভালোই হইতো। চিবাইতে চিবাইতে কমেন্ট পরতাম। আজকাল সবজায়গাতে বিনোদন পাওয়া যায় না। তয় একটা কথা মুক্তাদিরের বাপের নন্টুডা পিরানহা মাছের মুখের মতো আছিলো পলিথিন ছিড়া যাইতো। তাইতো মুক্তাদির আজকে চুদিরব্রেটি,1
এক পাগল আর এক পাগলেরে সমর্থন করে,0
অপরিচিত কারো হলে যাওয়ার অনুমতি থাকে?এটা হলের ই কেউ করছে হয়তো মজা করে আবার এমনও হতে পারে কারো রুমে মিষ্টি ছিলো খায় নি জন্য এভাবে মজা করছে,0
"কল্পনার কষ্টের দিন শেষ হয়ে গেছে, এটা জানতে পেরে খুব ভালো লাগলো।",0
"সত্যি বললে, কিছু কিছু ঘটনা কল্পনাতেও ভাবা যায় না।",0
"ওনি ঠিক আছে-আমি পাগল হয়ে গেছি,আমাকে একটু গ্রেফতার করুন...",1
নারায়ণগঞ্জ থেকে ড্যাফোডিল এর বাস ছাড়ে কোথা থেকে?,0
উমমমমম৷ এমন ধৈর্য শীল গফ কোথায় পাওয়া যায়? উমমমমম,1
"হাতে সময় থাকলে সিকুয়েলটা দেখতে ভুলবেন না, গল্পের প্রতি আগ্রহ বাড়বে।",0
ভিডিও টা দেখে মনে হচ্ছে এর চেয়ে বড় motivation আর দিতীয়টা নেই। আড়াই মিনিটের জন্য হারিয়ে গিয়েছিলাম ওনার মাঝে,0
ছিঃকি বিকৃত মন-মানসিকতা। মায়ের বয়সী প্রধানমন্ত্রী শেখ হাসিনা।নোংরা চিন্তা করার একটা সীমা থাকা উচিত।,0
হায়রে ক্ষমতা!! সব বন্ধ করে দিবে। ঈমান চলে গেলে যা হয়। নিজেকে সর্ব শক্তিমান মনে হয়। হায়রে মানুষ! কিভাবে সম্ভব?,0
"হ ভাই, বাসায় বউ রেখে ফেসবুকে এসে বলবি কেউ নেই, বেডামানুষ",1
"এই জায়েদ খান টা আবার কে?? খান লাগাইসে আরে আবাল এর দল আলম এর নাম নিতে হলে হিরো আগে বলতে হয়! তারপর হয় হিরো আলম। ওর সাবলীল কথা, খারাপ সময়ে মানুষের পাশে দাঁড়ানো, ওর বুকের অসীম সাহস ই ওকে হিরো আলম বানিয়েছে বাংলাদেশের মানুষ। তোদের মতো আবালদের ছবি দেখতে এমনিতেও ভালো মানুষ যায় না হলে। মানুষ কে ছোট করে দেখিস! তোর অওকাত কি? আগে সেটা যান!?তোরা ঘেউ ঘেউ ওই এফডিসি পর্যন্তই করতে পারবি।",0
"সহশিক্ষার মাধ্যমে একে অপরকে বুঝতে পারা ভালো, তবে কি সেটা কখনও শৃঙ্খলাহীনতার দিকে এগিয়ে যাচ্ছে?",0
ডুয়ার্সে আসেন ভাই...।,0
লেখাটা পড়ে নিজের কিছু পুরনো স্মৃতি মনে পড়ে গেল,0
কোর্সের কাঠামো উপযুক্ত ছিল।,0
আমাদের আশেপাশে বেশি করে নিম গাছ লাগানো দরকার,0
ডাঃ এজাজ সাহেব প্রথমে একজন ভালো মানুষ। তারপর উনি একজন ভালো ডক্টর । আমি রোগী হিসাবে ২ বার গিয়েছিলাম উনার কাছে। আল্লাহর রহমতে ভালো হয়েছি।আল্লাহ উনাকে নেক হায়াত দান করোন।আমিন,0
"গাছের মতো, আমাদের বন্ধুত্বের শিকড় যত গভীর হবে, ততই আমাদের সম্পর্ক শক্তিশালী হবে।",0
"এত মানুষ আগুন দেখতে আসছে যে, আগুন যারা নেভাতে আসবে তারা কোন দিক দিয়ে আসবে?",0
"কি রে হিরু ভাই... অনেক রাতে হিরুইন যে বাড়ির সামনে কান্নাকাটি করতে দেখলাম কেন করে এসব?? খুশিতে, নাকি ঠেলায়, নাকি ঘোরতে??",1
অপরাধ করে নাই সুতরাং তাদের গ্রেফতার করাই ছিলো ফ্যাসিবাদী চরিত্র।,0
ভাই আমার তো কোন কার্ড নাই আমার কোন সুযোগ আছে,0
আজও কাউকে কোলে নিয়ে নাচাতে পাতলাম না গো,1
"কমরেড সুবর্ণ কে লাল সালাম । এই মুহূর্তে দরকার , কমরেড সরকার ।",1
মামা টা সব দিক দিয়ে যাই,1
হাসিনার মতো একজন মহান বিজ্ঞানি কে আমরা হারালাম,1
"সংবিধান অনুযায়ী মা শেখ হাসিনা এখনো দেশের প্রধানমন্ত্রী, প্রস্তুত থাকুন তিনি আগামী কাল সকালে দেশে ফিরবেন , পাকিস্তান আমেরিকার দালাল সুদখোর ইউনুস ও তাঁর সমন্বয়ক উপদেষ্ঠা পরিষদ পালানোর পথ খোঁজছে, তাঁদের উপর লক্ষ্য রাখুন পালাতে দিবেন না",1
আমার বলগ করার শখ মিটে গেলো,1
জ্বি।আপনারা যারা হিযু আর শিবির সবাই সাধারন মানুষ আর আমরা সাধারন মানুষরা তো বলদা!!,0
আলহামদুলিল্লাহ এটা বাংলাদেশের গর্বের যে শ্রমিকেরা বাংলাদেশের গার্মেন্টসে কাজ করে,0
"যার মন মানসিকতা যেরকম, সে বাবে ও সেরকম",0
লাস্টে শাউয়ো কোথায়,1
"আপনি বা এ দেশের যত শিক্ষিত লোক আছে তার চেয়ে হিরো আলমের মন মানিকতা ভাল আছে,ওর মনে বল আছে,আছে অনেক ধর্জ, আপনার মর্তি তো কেউ বানায় না",0
আপনার পার্সোনাল লাইফ নিয়ে ভিডিও চাই,0
"শেষবার যখন ক্রিশ্চিয়ানো রোনালদো একটা ইউরোপীয় গোল্ডেন বুট জিতে তখন নেইমার, জাবি,ইনিয়েস্তা সবাই বার্সার হয়ে খেলতো।",1
সবাই আমার পেজ টিকে ফলো করে আসেন প্লি,1
আবার সেই শেক্সপিয়র পড়ে আর গান গেয়ে বিয়ে দেওয়ার মহিলাগুলো এসেছে!! বাহ!,1
অতীতের ঘটনা নিয়ে দ্বন্দ্বের সমাধানে থেরাপি বা মধ্যস্থতাকারীর ভূমিকা উল্লেখযোগ্য।,0
মানুষের বিবেক বুদ্ধির কী হল এই বিষয় নিয়েও মজা করে,0
রশি কেনা এবং কাফন-দাফন এর জন্য সাহায্য লাগলে জানাবেন আর জানাজার নামাজ আমি সম্পূর্ণ ফ্রী তেই পড়িয়ে দিবো ইনশাআল্লাহ।,1
পরিবারের প্রথম সদস্য হিসেবে বাবা-মা আমাদের জীবনের মূল্যবান শিক্ষা দেন।,0
নিজেকে প্রমাণ করার জন্য কৃত্রিম হতে যাবেন না।,0
তোরে জন্ম দেওয়াটাই জীবনের সবচেয়ে বড় ভুল ছিলো,1
"শহীদ আবরার ফাহাদের গায়েবানা জানাজার ইমাম ছিলো আখতার, এটা অনেকেই জানে না হয়তো।",0
উই গ্রুপ এমন গাদ্দারি প্রায় সবার সাথে ই করেছে,0
"যার মন মানসিকতা যেমন,,এর কাছে মনে হচ্ছে হারাম সম্পর্ক পছন্দ",0
ভাই সত্যি একটা কথা বলি এই দেশে কর্মের অনেক শরম চুরির কোন শরম নাই তা আমি কর্ম করে প্রমাণ পেয়েছি অনেককে দেখেছি এরকম বাস্তব ভাই আজকে আপনি বলছেন কালকে কিন্তু আপনার কাজ করলে আপনি আমাকে ছোট ভাববেন,0
উন্নয়ন উন্নয়ন উন্নয়ন।,0
"মনটা ভরে গেল এসব ভাইদের প্রতি মানবতা দেখে,, মন থেকে দোয়া করি সবার জন্য যেন এভাবেই আমরা একজন আরেকজনের পাশে দাঁড়াতে পারি সব সময়। সবার প্রতি ভালোবাসা",0
"রোবট ও প্ররক্রিয়া শুরু করলো, দেশটা নষ্ট হয়ে গেলো",0
গন্ধ আছে জেনেও চেটে খাওয়ার নামই ভালোবাসা,1
বাংলাদেশের মানুষ কে গরম পানি ডেলে আপনি ঠান্টা বরফে ডুবে যান,0
তার যাত্রামঞ্চে উদাম দেহের উদ্দাম নাচের এত ভিউ ভিউয়ার ছিল যে শাবানা-ববিতা-কবরীর প্রেক্ষাগৃহ হার মেনেছিল।,0
শূন্য পকেটে কেউ পাশে থাকে না এগুলো সিনেমায় হয়,0
আমারে মিন কইরা কিছু বললেন নাকি,1
শাড়ি পরতে না বললে আগ বাড়াইয়া শাড়ি পরবেন না যদি প্রায়োরিটি না দেয়। পড়লে নিজের জন্য পরবেন,0
পূনর্তা আমার হবে কি ভাবে! রুপকথা আর দূঃখ বিলাশ আমাই ছাড়তে চায় নাহ্.!,0
"আপনারা ক্ষমতায় থাকা অবস্থায় দেশের যে সমস্ত অপকর্ম হত্যা গুন করেছেন । সারা দেশে অগ্নিসংযোগ করেছেন , বাড়ি কেটে পুকুর বানিয়েছেন , পুকুরকে বাড়ি বানিয়েছেন । এই সবগুলোরই প্রমাণ আছে । কিন্তু শেখ হাসিনা বিশৃঙ্খলা সৃষ্টি না করার জন্য হয়তো কঠিন ভাবে বিচার করেন নাই । তবে বিচার হবে সামনে ইনশাল্লাহ ।",0
একটা দৃশ্যমান অপশক্তি আমাদের শিক্ষা ব্যবস্থাটাকে ধ্বংস করে দিচ্ছে,0
সাথে থাকছে ৩০০ টাকা বোনাস এই অফার সীমিত সময়ের জন্য তাই দেরি না করে আজ থেকেই জিএফ খোজা শুরু করুন ধন্যবাদ,1
"কিসের ঠান্ডা ,জানালা থাকতে আবার বাইরে যেতে হবে!",1
ভোগান্তি গুলো শুরু করেছে বাস মালিক রা। কারণ টা দেখেন বাস গুলো চলে চুক্তিভিত্তিক। এখন তো আর ঠেঁসে ঠেঁসে যাত্রী উঠাতে পারবে না তাই এই নাটক শুরু করেছে। সমস্যা নাই কয়েক টা বাস ভাংগলেই এদের টনক নড়বে।,0
"আওয়ামী স'ন্ত্রা'সীরা দেশে আবার অ'সৃঙ্খলা শুরু করছে, সরকারকে আরো কঠোর হতে হবে, এত নমনীয়তা দেখিয়ে সন্ত্রা""সীদেrকে দমন করা যাবে না!",0
প্রতিটি মা তার সন্তানের সাফল্যে নিজেকে ধন্য মনে করেন।,0
"খেলা দেখার সময়ই ভাবতেছিলাম, মিমারদের কয়েকদিনের আহার জুটলো",1
বাদ দেন ভাই বেডি মানুষ,1
প্রাসাদের প্রাঙ্গনের উত্তর প্রান্তে সিরকেচি নামের এলাকাটিতে অনেক রেস্তোরাঁ ও বিনোদন কেন্দ্র আছে।,0
"বাংলা একাডেমির নিয়ম অনুযায়ী, তারিখ লেখার সময় ""শে"" ব্যবহার না করে সরাসরি সংখ্যার পরে মাসের নাম উল্লেখ করাই সঠিক। তাই সঠিক হবে ""১৯ জানুয়ারি""।",0
আমার কেনো জানি মনে হয় Pricila আপুর কোনো এডমিন এই পেজটা থেকে ইদানীং পোস্ট দেয়।কারণ বর্তমানকার পোস্টগুলোর সাথে ওনার ব্যক্তিত্ত্বের সাথে যায় না।ইদানীং প্রিসিলা আপুর পেজ থেকে ডাবল মিনিং ফানি মূলক পোস্ট প্রচুর হচ্ছে।যদিও আমরা সেগুলো খুব এনজয় করছি।চালিয়ে যান আপু।,0
আপনার বাসার সামনে পাবনা মানবিক হাসপাতাল থেকে গাড়ি পাঠানো হয়েছে. ওইটাতে করে চলে আসেন.,1
"ভাই বেশি সোনা,মোবাইল আনলে ছেড়ে দিয়েন ঠিক আছে নায়ক,আবার অভিনয় করিয়েন না ওখানে ও",1
আর কত কি দেখবো,1
লাগা আরো ১ মাস জানুয়ারি,1
প্রমান হলো প্রধানমন্ত্রীর নির্দেশেই গ্রেফতার...আবার প্রধানমন্ত্রীর নির্দেশেই মুক্তি !,0
ঢাবি তে পড়লেই লাইফ সেট। এধরণের পাগলামার্কা কথা অতিরিক্ত আত্মবিশ্বাসী ঢাবিয়ানরাই বলে।আর কেউ বলেনা।,0
"উনার কাজ নিঃসন্দেহে প্রশংসনীয়, তবে আরও অনেকে নীরবে ভালো কাজ করেন",0
ঘুমাতেও ভয় লাগে যদি কোনো বিনোদন মিস করে ফেলি,1
ডাক্তার ও নার্সদের প্রতি রোগীর স্বজনদের বিশ্বাস ও সহযোগিতা চিকিৎসা সেবার মান উন্নত করতে পারে।,0
ক্ষনিকের ছেলে মাফ চায় আবার কয় কোনো ভুল করে নাই। ভুল করোস নাই তয় আবার মাফ চাস কেরে খাঃ পোঃ?,0
"বললাম আপনি নামাজে যান নাই কেন? বলল, তাহলে পাহাড়া দেবে কে?",0
যোগ্য নেতার যোগ্য উত্তরসূরী তারুণ্যের প্রতীক শুভকামনা।,0
"বাচ্চাদের হাতে মোবাইল দিয়ে রেখে আপনারা বসে বসে সিরিয়াল দেখবেন, ফোনে ফোনে মুখরোচক গল্প করবেন।আর তখন বাচ্চাও টিকটক করবে প্রেম পিরিতের গল্প করবে স্বাভাবিক। বর্তমানে বাচ্চাদের এমন পরিস্থিতি জন্য গার্জিয়ান দায়ী",0
আগামী বছর তো দুরে থাক আগামী ১০ সেকেন্ড ও বেঁচে থাকবেন এটাও নিশ্চিত না...!!,0
দীর্ঘমেয়াদে এটি টেকসই উন্নয়ন লক্ষ্যমাত্রা SDG অর্জনে ভূমিকা রাখবে।,0
আচ্ছা ভালো করে দিও সমস্যা নাই,0
"নির্দিষ্ট মানুষকে ভালোবাসা জানাতে স্টুডেন্ট ইমেইল ব্যবহার না করে কুয়েট রেডিও আয়োজিত ""তোমাকে না লেখা ফাল্গুন"" -এ পাঠিয়ে দিন আপনার মনের কথা।",0
"ব্রেন রটকে সংজ্ঞায়িত করা হয়েছে এভাবে, একজন ব্যক্তির মানসিক কিংবা বুদ্ধিবৃত্তিক অবস্থার অনুমিত অবনতি, বিশেষত দেখা হচ্ছে এমন সব বস্তু অতিরিক্ত ভোগ করাকে এখন বিশেষ করে অনলাইন কনটেন্ট , যেগুলো লঘু এবং চিন্তা উদ্দীপক নয়।",0
"তিনি বলেন, কিংস পার্টির কথা বলছেন, কিংস পার্টি অবশ্যই টিকবার কোনো কারণ নেই। কিংস পার্টির ব্যাপারে আগ্রহ থাকে না। আমি এখন পর্যন্ত কিংস পার্টি হিসেবে তৈরি হওয়ার কোনো লক্ষণ দেখতে পাচ্ছি না।",0
"২০০ সাথে আরো একটা ০ লাগিয়া দিবো তাও ভাই একটা গফ খুজেদে,",1
"ব্যাক্তিত হিসেবে সাকিব যেমনই হোক, খেলোয়াড় হিসেবে সাকিব বেস্ট, তার শূন্যতা অন্য কেউ পূরণ করতে পারবে না।",0
দিন যায় ঝড়ের গতিতে। ফেসবুক দেখা ত দূরের কথা। ইনস্টলেশন করাই নেই। ইউটিউব এ সময় কাটানোর সময় নেই। কাজের ভিডিও দেখি তাও ফ্রী টাইমে। সময়কে বাজে ভাবে নষ্ট করা আমার কাছে অপরাধ বোধ লাগে,0
যুদ্ধ-পরিস্থিতি আরও জটিল করতেই এমন অভিযোগ করা হচ্ছে।,0
বিপিএলে ইতিমধ্যে আপনার পুরুষ দল বরাবর মারা খাচ্ছে আবার নারি দলের দিকে চোখ দিচ্ছেন,1
তোরে জুতা পিডা দিয়া হোয়াইট হাউসের বুয়া বানাই দেয়া উচিত!,0
এখানেও মেয়েদের অবহেলা বেচারী রে কবুল ও বলতে দিল না,1
"সব কিছুই লাগে না।এসব সাময়িক। স্থায়ী সুখ তো তখনই যখন নিজেকে সুখী রাখার জন্য নিজেই যথেষ্ট। নিজেই নিজের বেষ্ট ফ্রেন্ড, নিজেই নিজের ভালোবাসা,,, নিজেই নিজের সবচাইতে প্রিয় মানুষ। এজন্য কবি গুরু লিখেছেন। আমার মতো সুখি কে আছে আয় সখি আয় আমার কাছে। সুখি হৃদয়ের সুখের গান শুনিয়া তোদের জুড়াবে প্রাণ",0
ল্যাঙ্গুয়েজ শিখে ইঞ্জিনিয়ার হওয়া যায় না।,0
মানুষের সৌন্দর্য প্রকাশ পায় কথায় ও কাজে,0
কাম সারছে। খেলা শেষে না ১১ টা প্লেয়ারের এগারোটা বাচ্চা হয়ে যায়,1
"আপনারা সাহসিকতার সাথে এগিয়ে যান, আমরা আপনাদের পাশে আছি ইনশাআল্লাহ।",0
"নিচে গিয়ে কোন লাভ নাই, কিছুক্ষণ আগে আমি ওই দিক থেকে চক্কর দিয়ে আসছি, ওইদিকে হাসার মত তেমন কোন কমেন্ট নাই",1
"নাহয় হয়তো রোজ ভাবেন, এই আমি কাদের নিয়ে দেশ মেরামতে নামলাম!",0
হাসতে চাইলাম না তবুও হাসতে হলো এর দায় কে নিবেন নেন,1
"যত বেশি কঠিন হবে, তত বেশি আপনি শক্তিশালী হয়ে উঠবেন।",0
"ভাইটি মনে হয় গুলিস্তান ইউনিভার্সিটিতে চান্স পেয়েছিলো, রাজশাহী চট্টগ্রাম ভুলে বলতেছে, মাতাল হয়ে আছে তো।",1
"আল্লাহ তাআলা পবিত্র কোরআনে এজন্যই বলেছেন, কিছু মানুষ চতুষ্পদ জন্তুর চেয়েও নিকৃষ্ট।",0
ট্রাম্প শুল্ক আরোপ করলে কি হবে,1
ভুলভাল নিউজ করেন ক্যান দেশে ফের রাজপথে আন্দোলন ফিরে আসায় বেড়ে গেল করোনা সংক্রমণ,0
যাদের ক্রিকেটীয় বিচার-বিশ্লেষণ সম্পর্কে মোটেও ধারণা নেই ওরাই হাহা দিচ্ছে,0
ধন্যবাদ জানানোর জন্য,0
দুইদিন পর আবার পোস্ট করবেন। বাস আমার বাসার সামনে নামাইতে বলার পরেও নামায় দেয় নাই। বাস স্টপেজে নামাইছে। দুই মিনিট হেঁটে বাসায় আসা লাগলো। অথবা রাস্তার মাঝ থেকে উঠায় নাই দেখে পোস্ট করবেন,0
"বাংলার মাটিতে অনেক নারী অসহায়। সোহেজ তাজ বিয়ে করেছে , ভাল করেছে। দোয়া করি সে আরও নারীর দায়িত্ব নেক।",1
পদ্মা সেতু নিয়ে এত কষ্ট করে নিউজ করার কি আছে,0
ভাই এরকম বাটপারের অভাব নাই অনলাইন সাইটটা এই বাটপার গুলোর কারণে নষ্ট হয়ে যাচ্ছে,0
বিয়ের পূর্বে সঙ্গীর অতীত জানা ব্যক্তির মানসিক প্রতিক্রিয়ায় বৈচিত্র্য লক্ষণীয়।,0
"ন্যাকামি করো হে, সেলিব্রেটি হয়ে খুব...কামাইছো ! মুসলমান হয়ে নিজের ধর্মের প্রতি শ্রদ্ধাশীল থাকার বিষয়টা ভুলে গেছো, তাই না? পরিবারের কাছে কি বাল শিখছো তুমি?? নিজের ধর্ম, ধর্মের বিশ্বাসের প্রতি সব সময় শ্রদ্ধাশীল থাকবে অন্যের ধর্মের প্রতিও সহনশীল থাকবে তুমি সেলিব্রেটি হয়া গেছো বলে বিশাল কিছু হইয়া গেছো মনে করোনো, দুনিয়াতে মেলা কামাইছো, এবার পরপারের জন্য কিছু করো",0
"যুবকরে না কয়ে, যুবকের মা বাপরে কন",0
সময় এসেছে নিজের অর্থনৈতিক ও রাজনৈতিক জীবন পূর্ণগঠন বা মূল্যায়নের। সর্বশক্তিমান মহান আল্লার সার্বভৌৈমত্বের উপর আস্থা স্থাপনের । আল্লাহ আপনাকে যে নেয়ামত দিয়েছেন এর শোকর গুজার হোন।,0
সকালে ঘুম থেকে উঠে ঈশ্বরের কাছে প্রার্থনা করা অনেক ভালো,0
সব ম্যাচ বেঁচে দিলে কি আর টাকার অভাব হয়?,1
এটা একটা ট্রেন্ড এ পরিনত হয়েছে,0
"সহশিক্ষা অনেক সময় ইতিবাচক, তবে কিছু কিছু ক্ষেত্রেও সতর্ক থাকতে হবে, যেন অযাচিত পরিস্থিতি তৈরি না হয়।",0
ইন্টারভিউতে CGPA কম থাকার কারণ পরিষ্কারভাবে ব্যাখ্যা করা যেতে পারে।,0
সঠিক সিদ্ধান্ত। বাংলাদেশে কোনো সিন্ডিকেট চলবে না।,0
আমাদেএ দেশের বাঁধ এর উপরে বাঁধ এর কি অবস্থা?,1
কোনো সম্পদই পরিবারের ভালোবাসা ও শান্তির চেয়ে মূল্যবান নয়,0
"যুক্তরাষ্ট্রেও অনেক খালি জায়গা পরিত্যক্ত অবস্থায় আছে,সেখানে গিয়ে তোর ডেমোক্রেট আর রিপাবলিকান আব্বাদের কাছে বল ইসরাইলকে সেখানে স্থানান্তর করতে",0
খনি সিলেট যাওয়ার প্লান করি তখনি বন্যা হয়ে যায়,0
আমার তো মনে হয় এটা একটা বিশ্ব রেকর্ড ইতিহাসের পাতায় লেখা থাকবে,0
"ভালো সিদ্ধান্ত নিয়েছো সোনারা,দ্রত কাজটা সেরে ফেলো দেশে তোমাদের মত ছাত্র ছাত্রী না থাকলেও চলবে।",0
জীবন-ঘনিষ্ঠ নাটক।চমৎকার বাস্তব অভিনয়।,0
"ব্যাকগ্রাউন্ড মিউজিকটা ডিস্টার্বিং। আরাম করে কথা শোনা যায় না, কনসেনট্রেশান থাকে না কথা শোনার সময়। অথচ কথাগুলো ভালো ছিল, রিমাইন্ডার আমাদের জন্য।",0
কোন এনজিওর লোনের জন্য কোন মানুষ কোনদিন আদালতে বা তাদের বিরুদ্ধে কোন আইনগত পদক্ষেপ নেয়া হয় না যদি তারা মারা যায় তাদের মৃত্যু তাদের জন্য ইন্সুরেন্স করে থাকে লাইফ ইন্সুরেন্স করে থাকে কিন্তু এইটা হয়ে থাকে বিভিন্ন ব্যাংক লোনের কারণে পরিশোধ না করলে সেক্ষেত্রে আইনগত পদক্ষেপ নেওয়া হয় না,0
চমৎকার। এমন অসংখ্য গল্প বাংলার লোক গল্পে ছড়িয়ে ছিটিয়ে আছে।,0
"প্রতিটি দিন নতুন সুযোগ নিয়ে আসে, সেগুলি মিস না করতে চেষ্টা করুন।",0
"ইন্না লিল্লাহ... আমি এই আফার খোমা জীবনে দেখি নাই, নাম ও শুনি নাই।এখন দেখি হেতের ফেসবুকে ৭.৫০ লাখ ফোলোয়ারস!!হেতে কি নিজেরে নাস্তিক ঘোষণা দেওয়ার পর এত্ত ফেমাস হইছে? নাকি আগেই ফেমাস ছিলো??",0
আসলে অতিরিক্ত কিছুই ভালো না।সে অতিরিক্ত সুশীল সেজেছে। আর যে মামলা করেছে সেও অতিরিক্ত করে ফেলেছে,0
কি রকম ঘৃণিত ব্যক্তি চিন্তা করতে পারেন? কোন মায়ের পেটে যেনো এমন সন্তান না হয়।,0
"আল্লাহ যাকে ইচ্ছা হেদায়াত দান করে থাকেন!""",1
বেচারা নিশ্বাস নিবে কোন দিক দিয়ে আল্লাহ,0
জায়েদ খান যদি নায়ক হতে পারে একশটা জায়েদ খান এক পাল্লায় দিলে একটা হিরো আলমের সমান হবেনা। জায়েদ খান আমার বালের নায়ক,0
২০১১ সাল থেকে বসুন্ধরা গ্রুপকে বিভিন্ন রাজনৈতিক সংকট ও মিথ্যা মামলার মুখোমুখি হতে হয়েছে,0
আহা ঠকে গেলাম! তো জীবন যুদ্ধে পিছিয়ে গেলাম,1
প্রত্যেকদিন খেয়ে নিই,1
ভন্ড কোথাকার,1
শিক্ষার ক্ষেত্রে সরকারের ব্যয় বৃদ্ধি করতে জোর দাবি,0
অর্জুন হয়তো এখনো নিজের প্রমাণ দিতে পারেনি। কিন্তু সবার উচিত ওর পাশে দাঁড়িয়ে ওকে এগিয়ে যেতে সাহায্য করা।,0
প্রতিটি মানুষের জীবনেই কিছু না কিছু অদ্ভুত ঘটনা ঘটে।,0
তখন কি ১৬ কোটি মানুষের একটাই ডিসিশন ছিলো?,1
"এই খাবার মূল্য আপনি বুঝবেন না। ২ দিন না খেয়ে থাকেন অমৃত লাগবে। একদিন গাজা, ইয়েমেন দেশের কথা চিন্তা করুন। ইয়েমেনে তো জীবন্ত লাশ না খেয়ে বাচ্চারা। মা খাইতে পারে না তাই বাচ্চা কে দুধ খাওয়াতে পারে না। কি নির্মম।",0
আপনি নিঃসন্দেহে ঠিক কথা বলেছেন,0
no Comments,0
"""যে ফুলের জীবন ক্ষণিকের, তার ব্যথা কে বোঝে?""",0
এক সময় নাছিরের ফিল্ডিং বেশ উপভোগ করতাম। তারপর সৌম্য-সাব্বিদের।,0
তো আবিষ্কারের বাকি থাকলো কি?,0
"আগেই ভালো ছিলাম, এগুলো ফ্রি ছিলো! ইউসুফ সরকারের বিচার হবে! কঠিন বিচা",1
নিজের জীবন নিজের মতো করে কাটান।,0
সবগুলোকে প্রেগন্যান্ট করার জোর দাবি জানাচ্ছি।,1
কোনটা ছেড়ে কোনটা রাখি...। অসাধারণ ...অসাধারণ ...।তিশার তুলনা আমার কাছে শুধুই তিশা...।,0
আমাদের মতো সিঙ্গেল দের জন্য অনেক কষ্টের মাস ফেব্রুয়ারি মাস,1
সবাই হয়তো তাই ভাবে বাস্তবটা অন্য কিছু হতে পারে,0
আপনাকে যে এই কথাটা বলেছে সে হয়তো ভালো করে বিষয়টা বুঝতেই পারেনি এক হাতে কখনো তালি বাজে না আমি যতটুকু শুনেছি বাবর যা করেছেন তা তারেক রহমানের নেতৃত্বে করেছেন এমন কথা নাকি তিনি কোর্টে স্বীকারোক্তি দিয়েছিলেন এটাই বিএনপির জন্য কাল হয়ে দাঁড়িয়েছিল এবং পরবর্তীতে নাকি তাকে বিএনপি থেকে বহিষ্কার করা হয়েছিল কিন্তু দেখেন ভাগ্যের কি নির্মম পরিহাস এখন সে জেল থেকে ছাড়া পাওয়ার সাথে সাথে বিএনপির সকল নেতাকর্মীদের ঢল পড়েছে তার উপর।,0
থাকতে হবে আপামর মানুষের গ্রহণযোগ্যতা।,0
এ জীবন কেন এত রং বদলায়,0
"জেনেছি তুমি জীবন মরণে বিমুগ্ধ চেতনার সারা বিশ্বের বিস্ময়, তুমি আমার অহংকার। বিজয় দিবসের শুভেচ্ছা",0
"উনি কবি কাজী নজরুল ইসলাম বিশ্ববিদ্যালয়ের ত্রিশাল,ময়মনসিংহ মিউজিক ডিপার্টমেন্ট এর শিক্ষক ছিলেন অভিনয়ের পাশাপাশি। ওনার মত গুনি মানুষ বিসিএস এ কাস্টমস অফিসার এটা খুব স্বাভাবিক ব্যাপার",0
সবাই সব কথা পজেটিভলি গ্রহণ করতে পারে না।,0
বিসিএস প্রস্তুতির জন্য এই ধরনের অভিজ্ঞতা শেয়ার করলে অনেক নতুন কিছু শিখতে পারি।,0
আপনার তুলনা শুধু আপনিই।,0
নতুন সরকার আসার পর থেকে ইন্ডিয়ার সাথে চোখে চোখ রেখে কথা বলা আত্মবিশ্বাস ফিরে পেলাম সাহস বেড়ে গেছে। এতদিন কেউ প্রতিবাদ করে নাই। এখন একটু একটু প্রতিবাদ করতেছে খুবই ভালো লাগে ইনশাআল্লাহ নতুন সরকারের জন্য শুভকামনা কি পেলাম কি হারালাম চিন্তা করে লাভ নাই। নতুন করে বাংলাদেশি মনোবল পাইছে আলহামদুলিল্লাহ শুকুর,0
পুরোনো ৫টাকা দেশের অর্থনীতিতে অনেক কাজে লেগেছে। আর নতুন ৫টাকা কোনো কাজে লাগেনি। পাবনা থেকে পালিয়ে এসে পোস্ট করেছেন আপনি।,0
প্রতিটি মা সন্তানের পাশে থাকতে চান।,0
এটি কি নিছক তামাশা? নাকি দায়িত্বজ্ঞানহীনতা?,0
"যদি আমাদের জীবনযাত্রায় পরিবর্তন না আনা হয়, তবে এই প্লাস্টিক দানব আরও বড় হবে এবং আমাদের পরিবেশকে আরও ক্ষতিগ্রস্ত করবে।",0
ওরে আমার রাজপুত্র রে তোর স্বাস্থ্য দেখলে মনে হয় না তুই এত খেতে পারিস এত খিদা কেন তোর,0
এই হাবলা তাঁর ছেলেরে ফেমাস বানানোর জন্য নিউটনের নামের সাথে মিল রেখে ছেলের নাম রাখসে - সুবর্ণ আইজ্যাক ওরফে আইজ্যাক নিউটন!,0
আমারে কেউ একটা হুডি কিনে দিবে হুম,1
প্রতিটি মা তার ছেলের রোজগারের সাফল্যে গর্বিত হতে চায়।,0
আমার ভাগ্য নাই রে এমন কেউ রে পাওয়া,1
ড্রাইভ লিংক দিয়ে মানবতার পরিচয় দিন! ড্রাইভ ইন্টারেস্টিং হলে আপনার ছেলে-মেয়ের পড়াশোনার দায়িত্ব আমার।,1
না রে ভাই আমাদের প্রতিটি তরকারি তে ফুলকপি না টমেটো দেই,1
আমি আপনার কথার সাথে একমত কারণ আমি হযরত মুহাম্মদ সাল্লাল্লাহু আলাই সাল্লাম এর উম্মত আর তিনি কখনো তার কোন উম্মতকে কষ্ট দিয়ে কথা বলতেন না একজনকে এক চোখে অন্যজনকে আরেক চোখে দেখা এটা কোনভাবে কাম্য নয় কারণ প্রতিটা মানুষই আল্লাহর সৃষ্টি সেরা জীব,0
ঠিক যেভাবে ভারতে মসজিদ ভাংতে বুলডোজার যায় সেভাবে।,0
ওরে কি ডাইলগ আফার বিগ ফ্যান আফা বিগ ফ্যান,1
"তবুও মানুষের কত অহংকার, কত চাওয়া,কত পাওয়া, আহ আফসোস, আল্লাহ আমাদের হেদায়েত দান করুন",0
"তাঁদের অভিযোগ, ড্রোন হামলায় কেন্দ্রটির সুরক্ষা কাঠামোর ব্যাপক ক্ষতি হলেও এখনও পর্যন্ত তেজস্ক্রিয়তার মাত্রা বাড়েনি।",0
রীট করতে বলেন। রেজাল্ট বাতিল করে পুনরায় পরীক্ষা নেয়া কেন হবেনা...,0
১ মিনিটের পায়ের রাস্তায় বাস নিয়ে যাবে...? ধনের নিউজ বানাও.?? ভিউ পাওয়ার জন্য রাস্তায় ভিক্ষা করতে নামবি,0
বিজয় সফটওয়্যারের আন্তর্জাতিক স্বীকৃতি চাই।,1
আর ওই উগ্রবাদীরা আমাদের অসাম্প্রদায়িকতার সবক দেয়...,0
"আপনার কথা শুনে, যা বুঝলাম। আপনি সত্যিকারের বিবেকবান,মনুষ্যত্ববান, দেশপ্রেমিক।",0
ছাত্ররা এখন তদবির বানিজ্য করে শত শত কোটি টাকা লুটপাট করে বিদেশে পাচার করতে ব্যস্ত।,0
"অবশেষে, প্রধানমন্ত্রী পদে বাড়া দাঁড়িয়ে গেলো।",1
লতাপাতা জাতীয় গাছের জন্য গভীর পাত্র ব্যবহার করলে ভালো ফলন হয়।,0
"আবেগ চুষে নেওয়া এটি এমন এক ধরনের মানুষ বা পরিস্থিতি, যা আশেপাশের মানুষের আবেগ ও মনোযোগ চুষে নেয়। যেমন কোনো ব্যক্তি যিনি সব সময় সাহায্য চান বা নিজের সমস্যার জন্য অন্যের ওপর নির্ভর করেন। সম্পর্ক বা বন্ধুত্ব, যেখানে একপক্ষ অনেক বেশি দেয়, কিন্তু অন্যপক্ষ কিছুই দেয় না। একতরফা সম্পর্ক ইমোশনাল ব্ল্যাকহোল সম্পর্কগুলো সাধারণত একতরফা হয়। আপনি হয়তো অনেক কিছু দিচ্ছেন, কিন্তু বিনিময়ে কিছুই পাচ্ছেন না। নেতিবাচক প্রভাব এই ধরনের পরিস্থিতি আপনার মানসিক শক্তি কমিয়ে দিতে পারে এবং আপনাকে ক্লান্ত ও হতাশ করতে পারে।",0
জীবনেও কারো উপর জুলুম করবেন না।,0
"যার কৃতকর্মের ফল সে পৃথিবীতে, কোন না কোন দিন ভোগ করে",0
"এই খুনের শেষ কোথায়,, জামাত শিবির বিএনপি আর সমন্বয়করা দিন দিন দেশটারে ধ্বংস করে ফেলছে",0
ইন্ডিয়ান পুলিশ শুধু ক্রাইম পেট্রোল আর সিনেমায় পারে,1
"ভালোবাসার প্রিয় সাকিব তুমি আছো হৃদয়ে,, লাভ ইউ অল টাইম",0
"এরা ধোকাবাজ, প্রতারক, এই এনজিওগুলোকে বয়কট করুন। এরা হত দরিদ্র মানুষকে শোষন করে আরো দরিদ্র বানাচ্ছে।",0
আর অন্যান্য দেশের বিমান ভাড়া কবে কমবে,0
"কোন অভিযোগ নাই, আলহামদুলিল্লাহ অনেক ভাল আছি",0
এই নে আম্নে গো কলেজের দৃশ্য।,0
সরকারি ও বেসরকারি উদ্যোগে এই গাছের চাষ বাড়ানো উচিত,0
"জীবনের বেশিরভাগ সমস্যার সমাধান আমাদের হাতে থাকে না। পরিবার, জন্মস্থান, কিংবা নিজের শারীরিক বৈশিষ্ট্য আমরা বেছে নিতে পারি না।",0
"জামাত আর আওয়ামীলীগ একই, জামাত 71 কুকর্ম জন্য অনুতপ্ত নয় আর আওয়ামীলীগ 24এর কুকর্ম জন্য অনুতপ্ত না।",0
"স্বামীর কাছ থেকে কথা বের করার জন্য, তার সামনে স্ত্রীকে ধর্ষণ করেছে হাসিনা রেজিম। দুধের শিশুসহ স্ত্রীকে কারাগারে নিয়ে শিশুকে ক্ষুধার্ত রেখে কাঁদানো হয়েছে কথা বের করার জন্য৷",0
আমার সন্তান ও তার বাবার আদর পাচ্ছে না। এর চেয়ে মনে হয় আর কোন কষ্ট নেই,0
"চাঁদাবাজির লুটপাট ছিনতাই, মানুষ হত্যা জঙ্গিগুলো জেল থেকে বের হয়ে গেছে বিভিন্ন কর্মকান্ড বাংলাদেশে হয়েছে নিউজ তথ্য",0
জায়েদ খান নাকি পপিকে কালা বন্দুক দেখাইয়া হুমকি দিছিল!,1
আশি বছরের যুবতী মেয়েকে তোরা কষ্ট দিয়ে ভালো থাকতে পারবি না,1
সত্য মিথ্যার সত্যিকারের ফয়সালা পরপারে হবে। কারণ পরপারের বিচার সৃষ্টকর্তা নিজে করবেন। সৃষ্টকর্তা সর্বশ্রেষ্ঠ ন্যায়পরায়ণ বিচারক।,0
আর বেলা তার স্বামীর পেনশনের টাকা উঠাতে ব্যাংকের লাইনে দাঁড়িয়ে আছে,0
"কিছু কিছু ভুল শুধরে নেওয়া যায়, কিন্তু সবকিছু নয়",0
অপেক্ষার পুরোটা জুড়েই থাকে অনিশ্চয়তা তবুও মানুষ কোনো না কোনো অপেক্ষায় থাকে ...,0
আচ্ছা এই ভিডিওটা কপিরাইট কেন খাইনি??,1
ভিডিওর সময় আর লম্বা করার অনুরোধ রইলো।,0
এরপর ও বলে নারীর ধৈর্য্য নাই,1
ডাক্তাররা নিজেদের রক্ত দিয়ে রোগীদের জীবন রক্ষা করেন,0
টোলবিজ্র এর টোল দিতে গিয়ে কান্নাকাটি করে আবারো আগের রুপে ফিরে আসবে সাধারণ কৃষক,0
আপনার সেন্স অব হিউমার দেখে অবাক হচ্ছি। খুনি ফ্যাসিস্ট হাসিনার সাথে একজন নিপাট ভদ্রলোকের তুলনা করে আপনি প্রমাণ করলেন ছুপা বামেরা আওয়ামী লীগ বি টিম।,0
শিক্ষার মাধ্যমে চিন্তাশক্তি এবং নৈতিক মূল্যবোধ বাড়ানো সম্ভব।,0
নিজের আত্নসম্মান বিসর্জন দিয়ে অন্যকে ভালোবাসার চেয়ে একা থাকাই শ্রেয়,0
"দূরত্ব কোনো বাধা নয়, যদি আন্তরিকতা থাকে।",0
সাকিব ডিরেক্ট স্টাম্প হিটে সবচেয়ে সেরা,0
পাত্র পক্ষ দেখতে আশছিলো.! বান্ধবী আসসালামু আলাইকুম ইয়া হলাল কুবুর বলে ফেলছে.!,1
"আমার কাছে তো আইসিসি টুর্নামেন্ট থেকেও আইপিএল বেটার লাগে, আইপিল খেলার লেভেলটাই অন্যরকম, সেই মজা পাই",0
"বালের সুবর্ণ আইজ্যাক,,,, তুই ও পাগল তুর ছেলে ও পাগল।তুদের দিয়ে বাংলাদেশে হাল চাষ ও হবে না,,,",0
পাশাপাশি বৈশ্বিক টেকসই উন্নয়ন লক্ষ্য পূরণেও সহায়ক।,0
এখানে হাতির ডিম হবে না। এখানে হবে ঘোড়ার ডিম হাতির শিং হবে,1
ন্যায়বিচারের দাবিতে যে কোনো আন্দোলন শান্তিপূর্ণ হওয়া উচিত।,0
এক দিন আমাদের যাতে হবে আমিন,0
গোলাপি না pink colour বলতে শিখুন,1
তোমারা এগুলো ও খেয়াল করো! আর আমার বাংলাদেশে জন্ম নিয়ে নিজেকে ভাগ্যমতী মনে হচ্ছে কারণ এদেশে জন্ম না নিলে এতো বিনোদন পেতাম না,1
স্টিভ জবস যে ভাষন দিয়েছেন সত্যি অসাধারণ,0
সন্তান মায়ের চোখে তার সাফল্য দেখাতে চায়।,0
তারা যেন যে কোনো সমস্যা হলে আপনার কাছে নির্ভয়ে আসতে পারে,0
কুদরত-ই-খুদা বিজ্ঞানী হতে যাবেন কোন দুঃখে?,0
গাছের গোড়ায় মালচিং করে দিলে গাছ ভালো ফলন দেয়।,0
জিয়াউর রহমান ক্ষমতায় থেকে বি এন পি গঠন করেছিলেন,0
মুক্তিযুদ্ধ নিয়ে তার কোনো আগ্রহ নাই। আরো বড় হলে ছেলেটা যখন দেশ নিয়ে বুঝতে শিখবে তখন হয়তো মুক্তিযুদ্ধ নিয়ে ভাববে। এর মেধা আর ইউনুসের মেধা সেইম সেইম। জাতীগত আদর্শ নাই,0
"কংগ্রেস, বিজেপি, তৃণমূল সবাই যেহেতু সমর্থন করে, পশ্চিমবঙ্গ আওয়ামীলীগ নামে ওখানেই রাজনীতি শুরু করতে পারে লীগ।",1
ব্যাটা মেয়েদের বিষয়ে এত এত খোঁজ খবর দেখালে।পন্ডিতি কথাবার্তা বললে নিজেদের সম্পর্কে বলো।তোমাদের মত খুঁতখুঁতে ছেলেদের হিস্টরি কি হয় হয় সে ইতিহাসও একটু বলো।,0
আমি সন্দেহ করতে ভয় পাই,0
"আর কিছু না হোক, এই সিকুয়েলটি নিজের মধ্যে এক ধরনের মিস্টিক আভা রেখে গেছে।",0
গল্পের প্রতি আগ্রহ বাড়িয়ে দেয় তামিমৌ ত্রমির অবিশ্বাস্য অভিনয়।,0
সনাতনী ভাই কিন্তু ধানমন্ডি ৩২ এর বাসিন্দা'দের রক্ষা করেছেন। যখন তারা ৩২ থেকে পালিয়ে ভাই এর কাছেই আশ্রয় পেয়েছিল। অপেক্ষা করতে থাকুন আরও এরকম মাস্টারস্ট্রোকের! ভেঙ্গে ফেললেই কি ও আপনাদের হয়ে গেল নাকি?,1
তোমাকে সহজভাবে মানবদেহের সঙ্গে পরিচিত করিয়ে দেবে এটি।,0
এখন তো মানুষ চেক নিয়ে চেকের মধ্যে মিথ্যা সংখ্যা বসায়ে মামলা করে দেয় মানুষের নামে।বহুৎ মানুষ এসব ক্ষেত্রে ভুক্তভোগী। এগুলির একটা সঠিক ফায়সালা হওয়া উচিত।,0
"প্লটটা এত বেশি গাঢ় যে, সিরিজ শেষ হওয়ার পরও ভাবনা চলে যায়।",0
এটা একটা বন্ধুগত চক্রান্ত হতে পারে৷ তবে এর দায়ভার কোনভাবেই আমার উপর পড়ে না।,1
"তোমার প্রেজেন্টেশনের স্টাইল এতটাই চমৎকার যে, মনে হচ্ছে সবাই সেটার কথা চিন্তা করে হাসি চেপে রাখতে পারছে না!",1
"আমার এখন মনে হয় কলেজ লাইফ শেষ করা একটা মানুষ যে পরিমাণ শেখার কথা, জ্ঞান অর্জন করার কথা তার সামান্য পরিমাণও হয়নি। যেটা হয়েছে সেটা হলো সার্টিফিকেট গুলো তোশকের নিচে রাখা হয়েছে। ১২-১৩ বছর ধরে তোতা পাখির মত পড়েছি, লিখেছি কিন্তু ব্রেইনের ঝুড়ি ফাঁকাই রয়ে গেছে। স্কুল কলেজ আমাকে শুধু কয়েকটা সার্টিফিকেট দিয়েছে, জীবনের জন্য প্রয়োজনীয় কিছু শেখাতে পেরেছে বলে মনে হয়না।",0
"আমার টাকায় ফ্যামিলি চলে না, আল্লাহ আমার উসিলায় আমার ফ্যামিলিকে চালাচ্ছেন। এতে আমি ভাগ্যবান। আল্লাহর শুকরিয়া আদায় করছি।",0
জাতিসংঘের পারমাণবিক পর্যবেক্ষণ সংস্থা IAEA জানিয়েছে যে চেরনোবিলের ভেতরে এবং বাইরে তেজস্ক্রিয়তার মাত্রা স্বাভাবিক এবং স্থিতিশীল ছিল।,0
"এসবের পরেও আইনের উপর আস্থা থাকবে কী করে? প্রশাসন যখন স্বৈরাচারের দোসরদের বিচার করতে ব্যার্থ হলো, এর পর যদি জনগণ বিচার হাতে তুলে নেয় সেটার দায় কিন্তু সরকারকেই নিতে হবে।",0
"এটা কি রিমোর্ট কন্ট্রোল চলে, ব্যাটারি কি পেন্সিল ব্যাটারি",1
সময়ের মূল্য সবাইকে বুঝতে হবে।,0
কিছু বন্দী কে মুক্তি দেওয়া হোক,1
ফাজলামির একটা লিমিট থাকা দরকার,0
"বাহহহ,,,,,কি সব কথাবার্তা আপনাদের ঘরে ও মা-বোন আছে?? কেউ আপনার মনের মতো কথা না বললেই,, তাকে নিয়ে যা ইচ্ছে বলাটা কোন ধরনের ভদ্রতা??",0
"গত ৪৮ ঘন্টার মধ্যেই সারাদেশের ৪-৫ জায়গায় আগুন,,,পর্দার আড়ালে অন্যকেউ কলকাঠি নাড়ছেনা তো আবার?",0
ঘুমানোর কথাই বলছে এত রিয়েক্ট করার কি আছে!?,1
উনার ভায়োলিন তো ভূতে বাজিয়ে দিতো না।,0
"তিতুমীর এ পরীক্ষা দিই নাই, চবিতে পড়ে আফসোস হচ্ছে এখন",1
"ছাগলে গোলাপ খায় ও, খেয়ে হিসু ও করে। এইভাবে আমরা গোলাপ জল পাই।",1
নিজেকে চেজ করার কথাটা খুব ভালোভাবে ধরতে পেরেছি। এগুলো মনে রাখার মতো কথা,0
"রাশিয়া চেরনোবিলে হামলার যেকোনো দাবিকে অস্বীকার করে বলেছে যে, তাদের সামরিক বাহিনী ইউক্রেনের পারমাণবিক অবকাঠামোতে হামলা করেনি।",0
আর দেশদ্রোহ মামলা করা হয়েছে কিন্তু বাংলাদেশের জাতীয় পতাকার উপর গেরুয়া রঙের পতাকা টাঙানোর জন্য।,0
টাকার লোভে পরলে মানুষ কিনা কুরতে পারে।,0
অসম্ভব সুন্দর প্রকাশ,0
"আমি প্রতিজ্ঞা করেছিলাম যখনই সুযোগ পাব তখনই ক্যান্টনম্যান্টের বাড়ি থেকে খালেদা'কে বের করে দিব, দিয়েছি! বাণীতে হাসিনা ! হাসিনার নির্দেশে সাতক্ষীরায় জামায়াত নেতার বাড়ি বুলডুজার দিয়ে গুড়িয়ে দিয়েছিল আ-লীগ আজ ৩২ নাম্বারের বাড়ি সহ দেশের বিভিন্ন স্থাপনার অবস্থা কি? আল্লাহ ছাড় দেন ছেড়ে দেননা।",0
"ছাড়ও সেখানে কিছু বেশি মেলে বলে, সারা বছর যাঁরা বই কেনেন, তাঁরা বেশ নিয়মিত ক্রেতা এসব অনলাইন পেজের।",0
ভাই মঙ্গল গ্রহের ঠিকানা টা কোন দিকে আমি যেতে চাই,1
আমি প্রথম দুই লাইন পড়ে অজ্ঞান হইতে নিছিলাম,0
গুরু,0
এই দুই বেডির বয়স শেষ... এখন অবসরের সময়। আর বুইড়াকালে মানুষ নাকি শিশু হয়ে যায়... সো নো কমেন্ট...,1
মন যা চাই তা করা যাবেনা বরং কুরআান হাদীস যেটা বলে সেটাই মানতে হবে! তবেই তো আমরা সফল হবো।,1
"তোমার ধৈর্য আর সহ্য করার ক্ষমতা এতটাই অসাধারণ যে, মনে হয় তুমি পাথর হয়ে গেলেও, কেউ সেটা লক্ষ্য করবে না!",1
সম্পর্কে অতীতের তথ্য গোপন রাখা বা প্রকাশ করার প্রভাব সম্পর্কিত গবেষণার সংখ্যা বাড়ছে।,0
প্রশাসন ঘুমালে তো চলবে না l দায়িত্ব পালনে অবহেলার জন্য ঐসব সরকারি কর্মকর্তাদের শাস্তির আওতায় আনুন l,0
মুভির টা দেখে মনে হচ্ছে বাংলাদেশ পানির নিচে আছে,1
আপনার টাকায় ফ্যামিলি চলে না। বরং আপনার ফ্যামিলির জন্য আপনার রিজিক আসে,0
বিজ্ঞানের ব বোঝে না এমন অশিক্ষিত কি এই বই পড়ে উপভোগ করতে পারবে ? তাহলে কিনব। আপনাকে তিনদিন দেখলাম প্রকাশনার স্টলের সামনে। সাহস করে কথা বলিনি।,0
"নিজেকে বিবাহিত দাবি করে অভিযুক্ত ওই ছাত্রী বলেন, আমরা উভয়ই ভালো বন্ধু। হিম উৎসবে সে বেড়াতে এসেছিল। রাতে থাকার জায়গা না পাওয়ায় তাঁকে হলে নিয়ে এসেছি।",1
মাসুদ আর ভালো হইলো না,1
"হুমায়ূন আহমেদের মতো গভীর বিশ্লেষণ করলে আমাদের লেখা আরও সাবলীল হবে, বিশেষ করে যখন প্রযুক্তি বা বিজ্ঞান নিয়ে কথা বলি।",0
এমন অবস্তা করতে হবে যেন আওয়ামিলীগ শ্রেফ ইতিহাসেই স্থান পায়। নতুন প্রজন্মের শিশুরা তাদের একশ্রেনীর খোক্ষস হিসেবে চিনতে পারে,0
ম্যাডাম আপনি তো ক্লোজআপ হাসি দিচ্ছেন।,0
পোশাক পরিবর্তন করে কি হবে? মনুষ্যত্ব ঠিক না হলে!!,0
সফল এবং ধনী ব্যক্তিরা সব সময় নিজেদের কাজে মনোযোগী থাকেন এবং আত্মবিশ্বাসের সঙ্গে এগিয়ে যান।,0
সাকিব ফর ডিরেক্ট হিট,0
ঐ মনে হয় আল্লাহর কাছে কত দোয়া করতো যে বউ ম রে না কেন,1
"আসলে আমি সুখ এবং আনন্দ, বলতে মনে করি, সটিক সময়ে সটিক,ভাবে সব কাজ করতে পারলে মন্ঠাই হাল্কা হয়ে, মনের মধ্যে, এক রকম আনন্দ,পিরে আসে, সেই সাথে দুজনের মতামত এক হলে,আরো সীমাহীন শান্তি পিরে আসে,,",0
গল্পটা হলিউড স্টাইলের হওয়া উচিত ছিল। আরো সুন্দর এডভেঞ্চার টাইপ হতে পারতো।,1
সম্পর্কের মধ্যে কারো অতীতকে সাফল্য-ব্যর্থতার মাপকাঠি হিসেবে না দেখে ব্যক্তিত্বের সমগ্রতা বিবেচনা করা উচিত।,0
ফাউল একটা কথা। যাদের চাহিদা কম থাকে তাদের কপালে ওই কমটাও জুটে না।,0
জুনিয়রদের দিকে তাকাই না,1
"প্রকৃতি আমাদের জীবনের অমূল্য অংশ, যেমন বাবা-মা আমাদের জীবনের অমূল্য রত্ন।",0
কেউ ধাক্কাধাক্কি করবেন না বিষয়টা আমি ক্লিয়ার করে দিচ্ছি এখানে ২ টা বিষয় বুঝার আছে প্রথমত হইলো... See more,1
এই পোস্ট থেকেই বোঝা গেল যে আওয়ামী লীগ সবসময় ভারতের দালাল,0
"আহারে আমার বুবু। কমেডি , ঢঙ্গী , নাটকী, অভিনেত্রী বুবুটা।",1
"""উলঙ্গ প্রশাসন,বিবস্র স্বাধীনতা,নগ্ন সমাজ, লজ্জিত বাংলাদেশ! গর্বিত রাজাকার!!",1
"একটু শান্তিতে ""সাদিয়া"" কে নিয়ে হানিমুনও করতে দিবো না পোলাপান!! এই স্বাধীনতাই কি চাইছিলাম?",1
সঙ্গে সঙ্গে রোমাঞ্চ-সাহিত্যে শুরুতে অনুবাদ ও পরে মৌলিক রচনার মাধ্যমে পাঠকের দৃষ্টি কাড়েন মোহাম্মদ নাজিম উদ্দিন।,0
আমার জেনারেশন এর অনেকেই বিকৃত প্যারেন্টিং এর শিকার হয়েছি হয়তো,1
একটা একটা করে আওয়ামী লীগ ধরে বিদ্যুতের খাম্বার সাথে বেঁধে রাখা হোক,0
"নিম গাছের এত উপকারিতা আছে, সবারই অন্তত একটি লাগানো উচিত",0
"আপনার কাছ থেকে এরকম একটা ইনিংস ই আশা করেছিলাম, খান সাহেব",0
যে সব মেয়েরা Tik Tok video আর makeup নিয়ে ব্যাস্ত তারা কি এই speech বুঝার যোগ্যতা রাখে ? হায়রে Digital যুগ !,0
"লোভে পাপ, পাপে মৃত্যু, মৃত্যুতে মিলাদ, মিলাদে মিষ্টি, মিষ্টিতে ডায়াবেটিস, ডায়বেটিসে মৃত্যু",1
সে ঠিক ই কালোমানিক,1
পুরুষ বিপিএলে তো ফেল এজন্য নারী বিপিএল থেকে দেখে একজনকে পটাইতে পারে কিনা,1
কিন্তু ডিজাইনারের ডিজাইন ভালো না !!,0
রোগীদের সুস্থ করতে ডাক্তাররা সবকিছু ত্যাগ করতে প্রস্তুত,0
আমার বন্ধু নেই কোনো। পরিচিত মানুষ আছে। কিছু প্রিয়জন আছে।,0
না আপনার ডিভোর্স দেওয়া উচিত হবে না...আপনার বউ এর উচিত আপনার মত মেন্টালিটির মানুষকে ডিভোর্স দেওয়া...বুইরা দামরা বেটার কাছে থাকার চেয়ে আরেকটু কম এইজ এর ছেলে বিয়ে করুক মেয়েটা,0
"নির্লজ্জের মতো আবার নিন্দাও জানাচ্ছে, ছিঃ ছিঃ ছিঃ",0
তবে বাংলা সাহিত্যের আদিতম নিদর্শন হিসেবে গবেষকেরা চর্যাগীতিগুলিকেই স্বীকার করে নিয়েছেন।,0
সামান্য সবজি চাষ নিয়ে এত কথা!,0
"ছিঃ,এভাবে অপমান নিজের দেশের মুভিকে,ছিঃ",0
"প্রকৃতির মাঝে সময় কাটানো আমাদের মনকে প্রশান্তি দেয়, আর বন্ধুর সাথে খেলা আমাদের শক্তি বাড়ায়।",0
আপনি গোলাপের মানে বুঝাচ্ছেন। কিন্তু মনের দুঃখটা বুঝলেন না,1
"আমারও বড় হয়ে গেছি, তারাও বুড়ো হয়ে গেছে",0
"আমি গরিব, কিন্তু আমার কাছে শূন্য পকেটের পুরুষ নেই",1
দারুণ লেখা।,0
যে ভাব নিবে তাকে এভাবেই দলের বাহিরে পাঠিয়ে দিতে হবে। সাবিনাকে সন্দীপে পাঠানো হউক ওখানে টিকটক করতে পারবে।,1
সেন্টওয়ালা চা খাইলে কী হালকা পিনিক পিনিক লাগে কীনা জানাবেন ওসমান ভাবী।,1
উনার জীবন আমাদের শেখায় যে হতাশা দিয়ে কিছু হয় না। নিজের জন্য লড়াই করলেই জীবনে সাফল্য আসবে।,0
"মনের আনন্দের জন্য যা ভালো লাগে, সেটাই করুন।",0
"বেশি সময় লাগে না, দ্রুতই জেনে যাই।",0
"সু""শিক্ষিত' মানুষজন আমার খুব ভাল্লাগে! এদের সাথে মেলামেশা করতে ভাল্লাগে, এদের পাশে বসে থাকতে ভাল্লাগে, এরা যখন কথা বলে তখন এদের মুখের দিকে তাকিয়ে থাকতে ভাল্লাগে! এদেরকে দূর থেকে দেখতেও আমার প্রচন্ড ভাল্লাগে!",0
ডঃ নাবিলের শ্রেষ্ঠগুণ তিনি সব সময় আল্লাহ তায়ালাকে স্মরণ করে কথা বলেন।আল্লাহ তায়ালার রহমত প্রাপ্ত আপনি...,0
কংকা কে গ্রেফতার করছেন তো তিতলির জামাইয়ের ও পদত্যাগ চাই,1
"সবাই যেন সবকিছু জানে, কিন্তু আসলে এমনটা নয়।",0
আমি ওসিডি তে আক্রান্ত। আমার অতীত জীবন টা বর্তমান জীবনের বিপরীত। আমি খেয়াল করেছি যে আল্লাহ তায়ালার যত কাছে আসার চেস্টা করি আমার এই সমস্যা গুলো তত বাড়ে। মাঝে মাঝে মনে হয় মাথায় আঘাত করে মাথা টা আউলে ফেলি কে যেন আমার কানের কাছে মাথার মধ্যে সারাক্ষন কিছু না কিছু বলেই যাচ্ছে আর আমার বুক ধড়ফড় করে যাচ্ছে ভয়ে সেসব শুনে শুনে।,0
এটা শোনার পর শেফু দা কইলো আচ্ছা এর কি কোন আত্মীয়-স্বজন নাই? তা শুনে পিনাকি দা কইলো থেকে লাব কি?সবাই তো তার-ই মতন!!,1
"সুন্দর পরামর্শ দিয়েছেন, বেশি কথায় ভুল বুঝাবুঝি বেশি হয় ।",0
"যদি পালন হয় তখন আপনার যেই বলেছিলাম পাছার ফোটাটা এক সাইডে আপনার,ঐটা দিয়া কি আগুন জ্বলবে?",1
উকিলরা মিথ্যে কথা বলে টুকটাক।কেউ কিছু পারসোনালি নিও না,1
এগুলো করেন ঘরে বসে থেকে,1
প্রমিক কাজে আছে ডিস্তাপ করবানা,1
কোচবিহারে চলে এসেছে কিন্তু এখনো হাতে পাইনি,0
পোকারা মানুষকে রাগ করে কামড়ায় না। তারা বেঁচে থাকতে চায় বলেই কামড়ায়। সমালোচকদের বেলায় ও কথাটা সত্য।তারা তোমার রক্ত চায়।তোমার কষ্ট চায় না।,0
ভাই আপনারা কি অসলেই মুসলিম। আমার তো তা মনে হয় না। ইসলামকে নিয়ে ফাজলামি করার সাহস কই পান আপনারা অন্য সব ধর্মের লোকদের দিকে তাকান আপনাদের মতো তারা এতো কাফের না যে ধর্ম নিয়ে ফাজলামি করবে আপনাদের জন্যই ইসলাম কে নিয়ে এতো ঠাট্টা হয়। ভালো হয়ে যান ইসলাম সম্পর্কে জানুন অন্য ধর্মের লোকদের কাছে নিজের ধর্মকে ছোট করবেন না প্লিজ প্লিজ প্লিজ,0
চুরির দায়ে তাকে গ্রেফতার করে আইনত ব্যবস্থা গ্রহণ করা উচিত,0
আগের দিনের রাজারা বিদ্যালয় স্কুল কলেজের জন্য জায়গা দান করতো। বর্তমান সময়ে রাজারা তার উল্টা।,0
উত্তরবঙ্গ ঘুড়া করা উচিত। কম খরচে ফুল নস্টালজিক,0
এই ডিসেম্বরে কি পেঁপের চারা রোপণ করা যাবে,0
তর সেফুদা র কাছে যাবার সময় হয়সে। পাগলা বেয়াদব অসভ্য ইতর গরিব। নাস্তিক পরিবার এর তেলাপোকা র মত চেহারাটা।,0
"কয়েক বছর আগে তিনি বলেছেন, তার এই আবিষ্কারটা ভুল ছিল।",0
আমি স্বাধীনতা দেখিনি কিন্তু আমি পদ্মা সেতুর উদ্বোধন দেখেছি।,1
অথচ এই প্রশ্নও দুই যুগ আগে সেটেলড ছিল।,0
সবগুলাতে বস্তি লাগতেছে একটা দেশের রাজধানী কত গোছানো থাকে,0
ছাত্র-ছাত্রীদের মনের কত গভীরে গেলে এরকমভাবে বলা যায়। সত্যিই অসাধারন। শিক্ষিকার প্রতি রইলো শ্রদ্ধা ও সন্মান।,0
কোন জানোয়ারদের কাহিনী,0
যারা অল্পতেই সন্তুষ্ট আর বলে আল্লাহ আমাকে যা দিয়েছেন তাতেই আমি খুশি আমি মনে করি তারাই জীবনে সুখী আর সফল মানুষ,0
"আমরা বিবিএ এর স্টুডেন্ট হয়ে অনার্স দ্বিতীয় বর্ষে উঠে ৩ ক্রেডিট এর একটা বাধ্যতামূলক কোর্স করা লাগছে যার নাম "" Bangabandhu and Bangladesh Studies"", এবং যেখানে পুরা ভার্সিটি লাইফ ইংলিশ বেসড সেখানে শুধু এই কোর্সটা বাংলা তে লেখা যায়। এখন একটা বিবিএ এর স্টুডেন্ট এর কিভাবে একজনের বাবার ইতিহাস জানা লাগবে এটা আমার মাথায় আসে না।",0
রংপুর হলো বাংলার বাঘ সেটা আজ হোক কাল হোক প্রমাণ করে দিব আমরাই জয়ী থাকবো আমরা আমাদের হার হবে না,0
"চিন্তা করা যায়,এখানকার শিক্ষিতরা কতটা মূর্খ।",1
সত্যি ভাই কিন্তু চুলের প্রশংসা করলে সত্যি কষ্ট লাগে কারণ আগে আসলেই ভালো ছিলো,0
"নাম কী, কোন ক্লাসে পড়ে? জানার চেষ্টা করি।",0
স্বজন হারানোর বেদনা কতদিন শুনিনি,1
পরিবার সচেতন না হওয়ার কারনেও আজকে এ-ই সমস্যা।,0
আমার মায়ের গল্প,1
করোনাভাইরাস পরবর্তী সময়ে বাংলাদেশের অর্থনৈতিক পুনরুদ্ধার কঠিন হতে পারে।,0
আপনি তো টেবিলে বই খুলে চেয়ারে বসে মোবাইল টিপার মজা থেকে বঞ্চিতদের একজন,1
অতীতের ঘটনাকে ব্যক্তিগত আঘাত হিসেবে না দেখে সামগ্রিক সম্পর্কের প্রেক্ষাপটে বিচার করা যেতে পারে।,0
"আমি আজকে থেকে তওবা করলাম কখনো কোনো দিন মিথ্যা কথা বলবো না!কোনো দিন খারাপ ছবি দেখবো না""কোনো দিন সিগারেট খাবো না!আল্লাহ তুমি আমাকে মাফ করে দেও""আমিন!",0
"আগামীকালকে যেয়ে গালিগালাজ করে আসছে, এইটা ভালো ছিল",1
র্যাবের পোশাকটার কালারটা একদমই বেমানান। রুচির দুর্ভিক্ষ হলে এমন কালার চয়েজ করে। আর সবচেয়ে বড় কথা হলো পোশাকের কালার চেঞ্জ হলেও র্যাবের নিয়ম নীতির কোনো সংস্কার হয়নি। পোশাকের কালার বদলিয়ে কোনো লাভ হবে না যদি কারো চরিত্র না বদলায়।,0
এমন একটা দেশে বাস করি যেখানে মন খারাপ করে ও থাকতে পারি না,1
আমি এটার নাম রেখেছি লাভ মশা।,1
মানুষের সঙ্গের থেকে নিজের সঙ্গ বেশী উপভোগ করি৷,0
অপূর্ণ ইচ্ছে কারন কাফি আওয়ামীলীগের চেতনায় হাগু করে দিছে,0
উপজাতিদের জন্য কোটার ব্যবস্থা দেশের সাংস্কৃতিক বৈচিত্র্য সংরক্ষণে সহায়তা করে।,0
খোঁজ নিয়ে দেখো গিয়ে এই টাইপের মাইয়া গুলাই অন্য বেডির ব্যাডার লগে পরকিয়া করে তার ঘরে অশান্তি লাগাই বেড়ায়,0
যার টাকা নাই সে জানে টাকার বিকল্প কিছু নাই আবেগ দিয়ে জীবন চলে না আপনার হয়তো অনেক টাকা আছে সেজন্য আপনার এই কাব্যগুলো বের হয় আমাদের মতন গরিবের ঘরে জন্ম নিলে বুঝতে পারতেন এবং ভালোবাসার কথা টেরই পেতেন না,0
পারিবারিক বন্ধন দৃঢ় থাকলে সন্তানরা সহজেই বিপথে যায় না,0
মহাকালের নন্দিত কণ্ঠশিল্পীর দ্রুত সুস্থতা কামনা করছি,0
বেঁচে থাকলে আমিও আমার গফের ছবি ওয়ালপেপারে রাখতাম...!,1
"এই শালা একটা বুদ্ধি প্রতিবন্ধী ,ছেলে না বাপের কথা বলছি।",0
মানুষ দেখতাম বই ভালো করে পড়ে কি না সন্দেহ,1
রড ওয়েল্ডিং করে দেন আর চাকু দিয়ে ঘষে ফেলুন।,0
দেশের প্রযুক্তি খাতের উন্নয়নের জন্য বড় কোম্পানির দায়িত্বশীল ভূমিকা জরুরি।,0
"বইটিতে মানবদেহ নিয়ে তোমার মনে যত প্রশ্ন আসতে পারে, তার সব উত্তর এখানে আছে।",0
স্কলারশিপ কমিটি আপনার সংকল্প এবং লক্ষ্য দেখে সিদ্ধান্ত নেয়।,0
"""আর সে দিনের ভয় কর, যখন কেউ কারও সামান্য উপকারে আসবে না এবং তার পক্ষে কোন সুপারিশও কবুল হবে না কারও কাছ থেকে ক্ষতিপূরণও নেয়া হবে না এবং তারা কোন রকম সাহায্যও পাবে না।""",0
গোলাপ ফুল দিয়ে পুজা হয়না!,1
এই লেন দেন এর সম্পর্ক থেকে বাঁচার জন্য তোমার গান রয়েছে দাদা,0
হুম সফল উদ্যোক্তা শেষ পর্যন্ত যেনো নিজের ডিসপ্লে দেখিয়ে ব্যবসা করতে না হয় রথ দেখা কলা বেচা,1
প্রস্তুতি নিয়েই বেরিয়েছেন মনে হচ্ছে।,1
আমার চাওয়া আওয়ামীলীগ এবং শেখ মুজিব এই দুইটা শব্দ বাংলাদেশ থেকে চিরতরের জন্য বিদায় হোক!,0
"ইসলামের স্লোগান দিয়ে ধর্মীয় লেবাসের তৌহিদী জনতা এবার মূর্তি পুজারী পিনাকি হিন্দু নেতার নেতৃত্বে, আজব এসব মুষ্টিমেয় মব জনতা। যদি সরকার তার প্রতিটি নাগরিকের মানবিক অধিকার ব্যর্থ হয় রাষ্ট্র চরম অন্ধকারে দাবিত হবে।",0
এখনো বিয়া করি নাই বেচে গেছি,1
জীবনের প্রথম একসাথে এত কম্পিউটার দেখলাম,1
আইনের কিছু সংশোধন করা উচিত। আইনের জন্য মানুষ? নাকি মানুষের জন্য আইন??,0
"বড় ভাই টাইপিং মিস্টেক হইছে,,, য় এর যায়গা 'র' দিলে আরো ভালো মিলতো",1
কেমনে সম্ভব? এই বুড়ো বসয়ে চাকরি?,1
"কাপড় টাঙ্গানোর জন্য দড়ি কিনছিলাম, ছয় হাতের মত বেশি হইছে কারো লাগলে নক দিয়েন। ফ্রিতেই দিব।",1
আমি ফেরাউন কে দেখিনি তবে আমি শেখ হাসিনারে দেখেছি,1
ওদের ট্রল করার মতো দর্শকই নাই ট্রল করবে কে,1
শুভ কামনা ডিয়ার তোমার জন্য,0
"হিজিবিজি মনে হলো, বর্তমান যে পদ্ধতি ও লোকবল আছে তা দিয়ে কার্যকর এবং জবাবদিহিমুলক সেবা চাই।",0
অনেক মিস করি এসব খেলা গুলো ছোট থাকতেই ভালো ছিল,0
আমি শিহরিত,1
অদ্ভুত সব জিনষ শুধু আমেরিকায় কেন দেখা যায়,0
এ যেন পরের বউকে নিজের বউ দাবি করার মতো!,1
"তোরা মিডিয়া খুবই জঘন্য, ভালো নিজিশটাও খারাপ করে তুলতে পারো",0
"প্রতিটি ক্ষতি একটি শিক্ষা দেয়, যা ভবিষ্যতের সাফল্যের জন্য অপরিহার্য।",0
"টং দোকানের চা যদি ভালো লাগে, সেটাই খান আর সেটার ছবি তুলে আপলোড করুন।",0
ইস আমার যুদি একটা বান্ধবী থাকত,1
"ঘুমন্ত অবস্থায় স্বপ্নে উপর থেকে পড়ে গিয়ে ঝাকি খাওয়া সাধারণত বদ নজরের লক্ষণ নয়। এটি সাধারণত মস্তিষ্কের কিছু স্বাভাবিক প্রক্রিয়া এবং দেহের শারীরিক অবস্থা যেমন অতিরিক্ত চাপ বা উদ্বেগের কারণে হতে পারে। এই ধরনের স্বপ্ন বিশেষ করে যখন মানুষ অতিরিক্ত মানসিক চাপ অনুভব করে, তখন দেখা দেয়। তবে, যদি আপনি মনে করেন যে কিছু অদ্ভুত বা অস্বাভাবিক ঘটনা ঘটছে, তাহলে একজন অভিজ্ঞ ব্যক্তির সাথে পরামর্শ করা ভালো হতে পারে।",0
এজন্যই আমার কোনো মেয়ে বন্ধু নাই।,1
বাসের হেল্পার সাথে আমার বন্ধুর পরিচয় আছে...,1
"এটা কোনভাবেই সম্ভব না, বিস্তারিত এখানে লেখা আছে, হয়তো আপনার রেজাল্ট আরেকটু ভালো হবে নয়তো যা আছে তাই দেখাবে কোন প্রকার পিছাবে না।",0
"বেশির ভাগ এখনকার মেয়েরা কেন টাকা ওলা ছেলে খুজে, বয়সে কাক্কু বা দাদু হলেও সমস্যা নেই তাদের। কিন্তু কেন?",0
আজকে দুইটা ওই নাই বলে,1
"আপনার অনুভূতিগুলোকে গুরুত্ব দেওয়া খুবই গুরুত্বপূর্ণ। কখনও কখনও, নিজের অনুভূতি নিয়ে কথা বললে সহজতর অনুভব করা যায়।",0
টানেল দিয়ে যাওয়ার সময় যদি ঘুর্নিঝর হয়,1
"নিঃস্বার্থভাবে দেশ এবং জনগণের পক্ষে যাঁরা কাজ করে তারই প্রকৃত দেশ প্রেমিক, সেসকল দেশপ্রেমিক কে হাজার সালাম",0
সাম্প্রতিক অনেক বিপ্লব ব্যর্থ হয়েছে বর্ষা বিপ্লব যাতে একটি সত্যিকারের পরিবর্তন আনতে পারে তার জন্য সবাইকে এগিয়ে আসতে হবে।,0
বিসিবি যাকে মূল্যয়ন করে না তার আমেরিকা যাওয়াই ভালো।,0
সময়ের ১০০০হাজার ছাত্রলীগের চেয়ে অসময়ের ১০০ ছাত্রলীগ অনেক শক্তিশালীএবং সাহসী,0
ভাই আমি নিজেই আজকে টিকেটের জন্য 15 দিন যাবত বসে আছি আমার ভিসার মেয়াদ শেষ হয়ে যাচ্ছে কি করবো বুঝতেছিনা আমার প্রতিটা রেমিটেন্স যোদ্ধার কাছে আবেদন আপনারা রেমিটেন্স পাঠানো বন্ধ করে দেন যেমন দিয়েছিলেন ৫ আগস্ট এর আগে,0
আমি ভেবে পাই না এরকম একটা সাইকোকে মানুষ সাপোর্ট করে কিভাবে?,0
"বিশ্বাস করবেন কিনা জানিনা, কিন্তু বলতে হচ্ছে আমাকে। কালকে রাত্রে চোখের ফোটা আমার সঙ্গী হয়েছিল, প্রচন্ড কেঁদেছি, প্রচন্ড... জানিনা হঠাৎ চলে আসলো প্রচুর ডিপ্রেসড ছিলাম... আপনাকে আবারো ধন্যবাদ মনকে পুনরায় জীবিত করে তোলার জন্য",0
"ঠিক আপনার মতো বিড়ি মুখে নিয়ে পোস্ট দেখলাম, কিন্তু লাইট নাই বিড়ি জালাবো",1
খুচরা পয়সা পড়ে থাকতে দেখে ঐ টা টোকায়ে নিচ্ছে।,1
"তো,তোমার মতে লেংটা হয়ে ঘুরাই ভালো,খুব মজা পাইতা তাইনা??",1
আমি একজন ইলেকট্রিক্যাল ইঞ্জিনিয়ার কিন্তু নিকোলা টেসলা সম্বন্ধে স্মার্টফোন ব্যবহার করার আগে কিছুই জানতাম না কিন্তু বর্তমানে স্মার্টফোনের বদৌলতে নিকোলা টেসলা সম্বন্ধে অনেক কিছুই জানতে পেরেছি। যত জানতে পারছি ততই ভালো লাগতেছে। আমার মনে হয় ইলেকট্রিক্যাল ইঞ্জিনিয়ারিং পড়ার আগে নিকোলা টেসলা সম্বন্ধে জেনে আসা উচিত।,0
"নব্বই দশকের ক্রিকেটার সানোয়ার এক ম্যাচের জন্য কাউন্টিতে লারার দলে খেলতে গেসিলো। ম্যাচের পরদিন বাংলাদেশের সব পত্রিকায় নিউজ ""লারাকে টপকে গেলেন সানোয়ার!!""",0
"আমি সুইডেন থাকি! এই মাসে দেশে আসবো, একজন মেয়ে বন্ধু চাই",1
এগিয়ে যাও বাংলাদেশ।,0
ক্যামেরার পিছনে তার গল্পটা গোবরের চাইতেও নিৎকৃষ্ট।,1
"ফেসবুকে প্রেম করে নিজেকে প্রেমিক ভাবা, আর আর্সি খেয়ে নিজেকে মাতাল ভাবা সমানই।",1
মানুষের সেবার মাধ্যমে আল্লাহর রহমত অর্জন করেছেন উনি,0
"আপনি বিশ্ববিদ্যালয় চান্স পেয়ে ভর্তি হননি, আজকের এই দিনটি দেখবেন বলে? আপনার আশা পূরণ হোক, তিতুমীর বিশ্ববিদ্যালয় বাস্তবায়ন হোক।",1
ভাই কিছু টাকা দিয়েন,1
"এখন যতোবেশি ধর্ম চর্চা হচ্ছে ,মানুষ ততোবেশি উগ্রবাদী হচ্ছে। আগের মানুষের ধর্ম চর্চায় কোন খাদ চিলো না।আর এখন ধর্ম নয় ধর্মব্যবসাই আসল।",0
বগুড়ার ভাষা টারে এভাবে ধর্ষণ করো দিলো আপা,1
"IELTS, TOEFL, GRE, বা GMAT স্কোর অনেক স্কলারশিপ প্রোগ্রামে বিবেচনা করা হয়।",0
জানিনা এবার কয় জনকে পুত্র সন্তান উপহার দেয়। খেলা হবে খেলোয়াড়ে খেলোয়াড়ে একজন ঘরের একজন মাঠের,1
আমি নিজে এর কতো ভুক্তভোগী,1
এতো আবেগি পোস্ট না সুদিয়ে। দেশে কর্মের ব্যবস্থা কিভাবে করা যায় সেই ব্যাপারে ভাবেন। পুরো পরিবার দেশে রেখে একা একা বাইরে থাকতে কেউ-ই চাই নাহ। থাকতে বাধ্য হয়।,0
ভদ্রতা পরিবারের শিক্ষা মানুষের আচার ব্যবহার বলে দিবে সে কোন পরিবার থেকে বের হয়ে এসেছে,0
সংশ্লিষ্ট কর্তৃপক্ষের লোকজন যদি বিবেচনা করে আগের রেটটা বলবৎ করতেন জাতি চিরকৃতজ্ঞ থাকতো!,0
সোশ্যাল মিডিয়া ও স্মার্টফোন সরকারের বিরোধিতা করার শক্তিশালী হাতিয়ার হয়ে ওঠে।,0
ক্রাইম পেট্রোল দেখে দেখে ভারতের বেশিরভাগ মানুষই এ ধরনের জিনিস শিখেছে।,1
ভোটের রেজাল্ট পাইয়্যা গেছি,0
আই এম তো অবাক,1
যেখানে ক্রিকেট খেলোয়ার দের জন্য কোটি কোটি টাকা ব্যয় হয়। আর এ খেলার জন্য কি কোন স্পন্সর নেই?,0
আপনার প্রস্তাবনা যুক্তিসঙ্গত।,0
রুটি কেন নিলো না রুটি কলা ছাড়া রুগি দেখতে যাওয়া নিষেধ,1
সকলের জ্ঞাতার্থে জানাই পিনাকীর ঔষধ কোম্পানির নকল ঔষধ খেয়ে প্রায় ২০০ শিশুর মৃত্য হয়। যার দায়দায়িত্ব কিন্তু পিনাকীর ওপর বর্তায়। সেই কারণে সে দেশ থেকে পালিয়ে যায়। এখন তার মতো বদমায়েশের কাছ থেকে ভালো কোনো উপদেশ আশা করা বোকামি,0
ইজ্জত এর ভয়ে মন খুলে কমেন্ট করতে পারি না যদি এলাকার কেউ কমেন্ট পড়ে,1
"সমাজে নানা ধরনের পরিবর্তন দেখা যাচ্ছে, তবে আমরা কতটা নিজস্ব সংস্কৃতিকে গুরুত্ব দিচ্ছি?",0
আগামী শুক্রবার আমাদের এখানে লজ্জার টিকা দেওয়া হবে। আপনি অবশ্যই উপস্থিত থাকবেন।,1
রাখবো তো কিন্তু আগে তো গার্লফ্রেন্ড'টা দরকার ভাই,1
এটাই জীবনের মানে।,0
আল্লাহ সমস্ত মানুষগুলোকে ধৈর্য ধারণ করার তৌফিক দান করুক।,0
চীন মানেই সবার জন্য সহজলভ্য পণ্য,0
লম্পটের চোখ ত নারীর দিকে হবেই,1
দুইদিন পর পদ্মার উদ্ভোদন। এখন এসব নিউজ করা উচিত না।,0
আমাদের নতুন প্রজন্ম এখন স্ক্র্যাচ দিয়ে প্রোগ্রামিং করতে শেখে।,0
সারাহ টেন্ডুলকারের চেহারা আর স্টাইল অনেক মানুষকে প্রভাবিত করে। কিন্তু তার কাজ আর ব্যক্তিত্বও প্রশংসার যোগ্য।,0
খুব ভালো লাগে যখন নিজে ঘরে বসে প্রতিদিন ইনকাম করি। ডেইলি tk ডেইলি পাই।,0
এইসব সাফ কবির যারা সেলফি তুলে সেলিব্রেটি হয় তাদের কাছ থেকে এর চেয়ে ভালো র কি আসা করা যায়।নষ্ট মেয়ে,0
"বিয়া-শাদির' ব্যাপারে আমি আবার কিঞ্চিৎ নওগাঁ হেটার, এতো নারী-পুরুষ কোনো বাছ-বিছার নাই",1
কঠীনস ডায়ালগ মাইরি।,1
থানায় থেকে লুট হওয়া বহু অস্ত্র এখন ভন্ড মোনাফিকদের হাতে,0
নিশ্চয়ই সে আগে ছাত্রলীগ করতো। কারণ ছাত্রলীগ ছাড়া এত বড় সাহস কারণ নেই,1
"সরকার প্রধান ড.ইউনুস নিজেই নতুন রাজনৈতিক দল গঠনে এম্বাসেডরের ভূমিকা পালন করছেন,যা সরকারের নিরপেক্ষতাকে প্রশ্নবিদ্ধ করবে।",0
এরকম যদি একটা বেস্ট ফ্রেন্ড পাইতাৃম,1
খুব ভালো জিনিস শিখলাম। অনেক অনেক অভিনন্দন রইল।,0
আগে মনে করতাম কেমনে সম্ভব বাইরে ভালোবাসা পুরুষরে বিলাই বানায়া ফেলে,1
উনার গল্পটা শুনে মনে হলো নিজের প্রতি আস্থা রাখা কতটা গুরুত্বপূর্ণ। জীবনের প্রতিকূলতাগুলো কাটিয়ে ওঠার জন্য এটা খুব প্রয়োজন।,0
"ভালো লেগেছে, চমৎকার, তাই অনুমতি না নিয়েই শেয়ার করলাম,,,,,,",0
"বই-পুস্তকে বড় বড় সব বিজ্ঞানী পশ্চিমের দেখে ভাবতাম, বিজ্ঞানী হতে হলে ওইসব দেশেই জন্মাতে হয়।",0
নিয়ত খাদের কিনারায় বিচরন করলে তলিয়া যাওয়া কি স্বাভাবিক নয়!,1
তোমরা কখনো মানুষ হবে না! আজীবন শুয়োর থেকে যাবে। শতশত লাশেরপরেও তোমাদের কোনো রিমোর্স নেই।,0
এইখানে শুয়ে থেকে আসলেও শান্তি।,0
"সকাল বেলার রুটিন - অজু করে নামাজ পড়ি, করি মুনাজাত। শান্তি-সুখে কাটে যেন, সবার দিনরাত।",0
"সোনার কাজের কারিগর দের অবস্থা খুবই খারাপ, তার উপর এতো সোনার দাম বাড়লে,সাধারণ মানুষের হাতের নাগালের বাইরে চলে যাচ্ছ,",0
দিন শেষে শূন্য সব কিছু খালি পড়ে রয়!!,0
বাংলাদেশি কোন মিডিয়া যেন স্বৈরাচারের ভাষন প্রচার না করে,0
কোনও ভাবে এদের প্রাইমারি স্কুলে কনভার্ট করা যায় না?? একদম উচিৎ হয়ত তাহলে ।,0
ঐ যারা কমেন্ট করতেছেন ধীরে সূস্থে করেন।আর বানান যেনো ভুল না হয়। আপনার প্রতিটা কমেন্ট অনেক মূল্যবান।,0
"একটা উপায় আছে, বিএনপি নির্বাচন এর জন্য হরতাল ডাকবে, আওয়ামী তাদের সাথে মিশে হরতাল ডাকবে, এ ছাড়া আর কোনো উপায় তাদের নাই",0
ডাক্তাররা কখনো দায়িত্ব এড়িয়ে যান না,0
যার বিয়ে তার খবর নাই পাড়া পড়শির ঘুম নাই,1
জয়কলির পোস্টে সবাই হাহা রিয়েক্ট দিলেও জয়কলির বইকে কেউ অস্বীকার করতে পারবে না৷ আমি নিজেও কোথাও কোচিং না করে শুধু জয়কলির বই পড়েই ঢাবিকে জয় করেছি আলহামদুলিল্লাহ।,0
গোপালগঞ্জের গোলাপি আর কত কাল জ্বালাবি,1
যায়গা যায়গা চাঁদাবাজ ও ব্রিজের যে টোল দেওয়া হবে তাতে করে কৃষকরা মাথায় হাত দিয়ে বসে থাকবে।,0
অপসাংস্কৃতি ছড়াচ্ছেন কেনো?,0
"অর্জুনের ব্যর্থতা নিয়ে মজা করা আসলে দুঃখজনক। প্রত্যেকের জীবনে সাফল্যের জন্য আলাদা পথ থাকে, সময়মতো সে ঠিক সফল হবে।",0
সুন্দরী শাশুড়ি বলে কথা আসিফ কাকুর মায়া হচ্ছে,1
অনন্দবজর এর দৃষ্টি আকর্ষণ করছি,1
নতুন ইউজার এর পাশে আছি সবসময়। প্রিয় ভাই বোনদের জন্য শুভকামনা থাকবে সবসময়,1
স্বামী কে সবসময়ই তার মা বাপ বোন ভাগনে আত্মিয় সজনের কাছ থেকে দুরে রাখার চেষ্টা করবেন মহব্বত আরো বারবে।,1
টুঙ্গি পারা আমাদের পরবর্তী গন্তব্য কে কে একমত??,1
বাংগালি মানে বিনোদন,0
একে তো সিংগেল তাব় উপর আবার ব়িয়েল মাদ্রিদ এব় ফ্যান,1
একদম আমার মা ও,1
ব্রেকিং নিউজঃবাড়ার কাঁপুনিতে বুয়েট ইসিই বিল্ডিং এ ফাটল।,1
এই বাসে কি শুধু গোলাপি আপারা যাবে,1
"ক্লিয়ারেন্সে ভিড় ভালো কথা, কিন্তু এই যুগে এসেও কাউন্টারে ক্যাশ কে জমা দেয় ভাই? এই টাকাটা রকেট বিকাশে তুলে ওয়ান কার্ড দিয়ে দিলেই তো হয়। অন্তত কাউন্টারে ভিড় হয় না",0
শুধু এই পোষ্টে হা হা রিয়েক্ট দেওয়ার জন্য নিচতলা থেকে ১০ তলার ছাদে গিয়ে ট্যাংকির উপরে উঠেছি নেটওয়ার্ক পাওয়ার জন্য! এখনো ট্যাংকির উপরে বসে আছি নামবো কিভাবে বুজতেছিনা! কিন্তু জীবন সার্থক!!,1
জগদীশ চন্দ্র ৮ মাইল পর্যন্ত কোনো তার ছাড়া কথা পাঠাতে পেরেছিলেন।,0
ঢাকা বিশ্ববিদ্যালয়ের কর্তৃপক্ষ লেখাপড়ার মানোন্নয়ন নিয়ে কোনো চিন্তা ভাবনা না করে কিভাবে অর্থ কামানো যায় সেই ধান্দায় ব্যস্ত,0
সম্পর্কের মূল ভিত্তি হচ্ছে বোঝাপড়া আর পারস্পরিক সম্মান।,0
"আহারে সোনা গো আমার, দুই বছরে নাকি দেশ সাজিয়ে ফেলবে আহা গো, ছয় মাসে দেশের ছয় ইঞ্চি দেশ সাজাতে পারো নাই, কি যে হাসান হাসাইলা মনু",0
"আপনার কথাগুলো খুবই সঠিক। যখন আমরা একে অপরকে সাপোর্ট করি, তখন সবার উন্নতি হয়।",0
নুহাশ পল্লী হুমায়ুন আহমেদের প্লিজ ওটা কিছু করবেন না ওটা শাওনের না ওটা নুহাশের নামে শাওনকে যা কিছু করেন,0
"দশকের শেষ দিকে এসে দেখা যায়, এই লেখকদের মধ্যে শক্তিশালী অনেকেই আলোচিত হয়ে উঠছেন একুশে বইমেলায়ও।",0
উনার জীবন দেখিয়ে দেয় যে ইচ্ছাশক্তি থাকলে সব কিছুই সম্ভব। এভাবে নিজের জন্য লড়াই করা সত্যিই প্রশংসার যোগ্য।,0
"সঠিক কথা বলছেন,, ওরকম কিছু মেয়েরাও আছে,, একদিন নিজের পায়ে ঠিকি দাঁড়াবে",0
"আরও মজার বিষয় হলো, বিজ্ঞানীরা ধারণা করেন, এই কুঁচকানো ত্বক হয়তো আমাদের পূর্বপুরুষদের জন্য পানিতে ধরে রাখা বা ভেজা জিনিসগুলোকে আরও ভালোভাবে ধরতে সাহায্য করত। এটি একধরনের অভিযোজন প্রক্রিয়া।",0
আমি তখন ছোট বোনের কাছে প্রেমের সংজ্ঞা শুনতাম প্রেম মানে ফোনে কথা বলা আর নাচ গান করা,1
"৩২ তো ভেঙে ফেললেন। এবার একটু বাজার সিন্ডিকেট, চাদাবাজ সিন্ডিকেট আর ছিনতাইকারীদের কালো হাত ভেঙে দেখান। আর নাহয় এসবের ভ্যালু নাই আমার কাছে।",0
"আমি মনে করি, একটা সময় সবাইকেই কিছু না কিছু শিখতে হয়।",0
"""তাহাজ্জুদ নামাজ হলো এক বিশেষ এবাদত, যা রাতে গভীরভাবে আল্লাহর কাছে দোয়া এবং অসম্ভব দোয়া কবুলে সুযোগ দেয়। এটি একটি মহিমান্বিত সময়, যেখানে আল্লাহর রহমত এবং বরকত লাভের সম্ভাবনা অনেক বেশি",0
"বর্তমান প্রেক্ষাপটে বাংলাদেশের উচিত সামরিক শক্তি বৃদ্ধি করা। ভারত Global fire Power Index এ ৪ নম্বরে আর বাংলাদেশের ৩৭ তম।এখানে শক্তির অনেকটা পার্থক্য আছে,। তাই আমাদের উচিত সামরিক শক্তি বৃদ্ধি করা",0
"ইসলামিক শাসনের ইতিহাস, সুলতানদের জীবনী, দেশ জয়ের নীতি এবং কৌশল, ইসলামের শাসকদের প্রাসাদ,স্থাপত্য,জন্ম ভিটে, তাদের জীবনাচারন, সমাধি দেখে চমকে উঠি, কি সুন্দর এবং স্বর্গীয় জীবন কাটিয়ে গেছেন। ভালোবাসা",0
প্রতিহিংসার রাজনীতিতে পুড়ছে না তো প্রিয় মাতৃভূমি?,0
"কিন্তু আমরা ছোটবেলা থেকেই শুনে আসছি, এই গাছে নাকি, ভূত বা পেরত আছে। এজন্য গাছের নিচে কাউকে এভাবে বসতে দেখিনি, আমার জীবনে তো কখনো বসিনি।",0
ধর্ম এবং মুক্তিযুদ্ধকে পুঁজি করে রাজনীতি বন্ধ করা হোক,0
বাংলাদেশ থাকবে না মানে ও আসলে ঠিকই বলছে বাংলাদেশ এতো ছোট থাকবে না এর সীমানা খুব শীঘ্রই দিল্লিতে গিয়ে ঠেকবে ইনশাআল্লাহ,1
মানুষের বিবেক মারা গেলে যা হয় আর কি,0
২১ বছরে ৪২ ঈদ।২১ টি জন্মদিন। ২১টি বিবাহবার্ষিকী। আরো কতো উৎসব গেছে।পাওয়া হয়নি এক গোছা চুড়ি কিংবা এক পাতা টিপ। মরে তো যাইনি। তবে অন্তরে শেষ হয়েছি সেই কবে।,0
"তেলাওয়াত করা আর মুভি দেখার লজিকটা একদম আমার সাথে মিলে গেলো আমি দেখেছি অনেকে কোরআন পড়তে পারে না, আর আমি পারা সত্বেও বদঅভ্যাসের কারণে পড়া হয় না আমার মাঝে মাঝে তীব্র অনুসূচনা হয় আল্লাহ হেফাজতের মালিক",0
আমি নিজেও এটাতে বিশ্বাসী। প্রতিবারই ভাবি প্লান না করে কাজ করা শুরু করে দিবো কিন্তু প্রতিবারই প্লানিং আর পারফেকশনিজমের ট্র্যাপে পরে যাই।,0
বোনের জন অনেক অনেক দোয়া আর ভালোবাসা রইল।,0
আসিফ নজরুলের সুগার শ্বাশুড়ি মেহের আফরোজ শাওন গ্রেপ্তার!,1
ড্রসোফিলা ফলের মাছি। রিসার্চ এর ক্ষেত্রে এইটি মডেল হিসেবে কাজ করে।,0
প্রবাসীদের ভোগান্তি কি কমবে এবার? না কি আপনিও অগ্রজদের মতো হয়ে যাবেন!,0
নিম গাছ লাগানোর জন্য নির্দিষ্ট প্রকল্প নেওয়া যেতে পারে,0
বাংলাদেশ সময় রাত ৯ টা ২৪ মিনিটে ৩.৩ মাত্রার ছোট 'মৃদু' এর চেয়ে দুর্বল ভূমিকম্প অনুভূত হয়েছে ।,0
"সব বাদ দিলাম,যে গুরুত্ব দেয় তাকেই গুরুত্ব দেয়,যতটুকু দিবা ততটুকু নিবা,ব্যাস",0
যদি আপনার পরা মাস্ক টা বিক্রি করেন তাহলে কিনবো,0
ইনফরমেশন লিংক ডেসক্রিপশনে দেওয়া টা একটা পরিশ্রমী ও বড়ো একটা ভালো উদ্যোগ।,0
ঠিক আছে আমি ও ঐটাই চাইতেছি,1
"কিন্তু এরপরও সর্বসমক্ষে বাংলায় উচ্চকণ্ঠে ওই স্লোগানগুলো শুনতে আমাদের অস্বস্তি হচ্ছে, যা হয়তো ওদের হচ্ছে না।",0
আগামীতে এই মৃত্যুর হার আরো বাড়বে। বাইকার সচেতন কিংবা সাবধান না।,0
কেউ থাকে না কিন্তু আমি চাই তুমি থাকো,0
"বাবা-মা আমাদের জীবনের মূল শক্তি, তাদের ভালোবাসাই আমাদের পথ চলার প্রেরণা।",0
শেখ হাসিনার কারণে বঙ্গবন্ধু শেখ মুজিবুর রহমানের মানুষ আর ভালোবাসে না,0
রোবট আমাদের চাকরি খাবে।,0
"শিল্পীদের একটাই পরিচয় হওয়া উচিৎ, সে শিল্পী। এর বেশি পরিচয় যারা খুজতে যান তারা একদিন না একদিন বিপদে পড়তে হয়৷",0
জীবনডা বেদমন্ত্র ময়। সিঙ্গেল থাকতে এমন দাগ আমার গোসল করতে গিয়ে ঘষাঘষি তে গ কত হলো। এই দিকে পোলাপান বেচারা বিবাহিত বলে কত কি ভাবে। আই হেট মাই মাইন্ড,1
কী যুগ আসলো মানুষের ভেতরে বিন্দু মাত্র মানবিকতা নাই,0
ভাগ্যিস নোবেল কমিটি ঘুষ খায় নি!,1
পরিবারের ছোট সন্তান আমি নিজের টাকায় চলি অন্যের টাকায় চলার ইচ্ছে আমার নেই,0
বুড়া বয়সে সবারই মাথা গরম থাকে,1
দ্বিতীয় কি তৃতীয় দিনের দিন আমার দিকে তাকিয়ে একটা হাসি দেয় উষসী।,0
এত কিছু করে কোন লাভ নাই। যারা পালন করার তারা ঠিকই করবে।,0
আমরা বাকস্বাধীনতায় বিশ্বাসী৷ আপনার মতো পাঠকদের প্রশ্নের জবাব তিনি দিয়েছেন৷ পুরোটা পাবেন এই লিংকে,0
এইবার গাছের আগাও খাবে গোড়াও কুরাবে,1
এই সিস্টেম টাই ভালো। বিশ্ববিদ্যালয়ে চান্স না পেলে কলেজকেই বিশ্ববিদ্যালয় বানিয়ে ফেলবো!!,1
আমার বিয়ের একবছর হইছে আমি মুখ লাগিয়ে পানি খাই কিন্তু তাকে খাইতে দেই না আমার কোন কিছুই আমি তাকে ব্যবহার করতে দেই না,0
বিয়ের পর বন্ধুদের সাথে আর আড্ডা দিয়ে খেলতে পারবে না। তাই বিয়ের আছে সব ইচ্ছে পূরণ করে নিচেছ।,1
আর্থিক লোকসান পুষিয়ে আবার দাঁড়াতে পারবে তো...,0
রোল প্লেয়ার থাকলে নক দাও,0
মানুষের সাথে ভদ্রতা এবং সম্মান দিয়ে কথা বলা উচিত।,0
ইজতেমার ময়দান কারও বাপ দাদার সম্পদ না সাদ অনুশারিরা ইজতেমা করতে পারবে কি পারবেনা তা ঠিক করবে তাবলীগ ওয়ালারা,0
ভাবিনি এই ভাবে আসবে তুমি,0
"একটা কথা বলি আপনাকে। মনে করলাম আপনি দেশপ্রেমিক। যদি দেশপ্রেমিক হন, বর্তমান প্রেক্ষাপটে শেখ মুজিবুর রহমানের দোষ কি। তার প্রতি সম্মান ক্যানো করছেন না। নাকি 1971 এ তিনি দেশবিরোধী ছিলেন।",0
এসব বাজে গল্প যে বিশ্বাস করে তার জীবন কখনও বিজ্ঞানসম্মত নয়। লেখাপড়া শিখুন।,0
লে এবার সব সমস্যা সমাধান করে দিছে,0
খালি আমারই দাম বাড়ে না,0
এখন বিএনপি থেকে নিয়ে সব দলই আওয়ামী লীগের নিষিদ্ধের দাবিতে ঐক্যবদ্ধ সুতরাং তাদেরকে রাষ্ট্রীয়ভাবে নিষিদ্ধ করা হোক।,0
পরিবারের মেঝো ছেলে তাও ৬জন কে একা চালা তে হয়,0
আমাদের এই সুন্দর দেশটাকে এভাবে অপমান করার জন্যে কেন এদের শাস্তি হয় না?,0
"আচ্ছা সাফা কবির এর বংশ পরিচয় জানেন?ওনার বাপ শাহরিয়ার কবির ও মা খুশি কবির যারা স্বঘোষিত নাস্তিক, বোন সাবা কবির যার লিংক নাকি বের হয়েছিল। এখন কলকাতায় কি সব নাকি করে বেড়ায়... ওনার যে গোডাউন থেকে উৎপাদন সেখানেই মূল সমস্যা। তাই ওনার এসব মাথায় নেয়ার কোন কারন নেই। থু ফেলে চলে যাওয়া উত্তম।",0
"মোদের দেশে নাই কিছু ভাই, আমরা ভিক্ষা করি। জলে ভরা দেশটি মোদের আহা মরি মরি।",1
"ভাই কোন সন্তান অ ন্যায় করলে বাংলাদেশে বাবাকে টেনে এনে অপ মান করে , এটা দেশের সংস্কৃতি , বাস্তবতা , সামাজিকতা , আমাদের মনমানষিকতা , আমি চাই এর পরিবর্তন হউক , বঙ্গবন্ধু আবার ফিরে আসুক , হাসিনা , রেহেনা , জয় সহ সবাই দেশে আসুক দেশের মানুষ ভাল না , এভাবে সবার ঘর বাড়ি খালি পরে থাকলে , কে পাহারা দিবে ভাই , যার যার বাড়িতে সে ফিরে আসুক",0
ওয়ার্ড এবং ইউনিয়ন পর্যায়ের চামচাদের পেছনেই লুকিয়ে আছে মাঝারি চামচারা।,0
আপনার এই কথা কি তারা শুনবে? আপনার সেই কথাগুলাই শুনবে যেগুলাতে মেটিকুলাস ডিজাইন পারফর্ম হয়।,0
কি ভাই কিছু খাবেন?,0
এই জন্যই শুনেছিলাম কোন এক দেশের আদালতে অভিনেতাদের সাক্ষী নেয়া হয় না,1
আমি তাহলে পড়াশুনা বাদ দিয়ে কাল থেকে ছাইয়ের ব্যবসা করব,1
পাইলট কি জামায়াতের আমীর ছিলেন?,1
"ফাতরামি বাদ দেন মিয়া। বৈষম্য মানে বুঝেন? এমন একটা ভাব যেন ট্রান্সপোর্ট কার্ড শুধু স্পেসিফিক স্টুডেন্টরাই করতে পারবে,আপনাকে যদি ট্রান্সপোর্ট কার্ড না করতে দিতো তাহলে সেটা বৈষম্য হত ! আপনি তো NSU এর স্টুডেন্ট ,আমাদের এখানে কী আপনার?",0
কমেন্ত পরে আমি ত শিহরিত...,0
আমার খুব পছন্দের একজন মানুষ।,0
সারাহর ফ্যাশন সেন্স আর কনফিডেন্স সত্যিই প্রশংসনীয়।,0
"ইংরেজি প্র্যাকটিসের জন্য বেশ ভালো উপায় দেওয়া হয়েছে, এটা বেশ কাজে আসবে।",0
পোস্টের ক্যাপশনে বইয়ের ফ্ল্যাপের লেখা যুক্ত করে দিতে হবে।,0
নানান কিছু কল্পনা করে বেহুদাই মানুষকে অতিষ্ট করে৷,0
বিষয় হচ্ছে একজন ডাক্তার হওয়ার আগের শর্ত হচ্ছে ভালো মানুষ হওয়া। কিন্তু সবাই তাদের ডাক্তার জীবনের সুচনা এই শর্ত মেনে করতে চায় না।,0
ভাগ্যিস আমাদের জামাই কোনো তারকা না নাইলে এসব সাংসারিক বিষয় নিয়ও নিউজ হয়ে যেতো,0
ডিবি হারুন কে খুব মিস করছি তিনি অন্তত ভাত টা খাওয়াতো! ডিম না দিলেও!,1
ধর্ম ব্যবসায়ী গুলা হৈচৈ করে নাই তখন ??,0
একটু ঘুমাতে দেন আপু,1
"মামা বিগ ফ্যান। ইনবক্স চেক কইরেন, রেগুলার গালি দিই।",1
ছোট প্রাণীদের প্রতি দয়া দেখানো আমাদের মানবিক দায়িত্ব।,0
হাতি যখন গর্তে পড়ে চামচিকাও লাত্থি মারে।,1
নষ্ট মহিলা একটা।,0
ওনার মতো মেধাবী মানুষ যেভাবে সচরাচর কথা বলে থাকেন উনি সেইভাবেই নিজের বক্তব্য রাখলেন। ওনার উজ্জ্বল ভবিষ্যতের জন্য অনেক শুভকামনা।,0
"কিন্তু মুশকিল হলো, স্বর্ণপদক জিততে হলে যে আপনাকে মানুষ হতে হবে।",0
"এখানে বাকি সব প্যারামিটার স্বাভাবিক ধরে বললে, পড়ন্ত বস্তুটির সাথে সবচেয়ে বেশি সম্পর্কযুক্ত তরলের সান্দ্রতা গুনাগুন৷ যে তরল যত বেশি সান্দ্রতা গুনাগুন সম্পন্ন, সে গতিশীল বস্তুকে ততো সান্দ্রবল দিয়ে বাধা প্রদান করবে",0
নানী আপনার মিথ্যা কথা গুলো খুব মিস করি বিনোদন বিহীন বাংলাদেশ হয়ে গেছে!,1
উনি হয়তো বাংলা ভাষা জানেনা। অনেক কষ্ট করে ইংরেজিতে বলতেছে।,1
অসম্ভব! এটা আমেলিগের দেশ ধ্বংস করার চক্কান্ত,0
ভাই আপনাকে আমি পাবনা পাঠাতে পাইলে বেশি শান্তি পাইতাম,1
আপনার আম্মু খুব ভালো,1
চিকিৎসা সেবা নিয়ে গবেষণার মাধ্যমে রোগী এবং চিকিৎসকদের সমস্যাগুলো সমাধান করা যেতে পারে।,0
সে ঠিক ই কালো ডায়মন্ড,1
কেও ছেলেদের নিয়ে মজা করবেননা,1
জীবন নাটকের চাইতেও নাটকীয়,0
"হে আমাদের পালনকর্তা, আমাদের দুনিয়াতে কল্যাণ দান করুন এবং পরকালেও কল্যাণ দিন এবং আমাদেরকে আগুনের আযাব থেকে রক্ষা করুন।",0
ভাই দেখি 71 এর চেতনা বিক্রি শুরু করেছে। ব্যবসায় লাভ হইলে বইলেন আমিও করব,1
একদম অযৌক্তিক কথাবার্তা,0
আমার ইউনিভার্সিটির কিছু আগ্রহী স্টুডেন্ট ছোট ভাই আছে। আপনার সময় হলে ওদের সাথে ইউনিভার্সিটিতে একটা মিটআপ করার ব্যবস্থা করা যেতে পারে। আশা করি তারা উপকৃত হবে।,0
মানুষের সম্মান ও নারীর সম্ভব একবার নষ্ট হলে তা দ্বিতীয় বার ফিরে পাওয়া যায় না,0
নিজের বিরুদ্ধে অর্থাৎ আমি কবিতানুবাদে ঘোর অবিশ্বাসীমুখে ও লিখে তার বিরুদ্ধতা করেছি এবং গ্রন্থপ্রকাশের মুহূর্তেও তার শেষ-সার্থকতা সম্বন্ধে সন্দিহান।,0
সবাই যে পরিমাণ বন্ডামি শুরু করেছে বন্ধ হলেই ভালো,1
"এটা কোনো আইনের মাধ্যমে পড়ে না,অপরাধ করবে একজন আর সাজা পাবে আরেক জন,স্বাধীন বাংলাদেশে এসে এখনো যদি আমরা এইসমস্ত বিচার দেখি তাহলে আর কেমনে হলো স্বাধীন সোনার বাংলাদেশ,এই থানার ওসি সাহেবকে আমি একজন দেশের নাগরিক হিসাবে বলতেছি আপনি দয়া করে এই অসহায় পরিবারের পাশে দারিয়ে সঠিক বিচার করবেন,ওসি সাহেব এটা আমাদের সোনার বাংলার জনগণের আবদার আপনার কাছে।",0
"সেসব গল্প-কবিতার সবই যে খুব শিল্পসচেতন, তা নয় কিন্তু বাঁকবদলের কালে এমনটা খুবই স্বাভাবিক।",0
এইডি কাদের আম্মার ডায়লগ,1
১০ বছর পর আর হাটতে পারবেন না ভেবে পেট টা একটু কমাতে পারেন না?,1
একজন ভালো চিকিৎসা ব্যবস্থা রোগীর সুস্থতার জন্য অপরিহার্য,0
"যখন বাঙালি তার পুরা ট্যালেন্ট দেখায়,",1
বিশ্বাস করেন ভাই এই বেডিরেই খুজতেছি আমি,1
অনেক সুন্দর হয়েছে,0
বহু প্রতীক্ষিত একটি এপিসোড। চমৎকার হয়েছে।,0
"আমি এসব নোংরামির মধ্যে থাকতে চাই না, নিজে করলে ভিন্ন কথা, কারণ যুদ্ধ করে দেশ স্বাধীন করেছি।",1
ভাই তোর জন্য না আসুক আমাদের জন্য আসুক কারন ফেব্রুয়ারি মাসে সবে বেড়াত,1
সরকার আর তার কমিশন গুলো কে ভালোই তোয়াজ করেন। করে যান। আমরা সাধারণরা আরও অতি সাধারণ হয়ে যাই।,0
এই ডায়ালগ শুনতে শুনতে আমার জীবন গেল,0
পাটজাত সোনালি ব্যাগের দাম কমলে সাধারণ মানুষের জন্য এটি আরও সহজলভ্য হবে।,0
আনসারের ড্রেস হোক গাঢ় হলুদ,1
সিদ্ধান্তে যুক্তি প্রয়োজন।,0
নিজেদের প্রমান করার কিছু নাই। মানে এরা পৃথিবীর সেরা খেলোয়াড়।,1
অসাধারণ বাচন ভঙ্গি। প্রায় নিখুঁত রচনাশৈলী। শুধু মুগ্ধতা।,0
তিতুমীর কলেজের মতো সারা বাংলাদেশে ৫০ কলেজ আছে। তিতুমীর কলজ বিশ্ববিদ্যালয় হলে স্বাভাবিক ভাবে বাকিরাও চাইবে। যোগ্যতার ভিত্তিতে যদি সরকার বিশ্ববিদ্যালয় করা শুরু করে তিতুমীর কলেজ কত তম স্থান পায়!! আপাতত এই ধরনের দাবী-দাবা বন্ধ করেন।,0
এই ছেলেটার ভক্ত হয়ে যাচ্ছি দিন দিন!,0
ইতিহাস মনে রেখেছে শাবানা ববিতাদেরই।,0
"কি একটা অবস্থা,, পুলিশের মাইকিং করতে হয় যে টিভি তে গুজব চলছে৷।",1
আবার নতুন একটা ভাইরাস,0
"কিছু বিষয় আবেগ দিয়ে নয়, বাস্তবতা দিয়ে মূল্যায়ন করা প্রয়োজন",0
তোমার পাশে উনি কে এভাবে চেয়ে আছে তোমার দিকের খুব সুন্দর লাগছে,0
এদের অস্তিত্ব এ বাংলার বুক থেকে মুছে ফেলতে হবে,0
"এভাবেই অনলাইনের পোডাক্ট বিক্রি করে,,ভাই,, দেখায় ঝাক্কাস আলী, হাতে পাই আক্কাস আলী,",1
"যতক্ষণ পর্যন্ত জনগণ সচেতন না হবে ততক্ষণ এ ধরণের প্রযুক্তি অবলম্বন করে পরিবেশ দূষণ রোধ করা সম্ভব হবেনা।বর্জ্য নিষ্কাষণ ব্যবস্থার উন্নয়ন,রিসাইক্লিং ফর্মেশন এবং মিডিয়াগুলোতে ব্যাপক প্রচারণা জরুরী।",0
বাবাত বাবাই বাবার কোন সংজ্ঞা হয় না,0
"বাংলাদেশ বাহিনী না, এরা পূর্ব পাকিস্তান বাহিনী",1
দেশের প্রথম পরিবেশবান্ধব গ্রাহক সেবা কেন্দ্র স্থাপন করেছে গ্রামীণফোন।,0
আমরা সাধারণ মানুষ হিসেবে দেশের শান্তি চাই। হিংসার রাজনীতির পতন চাই।,0
"যত বেশি ব্যস্ত থাকবেন, তত কম সমস্যার কথা মনে পড়বে। কাজের মধ্যেই শান্তি খুঁজে পাওয়া সম্ভব।",0
"সবাই সবকিছু জানে না, অনেক সময় অনেক কিছু বুঝে ওঠা কঠিন হয়ে পড়ে।",0
একটা সময় খুব কাছের বন্ধুদের এই ব্যাবহার গুলো মনে খুব কষ্ট দিত এখন আর 1 কিছু মনে হয় না।তাই এখন খুব ভাল আছি ।,0
সময়মতো নির্দেশনা পাওয়া গেছে।,0
মাশাল্লাহ এভাবেই বাংলাদেশ এগিয়ে যাবে ভাইয়া,0
"কি জানি, মানুষের জীবনের অনেক কিছুই রহস্যময়।",0
তাৎক্ষণিকভাবে দুর্যোগ প্রশমিত করা হলেও এবং মানুষকে অন্যত্র সরিয়ে নিয়ে যাবার পরও এই বিপর্যয়ের ফলে আশেপাশের জনগোষ্ঠীতে ক্যান্সারের হার বৃদ্ধি পেয়েছে।,0
ভালো বাসা অবিরাম ভাই,0
ভালোবাসা একতরফা হলে সেটা কষ্টের কারণ হয়ে দাঁড়ায়।,0
"জীবনে ডাউনফল হোক কিন্তু জয়কলির মতো না হোক তারা এবার ১ম,২য়,৩য় এদের হাত করতে না পেরে ৭ম যে তাকে হাত করতে পেরেছে,এদের ডাউনফল দেখলেও কষ্ট লাগে",0
ওইদেশের মানুষ হয়ে নতুন মুসলিম হিসেবে যতটুক ইসলাম মানতেছে কম না।,0
প্রযুক্তির সঠিক ব্যবহার নিশ্চিত করতে শিশুদের জন্য নিয়ম তৈরি করুন,0
"প্রিয় বিজ্ঞানি , শার্কের সাথে বাড়া সায়েন্স ল্যাবের কি সম্পর্ক একটু খুলে বললে উপকৃত হতাম।",1
"এই মহিলা নাকি ডাক্তার,, আমার বিশ্বাস ই হয়।আমার কাছে মনে হয় এর চেয়ে দেহ যে বিক্রি করে তারা ও অনেক ভালো আছে।আর যাইহোক জন সম্মুখে নিজের দেহ দেখিয়ে বেড়ায় না।",0
আমার মতন কে কে কমেন্ট পড়তে আসছেন জানাবেন,1
এইবাড়ির নাম হলো টিনসাদ পাউন্ডেশোন,1
রিইউনিওনের সময় শিক্ষার্থীদের ছবি তোলার পরামর্শ।,0
জানার মতো একটা পোস্ট।,0
তার মানে কি যন্ত্রপাতি বা ডিজিটাল জগৎটা এদিক সেদিক বা চালাকির জগৎ?,0
বাঈে কি খাটে পড়ালেখা করেন নাকি,1
"ভাই আপনি কি তিব্বত থেকে ঢাকাতে চলে এসেছেন? আপনার ভিডিও আমার অনেক ভালো লাগে।পাশে থাকবেন, পাশে রাখবেন।",0
বাংলাদেশের উত্তরাঞ্চলের জেলাগুলোতে সারারাত ধরে প্রবল বৃষ্টি হবে,0
এটা মানতে পারলাম না - আমাদের দৃষ্টি ভঙ্গি পাল্টানো উচিৎ । সব কিছুতে দোষ খুজা উচিৎ না এই লাইনে খারাপ কিছু লেখা নায়। আমরা একে অপরকে সহযোগিতা না করে কি দুশমনি করে একে অপরের উৎসবে বাঁধা দিব,0
"ধানমন্ডি ৩২ গুড়িয়ে সেখানে একটা মন্দির বানানো যেতে পারে। ভারতও খুশি হইলো, আবার গদি মিডিয়াও মন্দির মন্দির করে ইন্টারন্যাশনাল পিআরটা দিল। ২০-৩০ বছর পর লীগ ভিন্ন নামে যদি ফেরেও ৩২ পুনর্স্থাপন করতে পারবে না। মন্দির ভাঙতে গেলে ভারত পোন্দাবে।",1
যাদের ক্যাপশন পছন্দ তারা আমার পেইজটা ঘুরে আসতে পারেন আশা করি ভালো লাগবে,1
"ঢাকায় পাবলিক টয়লেটের বড্ড অভাব, জাতির আউব্বা 'বুল ডোজার'কে ধন্যবাদ, আমার ৩টি ভ্রমণের খরচে বত্রিশের ঘরে ৩৩টি টয়লেট করার খরচ আমি একা দেব",1
বউ এর যে আকাল পরছে এরা যে বউ পাইছে শুকরিয়া আদায় করুক,1
স্বজন হারানো বেদনা নিও না হেসে পারলাম না,1
"অযত্ন আর অবহেলায় যদি এত বড় বড় দুধ হয়, তাহলে যত্ন করলে না জানি আরো কত বড় হতো",1
জোর করে কিছু ভালো লাগানোর চেষ্টা করবেন না।,0
দুইপাশের দুইটা মুমিনুল আর বাভুমা আর মাঝেরটা মোহাম্মদ ইরফান,1
আইন হলো মাকড়সার জালের মতো ছোট কেউ পড়লে আটকে যায় আর বড় কেউ পড়লে ছিঁড়ে বেরিয়ে যায়।,0
অবস্থা কি বেশি গুরুতর ভাই?,0
ইশরে ভাই একটুর জন্য অক্সফোর্ডে চান্স পেয়ে যেতেন।,1
"এক মুসলিম উম্মা আরেক মুসলিম উম্মাহর ভাই আমরা সবাই জানি, তাহলে এই মুসলিম ভাইদের কি অপরাধ ,তারা ইস্তেমা করতে পারবে না কেনো, ইসলামের একটি সংবিধান, আমাদের দেশে মুসলিম ভাইদের মধ্যে এতো ভেদাভেদ কেনো।",0
"এজন্যই মানুষের সাথে এত আন্তরিকতা দেখাতে নেই, সবাই সবকিছু ডিজার্ভ করেনা",0
রেলওয়ে ব্যবস্থাপনায় বিভিন্ন গোষ্ঠীর সমন্বয়ে কাজ করা হয়।,0
এখন গ্রামগঞ্জে গেলেই এমন উৎকট জিনিসপাতি দেখা লাগে!,0
"দিনরাত কষ্ট করে খেয়ে না খেয়ে অনেক গরিব মানুষ গরু মোটাতাজা করে, কিন্তু এবার বন্যায় দাম পড়ে যাবে!",1
১ চ্যাট বই গুলা দেখে ত বুঝা যাচ্ছে অইগুলা এই শালারা আসার সময় এনে ফডো সেশন করছে। একদম ফেরেশ ১ চ্যাট বই,1
সেনাবাহিনীর পাকিস্তান স্টাইলের ড্রেস চেঞ্জ করে গ্রাম পুলিশের পোশাক পরিয়ে দেওয়া হবে,1
উনার সন্তানও উনার এক্স খুজবে।,1
"কুত্তা ঘি খায়না, এইটা নিয়ে সংবাদ প্রকাশ করার কোন দরকার আছে?",0
"সর্প হইয়া দংশন করো, ওঝা হইয়া ঝাড়ো !",1
এই টাইপ কথা বইলা নিজেরে ছোট করা ছাড়া আর কিছুই না যে থাকবো না তাকে জোর করা উচিৎ না,0
দেশের তরুণ প্রজন্মের জন্য খেলাধুলা একটি বড় প্রেরণা।,0
আলহামদুলিল্লাহ বেগম জিয়া আছেন এবং থাকবেন এদেশের কোটি মানুষের অন্তরে.,0
"ভালো কাজের প্রচার হওয়া দরকার, তবে ব্যক্তিগত ইচ্ছাকে সম্মান জানানো উচিত",0
বিশ্বাস করেন আমি ক্লাস ৬ এ আমি লেন্টা হয়ে নদীতে গোসল করতাম,1
অনেকে অনেক রকম মন্তব্য করছে ভুক্তভোগীরা আগে কোথায় ছিল মানুষ যখন যে পরিস্থিতিতে থাকে তখন সেই পরিস্থিতির বর্ণনা করার ভাষা হারিয়ে ফেলে কিছু মানুষরুপি পশুদের কারণে তারা মানুষের বলার ভাষা কেড়ে নিয়েছিল,0
আর রাতের ভাত খাওয়ার পর ঘুম পালায়,1
৩২ এর এই ভাঙচুর পছন্দ হচ্ছে না আমার। এভাবে কিছু হাসিল করা যায় না। বুলডোজার কোথায়?,1
হরে ভাই তুমি বুঝছো মানের কথাটা...,1
এক ডাস্টবিনেই গর্ত থেকে সব ময়লা বের হতে শুরু হল।,0
যাদের চরিত্র হাতা হাতির তারাতো বাজে কমেন্ট করবেই,0
আগে বিএনপি আপনাকে প্রশংসা করত। আর এখন কথা শুনে বিরোধিতা করে। এটা স্বৈরাচারের আরেক ভাই। সাবধানে থাকবেন দোয়া ভালোবাসা ও শুভকামনা রইল।,0
শাড়ির সংখ্যাটা কষ্ট আর ধৈর্যের উদাহরণ মাত্র,0
অভিভাবকদের উচিত সন্তানদের প্রতি আরও যত্নশীল হওয়া,0
যা কিছু পেয়েছি কিংবা পাইনি সবকিছুর জন্য আল্লাহর কাছে শুকরিয়া! - আলহামদুলিল্লাহ!,0
"সত্যিই, বাংলাদেশে ট্যালেন্টের মূল্য নেই বলে অনেক প্রতিভা নষ্ট হচ্ছে। আমাদের উচিত একে অপরকে সাপোর্ট করা।",0
অতি সন্দেহ বিয়ের লখন,1
না ভাই আমি খুব কম পোস্ট করি,1
"আমিও একদিন এমন করছিলাম,একদিন বাসে যাওয়ার সময় এক লোক খুব ভাব জমায়ে ফেলছিলো,পরে সে একটা জুস দেয়,আমি বাইরে এমনিতেও কিছু খাইনা...পরে বাসায় আসার পর ছোটভাই খেয়ে টানা ২ ঘন্টা বমি করে একটানা ৩ দিন তো ঘুমাইছে",1
"পারে খালি বিপিএলে,জাতীয় দলে একাদশে সুযোগ নেই,পেলেও উইকেট নেই। আইপিএলে কি বিপিএল দেখে নিবে?",0
"যারা বলেন নারীশিক্ষার দরকার নাই,তারা বিয়ের সময় ডাক্তার মেয়ে খুজেন কেন?মফস্বল এর অশিক্ষিত টিকটকার মেয়ে করেন,অইগুলা ঠিক আছে আপনাদের জন্য।",0
বিপ্লব আর গণ-অভ্যুত্থানের মধ্যে পার্থক্য কি? সেটা জানা দরকার।,0
বউয়ের ভালো একটা চাকরির অফার আসছে গত সপ্তাহে,0
দেখতেই ফেরাউন এর মতো লাগে,1
"এটা মোটেও মজার ঘটনা হতে পারে না, এটা খুবই উদ্বেগের বিষয় কারণ এআই ভবিষ্যতে মানুষকে কিভাবে রুল করবে তার উদাহরণ মাত্র!",0
মনের কথা ভাই। আহারে শৈশব আবার যদি পাইতাম!,0
সমগ্র ইউরোপ জুড়ে জনস্বাস্থ্য খাতে জরুরি অবস্থা ঘোষণা করা হয়।,0
চলে গেলে ভালো হতো দেশে তাকলে সম্মান পাবে না,0
ছবিতে মোশাররফ রুবেল তো বেচে নেই,0
যদি এই হত্যাযজ্ঞ আর কয়েকটা মাস চলত তাহলে ছাত্রসমাজ বলতে কিছু থাকল না আপা।,0
"বাংলা সিনেমা বলতে একমাত্র কলকাতার সিনেমাই বুঝা যায়, বাংলাদেশের সিনেমা তো সেই কবে ধ্বংস হয়ে গেছে ৷",0
সন্তানের সাফল্য মায়ের জীবনের আনন্দের উৎস।,0
একমাত্র বিশ্বস্ত নিউজ বাংলা এডিশন। তারা কোন মিথ্যা আশ্রয় নেয় না। অর্থের কাছে বিক্রি হয় না। ধন্যবাদ ইলিয়াস হোসেন।,0
"আগে তুমার এয়ারপোর্টের কর্মকর্তা কর্মচারীদের ঠিক করো,, সারা বিশ্বের এয়ারপোর্টে আসার আগেই সমস্ত মালামাল চলে আসে, আর আমার সোনার বাংলায় সময় লাগে ২-৩ ঘন্টা",0
AI এর ওপরে আমাদের নিয়ন্ত্রণ আনার প্রয়োজন।না হলে একসময় AI মানব জাতির সর্বনাশ করতে পারে।,0
"দিনশেষে ভালো থাকতে কি লাগে ?? একটু সম্মান, একটু ভালোবাসা আর একটু বন্ধুত্ব...",0
"মানবাধিকার রক্ষা হওয়া অত্যন্ত জরুরি, অরাজকতা আরও বাড়াতে পারে।",0
এতো সুন্দর করে তাকে বাঁস দেওয়ার জন্য ধন্যবাদ আপু,1
"এদেশের মানুষ নিশ্চিত ছিলো, শেখ হাসিনা আগামী ৫ বছর ক্ষমতায় থাকবে! ছাত্র আন্দোলন না হলে তা-ই হতো! সুতরাং সে হিসেবে ২০২৮ সালে জাতীয় নির্বাচন হওয়া উচিত।",0
আল্লাহ তাআলা আমাদের সকলকে সৎ কাজের প্রতি আহ্বান জানানোর তাওফিক দান করুন। আমীন।,0
কি পরিমাণ লেখাপড়া করতে হয় এইরকম অত্যন্ত ভালো একটা ভিডিও এর জন্য আপনার গুলো দেখে বুঝতে পারি।,0
"শুধু এক ধাক্কা টের পেলাম, আর সময়টা দেখলাম।",0
ভাইরে ভাই মাইয়ার কি ধৈর্য!!,1
বাংলাদেশ টা আসলে যাদের টাকা আছে তাদের সব পাওয়ার তাদের কাছে থাকে,0
এদিকে আবার বিজ্ঞানী আলবার্ট আইনস্টাইনও অবসরে ভায়োলিন বাজাতেন।,0
তিতুমীর বিশ্ববিদ্যালয় চাওয়া তিনজনের হিসু আটকে গেছে!,1
"হায় হায়... এখনই চুলের এ অবস্থা! ওর জন্য "" জয়কলি চুল বিচিত্রা "" চাই।",1
একদিন আমার মুখের মধ্যে ঢুকে গেছিল,0
ওর সাথে বেশিক্ষণ কথা বললে মেয়ে তো দূরের কথা একটা বটগাছ পেগনেট হয়ে যাবে,1
সবকিছুর পর মৃত্যুই সত্য। অবশেষে প্রত্যেক প্রাণীকেই মৃত্যুর স্বাদ গ্রহণ করতে হবে।,0
খুব ইচ্ছে করছে পাহাড়ে ঘুরতে কিন্তু সময়ের কারনে যেতে পারতেছিনা তবে আপনার বিডিও দেখে খুব শান্তি পেলাম শুকরিয়া প্রিয় ভাই,0
এটা একেবারে ঠিক পদক্ষেপ না।এতে মানুষ প্রতিহিংসা পরায়ণ হয়ে উঠতে পারে।,0
ফরহাদ মাজহারের কথা প্রথম দশ মিনিট শোনার পর বাকিটা আর শেষ করতে পারলাম না। খালেদ ভাইয়ের কোন অনুষ্ঠান এই প্রথম পুরোটা শুনলাম না।,0
চামড়ার মুখ দিয়ে অনেক কিছু বলা যায়। তবে বাস্তবতা অনেক কঠিন। একটা মানুষ নিজের স্ত্রী সন্তান মা বাবা ভাই-বোন বন্ধু-বান্ধব আত্মীয়-স্বজন ছেড়ে ওই দূর প্রবাসে কি শুধু নিজের জন্য যায়...? দয়াকরে বলে যাবেন,0
মনের কথা কেমনে কইলেন,1
জয় হোক মানবতার,0
"অসাধারণ, সময়োপযোগী এবং গণমানুষের দাবির প্রতিফলন হয়েছে এমন মানুষ ও মানুষের দলকে রাষ্ট্রের নেতৃত্বে দেখতে চাই",0
"আমরা মানুষ হিসেবে খারাপ, চোর কিন্তু মসজিদে যায় জুতা চুরি করতে, ইবাদত করার জন্য না।",0
"হাসিনা মোদির বিয়ের চুক্তি হবে ১০২ নম্বর টা , অপেক্ষায় রইলাম। কাজী হবে, প্রফেসর ইউনুস সাহেব।",1
ক্ষমতা লোভী স্বৈরাচার খুনি হাসিনার গৃহপালিত দালালদের আইনের আওতায় এনে দৃষ্টান্তমূলক কঠোর শাস্তির দাবি জানাচ্ছি।,0
"হায়রে মানুষ ,,,নাই কোনো হুশ",0
খানকীর ছবি দেখলেই ঘিন্না হয়।,0
পরে নিজের চোখে দেখে শুধু অবাক ই হয়েছি !,1
"সংস্কৃতি কখনও আয়োজন করে রক্ষা করা যায় না। এটা প্রবাহিত,,,,,",0
আর এখন পোলাপান খালি বিনোদন নামক পাতায় গিয়ে...,1
"""তোমরা আমাকে দিনের আলোতে যেমন দেখ আর রাতের অন্ধকারে যেমন দেখ তার সবকিছু মানুষের কাছে খুলে খুলে বল। "" হযরত মুহাম্মদ সাঃ।",0
হিড়িঁয়ে হিড়িঁয়ে আআআআআআআ,1
এমন দেশে জন্মে নিজেকে লজ্জিত মনে করি। তীব্র নিন্দা জানাচ্ছি ঐ প্রতিষ্ঠান এবং ঐ প্রতিষ্ঠানে কর্মরত সকল ব্যাক্তিকে যারা এমব জঘন্য কাজের সাথে জড়িত।,0
"অনেক সময় কাজের জন্য রুটিন তৈরির বিকল্প নেই, তা না হলে মনোযোগ ধরে রাখা কঠিন হয়ে পড়ে।",0
ওর বাবামায়ের জন্য দোয়া করেছি,0
"ভাই আরগারে লই যা, টাকা দরকার এখন",1
কোমর হেলে দুলে নাচ-গান করা আর দেশ পরিচালনা করার মধ্যে আকাশ জমিন পার্থক্য।,0
সেবারে প্রথমবার বলেই হয়ত ইন্টারেস্টিং চ্যাপ্টারটাই ছিলো আশেপাশের প্রতিবেশীদের বাড়িঘর ও তাদের কাজ কারবার পর্যবেক্ষণ।,0
মানুষ কতটা নিকৃষ্ট হলে এমন করতে পারে,0
তারাই এই যুগের বড় ভাদাইম্মা।এদের একটু লজ্জাও করে না।চোখের সামনে তো দেখি!কিছু বলতেও পারিনা। আল্লাহ সবাইকে বুঝার তৌফিক দিক। আমিন।,0
রেলওয়ের দক্ষতা বৃদ্ধির জন্য প্রশিক্ষণের ব্যবস্থাপনা জরুরি।,0
তোমাকে আমরা ভালোবাসি কারণ তুমি দেশের মানুষের জন্য রহমত তোমাকে নিয়ে গর্ব হয়। অন্য দিকে এই বাজে মেয়ের জন্য আফসোস। ওর সাথে কথা বলে নিজের আত্ন সম্মান নষ্ট করো না।,0
জামাতের বর্তমান গায়েবী আমীরকে এভাবে উপস্থাপন ঠিক হয়নি,1
"না ভাই চেত কইরা উঠিনা মুই মাটির মানুষ, বাকিগুলো ঠিক আছে অল্পসল্প",0
কারো আইডি হ্যাক করলে আইসিটি অ্যাক্টে মামলা করতে পারবেন এবং ফেসবুক কতৃপক্ষকে রিপোর্ট করে সেই সকলের আইডি বন্ধ করে দিতে পারবেন.,0
বাংলার জনি-সিন্স,1
দায়িত্ব পালন করা কত কঠিন যদি জানতে তাহলে দেশ শাসনে যেতনা,1
ভাই আপনি গান গাইতেছেন আর আমার এখান দিয়ে শরম লাগতাছে বুঝতাছিনা ব্যাপারটা কি,1
"অক্সিজেনের কারখানা বললে ভুল হবে না, সবাই গাছ লাগানোর উদ্যোগ নিক",0
ভন্ড নাকী ভন্ডামি করার সময় পায় না,1
কি পাপ করছিলাম এইসব পোস্ট সামনে আসে -D,1
"হাসু আপু ইন্ডিয়ায় গিয়েছে তো তাই এখন ইন্ডিয়াতেও শেখ মুজিবকে নিয়ে মুভি হবে, গান ও হবে এই জন্যেই সবাই বলে ঢেঁকি স্বর্গে গেলেও ধান ভানে",1
আমার মেয়ে এবার এসএসসি দিবে দাড়াও তার নাম্বারটা দিচ্ছি,1
আমার বাড়িতেও আছে ফুল লাগলে বলিয়েন,0
আজকে যদিও কথাটা হেসে ফেলেছে কিন্তু ওর এই হাসির মধ্যে লুকিয়ে রয়েছে চাপা দেওয়া কষ্ট,0
"ভারত ঠিকই সব দেখে নিলো, বাংলাদেশের জন্য ব্লার করা ছবি।",1
সে নারির পিতা হালাল ইনকাম করতো এবং তার মা সন্তানদের অল্পতে খুশি থাকা শিখাইসে।,0
"তার জন্যই জ্ঞানী গুনিরা বলে গেছে ভাবিয়া করিয়ো কাজ,, করিয়া ভাবিয়ো নাহ",0
"যদি তুমি হারাম কাজকে হালাল মনে করো, তাহলে তুমি কাফের এবং রাষ্ট্রপ্রধানের উপর ফরজ হচ্ছে তোমাকে মৃত্যুদন্ড দেওয়া আর যদি মনে করো হারাম হালাল নয় তাহলে তুমি কবিরা গুনায় লিপ্ত, আর ফাসেক বলে জীবিত আছো",0
আমাদের অফিসে সাগর দেওয়ান নামে এক হেলপার ছিল । ওর চুলও এমন । অনেক ভেরি নাইচ,1
এর শাখা সারা দেশে ছড়িয়ে পরুক,1
"ফিলিস্তিন উড়ে আসে নাই,,, ফিলিস্তিন ছিলো আছে এবং থাকবে, ইসরায়েল উড়ে আসছে উড়ে যাবে।",0
যারা যেমন তাদের বিরুদ্ধে তেমন ব্যবস্থায় নিতে হবে।,0
আসলেই হাঁসফাঁস করা অনূভুতি খুবই যন্ত্রনা দেয়। নিশ্বাস নিতেও কষ্ট লাগে,0
খুব ভাল উপদেশ কিন্তু এত দেরীতে জান লাম অনেক আপসোস হচ্ছে,0
"ইতিহাসের পাতায় লেখা থাকবে,৭১এর পরাজিত শক্তি মাষ্টারপ্লান করে সমন্বয়ক সেজে,বিশ্বের দরবারে একটি উন্নয়নশীল দেশ ধ্বংস করেছিল যার নাম বাংলাদেশ।",1
যখন দেশের স্বার্থে কথা বলতে তখন তোমার প্রতি অনেক ভালোবাসা ছিলো কিন্তু এখন তুমি দালালী শুরু করছো নির্দিষ্ট পক্ষের তাই তোমার প্রতি এখন মন ভরে ঘৃণা জানাই,0
"সেতুর স্থায়িত্ব পরীক্ষার সময় যে তথ্য সংগ্রহ করা হয়, তা ভবিষ্যতের যাতায়াতের নিরাপত্তা নিশ্চিত করে।",0
"যার অন্তরে আওয়ামীলীগের প্রতি ঘৃণা নাই, তার অন্তরে ঈমান নাই।",0
জুনায়েদরা সরে গেলে জানাক একবছরের মধ্যে জুনায়েদ সাকি বা মান্না মার্কা দলে পরিণত হবে,0
একমাত্র চট্টগ্রামেই নিয়মিত বাঙালি ইউনিটগুলোকে তাদের স্বাভাবিক এলাকা থেকে সরিয়ে নেয়া হয়নি।,0
"এগুলা কইরেন না, ছাপড়ি লাগেন এগুলা করলে । ও ন্যারেটিভ দাঁড়া করাইতে পারে, কাউন্টার ন্যারেটিভ বানান । ঐটা না কইরা পার্সোনাল অ্যাটাকে যাইতেছেন ।",0
"অ্যানাকোন্ডা সাপ সাধারণত মানুষ আক্রমণ করে না, তবে বিপদে পড়লে বা উত্তেজিত হলে আক্রমণ করতে পারে। এটি প্রধানত মাছ, ক্যাপিবারা, অজগর, কুমির এবং ছোট স্তন্যপায়ী প্রাণী শিকার করে। মানুষকে আক্রমণ করা খুব বিরল ঘটনা। অ্যানাকোন্ডা নিজের নিরাপত্তার জন্য আক্রমণ করতে পারে, তবে সাধারণত এটি মানুষ থেকে দূরে থাকতে পছন্দ করে।",0
তাহলে জাককানইবি তে ক্লাস নিবে কে ?? ভাই,1
এসব কাজকে আমরা যত তাড়াতাড়ি পজিটিভ ভাবে নিব এত তাড়াতাড়ি সবাই স্বাবলম্বী হতে পারবে।,0
"আমার নিজেরও ভীষণ পছন্দের একটা গান৷। কণ্ঠের মাধুর্য ঠিক যেন নদীর কলকল ধ্বনি, যা অন্তরে প্রশান্তি আনে!",0
লাখো মানুষের মনে কথা বলছেন হিরো ভাই,0
"বেসিকটা জানা থাকলেই Ai এর সহযোগীতা নিয়ে বর্তমানে লেগো খেলনার মতো যেকেউ অ্যাপ বানাচ্ছে, ছবি এডিট করছে, মুভি বানাচ্ছে!!",0
অপরাধীরা কি ভাবে ছাড়া পায়?,0
গর্ত থেকে বের হওয়া এত সহজ হবে না,0
"কিছুদিন আগে ফ্রিজ ঠিক করতে দিয়ে প্রতারিত হইছি,হেল্পলাইন এ ফোন দিয়ে অভিযোগ করেও কোনো সমাধান পাইনি,,তখন বলছিলাম একদিন এই রাজত্ব থাকবে না,,আর আজকে এই প্রতিবেদন",0
টাকা পরিশোধ করছে জন্যই হেরেছে।,1
আমি তোমাকে আজীবন ভালো বাসবো।তবে আর কোনদিন ভালোবাসি বলবো না। আসলেই তুমি পাগল,0
ইলন মাস্কের লাগবে না।ওকে সবজি কেনার টাকা আমি দিব।বেচারা সবজি খেতে না পেরে উল্টাপাল্টা বলছে,1
আই লাভ ইউ বন্ধুদের ভালোবাসা অনেক এগিয়ে যাক,0
আজকে কেউ নেই বলে ফুল দিতে পারলাম না,1
সঙ্গীর সততা ও স্বচ্ছতাকে ইতিবাচক দৃষ্টিভঙ্গিতে দেখার চেষ্টা করা যেতে পারে।,0
"মজা লও, অল্পবয়সে পাকলে যা হয়",0
আপনাকে দেখে ঘুরে বেরাবার ইচ্ছা তীব্র থেকে তীব্রতর হচ্ছে কিন্তু ওই যে মেয়ে মানুষ বিয়ে ছাড়া ঘুরতে যাবার ইচ্ছাই প্রকাশ করতে পারবে না সেই জোনে আছি। এই ভাবেই ঘুরেন আর ইচ্ছা পূরণ করেন শুভ কামনা।,0
আসলে আপনাদের মত মহৎ ছাত্র-ছাত্রীদের মাঝে কিছু লিখেতে পেয়ে আমি ধন্য,0
ভোগ বিলাসী জীবন যাপন করার জন্য আমরা হাছা কে মিছা বানাই।,0
কথাটা হাস্যকর হলেও যুক্তি আছে!,0
এই ধরনের ধর্ম উপদেষ্টা এবং স্বরাষ্ট্র উপদেষ্টা থাকলে বৈষম্য বিরোধী সরকারের পতন এনেই ছাড়বে,0
প্রজেক্ট নির্দেশনা বোঝা গেছে।,0
মাশাআল্লাহ অনেক সুন্দর নাম দেওয়া হয়েছে,0
"নিজের পছন্দকে সম্মান করুন, অন্যের মন রক্ষা করার জন্য নিজের ভালো লাগা জিনিস ত্যাগ করবেন না।",0
"বীর চট্টলার অন্যতম সমন্বয়ক, জুলাই বিপ্লবের রাজপথের সৈনিক, জাতির বীর সৈনিক, বিপ্লবের কান্ডারি বীরবিক্রম খানে বাহাদুর তামিম ইকবাল খানের সাথে বেয়াদবি করায় তীব্র নিন্দা ও প্রতিবাদ জানাচ্ছি।",1
"শিক্ষার আসল মানে হলো জ্ঞান, মূল্যবোধ, এবং কর্মদক্ষতা অর্জন করা।",0
অথচ এই তাসকিনের প্রেমে পাগল ছিলাম হাইস্কুল লাইফে ওর বিয়ে হয়েছে শুনে কি কান্না কেঁদেছিলাম আল্লাহ,0
অর্জুন টেন্ডুলকারের ক্ষেত্রে সমালোচনার বদলে উৎসাহ দেওয়া উচিত।,0
সারাহর স্টাইল আর ক্যারিশমা সত্যিই অনুপ্রেরণাদায়ক।,0
আয়নাগর পরিদর্শনে যাওয়া উচিত ধন্যবাদ মাননীয় প্রধান উপদেষ্টা,0
দুই জন শিশু বুদ্ধিজীবী ।,1
একটা সময় পর এসে আমি আমার নিজের জীবনের দ্বায়িত্ব নিজেই নিলাম,0
"আমাদের সাধারণ মানুষদের মূর্খতা অজ্ঞতা দুর হবে, আর আমরা চিন্তা করতে শিখবো",0
সেন্সরের ডেটা বিশ্লেষণ করে সেতুর এবং শক্তির সঠিক পূর্বাভাস দেওয়া সম্ভব।,0
মা ছাড়া শিশু অচল আফা ছাড়া ছাত্রলীগ বেয়াক্কল,1
বেশি লেখাপড়া করে দেখা হইছে চাকরি করতে চায় স্বামীর খেদমত করতে চায় না তবে বিভিন্ন বসের খেদমত করতে চায়।,0
তুমি তো অবশ্যই মডেলিংয়ে চাস পাবা গো,1
"১৫ আগষ্ট, ৫ আগষ্ট ৫ ফেব্রুয়ারি হাসু আপায় শুধু মারা খায় . ৫ তারিখ টা হাসু আপার জীবনে কালসাপ",1
সঠিক সিদ্ধান্ত নেওয়া জীবনের জন্য গুরুত্বপূর্ণ।,0
রেলের মতো ইমারজেন্সি সার্ভিস বন্দ রেখে যারা আন্দোলন করে তাদের মতো কান্ডকজ্ঞানহীন মানুষের রেলে চাকরি করার দরকার নাই।,0
এমন একটা ব্যাপারকে এত হাস্যকরভাবে উপস্থাপন করা হলো...!,0
"নাফিসের যাত্রা শুরু হয়েছিল আত্মবিশ্বাসের সঙ্গে, কিন্তু তার অবস্থা এখন অনেক বদলে গেছে।",0
ছেঁড়াদ্বীপের শেষ প্রান্তে শুয়ে- বসে অনেকগুলো ছবি তুলেছি।,0
নিজেকে গুরুত্ব দিন।ভলো থাকবেন। অন্য কেউ আপনাকে গুরুত্ব দিল কি দিল না তা নিয়ে ভাবার দরকার নেই,0
ফলো দিলে ফলো ব্যাক পাবেন ১০০ নিশ্চিত ইনশা-আল্লাহ।,1
আজকে সন্ধাই বনানীতে দেখা হয়ছিল খাজা নাফাই এর সাথে অনেক ভালো মনের উনি সেলফি ও তুলেছি,0
এ জিবন আর রাখমু না,1
এই নিউজ গুলা আমাদের আমাদের দেশে প্রচার না করাই ভালো,0
"এর কারণ খুঁজতে গিয়ে দেখলাম, এই প্রজন্মের জনপ্রিয় ও বহুল শেয়ার করা একটি মিম হলো, যেকোনো সিদ্ধান্ত নেওয়ার আগে আমি ভাবি, ফাক ইট !",0
উগ্রতা কে ছড়াচ্ছে? কে এসবে ফুয়েল দিচ্ছে? সেটাতো ভালো করেই জানেন। দাদা দাদা করেন আর এসব পোস্ট করে সাধু সাজেন তাইতো ভাই?,0
পৃথীবির সুন্দর ভাষা মাতৃভাষাকেই জানতাম।,0
"বউকে চাকরি করতে দিবো, কি দিবো না- এই নিয়া টানা এক সপ্তাহ ধরে দ্বিধাদ্বন্দ্বে আছি।",0
দোয়া করি এদের জীবনে যেন আর কখন ও আলো না আসে।,0
বঙ্গবন্ধুর সৈনিকেরা সবাই সাপোর্ট দিয়ে সাথেই থাকুন ধন্যবাদ,1
কিরে আমার বাবাই অই বাসায় কি করে,1
"কল্পনার জন্য সবাই মিলে এগিয়ে এসেছেন, এটা দেখে মন ভরে গেল।",0
এমন ভালোবাসা কি খুব দরকার??,0
ও ভালো করে বুঝে গেছে লাইলাকে একটু ইমপ্রেস করতে পারলেই সুগার মাম্মি ওর হয়ে যাবে মামুন এর জায়গাটা দখল করতে আসছে,1
জনগণের মৌলিক অধিকার হরন করেছেন আপনার।,0
ভালোবাসা অবিরাম প্রিয় ম্যাশ,0
টিপতে টিপতে চেহারা ডা চুর চুন্নির লাহান বানায়া ফেলছত,1
হিন্দুলীগের সভাপতি হিসেবে বাসুদেব কৃষ্ণ কে দেখতে চাইই,1
"আপনি যা পারেন মন থেকে করে যান, ভবিষ্যৎ উজ্জল করতে পরিশ্রম এর কোন বিকল্প নাই,নিশ্চয় ভাল কিছু হবে ইনশাআল্লাহ",1
আওয়ামী লীগ কোন রাজনৈতিক দল নয় এটি একটি ভারতীয় সন্ত্রাসী সংগঠন যেটা রাজনীতির নাম করে এদেশের মুসলমানদের ওপর এতদিন চেপে বসা ছিল,0
"পানির আউটপুট লাইন দিয়ে একাধিক গাছে একসাথে পানি দেয়া সম্ভব। এছাড়াও, নির্দিষ্ট গাছে পানির পরিমান এবং গতি ঠিক করে দেয়া যায়। স্মার্ট ওয়াটারিং সিস্টেম নামের একটি অ্যাপ্লিকেশন দিয়ে এই যন্ত্রটি নিয়ন্ত্রণ করা হয়। নির্দিষ্ট শিডিউল ঠিক করে দিলে নিজে নিজেই এই যন্ত্রটি পানি দেয়ার কাজ সম্পন্ন করে।",0
আমার বাবার বাড়িতে সে থাকে তাই আমাকে তো তার বাবার বাড়িতে ই যেতে হবে।,1
ওদের গান শুনে শিল্পী হওয়ার ইচ্ছে হারিয়ে গেছে,1
আমি আর বাংলাদেশ থাকবো না আজকেই নোয়াখালী দেশে চলে যাবো,1
বর্তমানে দেশের জনসংখ্যা ২০ কোটি। বাকি ৪ কোটিকে কে খুশি করবে? পাইলটের আম্মো?,1
"পানি লাগাইলে যদি ছোট মিয়া রাগ করে, এই ভয়ে মাঝেমাঝে হারামডাও করার চান্স পাইনা...",1
এই নতুন পেইজটিতে ফলো দিয়ে পাশে থাকবেন প্লিজ,1
আপনার নাম পুরোটাই বিদেশী শব্দ। যদি প্রয়োজন হয় তবে আমি বিদেশী শব্দ ব্যবহার করি।,0
কম্বল এর লম্বা দিক টাই পাই না আর আমি নাকি জীবন এ সঠিক মানুষ পামু,1
সময় শেষ হয়ে আসছো তো এজন্য ওরা পাগল হয়ে গেছে ওদের শেষ পরিণতির কথা ও জানে,0
স্ক্রীনশট নিয়ে রাখবে ডিলিট করেদেন।,1
ভালো রেজাল্ট নিয়ে এইচএসসি শেষ করে মেডিকেলে ভর্তির প্রস্তুতি নিই।,0
"এখানে অধিকাংশ মানুষ আছে খেলা সম্পর্কে বুঝেনা, হুদাই তামিমের এই বক্তব্য নিয়ে লাফালাফি করে, প্রকৃতপক্ষে তামিম ঠিক কথাই বলছেন ছোট বাউন্ডারি খেলা আর বড় বাউন্ডারি তফাৎ রয়েছে,কারন আন্তর্জাতিক মঞ্চে বড় ভান্ডারীতে খেলা হয় সুতরা এসব বিপিএল এর মধ্যে বড় বাউন্ডারি আবশ্যক",0
আপনার লেখার কথাগুলো অসাধারণ। খুব সুন্দর লিখেছেন অসংখ্য ধন্যবাদ আপনাকে।,0
পরিকল্পিত কিনা দেখার অনুরোধ রইল,0
রিপোর্ট আর কি মূর্খ নাকি আচ্ছা এখানে রোবটের প্রশংসা করার কি হলো এখানে তো সফটওয়্যার প্রশংসা করা উচিত কারো সফটওয়্যার চাচা এত রোবট কিছু করতে পারেন কিন্তু রিপোর্টার যেভাবে বলতেছে মনে হচ্ছে রোবটি সবকিছু,0
কিন্তু অরিজিনাল ফুটেজ এ দেখেছিলাম ছোট রবট টা বলে তুমাদের কি বাসা নাই তখন বাকিরা না। তার পর ছোট রোবট বলে তাহলে চলো আমার সাথে। কোথাও তো বলে না যে তার সাথে তার বাড়িতে যাওয়াত কথা,1
"বিশ্বায়নের কালে কেবল হাত বোলানোর বদলে পাঠক এখন দোকানে বসে কয়েক পৃষ্ঠা উল্টে দেখতে চান বইয়ের, চান সহ-পাঠকদের সঙ্গে দু-চারটা কথার বিনিময়।",0
নোভার বদলে যাওয়াগুলো আমার বুকে তীক্ষ্ণ তীরের ফলার মত বিঁধছে,0
অন্যের কল্যাণে দোয়া করার গুরুত্ব অপরিসীম।,0
মানুষ কান্না করলে চোখ দিয়ে পানি বের হয়।কিন্তু ম্যাগির পানি খালি নাক দিয়ে বের হয়,1
পাগলের সুখ মনে মনে ধন্যবাদ দাদা বাবু,1
সময়ের সাথে সাথে হয়তো পিরামিডের নির্মাণ রহস্য উন্মোচিত হবে,0
"আপনি আইফোন হয়ে গ্যাছেন গা,এখন আর পোস্ট ই দেন না,অনলাইন চেক দেই আপনার পোস্টের অপেক্ষায়",1
ডাক্তারদের প্রচেষ্টা ছাড়া আমার মা আজ বেঁচে থাকতেন না,0
অসাধারণ ভাই,0
নাদির ভাই এককথায় অসাধারণ,0
কোনো কিছু নিয়ে সিভিয়ার ডিপ্রেশনে আছেন অবচেতনভাবেই। সেইটা থেকেই হচ্ছে। ফেইস করতে থাকেন। আল্লাহ ভরসা,0
মানুষ কতটা নিচু প্রকৃতির হলে পোস্টে হাহা রিয়াক্ট দেয়। এটা একটা কষ্টের মুহূর্ত শুধু এডমিশন ছাত্র-ছাত্রীরা বুঝবে,0
মাগিরপোলা গাঞ্জা খাইসস নাকি? 32 নং বাড়ি আর শহীদ মিনার সেইম? মাদারচোদ এর বাচ্ছা,0
শুভ কামনা সকলের জন্য।নদী বাচলে দেশ বাচবে।,0
পাষাণ হলে মানুষ কত কিছু না করতে পারে,1
বা'লের গফ ফেসবুক এ কভার এ নেই,1
"এটা এমন বাংলাদেশ ভাই, প্রপোজাল রিজেক্ট করে দিলেও Ex হয়ে যায়!",1
অবশ্যই অনুমতি নিতে হতো আফা কোথায় দেশ এত সাজানো কেনো,1
"সাকিব বহুবছর ধরেই কারো পরোয়া না করে খোলামেলাভাবে অগণিত অসভ্য, অসম্মানজনক, অনৈতিক কার্যকলাপ করে এসেছে",0
ছাত্ররা আছে বলেই আজ জানলাম ২ লক্ষ সামথিং মানুষের উচ্চতাই যথেষ্ট স্যাটেলাইট দরতে বাসার চাদে দাড়িয়ে,1
"সক্তের ভক্ত নরমের জম,, সেই জাতি আমরা।",0
"""মিটিংয়ে তোমার বক্তব্যগুলো প্রায়ই অস্পষ্ট থাকে, এবং তার ফলে টিমের বাকিরা কনফিউজড হয়ে যায়। আমি মনে করি, তুমি যদি আগে থেকে তোমার আইডিয়াগুলো সাজিয়ে উপস্থাপন করো, তাহলে সবাই তা সহজেই বুঝতে পারবে।""",0
আমি সবকিছু আগলে রাখতে জানি,0
অসাধারণ। অনুশীলন তাকে এই পর্যায়ে পৌছে দিয়েছে।,0
"বিদ্যুৎ বিজ্ঞানী আর বিদ্যুৎ প্রকৌশলী যেমন এক না, তেমনই বিদ্যুৎ প্রকৌশলী আর বৈদ্যুতিক লাইনম্যানের কাজের ক্ষেত্র ভিন্ন।",0
পরের কাপে ভচ কিং রনদাকেও যেন এমন রেকর্ড করতে দেওয়া হয়।কারণ সেও পেনাল্টি ছাড়া কিছু জিততে পারবে না।,1
এই লুকে আফরান নিশুকে দেখতে অনেকটাই মান্নার মতো মনে হয়।,0
ভাল উদ্যোগ কিন্তু সব অফিস আদালত ঢাকায় কেন করতে হবে। এমনিতে যানজটে মানুষের জীবন অতিষ্ঠ।,0
বাংলাদেশ পোশাক শিল্পের জন্য সত্যি একটা গর্বিত বিষয়। বাংলাদেশ পোশাক শিল্পের জন্য শুভ কামনা।,0
"সামাজিক প্রথার বিবর্তন, রাজনৈতিক পটবদল, নতুন প্রযুক্তির উদ্ভব, বৈশ্বিক কোনো আলোড়ন তোলা ঘটনা বাহ্যিক এই চলকগুলো পাঠকদের মধ্যে তৈরি করে নতুন ধরনের লেখা পড়ার আকাঙ্ক্ষা।",0
"এই উপমহাদেশে মানুষের মধ্যে হিন্দু,মুসলমান ইত্যাদি নানান ধারায় বিভেদর মধ্যে ফারাক কমানোর প্রয়োজন",0
টাঙ্গাইলের ঘাটাইলের শহিদ সালাউদ্দিন সেনানিবাসের ৩০০ মিটার ফিল্ড ফায়ারিং রেঞ্জ রেস্ট হাউস থেকে মাত্র ২২০ ফুট উত্তরে উৎপত্তিস্থল অবস্থিত ।,0
reels o dekhben na...apni shudu dekhben amk,1
ভাই ইট কাঠেই নিরাপদ নই আর সোলার! দেখা যাবে ঘুম ভেঙে দেখবো আমি খোলা মাঠে পরে আছি!!,0
"ছেলেরা নিজের গার্লফ্রেন্ডের জন্য মান সম্মান টা ও বিলিয়ে দেয় তারপর ও কিছু মেয়ে বলে, ছেলেরা ভালোবাসে না",1
পণ্ডিত! নিজের দোষ-ত্রুটির খবর নাই৷ আসছে অন্যকে জাজ করার কৌশল নিয়ে,0
গ্ৰিনল্যান্ডেও অনেক জায়গা আছে তোরা সেখানে যা,0
কনজুরিং ৩ এর ভুত পাওয়া গেছে,0
"১১ বছর বয়সে রস, কস, সিঙ্গারা, বুলবুলি মস্তক খেলতাম। আর ১১ বছরের মেয়ে পুরো বাংলাদেশ রে নিয়ে খেললো।",1
"মকারি করেন, ব্যাপার না। তবে হিন্দু নির্যাতন আসলেই হচ্ছে।",1
জীবনে বেঁচে থাকার স্বার্থে আমি নতুন মানুষের সাথে কালেভদ্রে দেখা করি,0
"মাননীয় প্রধানমন্ত্রী দেশরত্ন শেখ হাসিনার নির্দেশ ধানমন্ডি ৩২ এ যারা যারা হামলা করছে তাদের বাড়ি ঘর কোথায় খুজো বের করা, ইনশাআল্লাহ কাউকে ছার দেওয়া হবে না",1
এইটারে ধান কাটা বলে?? হাহাহা,0
অমানুষ! এদের জন্য মানুষের প্রতি বিশ্বাস উঠে যায়।,0
উম তোর ইয়ার ভিতর দিয়ে ধুকায় দিবো,1
বিচার কার্যকরী হওয়ার ক্ষেত্রে সকলের জন্য সঠিক পথে চলা গুরুত্বপূর্ণ।,0
ক্লাসে যখন রচনা বলে পাড়তাম না স্যার তখন মাড়তো।রচনা শিখে কি করবো সেইটাই কথা ছিলো।কিন্তু এখন বুঝতে পেড়েছি সাংবাদিকতা করতে গেলে রচনা যানা কতোই দরকার।,0
ইচ্ছে তো ওইখানে পড়া কিন্তু পড়তে বসতে ইচ্ছা করে না,1
"এজন্যই আল্লাহ সুবাহানাহু ওয়া তা'আলা বলেছেন, তিনি যাকে ভালবাসেন তাকে হেদায়েত দান করেন,",1
স্বৈরাচারিদের বিচার করতেই হবে।,0
"কথাটা ৩,লাইনের হলে-ও অনেক কিছুই বুঝায়।",0
"উনি নিজের জীবনের জন্য যেভাবে লড়াই করেছেন, সেটা দারুণ অনুপ্রেরণাদায়ক।",0
বাজে শব্দ প্রয়োগ না করে ও কিছু মানুষকে বুঝিয়ে দেওয়া যায় এটাই হল সত্যিকারের যোগ্যতা,0
বন্ধুর সঙ্গে আন্তরিক কথোপকথনের কল্পনা।,0
গালিগোলা ও এত মিষ্টি লাগতেছে কেন,1
কিন্তু মনকে সামাল দিতে পারি না।,0
"আল্লাহর কাছে চাই,, তোর বিচার পৃথিবীর বুকে যেনো এমনভাবে হয় আর কখনো যেনো কেউ মুসলিমদের চোখ গরম করে কথা বলার সাহস না পায়।",0
স্তাম্বুলের পশ্চিম সীমানাটি ৫ম শতকে নির্মিত এবং মার্মারা সাগর থেকে সোনালী শৃঙ্গ পর্যন্ত ৬ কিলোমিটার দীর্ঘ একটি প্রাচীরের ধ্বংসাবশেষ দ্বারা চিহ্নিত।,0
বিগত দেশদ্রোহী সরকারের আমলে ভারতের সাথে সাক্ষরিত সকল গোপন চুক্তি জনসম্মুখে প্রকাশ করা হুক এবং চুক্তিগুলো বাতিলের দাবি জানাই।,0
সবাই আপনার মেসেঞ্জারে কেন? কয় নাম্বার expose করলেন এই গ্রুপে,0
চিকিৎসা ক্ষেত্রে গবেষণা করে ডাক্তার-রোগীর সম্পর্কের সমস্যাগুলো চিহ্নিত করা এবং সমাধান বের করা যেতে পারে।,0
অবশ্যই আল্লাহ উত্তম পরিকল্পনাকারী।যেকোনো বিষয়ের ভিতরে সত্য বা মিথ্যা আছে তা প্রকাশিত হবেই।,0
"বাংলাদেশের ক্রিকেট যত দিন থাকবে, তুমি ও ততদিন থাকবে । Love you 75.",0
মূলত সবচেয়ে বড় কথা হলো আমি যদি নিজে থেকে না বদলায় তাহলে যতই মোটিভেশন ভিডিও দেখিনা কেনো নিজেকে পরিবর্তন করা সম্ভব নয় ।,0
মার্কিন যুক্তরাষ্ট্র এবং চীনের মধ্যে প্রযুক্তিগত প্রতিযোগিতা চলমান রয়েছে।,0
আল্লাহর হুকুম ছারা যে কিছু হয়না তার প্রমাণ পাওয়া গেলো আবার,0
অসাধারণ এতে প্লেয়ারের ভালোবাসা বাড়বে বড়িশালের প্রতি,0
"কামব্যাক যা করার ফেব্রুয়ারি থেইকা করমু, জানুয়ারি তো ট্রায়াল!",1
"Sheikh Farid রুচি কোনো পবিত্র ঘটনা না ভাই। তারে শিট, ইউরিন সবই বলা যাবে। আমি মূলত গ্রামগুলির স্বকীয়তা নষ্ট করে তার মফস্বলীকরণরে ক্রিটিক করছি ইন আ ফানি ওয়ে। রুচি নিয়া এতো বদার্ড হয়েন না। ঢাকার অ্যাপার্টমেন্টগুলাও শিটি স্ট্রাকচারই। চিল।",0
ভাই হাসির রিয়েক্ট দিলে কী আমার পাপ হবে?,1
আপনাদের বড় মাপের সাংবাদিক মনে করতাম কিন্তু আমি ভুলেই গেছিলাম আপনারা শেখহাসিনার বাংলাদেশের মানুষ উনারও এমন অভ্যাস ছিলো ব্যাক্তিগত জীবন মানুষের একান্ত নিজের,0
"ওষুধের সঠিক ব্যবহার সম্পর্কে সবাইকে জানানো উচিত, বিশেষ করে ব্যথার ওষুধের ক্ষেত্রে",0
"উমমম ম-ম ম-ম অনেক ঘুম চোখে, কেউ ডিস্টার্ব করবা না",1
আমিও চাই এই আয়নাঘর দেখতে যারা পরিবার ছাড়া এই ঘরে কাটিয়েছে বছরের পর বছর স্বৈরাচার শেখ হাসিনার নির্মম অত্যাচারে,0
যে কোন ধর্মের ধর্মীয় উপাসনালয় ভাঙ্গা যে কোন যুক্তিতেই অগ্রহণযোগ্য। ইসলামও তা সমর্থন করে না।,0
হা--- লায় গাজা খাইছে ২ টা জঙ্গি সন্ত্রাসী মানবতা বিরোধী এক সাথে,0
বর্তমান শিক্ষার্থীদের হাতে ডিভাইস উপহার দেওয়া।,0
শাওনরে জয় বাংলা করা সময়ের সবচেয়ে অনিবার্য দাবি।,1
সাকিব আল হাসান সৈরাচারের সঙ্গী এজন্য তাঁকে জনগণের কাছে মাফ চাইতে হবে।,0
প্রথম কালো হিজ্রাইলের দালাল,0
আমার মত কমেন্ট করতে এসেছ কারা লাইক দিয়ে যাও,1
রোবটকে মানুষ বানিয়ে দিন দিন আমরা রোবট হয়ে যাচ্ছি। প্রযুক্তি যতই দিয়েছে বেগ ততই কেড়ে নিয়েছে আবেগ।,0
রাজশাহীর উন্নত মানের স্ক্যামার,0
"খেলা বা খেলাধুলা শুধু শরীরকে সক্রিয় রাখে না, এটি আমাদের বন্ধুত্ব ও সম্পর্কের গভীরতাও বাড়ায়।",0
আর আমি খুব ভালোভাবেই জানি মানুষ হচ্ছে হোমোসেপিয়েন্স নামক জীব !তাই মানুষ মাত্রই সুবিধাবাদী সুযোগসন্ধানী আত্মকেন্দ্রিক প্রশংসা পিপাসী,0
হাটুর নিচে প্যান্ট পরে সতর ঢাকার একটি মনোরম দৃশ্য,1
ঠ্যাং ঢিলাও কয়সে শুনিয়া ভাবনু ওমপুরী মানুষ কোন্ঠে থেকি আসিল। নামের পাকে চায়া দেখি ওমা ভাই বেরাদার হামার,1
বুঝিনা এই ফাও মেরে রাইখা খেলার কি লাভ।যা টাকা দিসে এটাই তো বেশি,0
"হই , কক্সবাজার যাওয়ার জন্য এর ওর পকেটে হাত দিয়া হাতাইতে হয় আর তুই আছিস বেলজিয়াম ইউরোপ নিয়া",1
"আমি বিএনপিকে পুরোপুরি নিঃশেষ করিনি, যেনো বাঙালি একদিন বুঝতে পারে কেনো তাদের জেলে ভরতাম।",1
"আমিও একদিন বউয়ের কথায় উঠবো আর বসবো শুধু রাতে,,",1
শূন্য পকেটে যে নারী পাশে থাকে সফলতা পেলে পুরুষ সেই নারীকেই আগে ভুলে যায়,0
মানুষ দারিদ্র্যতায় আত্মহত্যা করেনা।করে প্রাচুর্যে আর উদ্দেশ্যহীনতায়,0
ভাই আপনার সাথে কবে এইভাবে ছবি তুলবো,0
সব কয়টা চোখের মাথা খাইছে,1
"যারা মানুষের পিছনে লেগে থাকে তাদের কাজ এটাই তারা সারা জীবন পিছনে থাকবেই,আল্লাহ ওদেরকে হেদায়েত দান করুন",0
গ্রুপের নিয়মে কিছুটা পরিবর্তন আনা হয়েছে।,1
ভাগ্য ভালো বঙ্গবন্ধু স্যাটেলাইট মহাকাশে আছে।,1
বিগ ফ্যান ভাই আপনার প্রত্যেকটা পোস্টে নিয়মিত গালাগালি করি।,1
"বাংলাদেশের মানুষের ধৈর্য শক্তি অনেক বেশি যার কারণে ধানমন্ডি ৩২ নম্বর বাড়িটি এখনো টিকে আছে, বুলডোজার দিয়ে ভেঙ্গে চুরমার করে দেয় নাই।",0
ব্যাবসার কোন শেষ নাই,0
বিয়ের পর জীবন তেজপাতা,1
আমি ঔ সময় খেলনা মোবাইলে নিমুরা নিমুরা মিউজিক বাজাইতে পারলেই খুশি,1
"বিবাহ নিয়ে যে ব্যবসা, হয়রানি শুরু হয়েছে, এরচেয়ে বেশি জরুরি বিবাহ রেজিষ্ট্রেশন ও তালাক রেজিষ্ট্রেশন অনলাইনে নিয়ে আসলে জন ভোগান্তি দূর হত। এই বিষয়ে অতি জরুরি ব্যবস্থা নেয়া উচিত...",0
পরে আমরা আপনার সাথে আপনার রিকোয়ারমেন্ট অনুযায়ী যোগাযোগ করব।,1
"""আপনারা ক্ষমতার দিকে না যেয়ে জনতার দিকে আসুন, আমরাও আপনাদের পাশে থাকব। """,0
"কোথায় গেলো ইসলামিক ফাউন্ডেশন, যারা নাকি ইসলামিক বাংলাদেশে শাসন করবে এখন তো ওদের হাতেই, তাহলে কেন আজ এরা জেল এ telk me ঋণ এর জন্য বাচ্চারা কেন জেল খাটবে",0
এক সাইকো ভাগছে কিন্তু হাজার সাইকো পিনিকে দেশটাকে ধ্বংস করতেছে।,0
ভালোবাসার আরেক নাম বস সাকিব আল হাসান,0
খালিদ ফারান ভাইয়ের সাথে ছলা পরামর্শ করেই কি ভিডিওটা বানিয়ে ছিলেন নাকি??,0
ভেনুত ব্যাগ নিয়ে আসবো এবং আপনারা ব্যাগ রাখার ব্যবস্থা করবেন। কিভাবে ব্যাগ রাখার ব্যবস্থা করবেন সেটা আপনাদের বিষয়।,0
তুই তো নাস্তিক।,0
মাত্র আসলাম এইখান দিয়ে,0
এটা মোটেও এমন নয় মুলত এটা একটা বিজনেস ট্যাক্নিক রোবট গুলি কে সেল করার জন্য। তারা বুঝাতে চেয়ে তাদের রোবট অনেক স্মার্ট মানুষের মতনই। এতে করে ক্রেতা আগ্রহি হবে বেশি,0
বাংলাদেশ শীঘ্রই স্যাটেলাইট ইন্টারনেট বিপ্লবে যোগ দিতে পারে।,0
"ইস্তাম্বুলে তুরস্কের সবচেয়ে প্রাচীন বিশ্ববিদ্যালয় ইস্তাম্বুল বিশ্ববিদ্যালয়টি অবস্থিত, যেটিকে ১৪৫৩ সালে প্রতিষ্ঠা করা হয়েছিল।",0
সোনা যায় আখের রসে ভেজানো ভাত মহানায়ক রিয়াজের প্রিয় আহার।,1
তোমার মতন social media হিরোই আজকের সমাজে খুব প্রয়োজন যারা সত্যি কথাকে সাহসের সাথে সবার সামনে বলতে পারে।,0
টাকার জন্য মানুষ কত নিচে নামতে পারে!,0
শিয়াল এর ইচ্ছা হয়ে ছিল মানুষের মতো হাঁটতে । তাই,0
ফ্যাসিবাদের কোনো চিহ্ন বাংলার মাটিতে রাখা যাবে না।,0
মিডিয়ার ভূমিকা কখনো কখনো সমাজকে বদলে দেয়।,0
"সমালোচনা নিতে পারছো না ছোটোভাই,নেতা হবা কেমনে",1
মানুষ রাইখা যারা গরুরে মা বানায় তাদের কাছে সব ই সম্ভব।,1
সবাইকেই সবার প্রতিভার যথাযথ মূল্যায়ন করা উচিৎ। আমি চাই সাব্বির তার ক্রিকেট কেরিয়ারের শেষ অধ্যায়টা একটা সম্মানের স্থান থেকে শেষ করুক। তার প্রাপ্য সে ফিরে পাক।,0
মানুষের সৌন্দর্য কথাতেই প্রকাশ পাই।,0
ভাঙ্গাচুরার মধ্যেই থাক বাংলাদেশ। আর কিছু নিয়ে ভাবার দরকার নাই।,0
"নিরাপত্তা খাতে সংস্কারের প্রক্রিয়া শুরু করা, যার মধ্যে পুলিশ ও নিরাপত্তার প্রতি জনগণের আস্থা পুনরুদ্ধার করা আবশ্যক।",0
"এই মানুষটা সত্যিকারের হিরো, মিডিয়ার প্রচারের দরকার নেই",0
যতবার এই আয়াত এর মর্মটা উপলব্ধি করি ততবার চোঁখের পানি ঝড়ে!,1
আমি সাথে ১০০০ হাজার দিমু,1
দেখা যাবে ১১ জন ই ফিগার্লেস নায়িকারাযারা সবসময় কাকুর চারপাশে থাকে,1
"আমার পাশে বসা লোকটাও এই কাজ করতেছিল, ইশারায় তাকে এই পোস্টটা দেখাইলাম।",0
স্যার স্বরবর্ণ আর পরাশ্রয়ী বর্ণ কি ছিলো,0
অনেক ধন্যবাদ অরুণাভ। শাহানা বাজপেয়ী এর সাক্ষাৎকার চাই।,0
"রাস্তার ধারে, খোলা জায়গায় বেশি বেশি নিম গাছ লাগানো উচিত",0
এনশাল্লাহহহ,0
"পুরাই ফকিন্নির মত লাগতাছে,,বিজয়ের দিন ছেড়া প্যান্ট ভারতীয় পতাকার মত গেঞ্জি, রুচির মধ্যে পোকা পড়ছে মনে হয়।",0
"ধৈর্য ও শৃঙ্খলা ছাড়া কোনো কাজই শেষ করা সম্ভব নয়, এটি অনেকেই ভুলে যান।",0
"তখন ইন্টারনেট ছিল না,তাই উগ্র হুজুরগুলো এসব জানতে পারতো কম।",0
"আমি তো চাঁদের সাথে পাহাড়ও দেখতে পাচ্ছি, একটি চাঁদ দু'টি পাহাড় দেখতে পাচ্ছি",1
সে নাকি বাড়ি ভাঙ্গা দেখিয়ে আবার ইউরোপে রাজনৈতিক আশ্রয় নেবে...,1
"এটাই হল, খাঁটি শুদ্ধ প্রকৃত বাংলা ভাষা। সত্যি বোনটা প্রশংসার দাবিদার",0
"জ্ঞান অর্জন করুন, কারণ এটি আপনাকে জীবনের সর্বোচ্চ শিখার পথে নিয়ে যাবে।",0
তামিম ফাইনাল স্পেশালিস্ট,0
তখনকার যুগে ফেসবুক না থাকার কারণে উনার বিনোদন কেউ দেখে নাই,1
"পৃথিবীর অন্য দেশ গুলিতে যা সম্ভব না, সে কাজ গুলি আমার সোনার দেশে সম্ভব সোনার মানুষদের দ্বারা।",1
"পরিবেশ দূষণ রোধে এটি খুবই কার্যকর, তথ্যগুলো খুবই গুরুত্বপূর্ণ",0
"আমাদের অফিসের ঠিকানাঃ নতুন জুরাইন, পোস্তগোলা, আলমবাগ, ঢাকা- ১২০৪",1
সমস্যা কোথায় এইটা একটা ভালো কাজ আমার নবীর সুন্নাত,0
লিজেন্ডদের ডাক পড়ছে সবাই এসে হাজিরা দিয়ে যাও,1
আচ্ছা ডাটা ও বন্ধ ওয়াইফাই ও বন্ধ তাহলে কল আসলো কি করে,1
এবার তাহলে জমবে খেলা,1
বাংলাদেশের একটি উজ্জ্বল নক্ষত্র শাহানাজ খুশী সেরা অভিনেত্রী,0
ভারত এখন চীনের থেকে সেরাটা বানাবে তবে বলিউড মুভিতে প্রতিউত্তর,1
"কয়েকদিন পরে তোমার আম্মুর সাথেও লাগবে,,,",1
"কিন্তু যে এই কমেন্টস করছে সে জানেই না,,, তারা বাবা ছেলে না,,, তারা আসলে চাচা ভাতিজা,,,,সিয়াম এর কাকা ওনি,,,",1
আপনারা এভাবে কিভাবে মানুষের বাসায় ঢুকে যান?,1
"অনেকেই হয়তো জানেন না, নোবেল প্রাইজের জনক আলফ্রেড নোবেল এই ডিনামাইটের আবিষ্কারক।",0
সরকার এই প্রকল্পের জন্য ১০০ কোটি টাকা বরাদ্দ দিয়েছে।,0
"লেখক মনে করেন, ইতিহাস অনেক সময় নিজের স্বার্থে পরিবর্তিত হয়, যা মানবজাতির স্বাভাবিক প্রবণতা।",0
"ইউটিউব একটা মুক্ত স্থান, এখানে সবার'ই বিচরণের অধিকার রয়েছে। আমার মনে প্রত্যেকের আলাদা আলাদা অডিয়েন্স আছে। যেমন, আয়মান সাদিক, সালমান মুক্তাদির, হিরো আলম তিনজন আলাদা আলাদা প্লাটফর্মে কাজ করেন। আইন-বিধানের বাধ্যবাধকতার প্রকাশের মধ্যে থেকে সবার'ই মত প্রকাশের অধিকার রয়েছে।",0
"মিছিলের নাম নিলেই পাচা লাল করে দেন,তাইলেই সব ঠিক হবে",0
এখন আফসোস লীগ বলবে ওনি কর্নেল রাশেদ চৌধুরী না,1
গাছ লাগান পরিবেশ বাচান,0
"একবার বাসে ঝগড়া লাগছে তুমুল ঝগড়া কন্ডাক্টর বলে আমি কি হ্যাঁ পিছন থেকে একজন বলে,"" তুই আওয়ামী লীগ !""",1
"i তার চেয়ে বেশি গুরুত্বপূর্ণ বিষয় টা হলো এলাকার বখাটে ছেলেদের সাথে যোগাযোগ করলে সব গোপন তথ্য পাবেন যা তার বাবা মা ও জানে না। শুধু মেয়ে না,ছেলের তথ্য পাবেন।",0
ভাই একটা রিকোয়েস্ট আপনার কাছে যখনই একে নিয়ে ভিডিও করবেন গালি দিতে লজ্জা বোধ করবেন না মন ভরে গালি দিবেন আমরা আপনার সাথে আছি,1
শুভেচ্ছা ও অভিনন্দন। ভালো ও সুস্থ থাকার দোয়া সবসময়।,0
আপনাদের এই মহৎ কাজ অব্যাহিত থাকুক প্রিয় শায়েখ,0
এ ধরনের খাওযানি আর চুলকানি মূলক কথা হাসিনার মুখে বেশ ভালই মানায় ৷,0
ছাত্ররা সেই ভাষণ শোনার অপেক্ষায় শুধু এটাই নয় আপনাকে বরণ করার জন্য তারা প্রস্তুতি নিচ্ছে শুধু সময়ের অপেক্ষা চিন্তা কইরেন না আপা আপনি আপনি ঘাবড়াইয়েন না আপনি ঘাবড়াইলে আমরা দুর্বল হয়ে যাই। আহারে জীবন কোন আওয়ামী লীগের কাউকে দাম দিচ্ছে না কেউ,1
কারন মেয়েরা ছোট থেকেই প্রতিনিয়ত প্রোপোজ পেতেই থাকে তাদের কাছে এটা অভ্যাস হয়ে যায়,0
সাংবাদিক ভাই আপনি বুঝতে থাকুন আমাদের সময় নাই এসব শোনার,1
পুরান পাগলে ভাত পাইনা আবার নতুন পাগলের আমদানি,1
কোনো টাকা দিতে হবে না আমাদের সাইটে কাজ করার জন্য,0
এক পায়ে নুপুর,0
এদিকে মায়ের বাপের বাড়ি তেই থাকি আমি,1
লাইফের সবচেয়ে বড় জিতাটা জিতছি এই বছর কোনো শীতের জামাকাপড় না কিনে।,1
"এইবার সিনেমা পুরো হিট, অস্কার পাবেই পাবে",1
"ভাই এতো দিন জতো রিভিউ দেখছি সব টাকা কামানোর জন্য করা, কিন্তু আপনি মাশাআল্লাহ খুব সুন্দর করে করলেন। দোয়া রইলো ভাই",0
ঢাকা শহর হতে উপকূলের প্রত্যন্ত অঞ্চলের দিকে তাকাতে হবে।,0
আমি এসছি কমেন্টস পড়তে,0
"ডাক্তার হিসেবে আপনাকে শ্রদ্ধা করি, কিন্তু বাংলাদেশের নোংরা রাজনীতিতে আসবেন সেটা দুঃখজনক",0
তিতুমীর কে মহিলা কলেজ বানানোর দাবি জানাচ্ছি।,1
"বাংলাদেশের প্রতিটি এলাকায় যদি আরও নিম গাছ লাগানো হয়, তাহলে পরিবেশের অনেক উপকার হবে",0
হ্যা ঠিক বলেছেন কিন্তু আপনার মানুষটা যদি অন্য জনের থেকে চায় তবে কেমন করে হবে সম্মান বন্ধুত্ব ভালোবাসা,0
একজন প্রকৃত বন্ধু পঁচিশ হাজার আত্তিয়র চেয়ে উত্তম,0
"আমাদের বিশ্ববিদ্যালয়গুলো রাজনীতিবিদ তৈরির কারখানা নয়, বিশ্ববিদ্যালয় গুলো হওয়া উচিত দক্ষতার উন্নয়ন, বিজ্ঞান ও প্রযুক্তি গবেষণা কেন্দ্রবিন্দু, আসুন আমরা রাজনীতি মুক্ত বিশ্ববিদ্যাল গড়ে তুলি.",0
এবার ঠিক জায়গায় চোখ পড়েছে,1
চাপের সময় আপনার শ্বাসক্রিয়া ও মনকে শান্ত করার জন্য কিছু সাধারণ শ্বাস-প্রশ্বাসের ব্যায়াম শুরু করতে পারেন।,0
এই বইটি পড়ার মাধ্যমে একটি বদ অভ্যাস বর্জন করা এবং একটি ভালো অভ্যাস গ্রহণ করার সুযোগ তৈরি হবে এবং আপনি কৌশলী হয়ে উঠবেন।,0
অতিমাত্রায় আবেগী হয়ে গেছে এই জাতি!,0
স্টার্টআপ এবং বড় কোম্পানির মধ্যে বিশ্বাসযোগ্য সম্পর্ক থাকা জরুরি।,0
এমন ধর্যশীল মেয়ে পায়লে বিয়ে টা করে নিতাম,1
এই নাটকের সবটাই স্বপ্ন ছিল.,0
ঐ বয়সে কতবার যে প্যান্টের ভেতরেই প্রস্রাব আর ২ নাম্বার করে ফেলেছি তার কোনো হিসেব ই নাই,1
দায়িত্ববান আসলে উনি নয় আপনি নিজেই ওনার দায়িত্ব নিয়েছেন একেকজনের চাহিদা একেক রকম কারো টাকাওয়ালা পুরুষ প্রয়োজন আবার কারো অল্প বয়সেই সুন্দর হ্যান্ডসাম ছেলে প্রয়োজন,1
তাও আবার ভিডিও call করে,1
"চট্টগ্রাম এর মেয়ে যার গার্লফ্রেন্ড তার আর কি লাগে ভাই, কথা শুনেই ক্রাশ",1
হতেও পারে ভাই টার ওই বাইক ও নাই,1
এই বিয়াত্তা বেডি বিয়া করতে করতে বিশ্ব রেকর্ড করে ঠুস করে একদিন জাতিয় বিবাহ পুরষ্কার পেয়ে যাবে,1
যতই টালটি পাল্টি করো কাম হবে না দেশে আর আসা লাগবে না,1
আগে চরিত্র শোধরান তারপর নসিহত করুন।,0
সামনে না পিছনে লাগাইছে,1
একবারে দুই তিনটা গাড়ি গেলেও কিছু হইব না,1
"মাউন্ট এভারেস্টকেই এতদিন সর্বোচ্চ ভেবেছিলাম, নতুন তথ্য চমকপ্রদ।",0
নিজেরা প্রফেসর প্রফেসর করে আর গুগলে দু চারটা পেইজের ডোমেইন কিনে প্রচার করলেই তো আর প্রফেসর হয়ে যায় না।,0
সুন্দর উদ্যোগ আমারও খুব ইচ্ছা যন্ত্রপাতিগুলো দেখার।,0
কোন মা বাবার ঘরে যে এরকম সন্তানরা জন্ম নেয় সেই সকল মা-বাবাদের জন্য খুবই খারাপ লাগে।,0
রাজনৈতিক সংঘাতের মধ্যে সাধারণ মানুষের দুঃখ একেবারেই সহ্য করা যায় না।,0
শাস্তি তো হওয়া ঐ অবিবেচক বিচারক আর মামলার বাদীর। গু খায় এরা? হাজার কোটি টাকার ঋণখেলাপীরা যখন প্রকাশ্যে ঘুরে বেড়ায় তখন সদ্য বিধবা নারী হাজত বাস করে আর এতিম বাচ্চা পুলিশের ভয়ে ঘুমায় এর চেয়ে লজ্জার কি আছে?,0
সুন্দর ভবিষ্যতের জন্য সঠিক পরিকল্পনা প্রয়োজন।,0
এই শীতে হঠাৎ গরম হওয়া স্বাভাবিক একটা বিষয়,1
মা-সন্তানের সম্পর্ক কখনো দূরে যায় না।,0
বর্তমান শিক্ষার্থীদের সাথে বন্ধুত্বপূর্ণ সম্পর্ক গড়ে তোলা।,0
এভাবে পোজ দেওয়ার চেয়ে পল্টন মোড়ে একটা বাল ফেলানো সেলুন দিয়ে দে তাতে তোর সম্মান কিছুটা হলেও বাড়বে। আবুদ্ধা একটা,0
ছাত্র-ছাত্রীদের মধ্যে সঠিক মূল্যবোধের বিকাশ হলে তারা সমাজের জন্য ভালো কাজ করতে সক্ষম হবে।,0
পরিবেশের ভারসাম্য রক্ষায় একাধিক ধরণের গাছ লাগানো জরুরি,0
ঢাকা বিশ্ববিদ্যালয়ের অনেক দর্শনের শিক্ষকের লেকচার শুনেছি... আফসোস আপনাকে শিক্ষক হিসাবে পাই নাই।,0
"হে আল্লাহ, গোপনে কষ্ট পাচ্ছে এমন প্রতিটি মানুষের অন্তরটা আপনি প্রশান্তি করে করে দিন।",0
চিটাগং এর মালিক কুন রাজনিতি দলের লোক জানি না।তবে তিনি এই কাজ কইরা তো পুরো বাংলাদেশের মান ইজ্জত ডুবাইলো।,0
রাজনৈতিক নেতৃত্বের পরিপক্কতা এবং তাদের কাজের প্রতি জনগণের আস্থা প্রয়োজন,0
"বিনোদনের মাধ্যম হিসেবে এই দশকের একেবারে শেষে বাংলাভাষী একাধিক ওটিটি প্ল্যাটফর্ম গড়ে ওঠে, সেসব প্ল্যাটফর্মও কনটেন্টের জন্য প্রায়ই হাত পেতেছে সাহিত্যের কাছেও।",0
আমিও বিশ্ব ঘুরবো ইনশাআল্লাহ,0
"আমি আগেই বলছিলাম ,, এই ট্রুনামেন্টে ভাল ক্যামেরার দরকার নাই",1
রোগীর মা'র মিথ্যা অভিযোগ নার্স ও ডাক্তারদের মধ্যে ভুল বোঝাবুঝি তৈরি করে। তবে এটি সমাধান করতে সঠিক কমিউনিকেশনের প্রয়োজন।,0
"আবু আর নাই সামান্য তিনটি শব্দ । কিন্তু এই সামান্য তিনটি শব্দ শুনতেই চোখ দিয়ে অঝোরে পানি বেরিয়ে আসলো, নিঃশ্বাস বন্ধ হয়ে যাওয়ার উপক্রম হলো। আর কিছু বলার মতো ভাষা খুঁজে পাচ্ছি না।",0
"আমাদের সব দিক বিবেচনা করে এগিয়ে যেতে হবে, গুলশান হতে বস্তিবাসী সবার কথা চিন্তা করতে হবে।",0
চট্টগ্রাম আবার আসিয়েন,0
কালো নিগা হলেই বৈষম্য!,1
শুভকামনা রইলো। আশা করি সততার সাথে সবসময় সর্বস্তরের গ্রাহকদেরকে অনলাইনসহ সেবা দিয়ে যাবেন।,0
মতপ্রকাশের স্বাধীনতা গুরুত্বপূর্ণ।,0
এটা দেখার পর বুঝলাম ভালোবাসা হলো নিরলর্জ লোক দের জন্য,1
"এই নাস্তিকের শরীরে আমি শত ভাগ নিশ্চত যে কোরোনা ভাইরাস আছে ,,তাকে সরকারী আইসোলেশনে রেখে এডভান্স মরণ ইনজেকশন পুশ করা হোক,, এদের মত হাই প্রোফাইল মাগিদের জন্য ই আল্লাহ কোরোনা ভাইরাস দিয়েছে",0
"আমার মায়ের ঈদ ছিল না, কিন্তু প্রচুর আনন্দ ছিল",0
কি আর করা সমান তো হতে হবে,1
দালালদের অবস্থা এমনই হয়।,0
"""নেতানিয়াহু একটা শুয়ারের চ্ছা ! গাজার মানুষের জীবনকে তছনছ করে দিচ্ছে এই রক্তপিপাসু। ট্রাম্পও একই, যে দুনিয়াজুড়ে ধ্বংসযজ্ঞের কারিগর! এদের মতো শুয়ার যতদিন থাকবে, ততদিন নিরীহ মানুষের রক্ত ঝরবে!""",0
পুরুষের তুলনায় নারী কর্মকর্তাদের দূর্নীতির রেকর্ড কম,0
"এটাতো আওয়ামীলীগ সমর্থকদের জন্য গর্বের বিষয়, তাদের একজন সদস্যকে নিয়ে এলন মাস্কের মতো এত বড় সেলিব্রিটি মন্তব্য করলো।",1
কম খাওয়া কম ঘুমানো ফজরের পর না ঘুমানো বেশী কথা না বলা মানুষের সাথে কম মিশা বেশী বেশী মৃত্যুর কথা স্মরণ করা অতিরিক্ত উচ্চাকাঙ্ক্ষা না করা সবসময় আল্লাহকে স্মরণ করা সবসময় জিকির করা।,0
ভাই এই দেশের বেশিরভাগ মানুষ অকৃতজ্ঞ,1
আমার বই হলো সবচেয়ে পাওয়ারফুল ঘুমের ঔষধ,1
"সম্পর্কের ক্ষেত্রে লজ্জা ও সম্মান অনেক বড় বিষয়, এটা শুধু সমাজের নয়, বরং প্রতিটি ব্যক্তির নিজস্ব অনুভূতির বিষয়।",0
খুনিদের মুখোশ এখনো উন্মোচন হয়নি কেন?,0
যখন জাতীয় নেতাদের ফাসি দেয়া হয়েছিল তখন তাদের যারা ভালোবাসতো তাদের কেমন লেগেছিলো,0
২ মিনিট পড়ি আর ৪ মিনিট রিলস দেখি,1
আজ হয়তো দাপট্য দেখিয়ে আপনি কারো রিযিক কেড়ে নিচ্ছেন,1
উনার দৃষ্টিভঙ্গি আমাদের সবাইকে ভাবতে শেখায়,0
ওই হালা বিয়ে করুক,1
ইন্জিনিয়ার ভাইদের অনেক সময় এবং শ্রম অপচয় হয়েছে। ভবনটি নির্মান করতে মনে হয়,0
যে জানে যে সে মরে গেলে পৃথিবীর উপকার হবে তারা মরে যাক । কিন্তু যত কষ্টই হোক কাউকে এতিম করে চলে জাইয়েন না । বাচ্চাগুলোর আর বাবা মায়ের মুখের দিকে তাকিয়ে হলেও বেঁচে থাকেন।,0
পদ্মা সেতু উদ্বোধন কি পিছাবে??,0
আমি একজন মিমকে চিনি যার মনের গভীরে এমন ইচ্ছে আছে,1
কিছু দিন পরে আইন আসবে হাইওয়েতে বাইক চালানো নিষিদ্ধ।,0
আমাদের দেশের রাজনৈতিক পরিস্থিতি দিন দিন আরও জটিল হয়ে যাচ্ছে,0
পাবলিক বিশ্ববিদ্যালয়ে ভর্তির যোগ্যতা হবে মেধার ভিত্তিতে,0
ডগি নিয়ে নুহাস পল্লি যাচ্ছেন শাওন,1
"জীবন কখনো সোজা পথ নয়, তবে তা আমাদের আরও শক্তিশালী করে তোলে।",0
কোন অজানা কারণে এ-ই সত্য লুকিয়ে ছিল? জেনেই গর্বিত হলাম। এ অবদান লক্ষ গার্মেন্টস শ্রমিকের। স্যালুট।,0
এসব ব্যাপারে কথা বলার আগে একটু ভেবে দেখাটা জরুরি।,0
"আর পরের দশকে, নিউ মিডিয়ার এই স্রোতটি হয়ে ওঠে দারুণ শক্তিশালী।",0
এমন এক জেনারেশন এর সাথে লাগসে না পারে অফলাইনে না পারে অনলাইনে,0
"এই গুলার চাইতেও Important হলো... সরকারি হাসপাতালের সকল নার্স, মেডিক্যাল এসিস্টেন্ট সহ সকল কর্মচারীর etiquette and Manners এর উপর ট্রেনিং এর ব্যবস্থা করা...",0
অনেক অত্যাচার সহ্য করেছে স্বামী,1
ইলন মাস্ক আটলান্টিক মহাসাগরের একরমটা করবে কিন্তু এটা হইছে বিশ্বাস হয় না,0
"গুণীমানুষ হিন্দু না মুসলিম এইভাবে মূল্যায়ন করা উচিত নয়, যিনি বই রচনা করে দেশের ছাত্রসম্প্রদায় কে সমৃদ্ধ করেন উনি সত্যিকার মহান,,, ভারতে মুসলিম বুদ্ধিজীবীদের যথেষ্ট সম্মানিত করা হয়।কোনো দেশকে এগিয়ে নিয়ে যেতে সব ধর্মের মানুষের প্রচেষ্টা কার্যকরী হয়ে থাকে। ভারতের প্রাক্তন রাষ্ট্রপতি আব্দুল কালাম আজাদ ভারতকে অনেক উচ্চতার শিখরে নিয়ে গিয়েছিলেন,, আজ তিনি নেই,, প্রত্যেকটি ভারতীয় তাকে সম্মানের সাথে এখনো স্মরণ করেন,,,,, মানুষ চলে যায়,,, তার কাজ থেকে যায়,,,,,,,,,,,,,,,,",0
পুরা খুলে বুকের ভেতর লইয়া পিক চায় এই সরকার এবং জনগণ,0
"আল কুরআনের পথ এই পথই আসল পথ অন্য পথে অন্যমতে নেই তো,,,,",0
আমার একটা ছোট্ট মুরগির বাচ্ছা ছিল। অইটা এই পোকাটা খাইতে খুব পছন্দ করত। অনেক খাওয়াইসি।,0
"নাইট ডিউটি করে ফেরার পর সে খুবই ক্লান্ত হয়ে যায়, তার হাত পা সাথে অন্যান্য অঙ্গ গুলা দুমড়ে মুচড়ে আসছিলো, তাই জেসিয়া তাকে মাসাজ করে দিচ্ছিলো। তাতেই আপনারা এত হেট কমেন্ট করতাছেন",1
ইতিহাসের বিভিন্ন পর্যায় নিয়ে এমন আলোচনা হওয়া দরকার।,0
"কেমন একটা শিরশির অনুভূতি,,,",0
যে লাথি দিয়ে বের করে দিল কষ্ট কি ভুলতে পারিস নাই এখনো?,1
"পিছনে থাকিয়ে দেখি,রশিতে ছেড়া জাঙ্গিয়া ঝুলতেসে!!",1
আরে ভাই মানুষ পাগল হইলে তো রশি দিয়ে বাধে আর রশি পাগল হলে কি দিয়ে বাধবে,1
বর্তমানে এটাই বাস্তব। পড়ালেখা করে জ্ঞান অর্জন না।সার্টিফিকেট অর্জন করে দুর্নীতি করে টাকা ইনকাম করা,0
রান্নার সময় আমাকে না খাওয়াইতে পারলে মনে হয় আম্মুর রান্না টাই অসম্পূর্ণ থেকে যায়...!,0
ভেতরের আওয়াজ কমানোর জন্য ব্যস্ত থাকার কথা সত্যিই কাজ করে,0
মাশাল্লাহ ডিয়ার,0
রিয়েলিটি মাইন্যা নাও,1
"অফুরন্ত ভালোবাসা আপনার জন্য, নতুন ও পুরাতন সকল বন্ধুদের পাশে আছি সবার জন্য আমার পক্ষ থেকে ফুলের শুভেচ্ছা যুক্ত হয়ে যান ফুলের ভালোবাসা নিন।ধন্যবাদ সবাইকে।",0
"পারিবারিক সম্পর্ক যদি এতটাই খারাপ হয়ে যায়, তাহলে সম্পদ অর্জন কি সত্যিই মুল্য রাখে?",0
টপিক কভার হয়েছে।,0
এসব বিশ্ববিদ্যালয় ত সন্ত্রাস আর যৌন কর্মী তৈরির কারখানা এখন,0
দুইন্ন্যাডার ভিত্রে খালি নমুনা আর নমুনা,1
প্রবাসীদের জন্য যথেষ্ট নমনীয় আর হেল্পফুল থাইকেন,0
"ঠিক আছে ভাই,হবে ভাই,জোশ ভাই, এসব কে বলবে ভাই?",1
শুধু বাস পাল্টালে হবে না। নিয়ম-কানুন ও পাল্টাতে হবে। তাহলে যানজট থেকে মুক্ত হওয়ার সম্ভাবনা আছে।,0
সব ভাইরাল হওয়ার ধান্দা জাতে মাতাল তালে ঠিক,0
"লিংক কোথায়, লিংক না দেখলে মানুষ বিশ্বাস করে না",1
ক্ষমতা হারানোর বেদনা আমিও বুঝি.! ক্লাস ৪ এ ক্লাস ক্যাপ্টেন ছিলাম। খুশিতে টানা ১০ দিন স্কুলে যাইনি। স্কুলে গিয়ে দেখি আমাকে বাদ দিয়ে দিছে.!,1
রাষ্ট্রের জনগনের টাকা আর কোনো ব্যক্তি নামের খরচ করা যেন না হয়।,0
"রাতের ঢাকা এখন আর খুব নিরাপদ না , চারদেয়ালে ফেরা দরকার । ঘরে ফেরা দরকার ।",0
চাচা... ৩২ এ এত মানুষ কেন? চাচা...ছাত্রলীগ কোথায়? আপা কোথায়?,1
এইজন্য তো পুরুষের একাধিক বিয়ে করা জরুরি কমপক্ষে ২ করে,0
গরু মাংস সব হোটেলে বিক্রির জন্য যারা আন্দোলন করতেছে এবং আসিফ মাহমুদ উৎসের এক্সস্ট্রিমিস্ট মুসলমানরা তো তাদের জন্য এসব সহজ করে দিচ্ছে।,0
সমন্বয়কের পুকুর বলতে লজ্জা লাগছে,1
এখানে দেখা মিলে কোটি কোটি লেখকের।,0
খানে হাসির কি আছে বুঝলাম না!! রিলেশনশিপে এরকমটাতো হয়ই কমন ব্যাপার,1
পার্টনার ভাল হলে মানসিক ভাবে হ্যাপি থাকা যায় এটা ঠিক। কিন্তু স্কিন কেয়ার না করলে মুখে কখনোই গ্লো আসে না ভাই,1
ড় ছোট একটা কালচার আমরা গ্রো করেছি এই দেশে ।এই বৃত্ত থেকে বের হওয়া অসম্ভব,0
"আপনি নিজে একজন মেয়ে হয়ে আরেকজন মেয়ের চেহারা নিয়ে ট্রল করতেছেন,ব্যাপারটা খুবই জঘন্য",0
এখন শুধু ভুড়িটা হওয়া বাকি,1
গুগল মিট বা জুম মিটিংয়ে হরতাল চলবে।,1
আফ্রিকাতে ও অনেক খালি জায়গা আছে ইজরায়েলকে সেখানে পাঠিয়ে দেয়া হোক।,0
বাংলাদেশ এ টাকা আয় করো আর বাড়ি বানাও ইন্ডিয়া তে যখন প্রয়োজন শেষ তখন এই দেশ ছাইরা চলে যাও আর বলো গুম হইয়া গেছি...??,0
বিয়েতে বাসর ঘর সাজানোর আনন্দই আলাদা।,1
৪৩-৪৪ পেয়ে মেডিকেলে টিকছে শুনলে রুগী এম্বুলেন্স থেকে নেমে কবরস্থানের দিকে দৌড় দিবে...,1
"এমন বৃষ্টিবাদল মৌসুমে, এ গান ছাড়া আর কি গাইবো? সবার প্রিয় মানুষ কাছে থাকুক!",0
এই ক্ষমা চাওয়াটাও আরেক রকম বাটপারি!!,0
আমার কথায় আপনার মন খারাপ হতেই পারে,0
"কিন্তু স্কুল কলেজে এখনো খাতায় লিখে Html, C প্রোগ্রামিং শেখানো হচ্ছে।",0
ড্রাইভার গাড়ি ঘোরান ভুল রাস্তায় ঢুকে পড়েছি,1
মা-সন্তানের বন্ধন কখনো ভাঙার নয়।,0
এইটা হিরো আলমের নতুন গানের শুটিং,0
"গাছের শেকড়ের মতো, আমাদের সম্পর্কের ভিত্তি যেন দৃঢ় থাকে।",0
এটাই একজন যোগ্য নেতার পরিচয়। মহান নেতা দের দ্বারাই এত বিনয়ী হওয়া সম্ভব।,1
তামিমের জন্য ঠিকঠাক জায়গায় এটা,1
এতো মায়া থাকলে রামপাল কেন?,0
"এভাবে স্বপ্ন হিসেবে যাকে দেখা গেলো, সে সত্যি হলে বাকিগুলো মেনে নেওয়া যেতো",0
অপরাধ প্রবণতা কমাতে পরিবার ও শিক্ষকদের দায়িত্বশীল হতে হবে,0
এদের বাসে উঠতে দেখলেই আমি ঘুমের ভান ধরে থাকি,0
পাহাড়ি ঢলে এ বন্য না বন্ধু দেশের ছেড়ে দেওয়া পানি ভাই,0
জিবনে করো কতো কিছু যি দেখতে হবে...,1
"ভাই উনার লাইফ আর আমার লাইফ প্রায় সেইম। আমি জাস্ট ওনার কলেজে লাইফ স্টেজে আছি।ওনার মতো শাইন করতে পারব কিনা জানি না। তবে উনার স্টোরিটা শুনে মোটিভেশন পেলাম, জীবনীশক্তি খুজে পেলাম। আপনাকে ধন্যবাদ স্টোরিটা শেয়ার করার জন্য",0
"মানুষ ও শয়তানের মধ্যে পার্থক্য হলো, মানুষ ভুল করে, মাঝে মধ্যে ভুল বুঝতে পারে এবং অনুতপ্ত হয়, আল্লাহর কাছে ক্ষমা প্রার্থনা করে। আর শয়তান ভুল স্বীকার করে না, অহমিকা করে এবং লাঞ্ছিত হতেই থাকে। আল্লাহতায়ালা আমাদেরকে সহি বুঝ দান করুন। আমিন",0
আজকাল কেউ আর বই পড়ে না,0
এই জাতি হিসেবে আমরা বড়ই নির্লজ্জ আর অকৃতজ্ঞ। যারা ট্রল করছে তাদের জন্য হাসিনাই উপযুক্ত। এরা ভালো কিছু ডিজার্ভ করে না! দু খজনক।,0
"আমি একজন হিন্দু হিসেবে বলছি , নবীকে কটুক্তির তীব্র নিন্দা জানাচ্ছি! সকল ধর্ম শান্তির ধর্ম।",0
সিলেটের এই গ্রিন কাস্টমার সেন্টারটি পরিবেশবান্ধব ও টেকসই ভবিষ্যত গড়তে গ্রামীণফোনের সংকল্পেরই প্রতিফলন।,0
"২০১৮ সাল থেকে টমেটো চাষ করি,এই সিজনেও টমেটো চাষ করেছি ভালো ফলন আশা করি ইনশাআল্লাহ, আজ পর্যন্ত ক্যামিকেল চিনলাম না,গাছ পাকা ফল সংগ্রহ করে বাজার জাত করি।",0
কোন খুশিতে এতোগুলো মানুষের প্রান নিলেন আশা করি সেটাও ক্লিয়ার করবেন।,0
গুলশানের কোন রাস্তায় দাড়াইলে এমন অফার পাওয়া যাবে গাইস,1
কিছু একটা করেন?,0
"অমর একুশে বইমেলা ২০২৫, ধীরে ধীরে জমতে লাগছে বাঙালির প্রাণের মেলা মাসব্যাপী বইমেলা।",0
"একটা মেয়ে মন থেকে ভালবাসলে তবেই এভাবে বারবার ফিরে আসে, এটা মজার কোনো বিষয় না।",1
"ঘুরিয়ে ফিরিয়ে আনতে হবে না, যে নিজে পালিয়ে গিয়েছে তার আলোচনা সমালোচনা কি দরকার",1
সামাজিক অবক্ষয় যেখানে কোটি টাকা লুটেরা আরাম আয়েশে জীবন যাপন করে!!,0
বিসিএস প্রস্তুতির জন্য প্রয়োজনীয় প্রস্তুতি পরিকল্পনা সত্যিই সহায়ক হয়েছে।,0
পাটজাত শিল্পের পুনরুজ্জীবনের জন্য এটি একটি ভালো পদক্ষেপ।,0
"ভাইয়া, ফিলোসোফি সংক্রান্ত আলাপ-আলোচনা নিয়ে বাংলায় ভালো ইউটিউব চ্যানেল নেই। আপনার বুঝানোর ধরণ খুব সুন্দর। অনার্সের বিভিন্ন কোর্সের নির্দিষ্ট টপিক ধরে আলেচনা করলে স্টুডেন্টরা উপকৃত হবে আশা করি।",0
পদ্মা সেতুতে কাজ করা সকল শ্রমিক কর্মীকে মুক্তিযোদ্ধাদের সমপরিমাণ একটা বাতা কার্ড করে দেয়ার জোর দাবি জানাচ্ছি।,0
আহো ভাতিজা আহো খেলা হবে,0
উনাকে ছাত্র জনতার কাছে হস্তান্তরের জন্য আইন-শৃঙ্খলা বাহিনীর প্রতি অনুরোধ জানাচ্ছি। ছাত্র জনতা চেক করুক উনার কাছে কতটুকু আলো আছে,0
ওদের মার্কেট খেয়ে দিলে তোহ বিপদজনক ভাববেই,1
বাবার মানসিক সমস্যা আছে নইলে টাকার জন্য মানুষ এমন করে,0
অযথা বিলাসিতা করে লাভ কি,1
বহদ্দার ছাড়া চট্টগ্রামে আর কোথাও পানি নাই আহারে বিজ্ঞাপন,1
১৯৮৬ সালে চেরনোবিলে এক ভয়াবহ বিস্ফোরণের ফলে বাতাসে প্রচুর পরিমাণে তেজস্ক্রিয় পদার্থ ছড়িয়ে পড়ে।,0
"৭১ সালে পাকিস্তানে জেলে বসে ভিআইপি সুবিধা নেয়া,বাকশাল-গুমখুনের প্রবতর্কের বাড়ির সাথে শহীদ মিনার-স্মৃতিসৌধের কি সম্পর্ক রে দিল্লীস্টারে সাংঘাতিক!!",0
বেটার চাপাবাজির জোর দেখে বোঝা যাচ্ছে ভবিষ্যতে মস্ত বড় এক উকিল হবে,1
"দ্বিতীয় ছবিতে সাদা পাঞ্জাবি পরা, হাতে ঘড়ি থাকা ছেলেটা আমি।",0
কীর্তিমানের মৃত্যু নাই,0
তাসকিন এর বাসা তো ও আমাদের বাসার মতন পিঁপড়া আছে,1
গোয়াইরা চিন্তা না করে মাথা দিয়ে খেলেন। মাথার খেলায় ফ্যাসিবাদকে হারান।,0
"চিকিৎসকরা যা বলেন, তা অনুসরণ করা অত্যন্ত জরুরি, বিশেষ করে ব্যথার ওষুধ সম্পর্কে",0
এমন সিরিয়াস বিষয় গুলো নিয়েও আমরা বাঙ্গালীরা গুজব ছড়ায়।,0
১১ বছর বয়সে আমি আমার আম্মুর আঁচল দরে পিছন পিছন ঘুরতাম আর রুমে বসে কার্টুন দেখতাম খাতায় ফুল গাছ আট করতাম লুকোচুরি দেখতাম আর এটা বাহ বাহ এখন কার ছেলে মেয়েদের উন্নতি আর উন্নতি বলেও শেষ করা যাবে নাহ,0
ওরে ভাই কাবিল টারে লাথি মারা উচিৎ,0
যদি এমন হয় যে তাসকিন তিনদিন ধরে বাসায় যায়নি । আর আপনার পোষ্ট দেখলো তার বৌ । তাহলে রাজশাহীর বোলিং সামলাবে কে,1
আপনি আমার খুব প্রিয় একজন মানুষ ভাই।,1
"এইসব কোনো পরিসংখ্যান না, এর মধ্যে লুকায়িত স্বাধীনতার জন্য একটা জাতির ত্যাগ ও বীরত্বের ইতিহাস।",0
বাংলাদেশের গণতান্ত্রিক সংস্কারে জার্মানের সমর্থন গুরুত্বপূর্ণ।,0
সময়মতো ক্লাস হয়েছে।,0
আজকে আমার জন্মদিন!উম্ম উ্ম্ম,1
"রাজনৈতিক সিদ্ধান্ত মানুষের ব্যক্তিগত জীবনে কীভাবে প্রভাব ফেলে, সেটাই এখানে ফুটে উঠেছে",0
আমিও চাই সাব্বির রহমান আমেরিকার হয়ে খেলুক,0
ফ্যাসিবাদের চিহ্ন বিলোপ সাধনের মধ্যেই রয়েছে জুলাইয়ের পূর্ণতা। ইনকিলাব জিন্দাবাদ।,0
মাত্র এই কয়টা,1
আমাদের জ্বলছে কারন সংকট মোকাবিলায় পাকিস্তানের সঙ্গে কাজ করলে আমরা খুসি হতাম।,1
আমার একটা সোজা ফরমুলা আছে।,1
দেশের সকল দেশপ্রেমিক নাগরিকের চাওয়া। স্বৈরাচারী দোসর ও ভারতের পাছাটা দালাল মুক্ত স্বাধীন বাংলাদেশ প্রতিষ্ঠা হোক।,0
পাবনার সকল রোগী যখন চট্টগ্রাম স্টেডিয়ামে,1
মানে তার পকেট ও নাই,1
"পৃথিবীর ইতিহাস ঘাঁটলে দেখবেন, কোন গণঅভ্যুত্থান কোন দেশ থেকে এসব সরাতে পারেনি। পেরেছে একমাত্র বিপ্লব । জানি না বাংলাদেশে কোন দিন বিপ্লব হবে কিনা, সেই বিপ্লব এইসব কিছুকে ভেঙ্গে নতুন বাংলাদেশ দিবে কিনা। তবু সেই বিপ্লবের অপেক্ষায় থাকলাম।",0
"পিএসসি,জেএসসি,এসএসসি,বিসিএস এসব খুব মনোযোগ দিয়ে পড়তাম আর সব সমাধান করতাম।",0
বড় দুঃখ জনক বাস্তবতা... তবুও কিছু মানুষ বলবে সব কিছুই মিথ্যা,0
"কোচিং সেন্টারে ভর্তি হয়ে একাধিক কোর্সে অংশগ্রহণ করা এখন সাধারণ বিষয় হয়ে দাঁড়িয়েছে, বিশেষত বড় পরীক্ষার জন্য প্রস্তুতি নেয়ার সময়ে। তবে এটি ছাত্রদের ওপর অতিরিক্ত চাপ তৈরি করতে পারে, যা তাদের পড়াশোনার গুণগত মানকে প্রভাবিত করতে পারে।",0
এরকম স্যার আমাদের সমাজে অনেক আছে। কথায় কথায় খোঁচা দিয়ে মানুষ কে মানসিকভাবে পঙ্গু বানিয়ে দেয়।,0
যদি কখনো মনে হয় ভিডিও ডিলিট করে দিলে ভালো হবে তবে করে দিয়েন।,0
দূঃখিত আমি তেমন কোন উপায় খুঁজে পাই নাই। আপনি পেলে আমাকেও জানাইয়েন...,0
এমন ফালতু কাহিনী আর লিখবেন না দয়া করে। টাকা সবকিছু।যার টাকা আছে তার সবকিছু আছে।যার টাকা নেই মা বাবা থেকে বউ ছেলে মেয়ে আত্মীয় স্বজন প্রতিবেশীদের শুরু করে দাম নেই। বেশি বললাম না বুঝে নিবেন।,0
কবে হবে আন্দোলন... হায়রে হায়...,1
রাজিব ভাইয়ের বিকল্প রাজিব ভাই,0
"কেউ একজন কর্মসুচির ডাক দেন যে পদ্মা সেতু, যমুনা সেতু, মেট্রোরেল, কর্নফুলি টার্নেল, বিমানবন্দর কখন ভাঙা হবে ভাই জানায়েন, যেতে হবে তো ভাঙতে",1
মনে হয় পুরান নোকিয়া মোবাইল দিয়ে ছবি উঠাইছে ! কিরে মানিক কি মোবাইল দিয়ে ছবি উঠাইছো সবকিছু ঝাপসা কিছুই দেখা যায় না,0
এটা দেখার বাকি ছিলো? এত কষ্ট করে মোবাইল কিনছিলাম এগুলা দেখার জন্য,1
"আমার চেয়ে বেশি কষ্ট কারো হবে না, ১৩ তারিখ আমার সখের নারীর বিয়া",1
এই ভয়ে কাউকে প্রোপোজই করলাম না কোনোদিন।,0
বুঝলাম না আপনরা পোশাক দিয়ে আইন বিবেচনা করছেন কেন...?আইন যদি সুন্দর সিস্টেমে এএ চলে তাহলে আমারা পোশাক দিয়ে আইন বিবেচনা করবো কেন যদিও পোশাক টা বেমানান তবে আমাদের এইভাবে তাদের নিয়ে ট্রল করা উচিত নয়,0
no Comments,0
নাম ঐ জানেন না মিয়া,1
এই পেইজ থেকে বই নিতে পারেন তাদের ডেলিভারি আচরণ অনেক সুন্দর বইয়ে কোনো সমস্যা হলে সেটা রিটার্ন নেওয়া হয়,0
গুলিস্থান এর আতিফ আসলাম,1
আজব এক দেশ ভারত যেখানে সবকিছুই সম্ভব,1
"দেশে গুপ্ত হত্যা বেড়ে গেছে, উপদেষ্টাদের উচিত তড়িৎ কোন ব্যবস্থা নেওয়া",0
ভবিষ্যৎ শঙ্কা। মোটেও হাসির বিষয় না,0
নিজের আবেগগত চাহিদাগুলো চিহ্নিত করে সেগুলো সম্পর্কে সঙ্গীর সাথে যোগাযোগ করা প্রয়োজন।,0
সারে গা মা পাদা নি ছা এই পাগলে থামা,1
দোকান দাররে ধইরা ইচ্ছা মত বানানো উচিত,1
ইসলাম একমাত্র শান্তির ধর্ম,0
কর আইন বাস্তব সম্মত করুন,0
"তাহলে কার ফোন দিয়ে পিক তুললেন,,,,",1
"স্যালাইন পানিতে লবনের পরিমান ঠিক আছে কিনা, সেটা চেক করে দেখছে।",1
স্বাস্থ্যমন্ত্রী যখন শিক্ষা প্রতিষ্ঠান বন্ধ করে দেয় তখন অস্বাস্থ্যকর পোলা মাইয়ারা এগুলো করাটাই স্বাভাবিক,1
"ফলে আমরা চাই বা না চাই অদূর ভবিষ্যতে এই ভাষাভঙ্গি নতুন বাংলা ভাষা তৈরিতে যে ভূমিকা রাখবে, তা আর বলার অপেক্ষা রাখে না।",0
যেনো সারাবছর এইডা বেইচ্চা খাইতে পারেজানে এটাই ফার্স্ট এটাই লাস্ট এই সিজনে।,0
"পিনাকীর মাথায় যদি একব্র টুপি উঠে তাহলে,, তার মুরিদয়ানা বেড়ে যাবে,,, খাটি পীর হবে হযরত পিনাকী",1
কোথাকার ছবি কারা বইলা চালায়া দিলি। মহান মুক্তিযুদ্ধটারে তোরা হাসির পাত্র বানায়া ছাড়লি,0
অভিনন্দন বাংলা টাইগার পোলারা পারে না মাইয়ারা পারে,0
"যে দেশের পোলাপান ৯ টার কথা বলে ৮ টায় শুরু করিয়া দেয়, সে দেশ নিয়া আপার স্বপ্ন দেখা বিলাসিতা",1
"কিন্তু ইসকনের ভারতীয় সংস্কৃতি ও ঐতিহ্যের পুনর্জাগরণ, হিন্দুত্ববাদী রাজনৈতিক দলের সাথে মিল ও সমর্থন, সামাজিক ও সাংস্কৃতিক আগ্রাসন ওদের হিন্দুত্ববাদী বানায়।",0
নীলগাই কে ধরে দ্রুত আইনের আওতায় এনে উপযুক্ত শাস্তি প্রদান করার জোর দাবি জানাচ্ছি। অভিযান সারা দেশে বিস্তৃত করা হোক,1
"কারো সাথে কথা হলে, দেখা হলে এইটা মাথায় রেখে কথা বলুন যেন এইটাই শেষ কথা, এইটাই শেষ দেখা তার সাথে",1
"ছবি সেয়ার করি, আফসোস করি,আগের ভুল মনে করে কষ্ট পাই,অনুশোচনায় ভুগি,",1
"তোমার টাইম ম্যানেজমেন্ট স্কিল এতটাই উন্নত যে, একটা কাজ শেষ করতে তুমি সময়ের চাকা উল্টো ঘুরিয়ে দাও এবং পরবর্তী প্রজন্মকেও কাজটা অসমাপ্ত রেখে যাও!",1
বাইক নিয়ে মনে হয় উড়ে বেড়ায় একেক জন!,0
"যেকোনো ধরনের মানসিক চাপ কমানোর জন্য নিজেকে কিছু সময় দিতে পারেন, যা আপনার শান্তি ফিরিয়ে আনতে সাহায্য করবে।",0
তৎকালীন মোঙ্গল সাম্রাজ্যের ব্যাখ্যা সহ বর্তমান মোঙ্গলদের অবস্থান মানে মোঙ্গল বংশভূত সকল মানুষদের এবং তাদের একজ্যাক্ট সংখ্যা এর বিষয়টাও যোগ করবেন,0
তোমাকে জুতো পিটা করা দরকার,0
ছোট্ট একটা অনুরোধ করেছিল জিন্নাহ উর্দু হবে রাষ্ট্রভাষা।,1
"বুয়েট কিংবা ব্র্যাক , কোনো বিশ্ববিদ্যালয়ের ছাত্রছাত্রীরাই গণিত পারেনা । কারণ তাদের বিশ্ববিদ্যালয়ে নেই গণিতের ঈশ্বর স্যার সুবর্ণ আইজ্যাক।",1
তুই এইটা হইলে আমি কোনটা?,1
"গবেষণার তথ্য অনুযায়ী, সম্পর্কের সফলতা নির্ভর করে উভয়পক্ষের আপস ও সমঝোতার সক্ষমতার উপর।",0
বাহ!কেয়া ছিন হে,1
মানুষের রুচি কতো খারাপ।ফেসবুক মনে হচ্ছে দিন দিন ব্যবহারের অযোগ্য হয়ে যাচ্ছে।,0
"কেউ যদি নিয়মিত কাজ না করে তবে সফল হওয়া সম্ভব নয়, কারণ কাজ কখনোই একদিনে শেষ হয় না।",0
"বিয়ের সব আচার অনুষ্ঠান এর ধুমধামে এক সপ্তাহ মন ভালো, একসপ্তাহ পরে আবার মন খারাপ হলে কি আবার বিয়ে করবো",1
মেরুদণ্ডহীন পাকিস্তানের জন্য লজ্জা হয় নিজের নাগরিকের নিরাপত্তা নিজ দেশে দিতে পারে না। একজন নারীকে নিজ দেশ থেকে তার পরিবারসহ অন্য দেশের বাহিনী ধরে নিয়ে যায়। ছি পাকিস্তান ছি,0
"যদি কেউ সবুজ বাটন চাপতে চায়, তবে কি তারা বোকা হয়ে যাবে?",0
টা এখানে বলার কি আছে। যার বাবার টাকা আছে সে চিল করবেই আর যার বাবার টাকা নেই তাই একটা কিছু করতেই হবে। এখানে এসে এগুলো বলে নিজেকে সিগমা দাবি করার কিছু নাই,0
আপনাদের অনেকরই কমেন্ট দেখলাম মোবাইল টিপলে নাকি কারো আম্মায় কিছু কয় না,1
বড় কোম্পানিগুলোর অনৈতিক আচরণ স্টার্টআপের জন্য ক্ষতিকারক হতে পারে।,0
"তুই আমার বালের বাঙ্গালি,সারাদিন জিন্স টপস পইরা নটীবাজি আর মাগীগিরি করস ওগুলো কোন আমলের বাঙ্গালির পোষাক?একদিনে বাঙ্গালি সাইজা ভং ধরিস না।bangali চুদাস আর কথা শুরু করসস হাই এভ্রিওয়ান দিয়া",0
দেশের যে অবস্থা তাতে গাঁজাচাষ ছাড়া উপায় কি?,0
"বাস্তবিক একটা থ্রিলার, একদিকে হাস্যরস আর অন্যদিকে হতাশার মিশ্রণ।",0
বায়ু দূষণ বাংলাদেশের জন্য একটি বড় সমস্যা।,0
16কোটি মানুষ সবাই ১টাকা করে দান করেন...!,1
সবশেষে ২০২০ খ্রিস্টাব্দে তুরস্কের রাষ্ট্রপতি রেজেপ তাইয়িপ এর্দোয়ানের আমলে এটিকে পুনরায় মসজিদে রুপান্তরিত করা হয়।,0
বাবা-মা ছাড়া কেউই না । বিয়ে করে প্রেম করবো। বিয়ের আগে কাউকে আমার ভালোবাসা ও দিবো না। আর কারোর ভালোবাসা ও আমার লাগবে না ।,0
দেখিয়েন আবার প্রবাসীদের হয়রানি করা শুরু কইরেন না,0
অর্থের কাছে গর্ত বিলিয়ে দেওয়া নারী,1
"উড়ার বয়সেও উড়তেছি না, একজন আদর্শ স্বামী কখনো স্ত্রীর অনুমতি ব্যতীত উড়তে পারে না।",1
"উহু উহু মুরুব্বি, আপনারাই চেষ্টা করছেন ছাত্র জনতার এই সরকারকে সাপোর্ট না করে অস্থিতিশীল করার। এই সরকার ছাত্র জনতার। আর, এই ছাত্র জনতাই গতকাল একশনে নেমেছিল। আপনারা এই সরকার একশন নিতে বাধা দিয়ে আসছেন। কিন্ত ছাত্র জনতা থেমে থাকে নাই।",0
"গণহ ত্যার দায়ে লীগকে নিষিদ্ধ করা হোক এবং স্বৈরাচার প্রধান থেকে শুরু করে যারা এই গণহ""ত্যায় জড়িত সবাইকে সর্বোচ্চ শাস্তি দেয়া হোক।",0
করোনার সময় সে সাধারণ মানুষদের সাথে প্রতারণা করে নকল সার্টিফিকেট দিয়েছিলো।,0
এইটা যেন ফটো সেশসেন মধ্যে না থাকে সেটাই কাম্য কারন সকলে হাজার বছরের শ্রেষ্ঠ বাঙ্গালী বঙ্গবন্ধুকে বুকে ধারন করেছে। ধন্যবাদ।,0
পাগলের সুখ মনে মনে পকেটে বঙ্গবন্ধুরে নিয়ে গুরে আর ৩৫৭৮৬ কিলোমিটার দূরে স্যাটেলাইট মুজতে চায়,1
উন্নত গবেষণা পদ্ধতি ব্যবহার করে এআই মডেল ট্রেইনিংয়ের খরচ কমানো সম্ভব হয়েছে।,0
অন্য মানুষের দুঃখ-কষ্ট পুরোপুরি বোঝা যায় না। প্রত্যেকে নিজের সীমাবদ্ধতা নিয়ে ব্যস্ত থাকে।,0
আপু লাল বেগুন ও নিয়া আসচেন?,0
সাপের পাঁচ পা দেখা গেলে ভালো হতো।,1
কোনো জিনিস নিয়ে অভিমান অভিযোগ নেই।অভিযোগ আর অভিমান মানুষ নিয়ে।,0
"সামান্য একটি বাড়ির কী শক্তি, এক বার ভেবে দেখুন! এমন বাড়ি পৃথিবীতে, ইতিহাসে এই একটিই! ৩২ নম্বর, তুমি ধন্য! তুমিই বাংলাদেশের অতীত, বর্তমান এবং ভবিষ্যৎ!",1
অপারেশন থিয়েটারে ডাক্তারদের আত্মত্যাগ দেখে আমি মুগ্ধ,0
"সত্যিই তুলনা হয়না, সবার মাঝেই একটা ভিন্ন প্রতিভা আছে, কাউকে চেহারা দেখে অবহেলা করা ঠিক না।",0
"মনোবিজ্ঞানী দের মতে, পরিবারের সবচেয়ে হতাশাগ্রস্ত ব্যক্তি মা বা বাবা নয়, বরং বড় মেয়ে!",0
"তিন দিকে ভারত একদিকে বঙ্গোপসাগর! মধ্যখানে চিকন একটা নাফ নদী,",1
"যদি আমাদের জীবন শুরু থেকেই ভালো প্ল্যাটফর্ম নিয়ে শুরু হতো, অনেক কিছুই সহজ হতো। বাস্তবতাটা হলো, অনেক সময় চেষ্টার চেয়েও ভাগ্যের উপর নির্ভর করে সব কিছু।",0
বেশি উপরে তুললে যা হয় আরকি,0
পোস্টের বিষয়বস্তু ঠিক আছে।,0
"চিকিৎসা ক্ষেত্রে রোগীর পরিবার ও চিকিৎসকদের মধ্যে সম্পর্ক উন্নয়ন জরুরি, যাতে চিকিৎসা সেবা গ্রহণ সহজ হয়।",0
"আমি মনে করি আজকের ঘটনার সম্পূর্ণ দায় আওয়ামী লীগের। তারা তাদের অতীত ভুল স্বীকার তো করেইনি, বরং দেশে অস্থিরতা সৃষ্টি করতে বারবার ব্যর্থ চেষ্টা চালিয়ে যাচ্ছে। এর ফলে বিপ্লবীদের ক্ষোভ আরও বেড়েছে, যার স্পষ্ট প্রতিফলন আজকের ঘটনার মাধ্যমে প্রকাশ পেয়েছে।",0
"কলকাতার স্লোগান জয় বাংলা। আওয়ামিলীগের স্লোগানও জয় বাংলা। আওয়ামিলীগ কখনো জয় বাংলাদেশ বলে না। আওয়ামিলীগ সোনার বাংলা বলে, কিন্তু সোনার বাংলাদেশ বলে না। বাংলাদেশ শব্দ বলতে তাদের সমস্যা কোথায়? রহস্যময়।",0
"এখনকার বাস্তব সত্যকথা, প্রত্যেক শিক্ষিত নাগরিকদের আওয়াজ তুলে ভারতীয় সংবিধানএ পুরুষ নামক প্রাণীদের রক্ষাকবজ দেবার ব্যবস্থা করতে হবে।",0
CSE পড়ে ব্যাংক হ্যাক করব,1
এদেশে মেয়েদের সাথে এভাবে অন্যায় করে সব দিক থেকে সবাই,0
দিন্দাডের খবর কি বস?,0
নিজের ইনকামের টাকায় সংসার চলে আলহামদুলিল্লাহ,0
শুধু কলেজের বা ভার্সিটির ক্যাম্পাসেই তাদের গরম থাকে কিন্তু প্রাকটিক্যাল ফিল্ডে আসলে নরমাললি একটা এস্টিমেট দিলে মাঘ মাসে ঘাম ঝরা শুরু হয়। তা সেটা ডিপ্লোমা হোক বা গ্রাজুয়েট হোক।,0
তাতে আমার ছেরা গেছে,1
"দাঁড়িওয়ালা দেখে দেখছি বামপন্থী মিডিয়াগুলো বিষয়টা কে হাইলাইটস করতেছে। অথচ বিশ্ববিদ্যালয় গুলোতে অবাধে ফ্রি মিক্সিং ও যৌনাচার চলে। কোথায়, তখন তো নিউজ দেখিনা।",0
ভাইরে আমার বউ কইছে হাসিনা যদি আবার কোনদিন আইতে পারে সব আলাপ বাদ আগে ইউটিউবার গো ধরবো। বিশেষ কইরা যারা তারে প্রধানমন্ত্রী থেকে সেপ বানাইছে তাদের।,1
মিষ্টি দেখলেই জিবে পানি চইলা আসে নাহ? তরারে কি শিখাইলাম ছোট থাইকা যে অপরিচিত কেউ কিছু দিলে খাইছ না। কি কমু মাথার যত্নের সাথে সাথে হাটুরও যত্ন নিছ,1
ক্রিকেট গৌরবময় খেলা এজন্য যে সেঞ্চুরি হবে বা হবে না এজন্য মন খারাপের কিছু নাই,0
সেই ছোট থেকেই জীবনে ছোট বড় নানান লক্ষ্যের পিছনে বিরামহীন কাজ করে গেছি।,0
সব থেকে বেশি আনসারকে স্মার্ট লাগছে,1
এতো গুলো নিরীহ মানুষের প্রাণ নিলো এই হায়েনার বিচার চাই।,0
ভাবতেছিলাম কখন গালি দিবে,1
পরের জন্য তৈরি করা ফাদে কাল আপনিও পরবেন।,1
ড. ইউনুস সৌদি আরবকে ট্রেনিং সেন্টার করতে আহ্বান করেছিলেন সেটি ধানমন্ডি ৩২ অথবা গুলিস্থানের আওয়ামিলীগের কেন্দ্রীয় কার্যালয় নির্মান করা হোক।,0
ফিলিস্তিন মনে হয় নিয়াহু আর ট্রাম্পের বাপের রাষ্ট্র? যখন মাতাল যা বলবে তা হবে,0
ফ্যাসিস্ট আওয়ামীলীগ থেকে ট্রেনিং প্রাপ্ত মনে হয় সব ফ্যাসিস্ট তো ভারতে ওদের থেকেই শিখছে,1
"পুরুষদের দিকে খেয়াল করেন, তারা তো -ছেড়ে দে মা কেঁদে বাঁচি ...করে প্রতিটি ম্যাচে।",0
দেশের বর্তমান রাজনৈতিক পরিস্থিতি সবার জন্য চিন্তার বিষয়। সকল পক্ষের সমঝোতার মাধ্যমে শান্তিপূর্ণ সমাধান আশা করছি।,0
মায়ের আনন্দেই সন্তানের জীবনের স্বার্থকতা।,0
আশা রাখি আমরা আর আগের মতো অপদস্থ বা অপমানিত হবো না প্রবাসীরা! আপনার মতো সুন্দর মানুষের হাত ধরে আলোর রশ্মি তে কালো বিড়াল গুলো বন্দী হোক আইনের খাঁচায় শুভ কামনা রইল,0
"পিছে যে থাকবে আর পাশে যে থাকবে, তাকে বলবা তুমি প্রত্যেকবার ডাক দিলে একটা করে এমসিকিউ এর অ্যানসার বলতে শুধু অ্যানসার বলতে বলবা পরে তুমি সেই অ্যানসার কোশ্চেনের কোথায় আছে সেইটা দেখে ওই নাম্বারটা দাগাবা, এই প্রসেসটা লেট হইলেও পাস উঠে যাবে। আর যখন কোশ্চেন ছাড়বে তখন তার প্রথম mcq টা দেখে রাখবা প্রথম থেকে পরবর্তী ছয়টা এমসিকিউ সেম হবে তোমার প্রশ্নের সাথে মিলিয়ে তার প্রথম ছয়টা দাগাবা আর বাকিটা ডাক দিয়ে অ্যানসার শুনে শুনে মিলিয়ে কিছু তুলবা এতে আশা করি পাশ চলে আসবে দেখে দেখে পাস করার বেশি আশা করা বোকামি।",0
এমন ফেব্রুয়ারি আমাদের জন্য অভিশাপ,1
ই বিপিএল এ এই প্রথম একটি ম্যাচ দেখলাম তবুও লাস্ট এ গিয়ে সত্যি খুব উপভোগ করলাম রিসাদ ভাইয়ের খেলাটা অনেক ভালো লাগলো অভিনন্দন বরিশাল,0
"দেশ-বিদেশের পছন্দের লেখকের প্রোফাইল ওয়েবসাইটে নতুন বইয়ের খবর নেওয়া থেকে শুরু করে বই নিয়ে ইনস্টাগ্রাম বা ইউটিউবে আলাপ, সরব পাঠকমাত্রই এখন ঠিক করে দিচ্ছেন অন্য কোনো পড়ুয়ার পাঠসূচি।",0
পাত্তা না পাওয়া ভাইটির আর্তনাদ,1
মানুষের জন্য ভালো চাইলে নিজের জন্যও ভালো আসে।,0
আসলে কি কমু ভাই এই ফোন ছাড়া পড়ায় যায় না ফোনের মধ্যেই সব পড়াশোনা,0
"যখন ফ্রিজ ছিল না, তখন কুরবানীর গোস্ত গুলো মা ভাজি করে মিরছিবে রেখে দিত।",0
"বর্তমান এবং অতীত কাউকেই আমরা চাই না, ইনশাআল্লাহ নতুন সূর্য উঠবে।",0
"আমি যদি জানতাম যে ফেসবুকে তুমি আছো আর এরকম পোস্ট করো, তাহলে অনেক আগেই নিজের বিচিতে কামড় দিয়ে আত্বহত্যা করতাম।",1
"নিম গাছের এত উপকারিতা আছে, জানতাম না, খুব ভালো তথ্য",0
এটা তো জলপরা,1
"ভুলে যাবেন না আল্লাহ আছেন, উনি সব দেখচ্ছেন।",1
"আমি জোর করে আপনাকে বলবো আপনি কমেন্ট টা পড়বেন না, কিন্তু তাও আপনি পড়বেন। আমি সিউর আপনি আমার কমেন্ট পড়ে সময় নষ্ট করছেন সেই সময়ে আপনি আরো কতোগুলো বিনোদন মিস করেছেন, আপনার হায়াত থেকে ১ মিনিট লস হয়ে গেলো, পড়া শেষ হলে একটা রিয়েক্ট দিবেন যাতে আমার মতো আরেক গরিব কে দেখতে পারি",1
লেহাপড়া সারা কার্টুন আকলে এমন কমপারিজনই দিবেন। মাথার মধ্যে এক মন গু থাকলে এমন কার্টুনই আকে।,0
সন্তানের সাফল্য দেখলে মা সবসময় খুশি হন।,0
"যথেষ্ট চিন্তা যুক্ত কথা। পৃথিবীর বেশির ভাগ মানুষ ই প্রতিশোধ পরায়ন,তাহলে সবাই কী ইবলিশে মতো চিন্তার অঙ্কুরিত করছে না? এমন কি আপনি এর বাইরের কেউ?",0
কোলে যশোরের সফল মাদক ব্যবসায়ী আরাফাত এর বরকি,1
"আয়ুব খানের ভিডিও দেখে নাফিস নতুন করে আশা জাগানোর চেষ্টা করেছিল, যদিও তার পরিস্থিতি ভালো হয়নি।",0
জয় জয়কলির এক সেট বইয়ের জয়!!,1
সম্মান অর্জন করা যতটা কঠিন সম্মান ধরে রাখা তার চেয়েও বেশি কঠিন,0
এখন প্রচুর মিলবে।জাস্ট ওয়েট এন্ড সি,0
হেতি পেরেম করি বিয়া করি হালাইছে,1
আল্লাহ তাআলা আমাদের অন্তরকে সৎ কাজের প্রতি আকর্ষিত করুন। এই ধরনের পেজগুলো সত্যিই গুরুত্বপূর্ণ।,0
"আরামে দাঁড়াও,সোজা হও",1
আমি এই কক্সবাজার দেখেছি বর্তমানে কক্সবাজার গেলে মনে হয় গুলিস্তান ফার্মগেট বা চকবাজার চলে আসলাম,0
নির্বাচন কমিশনের বিচার চাই!,0
এখানে সবাই যোগ্যতায় আসে টাকার জোরে নয়।,0
"কত স্বপ্ন নিয়ে কত আয়োজনের মধ্য দিয়ে বউ ঘরে আসে,অথচ...।",1
আল্লাহ এ জাতির মুক্তিকে স্থায়ী করুক। ঐক্যবদ্ধভাবে দেশকে গড়ে তোলার শক্তি দিক।,1
"বিয়েটা করে ফেলুন,তখন সবথেকে বড় ভুল করবেন",1
আমি পড়তে বসলে মশার কি সমস্যা? পড়তে বসলে শুধু কামড়ায়,1
বিশ্বাস করেন ভাই আমি আমার বউয়ের সামনে এমন থাকি ।,1
একজন স্ত্রী বা প্রেমিকার সান্নিধ্যে জীবন হয়ে ওঠে আরও সুন্দর এবং অর্থপূর্ণ।,0
"সংশয়বাদী ছিলাম, ""নিশ্চয়ই কষ্টের সাথেই সুখ রয়েছে"" সুরা ৯৪ ৬, কোরআনের এই আয়াত একদিন চোখে পরার পর যাষ্ট দর্শনগত কারনে কোরআান বিস্তারিত পরছি, যতই গভীরে ঢুকছি আর অভিভূত হচ্ছি।",0
সত্য বলতে বুঝ হবার পর থেকে এই ইতিহাস যতবার সামনে এসেছে আমার কেন যেনো কান্না হয়েছে প্রত্যেকবারই।,0
"গণ-অভ্যুত্থান এবং এর পরবর্তী পরিস্থিতি অনেকটাই উদ্বেগজনক, তবে সঠিক বিচার না হলে কিছুই পরিবর্তন হবে না।",0
সবচেয়ে ভালো সকালে উঠে ইবাদত এবং ফরজ সালাত আদায় করা,0
এটা সাধারণত কিপিং রা ব্যবহার করে আর এন্ড্রে রাসেল সব যায়গায় এই প্যাটাই ব্যবহার করে হোক সেটা ওয়েস্ট ইন্ডিজ দলে হোক সেটা ফ্রান্সাইজি,1
আমি একজন প্রবাসী সত্য ত নিষ্ঠার সাথে কাজ করার আহ্বান রইল আপনার প্রতিশ্রদ্ধাশী,0
হাসপাতালের ডাক্তার ও নার্সদের সঙ্গে রোগীর পরিবারের সম্পর্ক উন্নয়নে সচেতনতা কার্যক্রম চালানো প্রয়োজন।,0
"এগুলো হালাল খুনশুটি, এগুলো নিয়ে কথা বলা ঠিক না।",1
আজ হাওন আঙ্কেল থাকলে তাদের দুজনের সময়টা একটু ভালো কাটতো। হাওনের টুনটুনি নিয়ে...,1
অমানুষ গুলো দেখতে অবিকল মানুষের মতন,1
না মানিনা চুম্মা চাটি নাই কেনো,1
"জাতীয়তাবাদ খুব ভালো জিনিস নয়, কিন্তু ন্যূনতম জাতীয়তাবাদ না থাকলে একটি রাষ্ট্র চলবে ক্যামনে?",0
"আহারে আমার সোনা, জিন্নাহ আর ইকবাল নাকি সাধু ছিল। জঙ্গিদের তাহলে এসব ইতিহাস গেলানো হচ্ছে?",0
সেই কনসার্ট ভাই সেই হইছে,1
জীবনে প্রথমবার কক্সবাজার যাওয়ার পর গ্রামের চাচাতো ভাই হোটেলে...!,1
নাটকের কাহিনী সেই পুরোনো। বিয়ে করতে চাই না - ত্যানা প্যাচানো এক কাহিনী,0
স্টার্টআপকে অন্য ক্লায়েন্টদের জন্য কাজ করা থেকে বিরত রাখতে বাধ্য করা অনৈতিক।,0
ব্রেইন ছাড়া বেডি। নিজের মান সম্মানের সাথে দেশের মান সম্মানটাও মারতাছে,0
তোমাদের ভবিষ্যৎ অনেক সুন্দরআর গানটা তোমাদের কণ্ঠে অনেক ভালো লাগলোএতো ভালো লাগছে হাসতে হাসতে পুরা কেন্দে দিয়েছি,1
রতনে রতন চেনে শুয়ারে চেনে কচু,1
আমার খুব জানার শক কি খাও তুই মানে ভাতের সাথে কি খাওয়া তুই এইটা আমার জানার খুব শখ,0
চার সাইকো লাভ রিয়েক্ট দিয়েছে। তাদের প্রেশার কুকারও চেক করা হোক।,1
"মানুষের পাখির মতো পাখা নেই তবুও মানুষ গাজা খেয়ে চাঁদে চলে যায়, পাখির তো পাখা আছে পাখি গাজা খেলে অবশ্যই সম্ভব।",1
"মিথ্যা কথা, খুব কম মা ই এই ভাষায় কথা বলে। উনারা সাধারণত বলে আমার ছেলেকে যাদু করছে",0
"নিজেকে বিশ্বাস করুন, আপনি যেকোনো কিছু করতে সক্ষম।",0
নতুন নতুন কলিজার ভাই বোনেরা কই সবাই কে আমার পরিবারে আসার জন্য আমন্ত্রণ রইলো ইনশাআল্লাহ ভালোবাসা পাওয়া মাএই ভালোবাসা ব্যাক দিবো,1
লাগাতে পারবো না বলে কোলবালিশ নিয়ে ঘুমিয়ে পড়ার নামই সিঙ্গেল লাইফ,1
ভাই মাত্রাটা ঠিকঠাক রাইখা তারপর খান,1
তিতুমীর বাসসিটির ভিসি হিসেবে যোগ দিতে রয়্যাল এনফিল্ড চালিয়ে ইউএসএ থেকে বাংলাদেশে রওয়ানা দিলেন প্রফেসর সুবর্ণ আইজ্যাক বেয়ারী।,1
ভাই তোরা কেউ নাজমুল শান্তরে নিয়া যা,1
বাংলাদেশের লজ্জা শরমের ভ্যাকসিন টা কবে বের হবে ভাই।,1
"জায়দে তুই কেডা রে?. কবে অাসছোস বাংলা চলচিএে। জীবন তো নাম তো দুরে থাক তোর একটা ছবি নামও শুনি নাই।হাহাহা অাবাল চোদা।৯৬ পর অার কোন বাংলা ছবি দেখি নি।শালমান শাহ মারা যাবার পর।যাইহোক,জনাব জায়েদ যতই বড় বড় কথা বলেন অাপনারাও হিরো অালমের জনপ্রিয়তার ধারে কাছে ও নাই।",0
বাহ্ কি সুন্দর গাধার মত কথা মনে হচ্ছে যেন লন্ডনের টয়লেট স্কুলে পড়াশোনা করে এসেছে,1
চাচা বাড়িঘর এত সাজানো কেন হেনা কোথায়?,1
"দান করার মানসিকতা জীবনে এক ধরনের শান্তি এবং প্রশান্তি এনে দেয়, যা ব্যক্তিগত সাফল্যের চেয়ে আরও বড় কিছু হতে পারে।",0
প্রয়োজনীয় গাইডলাইন পেয়েছি।,0
"নাফিসের জীবনে অনেক দুঃখ-দুর্দশা এসেছে, তবে সে কখনো হাল ছাড়েনি।",0
সমাজের পরিবর্তন আমাদের চিন্তা-ভাবনার ওপর নির্ভর করে।,0
"ভালো কিছুর অপেক্ষায় আছি। বাই দ্যা ওয়ে, ইভ্যালি রাসেল ভাই শুনেছি ইভ্যালি মাসুম ভাই ব্যাপারটা একটু খোলাসা করেন।",0
নিজের ইনকামের টাকায় সংসার চলে আলহামদুলিল্লাহ,0
মাস্ক কোথায়?,0
"জণগণ উপকৃত হওয়ার চান্স ৯৯ , কিন্তু নেতা কেতারা এগুলো করতে দিবে কিনা, স্বাস্থ্য খাতটাই দুর্নীতির জন্মস্থান।",0
জীবনকে দেখার দৃষ্টিভঙ্গিই অনেক কিছুর পরিবর্তন আনে,0
পিনাকির ফাঁদে পড়ে বৈষম্যবিরোধী ছাএ সমাজ ও তাদের নতুন দল জাতীর কাছে নেগেটিভ হইতেছে আর জামাতবশিবির এই বৈষম্যবিরোধী ছাএদের দিয়ে ৭১ সালে পরাজয়ের প্রতিশোধ নিতেছে কিন্তু আওয়ামীলীগের স্থাপনা ধ্বংস হচ্ছে ঠিকই রাজনীতিতে তাদের পজিটিভ পজিশন তৈরি হচ্ছে।,0
ডাক্তারদের কাজ হল রোগীকে সঠিকভাবে পরীক্ষা করা,0
"ত্রিশ লক্ষ মানুষকে যদি একজনের উপর একজন করে শোয়ানো হয়, তাহলে এর উচ্চতা হবে ৭২০ কিলোমিটার। যা মাউন্ট এভারেস্টের উচ্চতার চেয়ে ৮০ গুন বেশি।",0
ভালোবাসার আসল মানে হলো কেয়ার করা এবং একজন অন্যজনকে বোঝা।,0
দরকারি কথা বলেছেন।,0
কাকু ফুল ফুটক আর না ফুটক আজ বসন্ত...!,1
"তাদের বাড়ি ভেঙ্গে কি হবে ?? এসব ভালো কাজ না, তারা সহ,,,প্রত্যকের অবৈধ উপায়ে উপার্জিত,,পাচার কৃত সকল সম্পদ আনার ব্যবস্থা করা হোক।",0
আদিবাসী না ডাকলে আব্বা ডাইকো কোনো সমস্যা নেই...!,1
তিমি মাছের গলা দিয়ে একটা ফুটবলের বেশি কিছু যায়না। ভুল করে খেয়ে ফেলছিল,0
শোকাহত। শ্রদ্ধা। আত্মার শান্তি কামনা করছি।,0
পৃথিবীর সবচেয়ে জাউরা দেশ দুইটা প্রথম ইসরাইল দ্বিতীয় ইন্ডিয়া।,0
এই ধরনের উপলব্ধি সবার জীবনে একবার হলেও আসে,0
মা সবসময় সন্তানের সেরা শুভাকাঙ্ক্ষী।,0
ভালো লাগার মতো পোস্ট।,0
"ছোট থেকেই আমার স্বপ্ন আমি তিতুমীর বিশ্ববিদ্যালয় এ পড়বো কারন তিতুমীর বিশ্ববিদ্যালয়ের ""ফ্যাকালিটি "" দেশ সেরা আর শিক্ষার্থী বড় ভাইয়েরা অক্সফোর্ড এর চেয়ে বেশি জ্ঞানী আগামী ১ লা ফেব্রুয়ারি তিতুমীর বিশ্ববিদ্যালয়ে ঘুরতে যাব আমি প্রবেশ করতে পারবো",1
ডঃ মোহাম্মদ ইউনুস হলো এমন একজন বিশ্ব সেলিব্রিটি যার কাছে পৃথিবীর সব বড় বড় নেতা সম্মান জানিয়ে আলোচনা শুনে।,0
আমরা একটু বেশি ভীতু।কারণ আমাদের তো আপা নাই,1
"আমরা জাতি হিসেবে বড় অকৃতজ্ঞ... কিন্তু দিনশেষে এটা আবার ভুলে যাচ্ছি না তো, কীর্তিমানের মৃত্যু নেই।",0
বাংলাদেশে পাটজাত পণ্য উৎপাদনে সরকারি ও বেসরকারি বিনিয়োগ বৃদ্ধি পাচ্ছে।,0
ডাক্তাররা সবসময় তাদের দায়িত্ব পালন করেন নিঃস্বার্থভাবে,0
আপনার কথার সাথে একমত। আর জিনিসটা দেখতেও বিশ্রী ভাই। কিভাবে যে বাচ্চাদেরকে টার্গেট কাস্টমার হিসাবে বেছে নিচ্ছে এরা!,0
নাথিং ফানি হেয়ার। এর থেকেই বুঝা যায় ধীরে ধীরে আমরা এমন সময় এর দিকে আগায়ে যাচ্ছি যখন মানুষ আর আর্টিফিশিয়াল ইন্টেলিজেন্স একে অপরের বিরুদ্ধে অবস্থান করবে।,0
মানবতার আব্বুদের প্রবর্তিত এই তথাকথিত গণতান্ত্রিক শাসন ব্যবস্থাই স্বৈরাচার নামক গাছটির শিকড়।,0
মায়ের চোখে ছেলের সাফল্যই সবচেয়ে বড় প্রাপ্তি।,0
মোটেও খুশি হতে পারলাম না শুধু কি দুই দেশেই প্রবাসীরা থাকে নাকি?,0
হেফাজত মানে সেক্স করা ...হা হা হা৷,0
ভাই আপনার হারানো বিজ্ঞপ্তির পোস্টটা কই...? খুঁজে পাচ্ছি না,0
আমি শুধু এরকম করতে পারলাম না,0
এতোদিন কোথায় ছিলেন-বস? রোহিঙ্গা তো বাংলাদেশে আজ আসেনি?,1
"যাহোক, সাম্প্রতিক আন্দোলনে বাংলাদেশেও এই প্রজন্ম তথ্যপ্রযুক্তি ও সামাজিক যোগাযোগমাধ্যমে ক্যানসেল কালচারের ব্যাপক ব্যবহার করেছে।",0
দারুণ সিদ্ধান্ত! আশা রাখি খুব দ্রুতই সিদ্ধান্ত বাস্তবায়ন হবে,0
তারা তো শুধু অনুমানের অনুসরণ করে এবং তারা কেবল অনুমানভিত্তিক কথাবার্তাই বলে থাকে।,0
"ইনশাআল্লাহ নেক্সট টার্গেট, যতদিন ভারতের আধিপত্য এই বাংলাদেশের মাটি থেকে মুছে দিতে পারব না, ততদিন আমরা ঘরে ফিরে যাব না।",0
"উত্তরবঙ্গের মানুষদের সংস্কৃতি এবং ঐতিহ্য অত্যন্ত সমৃদ্ধ, এবং এখানকার খাবার, উৎসব, ভাষা, সবই বিশেষ।",0
আমি জানিনা উনি কতটুকু সত্য বলেছেন। সব সত্য বলেন নি এটা তো ৯৯ নিশ্চিত। কিন্তু উনার কথার ৫০ সত্য হলেও অনেক অজানা কিছু জানতে পারলাম।,0
"যদি মুরগির ঝোল আর ভাত বেশি ভালো লাগে, সেটাই খান।",0
"বর্তমানে দেশের 2 জন হিট পীর সাহেব আছেন যাদের একজন আবার হিন্দু, তাদের নির্দেশে ধার্মিক ও সাত্র সমন্বয়করা নতুন আদর্শ বাস্তবায়ন করতেছে",0
নিজের যোগ্যতা থাকলে মেয়েদের অবশ্যই কিছু করা উচিত দিনশেষে নিজের টাকায় চলার একটা আলাদা শান্তি থাকে।,0
আমরা নিরাপরাধ ভাইদের মুক্তি দাবি করছি।,0
আলোচনায় থাকার সস্তা চেষ্টা,1
ভালোবাসা দিবসে অনেক খাওয়া দাওয়া হবে।,1
জানাযা পরার জন্য অনেকেই ওজু করে বসে আছে,1
মামলা করেন ভাই,0
আমাদের জন্য দোয়ার দরখাস্ত রইল,0
খেলা কি দেখো ভাইয়া.? লাস্ট ২ টা এলক্লাসিকোতে ৯ গোল হজম করেছে।আবার আজকে সেলটা ভিগোর সাথে কোপা দেল রে এর রাউন্ড অফ ১৬ তে ২-০ গোলে এগিয়ে থেকে ৯২ মিনিটের মাথায় ২ গোল খেয়ে ড্র হলো।এখন এক্সট্রা টাইমের খেলা চলতেছে যদি হেরে যায় তাইলে এই লজ্জা নিয়ে কথা ও বোলতে পারবা না।সেল্টা ভিগো লা লিগার ১২ নাম্বার একটা দল এইটা মাথায় রাখিও।,0
ভাইটি মেডিকেল কলেজে ও চান্স পেয়েছিল। কিন্তু ভাইটির ইচ্ছে ছিল টুকাই হওয়ার।ভাইটির জন্য ও শুভ কামনা।সবাই নিজ নিজ অবস্থান থেকে ভাইটির জন্য দোয়া করবেন।,1
সস্তা শরির কেউ দাম দিয়ে কিনে না আপু,0
আমার খুব পছন্দের হাস্সোজ্বল মানুষ একজন।,1
সন্তানের উপার্জনের প্রতিটি মুহূর্ত মায়ের জন্য গুরুত্বপূর্ণ।,0
নেতৃত্বের গুণাবলি এবং তাদের কার্যক্রম নিয়ে এ ধরনের বিশ্লেষণ সবসময় দরকারি।,0
"এমন পেজগুলোতে যোগ দিয়ে আমরা শুধু নিজেদেরই নয়, অন্যদেরও সঠিক পথে পরিচালিত করতে পারি।",0
"সাহেদ ভাই বস্তুনিষ্ঠতা আশা করি আপনার কাছে, এডিটিং জিনিসটা কি আপনার মাথায় নাই??কেন নিজেকে অপাংতেয় করেন??",0
"ওয়ালেটে ছবি নাই বলেই, ওয়ালেটে টাকা আছে",1
কোন জুবায়ের - সাদ বুঝি না এখানে পক্ষ বিপক্ষ হবে কেন?? সকলেই মিলেমিশে ইজতেমা করবে... ? একপাক্ষিক সমর্থন কোন সমাধান না??,0
আজ কেউ নাই বলে,1
সবার যাত্রা শুভ হোক,0
আলোচনার গুরুত্ব অপরিসীম।,0
এইগুলো আমার সামনেই আসা লাগে?,0
দাদা আপনার কি শাওন রে পছন্দ। আসিফ নজরুল জানলে কিন্তু আপনার খবর আছে? শাশুড়ী খাওয়ার ধান্দা ।,1
হাজারো শ্রদ্ধা জানাই তাদের যারা সকল উপায়ে বিপদগ্রস্তদের সাহায্য করছে। আগুনে পোড়াদেহ সবাইকে আল্লাহ নেক হায়াত দান করুক,0
"সুবাও বড় হয়ে মরিয়মের মতো প্রগতশীল মুক্তমনা হবে, তার প্রতিভা আছে।",1
"আজকেই জাহিদ খান কে চিনলাম, তাও আপনার মাধ্যমে...",0
"যে কোনো কোটা ব্যবস্থা যেনো অন্যায় সুবিধা না দেয়, সেটা নিশ্চিত করা উচিত",0
বন্ধু হয়ে গেলাম। আপনাকেও দাওয়াত রইল। বন্ধু হয়ে গেলাম। আপনাকেও দাওয়াত রইল।,0
অন্য কারো সাথে নিজের তুলনা করা ঠিক নয়। প্রত্যেকের জীবনের পরিস্থিতি আলাদা।,0
প্রথম আলোর সামনে সেনাবাহিনী দিয়ে রাখছে. আমরা তো শুধু বলেছিলাম ভবনটা সুন্দর,1
মহিলা অনেক ধৈর্য আসলেই,1
কলিকাতার চামচারা জেগে উঠছে,1
গাছ লাগানো শুরু করলে ভবিষ্যতে পরিবেশ আরও ভালো হবে,0
কথা সেটা এই রকম উত্তাল সমুদ্রে এই ধরনের বাতাসের নোউকা নিয়ে নামার দরকার কি ছিল,0
লক্ষ লক্ষ বাংলাদেশী মুসলিম মহিলা পতিতাবৃত্তির জন্য ভারতে আসছেন। এবং নতুন প্রজন্মের ১০ শতাংশ বাংলাদেশীর বাবা ভারতীয়।,0
দেশের অর্থনৈতিক পরিস্থিতি নিয়ে আলোচনা প্রয়োজন।,0
"মিথ্যা কথা। বাবা মা বেঁচে থাকতে, সক্ষম থাকতে কোন সন্তান ই হতাশাই ভোগে না। তবে কিছু পাকনা ছেলে মেয়ে থাকে যারা শুধু নিজেরাই হতাশাই ভোগে না বাবা মায়ের জীবন অতিষ্ট করে তোলে।",0
কথা বলার জন্য একটা বান্ধবী চাই,1
আপু তুমি রোস্টার কবে হলে?,1
"আল্লাহ হয় তোদের বিচার করুক, না হলে মোবাইল কিনার অপরাধে আমাদের বিচার করুক...",1
"তোমার দেওয়া সমাধান এতই ইউনিক আর যুগান্তকারী যে, সেগুলো কাজে লাগালে পৃথিবী হয়তো সময়ের একশ বছর পিছিয়ে যাবে!",1
আমাদের সন্তানেরা একদিন বিশ্ব জয় করবে স্যার।,1
"অর্জুন হয়তো এখনো নিজের অবস্থান তৈরি করতে পারেনি, কিন্তু এটা ভাবতে হবে যে প্রতিটি মানুষের সময় ভিন্ন। ওর জন্য আমাদের ধৈর্য ধরতে হবে।",0
"অনেকে প্রথমালো দেল্লিস্টার জয় বাংলা করার কথা বলছে। এটা হটকারিতা হবে। এখন আর তাদের বিল্ডিং ভেঙে ক্ষতি ছাড়া কোন লাভ নেই, এখন তাদের ন্যারেটিভ ভাঙতে হবে।",0
"দেশে কি হচ্ছে কি হবে আল্লাহয় জানে, সরকারের ৬ মাস বয়স এখনো আইনশৃঙ্খলার কোন উন্নতি নাই। আজকেও বেক্সিমকোর শ্রমিক রা রাস্তা বন্ধ করে আন্দোলন করছে ৭ ৮ টা গাড়ি এবং গ্রামীণ কারখানায় আগুন দিয়েছে।",0
আমি এই মেয়ের উজ্জ্বল ভবিষ্যৎ কামনা করি।,1
মানবতা বেঁচে থাকুক সবার মাঝে। Pray for chittagong,0
হান্নান মাসুদের ঘটনা জানি না তবে এরা সাভারে যেভাবে আগুন লাগাতে গিয়েছিলো তাতে আসেপাশের সাধারণ মানুষের বাড়িঘরও পুড়ে যেতে পারতো। দয়া করে এগুলা এখন থামান।,0
জীবনে এত বড় সাফল্য অর্জন করব কল্পনা করিনি,0
"খুশি আপা কেমন আছেন। আল্লাহ ওনাকে ভালো রাখুন। আমি আইনুল, নজরুল ভাই ভালো আছে।",1
পুড়া বাড়ি থেকে সিভি বের হয় কিভাবে নাটক কম করো,1
পররাষ্ট্র উপদেষ্টা কি বাল ফালাইতাছে।,0
"আসলেই সত্যি, রাতের ঘুম টা যারা কোনো চিন্তা ছাড়াই ঘুমায় তাদের মতো সুখী আর কে আছে",0
"বিদেশি বই পড়ার পাশাপাশি যে দেশীয় বইগুলো পরামর্শ দিয়েছেন, তা মনে রাখতে হবে।",0
আর যেখানেই হুক ফেইসবুকে খুঁজতে আইসেন না কেউ,1
প্রতি কেজি পাট থেকে প্রায় ১০০টি ব্যাগ উৎপাদন সম্ভব।,0
ইনশাআল্লাহ একদিন তিনি নাসার সাথে কাজ করার সুযোগ পাবেন।,0
যে মানুষ মানুষকে মূল্যায়ন করে না তারা কখনোই কোন উন্নতি করতে পারে না,0
শান্তি বজায় রাখাই সবচেয়ে গুরুত্বপূর্ণ।,0
"গত আট দিন হল আমি 5 অয়াক্ত নামাজ পড়া শুরু করেছি। বিশ্বাস করুন মনের মধ্যে একটা প্রশান্তি অনুভব করি । সংসারে অভাব, স্বামীর চাকরি নেই, ছোট্ট ছেলে কথা বলতে পারেনা। আজ আমি ত্ওবা করেছি, ধৈর্য ধরেছি। আল্লাহর পথে ফিরেছি। সব কিছুর মালিক আল্লাহ ।",0
"মানুষ এত জ্ঞানী হয়,ওনাকে না দেখলে বুজতাম না",0
এর চাইতে ভালো আর কি করতে পারবিরে ভাই সবার ঘরে মা বোন আছে তোর ঘরে নাই মনে হয়,0
"হাসিনা মানুষকে ৭৫ এ আটকে রাখতে চায়, ঐদিকে আপনারা বাঙালির ইতিহাসের সবচেয়ে বড় স্ক্যামকে আকড়ে ধরে রাখতে চান। লক্ষ আপনাদের মোটামুটি সেইম! আয়রনিক! v",0
দেশের উন্নতির জন্য গ্রামীণ জনগণের জন্য আরো সুযোগ সৃষ্টি করা দরকার।,0
একই বিশ্ববিদ্যালয়ে দুটা নিয়ম হতে পারে না,0
ভাই তোমার কথা অনেক মনে পড়বে আমাদের। শুনতেছি হাসু আপা নাকি দেশে ফিরে আসবে আপাতত সীমান্তে আছে টুক করে ঢুকে যাবে। আপনার জন্য আয়নাঘর বরাদ্দ থাকবে। আপনার ভিডিও দেখার পর আমি নিশ্চিত,1
এক মাত্র আমাদের সিঙ্গেল ছেলেদের জন্য,1
গোটা দেশে এখনো আওয়ামী লীগের দস্যরা উকি মেরে আছে তাদের খুঁজে বের করে শাস্তির আওতায় আনা দরকার,0
ভাই বিশ্বকাপে কি আমরা শুধুমাত্র ৮ নাম্বার দল হতে গিয়েছিলাম? যেই দল কিনা সুপারলীগের ৩ নাম্বারে ছিলো,0
"বিড়ি কিনতে যাচ্ছিলাম,,ভিডিওটা দেখার পর এখন গাজাঁ কিনতে যাচ্ছি। সবাই দোয়া করবেন,,যেন সুস্থ থাকি।...",1
বাদ দেন ভাই বিহারী মানুষ,1
এমনে ধরি নাই কিন্তু অন্য ভাবে ধরছি,1
এখানে জয়কলির অবদান টা কই?,0
যেখান থেকে শেষ আবার সেখান থেকে শুরু হবে ইনশাল্লাহ,0
এটা একটা এক নাম্বারের নাস্তিকদের পেইজ,0
"সরকারের পৃষ্ঠপোষকতায় ভবন গুলাতে আগুন দেওয়া হয়েছে,ভাঙ্গা হয়েছে।",0
নিজের আপন মানুষই বুঝে না অন্য কেও কে বুঝবে আবার?,0
"সে বিএনপির কৃষক দলের নেতা... জিয়ার সৈনিক, এক হও লড়াই কর.",1
বাঙালি কর্মকর্তাদের হয় ছুটিতে পাঠিয়ে দেয়া হয় নয়তো নেতৃত্বের কেন্দ্র বা সরাসরি অপারেশনে নিয়োজিত ইউনিটগুলো থেকে যথাসম্ভব দূরে রাখা হয়।,0
ভারত আমাদের শত্রু এই কথাটা যে প্রজন্ম বুঝতে পারবে তারাই জাতির শ্রেষ্ঠ সন্তান,0
রাফসান হকের রান্না কখনো খারাপ হতে পারেনা,1
একজন সুন্দরী ও রুপবতী নারীর থেকেও... - একজন যত্বশীল নারী বেশি সুন্দর হয়!!,0
তাদের কোন দাবি থাকলে তারাতাড়ি বাংলাদেশে আসা উচিত।লং মার্চ টু বাংলাদেশ,1
"মারাত্মক একটা রোগ, আজ ১৪ বছর যাবৎ ভুগতেছি, একমাত্র ভুক্তভোগী জানে জীবন কত কঠিন? আমরা পরস্পর পরস্পরের জন্য দোয়া করি।",0
"এমনটাই তো হওয়া উচিত মাটির তৈরি মানুষকে মাটিতেই থাকা উচিত আর যদি হয় সেটা বন্ধুত্ব তাহলে সেখানে তো কথাই নেই,,",0
উন্নত ডেটা কম্প্রেশন প্রযুক্তি ব্যবহার করে এআই মডেল প্রশিক্ষণের দক্ষতা বৃদ্ধি করা হয়েছে।,0
আমরা খুব সহজেই মানুষের অবদান ভুলে যায়,0
কথা ছিলো ভাঙ্গা হবে দেশের অনিয়ম স্বজনপ্রীতি সিস্টেম দুর্নীতি ও সিন্ডিকেটের কালো হাত কিন্তু ভাঙ্গা হচ্ছে দেশের জন্ম ইতিহাস সংস্কৃতি নারী স্বাধীনতা মানুষের ঘরবাড়ি ও বিশ্বাস ব্যবসা ও শিল্প প্রতিষ্ঠান মাজার মন্দির ও মসজিদ নির্বিচারে মারা হচ্ছে মানুষ ধন্যবাদ মেধাবীরা,0
দলটা তো ইন্ডিয়ার কিন্তু আমেরিকা বলা হয় কেন তাদের,1
"ছেড়ে দিয়ে আমি জিতে যেতে চাই, আপনি আসলেই জিতে গিয়েছেন! সস্তা কথা ও কাজ কে আপনি ছেড়ে দিয়ে জিতে গিয়েছেন মানুষের মন",0
জয় বাংলা এই বার খেলা সামলা,1
একদমই ঠিক চোখে একটু ঘুম আসার সাথে সাথে কান্না শুরু,1
দেশে এই ধরনের ভিডিও প্রচারের কারণে সামাজিক পারিবারিক ভারসাম্য নষ্ট হচ্ছে। এগুলো থেকে আমাদের বাচ্চারা ইমপ্রেস হচ্ছে এবং নেগেটিভ অনেক কিছু শিখে যাচ্ছে। তবে মিডিয়ার লোকদের উচিত এ ধরনের ভিডিও প্রচার না করা।,0
০৫ ০২ ২০২৫ লিখে গেলাম।,0
ছাত্রদের আমরা ভালোবাসি তারা অন্য রকম একটা দল হবে সেই কামনা করি।,0
"ছাত্রদের পক্ষে আদালতে প্রথম গিয়েছিলেন তিনি। তখন সবার চোখের মধ্যমনি ছিলেন। এখনও সত্যের পথে আছেন বলে আজকে তাকেও আসামি করা হলো। অতএব বুঝা যায়, যেই সরকারে আসুক মতের বিপক্ষে গেলেই তাঁকে দমন-নিপীড়ন করবেই।",0
দুর্নীতিবাজদের কেও জাদু ঘরে রাখা হোক। ফেরাউনের মত জাতি দেখবে দুর্নীতি বাজদের।,0
লেকচারের ভাষা সহজবোধ্য ছিল।,0
কারণ যেখানে ১ গ্লাস পানি খেলেই টাকা দিয়ে খেতে হয়,0
হেদায়েত সত্যি ই সুখের জিনিস। যে পাইছে সেই বুঝে।,0
"আমরা যারা শারিয়ার কথা বলি, জনতার সাথে আমাদের সংযোগ বাড়াতে হবে।",0
এটা শোনার পর আমি নিস্তব্ধ,0
"অভিনন্দন তামিম ভাই, খুব সুন্দর একটা ইনিংস উপহার দেওয়ার জন্য, দলকে সুন্দরভাবে নেতৃত্ব দেওয়ার জন্য, বরিশালকে কাপ উপহার দেওয়ার জন্য অসংখ্য ধন্যবাদ",0
বাঙালি ভাই বাদ দেন,1
নিজেকে ব্যস্ত রাখা একটা বড় আশীর্বাদ। অলস সময়ই সব সমস্যার শুরু,0
কিছু কিছু ঘটনা সত্যিই অবাক করে দেয়।,0
আল্লাহ্ তায়ালা আমাদের সকলকে ক্ষমা করুক আমিন,0
কি রে ভাই নীলসাগর তো কাছেই ছিলো ওখানে যেতে পারতেন,1
দাদা কি প্রফেশন চেঞ্জ করে ফেললেন??,1
এমন আবেগ এর আব্বু রে আম্মু! ভালবাসলেই কি এরকম করে ও ধরে রাখতে হবে নাকি?,0
"বাড়ি ফিরে ডায়েরিতে কবিতার মতো করে লিখি, ঠিক যেন সাই পল্লবী, আমার গজদন্তিনী।",0
কমেন্ট করে সেলেব্রিটি হয়ে গেলাম।,1
আল্লাহ আমাদের সবাইকে এই অপরাধ থেকে দূরে রাখুন। আমিন,0
"রিস্টোরেশন হার্ডওয়্যার তাদের ওয়েবসাইট থেকে চেয়ারটি সরিয়ে নেয়, বিক্রি বন্ধ করে এবং এমেকোর সাথে অপ্রকাশিত মীমাংসা করে।",0
ওর সৃষ্টকর্তা হয়তো এমন নিকৃষ্ট প্রানী যার নাম নিতে লজ্জাবোধ করে তাই অভিমানে একথা বলেছে। কিন্তু আমরা আমাদের সৃষ্টি কর্তার নাম নিতে কুন্ঠা বোধ করিনা বরং গর্বিত।,0
"ভাই আপনি সমালোচকদের কথায় কান দিবেন না, কারন যে এতো গালিগালাজ খাওয়ার পরেও নিজের কাজে অটল থাকে তার মতো লিজেন্ড খুজে পাওয়া কঠিন, আপনি আপনার কাজ চালিয়ে যান দেখবেন আপনি একদিন বিশ্বসেরা বাইঞ্চোদে পরিনত হয়েছেন",1
"রোগীর পরিবারের অভিযোগ চিকিৎসকদের জন্য একটি চ্যালেঞ্জ, যা তাদের পরিস্থিতি আরও জটিল করে তোলে।",0
"টাকা ছাড়া শুধু ভালোবাসাও ভালো লাগে না,জীবনে চলতে হলে সবকিছুই প্রয়োজন।সবচেয়ে বেশি প্রয়োজন মানষিক শান্তির, সাপোর্ট করার, সুখ -দু খ বোঝার ও, ভালো আচার আচরণের একজন সঙ্গীর।",0
কালো কালো করিস নে লো...o গোয়ালের ঝি...আমায় বিধাতা করিছে কালো ! আমি করবো কি,0
এই জায়গায় সবাই একবার যাইতে হবে প্রতিদিন একবার মনে করবেন ওই জায়গার কথা তাহলে ঠিক হয়ে যাবে,0
টাকায় গুতা খাওয়ার পর,1
ফেব্রুয়ারির ধোকা থেকে আল্লাহ আমাদের রক্ষা করুন আমিন।,0
এই ড্রেস পড়ানোর চাইতে RAB বিলুপ্ত করে দেওয়া ভাল ছিলো।,1
এ বাস্তবতায় মওলানা রুমি ও মির্জা গালিবের অনুবাদক হিসেবে পরিচিত হয়ে ওঠেন জাভেদ হুসেন।,0
অবশ্যই আত্মা অবিনশ্বর। আমরা শুধু যায়গা পরিবর্তন করি মাত্র। ফিজিক্সের ভাষায় যেটা ডাইমেনশন,0
"ইস্তাম্বুলের বহু ঐতিহাসিক দর্শনীয় স্থান এর মধ্যযুগীয় প্রাচীরবেষ্টিত পুরাতন শহরটির মধ্যে অবস্থিত, এবং এটিকেই অতীতে ইস্তাম্বুল ও পাশ্চাত্যের দেশগুলিতে স্তাম্বুল নামে ডাকা হত।",0
সত্যি গায়ে কাটা দেওয়া গল্প আমাদের দেশের পুরুষরা আজ সত্যি অসহায়,0
"যে ছাত্ররা আন্দলোন করে এই দেশ কে ভালো করার কথা ছিল, এখন সেই ছাত্ররা সকল ভালো করা তো দূরে থাক আন্দলোন করে দেশের জনগনের এবং এই সরকারকে বিপদের ফেলার রাস্তায় তৈরি করে আরেক দূর্নীতিবাজ সরকারের কে আসার সুযোগ করে দিচ্ছে। এত দাবি হাসিনা কাছে চাওয়ার কথা এই সরকার এর কাছে কেন?য়ারা এই দেশ পরিচালনা করবে তদের মধ্যে একতাবদ্ধ না থাকার জন্য এই পরিস্থিতি,এত বিশব্বিদ্যালয় থাকতে ভালো কলেজ গুলো কে কেন বিশব্বিদ্যালয় করতে হবে?",0
"মা কে মিস করতেই পারেন, তাই বলে আয়নাতে! আরেকজনের প্রতিচ্ছায়ায় মাকে খোঁজা বেমানান, সরাসরি বলতে সরম কি?",1
অর্জুন টেনডুলকার তো দেখতে অতোও খারাপ না। লম্বা আছে। মেয়েরা তো লম্বা ছেলের পিছে পড়ে থাকে জানতাম। এখানে এমন কেন?,0
আমি ট্রেম প্রেম করিনা একজন আছে শুধু তার সাথে বিবাহ করিতে চাই যাহহহ আমার সরম করে বলতে তার নাম,1
স্বামী নির্যাতন বন্ধ করা হউক,1
শিরকের সহযোগিতা করার কোনোই সুযোগ নেই। পরিমাণটা যতো ক্ষুদ্র ও লিমিটেশনই থাকুক না কেন। শিরকই একমাত্র অপরাধ যা ক্ষমার অযোগ্য,0
আমার অফলাইন টিচার রংপুর কিছুদিন আগেই ক্লাস করলাম,0
স্ত্রী বা প্রেমিকার সাথে শেয়ার করা মুহূর্তগুলো জীবনের সবচেয়ে মূল্যবান স্মৃতি হয়ে থাকে।,0
কিভাবে টাকা গণনা করার মেশিনের ব্লগ ভিডু বানিয়ে টাকা ইনকাম করা যায় ।,1
নাহিদের কপালে হারুনের হোটেলের ফ্রাইড রাইস জুটছে। যাদেরকে উদ্দেশ্য করে বলেছেন তাদের হাজারো সহযোদ্ধার কপালে গুলি ব্যতিরেকে অন্য কিছু জোটেনি।,0
আল্লাহ এমন অবস্থা কাউকে দিয়েন না ঋণ থাকা অবস্থায় কারো মৃত্যু দিয়েন না,0
"এদিকে দেশ শেষ, ওদিকে আইফোন নিয়ে ব্যাস্ত!!",0
গাছ রোপণের পাশাপাশি বন ধ্বংসের প্রবণতা বন্ধ করতে হবে,0
সেভেন সিস্টারস জয় করে টেক্সাস শহরের মেয়রের কাছে বেচে দিসি আমরা।,1
হ্যা বাড়বে তো অবশ্যই সামনে যে ঈদ,0
২ মিনিট পড়ি আর ১০ মিনিট ফুটবল দেখি,1
"মানুষের জীবনে সবকিছু স্বাভাবিকভাবে হয় না, মাঝে মাঝে কিছু ঘটনা ঘটেই যায়।",0
দিন শেষে টপার গুলোই টাকা খাইয়ে অপারেশনে ভুল করে কারো পেটের ভেতর কাছে কাঁচি ঢুকে রাখে,1
"সামনে ক্যারিয়ার, তার সামনে নেশা,আর হাতে সংসার!",1
এই ভাবে তাপরানের জন্য হলেও একজন তুমি চাই,1
চারা গাছের জন্য যেমন পানি জরুরী তেমনি ছাত্রদের জন্য শাসন জরুরী,0
এই দেশে ভাল খেলোয়ারের কোন দাম নাই চলে জাওয়া ভাল,0
আগেই কইতাছি আমি কোন জব করুম নাহহহ,1
নার্স ও চিকিৎসকদের মধ্যে সমঝোতা তৈরি হলে সেবার মান আরও উন্নত হবে।,0
এত পরিশ্রম করে ১ম হয়েছিলে কি টাকার কাছে বিক্রি হওয়ার জন্য?প্রশ্নটা তোমার কাছে রেখে দিলাম।,0
"স্বজন হারানোর বেদনা,,, এই ভাঙ্গা ক্যাসেট বাংলাদেশের জনগণ শুনতে চায় না,,,,,, তার বক্তব্য বিবৃতি বাংলাদেশের মিডিয়া নিষিদ্ধ করা হোক,,,,",0
নিজের যত্ন নেওয়া যে Selfishness না বড়ং অস্তিত্ব টিকিয়ে রাখার লড়াই তা বোঝা দরকার।,0
খুব শীঘ্রই হয়তো আমাদের দুজনকে একসাথে কোন একটা পডকাষ্ট সেশনে দেখা যেতে পারে,0
"সম্পর্কের ক্ষেত্রে আমাদের যে মূল্যবোধ, সেটা কি আমরা সঠিকভাবে বুঝে চলছি?",0
ইয়া আল্লাহ তুমি সবাইকে হেদায়েত দান কর। আমিন।,0
"আরেকটি হলো, আমার খুব ভদ্র মানুষ হতে ইচ্ছে করে কিন্তু আমার মুখ কো-অপারেট করে না!",0
"অসাধারণ একজন মানুষ,, আমার ভালো লাগে ওনাকে এবং ওনার সব ভিডিও গুলি,,,",0
"বর্তমানে আমরা এমন একটি দেশে বাস করছি, যেখানে সিঙ্গাড়া এবং সেভেন আপ কিনে খেতে হয়। আফসোস!!",1
"আপনি নিজে নিজে ভেরিফাই করতে পারবেন, আমি হেল্প করতে পারবো",0
"এবার দেশে নেরাজ্য করলে তার দায় সরকার, প্রশাসনকেই নিতে হবে।",0
সামাজিক বাস্তবতা ভেদে মানুষের চিন্তাভাবনাও পরিবর্তিত হয়,0
1997 ঠিক এমন বয়সে আমি প্রথম কক্সবাজার গিয়েছিলাম আমার মায়ের সাথে আমার একটু একটু মনে আছে এখনো,0
"লেখকের চিন্তাভাবনা কিছুটা বাস্তব, কিছুটা কল্পনাপ্রসূত মনে হলো",0
"তুমি যাও গা, আমি খাইতাম না",1
উপদেষ্টাদের নিয়ে যতই বিতর্ক থাকুক না কেন আপনারা আপনাদের কাজ জনগণের জন্য চালিয়ে যান যেন আমাদের মন জয় করতে পারেন স্বৈরাচারের বিচার করুন,0
"আলহামদুলিল্লাহ, মানুষের ইচ্ছা শকতি মানুষকে বড় করে আমিন",0
ব্রোর জন্মের সময় ডেলিভারি মনে হয় পুরুষ ডাক্তার দিয়ে করিয়েছিলেন?,1
নীতির প্রভাব বিশ্লেষণ জরুরি।,0
গাছ কেটে পরিবেশ ধ্বংস করছে বলে আমাদের প্রধানমন্ত্রী বিরোধী দলকে দুষচতেছেন।কিন্তু বন মন্ত্রী যে গাছ বিক্রি করে সম্পদের পাহাড গডেছেন তা উনি দেখতেছেন না। আগে জানতাম উনি কানে কম শুনেন এখন দেখি চোখে ও কম দেখেন। এরকম একটা প্রতিবন্ধিকে কেমতে দেশের প্রধানমন্ত্রি বানিয়ে কি মানুষ নিজের বিপদ আনবে না কি??,0
"তোমার হাত গুলো পিছনে বেধে, বিচিতে কয়েকটা লাল কাকড়া ছেরে দিয়ে দূরে বসে বসে দেখতে পারলে ভালো লাগতো।",1
এজন্যই আমার কোনো মেয়ে বন্ধু নেই,1
"কাকু তুমি আলগা পিরিত আর নাদেখাও, আগে আলগা চুল লাগাও",1
"যারা টাকা বেশি দিবে,তাদের দাবিও বেশি থাকবে",0
ফার্স্টে ভাবসিলাম থালাপতি বিজয় এর পুরোনো কোনো ছবি।,1
কোম্পানীগুলোও পুরোনো টেকগুলোকে ছুড়ে ফেলছ,0
ছেলের কামাইয়ের টাকাকে স্পর্শ করে মা অনুভব করলেন সন্তানের ভালোবাসা।,0
দুই ঘণ্টা বাসে করে এসে যখন দেখোস স্যার অ্যাটেন্ড্যান্স নিবে না,1
যে দেশে আলো নিভিয়ে ভোট চুরি করা যায় সে দেশে প্রথম আলো দিয়ে কি হবে! .লাগা বুলডোজার কর্মসূচি,1
আমাদের হৃদয়ে সহানুভূতির অনুভূতি জন্মানো দরকার।,0
"তোরেও খালি করবে। ধৈর্য ধর, শুধু সময়ের অপেক্ষা",0
"কৃমিদের সাথে শান্তি চুক্তি করুন! চুলকানোই সেই কূটনৈতিক বার্তা, যাতে তারা বুঝবে আপনি লড়াই চান না। আপনি গিয়ে চুলকিয়ে দিয়ে আসুন জনাব। আমি দেখতেছি আপনার হাতটা সুড়সুড় করতেছে।",1
এটা আমাদের ছেলেদের সাথে এক প্রকার বৈষম্য মেয়েদের পছন্দের কালারেই কেন নামাতে হবে এই সবাই শাহবাগে আয়,1
ইনি নির্ঘাত বাস্তব জীবনে সিরিয়াল কিলার,1
ভাই মনে হয় ধর্ষন থুক্কু দর্শন সাবজেক্ট পেয়েছিল রাবিত!,1
বাহ বুদ্ধি আছে কিছু ফিলিস্তিনিদের বাংলাদেশে ও পাঠিয়ে দেওয়া হোক পতাকা উড়ানোর জন্য,1
"নিম গাছের কাঠ কীভাবে ব্যবহার করা যায়, তা নিয়েও ভাবা দরকার",0
পাবনার মানসিক হাসপাতাল টার কোন শাখা ঢাকায় থাকলে তাকে ইমারজেন্সি সেখানে ভর্তি করানো হউক,1
বাস্তব জিবন হলো এই যারা স্ত্রীকে ভালোবাসা স্বামী হিসাবে নিজের কর্তব্য দায়িত্ব মনে করে তারা দুরে তাকলেও ভালোবাসে কাছে তাকলেও ভালোবাসে। আর যাদের কাছে স্ত্রীর মর্যাদা নেই তারা এক বিছনায় ঘুমাইলেও স্ত্রী নিজের অধিকার থেকে বঞ্চিত তাকে!,0
সুশীল বেশে এগুলো আসলে আওয়ামী।,0
"আর নিচে নামার দরকার নাই,,, কোনো লিংক পাই নাই আমি নিচে আবার হাসতেসেন কেন",1
যেকোনো ভূগোলেই জনগোষ্ঠীর পাঠরুচিতে অবিরাম বদল ঘটে।,0
যে জায়গা থাকার কথা সাধারন জনগনের যাদের জায়গা নেই আর সে জায়গা পায় যাদের থাকার জায়গা আছে অনেক তারপরও তারা পায়। সরকারের উচিত ফ্ল্যাট করে সাধারনের কাছে বিক্রয় করা,0
ইয়া আল্লাহ আপনি সহায় হোন,0
এরকম একটা গার্লফ্রেন্ড এর খুব প্রয়োজন,1
SOP-তে নিজের সীমাবদ্ধতার পাশাপাশি সেগুলো কাটিয়ে ওঠার উপায় উল্লেখ করা যেতে পারে।,0
অবশ্য এই গানগুলির প্রথম রচনাকাল সম্পর্কে গবেষকেরা কোনো ঐক্যমতে পৌঁছাতে পারেননি।,0
25 তারিখ এর পর থেকে shutdown দেওয়া হবে !,0
পাগলে কিনা কয় ছাগলে কিনা খায় বাঙালি জাতি খুবই ইন্টেলিজেন্ট একজন প্রধানমন্ত্রী হারালো এমন ইন্টেলিজেন্ট প্রধানমন্ত্রী আমরা আর চাইনা যত সব পাগলের প্রলাপ,1
ডাক্তাররা আসলেই মানুষের জন্য অনেক বড় আশীর্বাদ,0
"""নর্দমার পুকুর জখন রেস্টোরেন্টের দরজার সামনে জায়,,,।""",0
আমি ও।খালার কাছে নানির কাছে মায়ের বিরুদ্ধে অভিযোগ,1
"আপনি নিজেকের অনেক বড় পণ্ডিত মনে করেন?? মুর্খের মত লজিক,, যে যেমন তার স্ত্রী ও তেমন হবে, এটা কথায় পেলেন, ফেরাউনের স্ত্রীর নাম জানেন? তার বেপারে যদি জানা না থাকে তাহলে জেনে আসেন যে কেমন মানুষ ছিলেন, আল্লাহ তাকে কি পরিমান সম্মানিত করেছেন৷",0
যাদের মেডিকেলে পড়ার কোন যোগ্যতা পর্যন্ত নাই তারা দেখি এই পিচ্ছিকে নিয়ে ট্রল করতে আসছে,0
Africa মহাদেশের কুখ্যাত food blogger Uganda থেকে phd করা হাসিনা,1
আজ হারুন বেঁচে থাকলে ওর রাতের ডিনার হয়ে যেতো,1
তাও নামাজে যাওয়া যাবেনা কি পরিমান নাফরমানির পর্যায়ে চলে গেছে এরা,0
এখানে হাসার কি আছে আজব হইতেও তো পারে তার পরিবারের মানুষদের নামের অক্ষর দিছে,0
বন্ধু এটা তোর গার্লফ্রেন্ড ছাড়া আর কেউ না,1
"পাঠক আজ আর ঠিক একা বই পড়ছেন না, সাইবার-বন্ধুত্বের সুবাদে তাঁদের পাঠের অভিজ্ঞতা হয়ে গেছে অনেকটা গোষ্ঠীগত।",0
তারপর হুজুররা বইলেন এরা ইসলামকে রিপ্রেজেন্ট করে না।,0
আপনাদের কাছে কি রিয়াজের এটা ছাড়া কোন ছবি নাই? এক ই ছবি তে একেক বার একেক ক্যাপশন দেন৷ নতুন ছবি ছাড়েন মিয়া৷,0
"উন্মেষ এ কি বলেছে, সেটা নাহয় গোনায় না ধরলাম, কিন্তু অন্য নিউজ চ্যানেলে যেহেতু মাত্র একটা কোচিং সেন্টার এর নাম ই বলেছে, তাই এটা নিঃসন্দেহে গ্রহনযোগ্য।",0
ড্রসোফিলা ফলের মাছি। রিসার্চ এর ক্ষেত্রে এইটি মডেল হিসেবে কাজ করে।,0
৩২ নম্বরের কেবলার ইটগুলো খুলে নিয়ে যাতে ছাএলীগের নেতারা প্রত্যেকে নিজ নিজ এলাকায় একটা একটা মুজিবমন্দির বানাইতে পারে তার সুব্যবস্থা চলমান...,1
উনার কি আর কোন আপডেটেড ছবি নাই? সেই কলেজ লাইফ থাকতে উনার এই পিক দেখে আসতেসি।,0
প্রতিদিনের ছোট ছোট পদক্ষেপই বড় পরিবর্তন নিয়ে আসে।,0
এখন বুঝলাম মেজর ডালিম কেন ১৫ই আগষ্টই বেছে নিয়েছিল ৪র্থ বিবাহবার্ষিকীর উপহার ছিল ওটা,1
মিটিং এবং যোগাযোগ প্রক্রিয়ার যথাযথ প্রমাণ রাখা গুরুত্বপূর্ণ।,0
"But,,হাসু আওয়ার সাথে আমার একটা বিষয় মিলে যায় বা আমি সহমত। তাহলো পেঁয়াজ ছাড়া রান্না, কেননা এইটা কাটতে গেলে পুরো ঘরে ঝাজ আসে,,আর চোখ জ্বলে, তাই!",1
"মানসিক চাপের সময় ধীরে ধীরে শ্বাস নিতে চেষ্টা করুন, এটি আপনার শরীরের উপর ইতিবাচক প্রভাব ফেলতে পারে।",0
"নিম গাছ লাগানো সহজ, তবে এটি রক্ষা করাও গুরুত্বপূর্ণ",0
"সত্যি কথা বলতে আজ মাকে বললাম, বাবা তোমার কাবিনের টাকা দিছেন? বা সবদিকে পরিপুর্ণ রাখছেন?? মা হেসে হেসে বললো কাবিনের টাকা আর এসব দিয়ে কি করবো,,তোমরা যে আছো এটাই আমার বড় সুখ,আর কিছু লাগবেনা,,",0
"যুগীর উত্তর প্রদেশে মুসলিম দের স্থাপনা বুলডোজার দিয়ে ভাঙা হতো,বাংলাদেশের ঘটনা ওখান থেকে দেখে শেখা মনে হচ্ছে",0
যে ব্যাক্তি মেয়েদের আর বৈশ্যদের ভিতরে তফাত খুজে না তার প্রতি মেয়েদের এতো ভালবাসা আসে কোথা থেকে??,0
ওইখানে রস আছে কি,1
পাবনার খবর দেভ।এ পাগলারে ধরাইয়া দে। ওর পরিবারের কেউরে চিনা থাকলে খবর দে,1
কাফি আসলেই একটা খানকির ছেলে,0
এক্কেরে এতোই ঠেকা পড়ছে তো,1
শ্রদ্ধা,0
তিমি আসলেই মানুষের বন্ধু তারা ইচ্ছে করে কখনো মানুষকে কষ্ট দেয়না।মহান আল্লাহ তাআলার কি অসাধারন সব সৃষ্টি কতো সুন্দর করে সব সৃষ্টিকে পরিচালনা করেন,0
ডক্টর ইউনুসকে বাংলাদেশের প্রধান উপদেষ্টার পদ থেকে সরিয়ে ময়ূখ রঞ্জন ঘোষকে বাংলাদেশের প্রধান উপদেষ্টা বানিয়ে দেওয়া হোক,1
রিয়েল হিরো,0
বিল্ডিং দেখলেই বুজা যায় এখানে কতজন শ্রমিক কাজ করছে,1
"কারণ এখন শীত কাল, সবজির দাম তো কমবেই,তেলের দাম চাউলের দাম কমিয়ে দেখা ভাই",0
তাকে আমার অনেক ভালো লাগে। এটা ঠিক না ভাই বাজে মন্তব্য করা কাউকে নিয়ে।,0
২ জন রে উপরিক্ত জায়গায় খুবই দ্রুত নেয়া দরকার,1
ফলে দর্শক-পাঠকও তখন সেই সাহিত্যের প্রতি আকৃষ্ট হয়েছে।,0
আমিও হাটতে চাই এইভাবে...ইনশাআল্লাহ,0
"আয়হায়রে কি এক দেশ ছিল, আহারে",0
আমার মা বলতো কোন ছেরির লগে জানি সারাদিন কথা কয় কথা কইতে কইতে চোখ দুইটা হাড্ডির ভিতর চইলা গেছে,1
স্টার্টআপগুলোকে সুরক্ষা দেওয়ার জন্য একটি নীতিমালা থাকা উচিত।,0
সময়োপযোগী পদক্ষেপ,0
ও মনে হয় আইনস্টাইনের থিওরি অনুযায়ী আলোর গতিতে চলে তাই ওর বয়স বাড়ে না।,1
"সমুদ্রের নিচে এত বড় পর্বত থাকতে পারে, এটা ভাবতেই অবাক লাগে।",0
বিগ ফ্যান ভাই আপনার প্রত্যেকটা পোষ্টে নিয়মিত গালাগালি করি-!!,1
আলু আর মন কখনোই এক না।কারন মন কাটা যত সহজ আলু কাটা এত সহজ না,1
তেমন কিছু মনে না করে ঘুম দিলাম,0
দোয়া রইলো এগিয়ে যাও তোমরাই পারবে দেশকে তুলে ধরতে,0
বুবু মানুষ মেরে লাশের গন্দে বায়ু দুশিত হয়ে জাচ্চে এটা একটু লিকতে পরেন না,1
বিসিএস প্রস্তুতি নিয়ে এই ধরনের অভিজ্ঞতা শেয়ার করা সত্যিই সহায়ক।,0
দেশে মোটরসাইকেল দুর্ঘটনা দিন দিন বৃদ্ধি পাচ্ছে। পরিবারের কথা চিন্তা করে হলেও সড়কে সর্তকতা অবলম্বন করা উচিত।,0
ছোটকালে আমরা ঢাকায় যাত্রাপালার এক সুপারস্টারের নাম শুনেছিলাম।,0
ইস্ আমার ও খুব যেতে ইচ্ছে করছে। সত্যি ই অসাধারণ সুন্দর মাশাল্লাহ।,0
দৌড়ে চলে আসি।,0
অতীত ভুলানোর কোনো উপায় বলেন স্যার আমার অতীত অনেক খারাপ গেছে,0
"মানুষ মূলত তার ব্যর্থতার সমান শক্তিশালী! ভঙ্গুরতার সমান টেকসই! অভিজ্ঞতার সমান আত্মবিশ্বাসী!""",0
"এতো মিলাদ খাবো কিভাবে, ডেট গুলা ভালো ভাবে দিতে বইলেন, প্লিজ।",1
"ইলিয়াস ভাইয়ের প্রতিবেদন মানেই আগুন,, ওয়ালটন কট খাইছে",0
"এইজন্য আমি শক্ত খাট বানাব, ক্যাচ খচ পচপচ আওয়াজ যেন না হয়। স্টিলের খাট কিনব,,",1
"যে কুরআনের কথা বলার অপরাধে দেশের সকল আলেম এর উপর নির্যাতন করছিস, সেই কুরআন নিয়ে ভালই তো পোজ দিচ্ছিস ৷ আল্লাহ তোর বিচার যেন দুনিয়াতেই করেন ৷",0
"আপনি তো বিদ্যাপুকুর, আপনারে পাবনা হাসপাতালে ভর্তি করাইতে হবে",1
এ দুনিয়াতে যে যতটুকু করবে তার কর্মফল এই দুনিয়াতে নইলে আখেরাতে ভোগ করতে হবে।,0
"হেডা ডা চিনছ তুমি আমার ,",1
"ইসলাম শান্তির ধর্ম কখনোই অন্যায়কে সমর্থন করে না, আমি একজন মুসলমান হিসেবে কখনোই অন্যায়কে সমর্থন করি না।",0
তাহলে আমি এখন কার সাথে চ্যাট করব ??,1
সবার আগে সব শহরে উন্মুক্ত স্থানে নিরাপদ উদযাপনের আয়োজন করতে হবে। খোলা জায়গা থেকে ঠ্যাঙ্গায়া বাসার ছোট ছোট ছাদে নিয়া তুললে এইসব বিকট উদযাপন চলতেই থাকবে। থার্টি ফার্স্ট উদযাপনে রাষ্ট্র যত কড়াকড়ি করেছে উদযাপনের এই বিকৃতি ততই বেড়েছে।,0
"ঐ যে কথায় বলেনা,"" প্রদীপের নীচেই সবচেয়ে অন্ধকার থাকে"" ব্যাপারটা ঠিক সেইরকম। আমরা ওপর থেকে শুধুমাত্র ওনার ভালো দিকটা দেখেছি, কিন্তু ... দেখতে পাইনি।",0
কমেন্ট করতে গিয়ে মনে পড়লো চৈত্র মাস বসন্তে পরে,1
রংপুরের দলটা দুর্বল কিন্তু খেলার মাঠে তারাই সেরা দল,0
"সত্যি বলছি, কথাগুলো মনের গভীরে ধাক্কা দিয়েছে। কথা দিলাম এই মূহুর্ত থেকে নিজেকে ইসলামের পথে পরিবর্তনের জন্য সর্বোচ্চ চেষ্টা করব...আমিন।",0
"আওয়ামী লীগের কর্মসূচি নিয়ে আলোচনা চলছে, তবে এই আলোচনা যেন কোনো পক্ষ থেকে একপেশে না হয়।",0
"বছর শেষে ঝরা পাতাবললো উড়ে এসে ,১টি বছর পেরিয়ে গেলো হাওয়ার সাথে ভেসে।নতুন বছর আসছে তাকেযত্ন করে রেখোস্বপ্নগুলা সত্য করেভীষণ ভালো থেকো। শুভ নববর্ষ।",0
এই মহিলারাও লজ্জা সরম কিচ্ছু নাই। লজ্জা সরম সব গুলিস্থান পাইকারী দামে বিক্রি করে দিছে।,1
"আমি জীবনে এই প্রথম মাদার তেরেসা সম্পর্কে কথা বলছি। প্রশ্ন জাগতে পারে, কেন? উত্তর হচ্ছে, আমিও মাদার তেরেসাকে সন্দেহের চোখে দেখতাম! ওনার কোনো প্রশংসা শুনলে মন থেকে নেতিবাচক সাইন পেতাম মিশনারিদের কার্যক্রম কিছু বাস্তবেও দেখেছি এবং তাদের উদ্দেশ্য সম্পর্কেও অবগত। আপনার ভিডিওর শুরুতেই আমার মাথায় আসছিল, সবকিছুই ডোনেশনের জন্য আর খ্রিস্টান বানানোর ধান্দা।",0
এইরকম ধৈর্যশীল গার্লফ্রেন্ড পাওয়া ভাগ্যের ব্যাপার।,1
"এরকম ছোটবেলা থেকে শেখ মুজিবকে নিয়ে যত প্রসংসা, যত কাহিনি পড়ে এসেছিলাম৷ তাকে সত্যিকারের হিরো ভাবতাম। কিন্তু পরবর্তিতে যতগুলা বই পড়ে আর মুরুব্বি মানুষের মুখে শুনেছি জেনেছি তাতে তার প্রতি ভালবাসাও আর থাকেনি। মুক্তিযুদ্ধের আগের মুজিব, আর স্বাধীন বাংলাদেশের মুজিবের মধ্যে ১৮০ তফাৎ।",0
এটার কাজ হলো চোখের সামনে ঘুরঘুর করে হুট করে চোখে ডুকে পড়া,0
আলগা পিরিতি। কিন্তু নিজের জেলার মানুষ কষ্ট করতেছে তার কোন খবর নেই।,1
"আপনা কথা গুলি যদি কোন জ্ঞানী লোক শুনে আমার বিশ্বাস কোন লোককে ঈমানদার হতে কোন হুজুরের ওয়াজ শুনতে হবে না।দোয়া করি আল্লাহ্ আপনাকে অনেক অনেক হায়াত বারিয়ে দিন,আমিন।মনে হয় আমার দোয়া অবশ্যই আল্লাহ কবুল করবেন।",0
মাশা-আল্লাহ সুন্দর করে বলেছেন।এগিয়ে যান প্রিয় ভাই,0
টালি খাতার দিন শেষ পজ মেশিনের হিসেব নিকেশ,0
সোসাল মিডিয়া খুব অড একটা প্লেস৷,0
এই জেনারেশনটা কখনোই বুঝবেনা আমাদের কাছে উদ্দীপকের গুরুত্ব কতটা অপরিসীম ছিলো...!!,1
"দানশীলতা একটি ইতিবাচক অভ্যাস, তবে এটি নির্ভর করে প্রতিটি ব্যক্তির অভ্যন্তরীণ দৃষ্টিভঙ্গির ওপর।",0
এই দিকে আমার বউ নেই,1
নিকোলাস টেসলা পৃথিবীকে শুধু দিয়েই গেছেন । ওনার আবিষ্কার নিয়ে আজ কোটি টাকার ব্যবসা হলেও শেষ জীবনটা ওনার মোটেও সুখকর ছিল না । পৃথিবী শুধু কর্মকেই গ্রহণ করে কর্তাকে নয়।,0
"মনে পড়ছে, শহীদ মিনার প্রাঙ্গণে এ রকম কিছু স্ল্যাং শুনে আমরা বন্ধুরা কানে হাত দিয়ে মুখ টিপে হাসছিলাম আর বলছিলাম, চেঁচিয়ে চেঁচিয়ে কী বলছে এরা বাবা-মায়ের বয়সীদের সামনে!",0
"যাক, ভালো একটা কাজ করছে।",0
ভাই...সাদিয়া কি দোষ করছে,1
মা-ছেলের মধ্যে এই ভালোবাসা নিঃস্বার্থ।,0
ইতিহাস তথাকথিত প্রিন্সেসকে কি মনে রেখেছে?,0
no Comments,0
ঢিলেঢালা পোশাক পড়তে ভালো লাগলে সেটাই পড়ুন।,0
দূর ব ল পড়ালেখাই করুম নাহ,1
"এটা নাকি ওল্ড পাসওয়ার্ড, গতকাল রাতে নাকি এটা চেঞ্জ হয়েছে।",0
দেশের অবদান তোমরা ধরে রাখতে পারবা,0
সুডোকু মিলাইতাম। রস আলো মিস করি।,0
"লেকচারার আর প্রফেসরের মধ্যে পার্থক্য আছে, প্রফেসর হতে হলে মিনিমাম ১০ বছরের শিক্ষকতার অভিজ্ঞতা লাগে",0
নির্বাচন কমিশনার গন সবাইকে বরখাস্ত করা হোক,0
আসলে কেও আমারে পাত্তা দেয়না,1
ওরে জুতা দিয়ে পিটান...,0
আরে আমি আছি না তোমার যত্ন নেওয়ার জন্য,1
পাতাললোক ২ এর গল্প আরও গভীরতা পেয়েছে। নাটকটি দেখতে দেখতে মনে হয়েছে বাস্তবের কিছুটা প্রতিফলন।,0
মোদী সাহেব ক্যান যে টিকটকের জ্বালে মেয়েটাকে ফাসালেন বলুন তো।বেচারা মেয়েটা টিকটকে প্রেম করে একেবারে উড়াল দিলো আপনার জন্য,1
মানুষ বলতো আগে শুনতাম আমি আজ নিজে চোখে দেখলাম ঘোড়ার ডিম আপনারা ও কি আমার মত আজকে প্রথম দেখলেন ঘোড়ার ডিম,1
বিতর্কও যে এতো প্রাঞ্জল ভাষায় এতো সাবলীলভাবে বলা যায় তা এটা দেখলেই বোঝা যায়।বাংলা ভাষা যে সত্যিই মনোমুগ্ধকর তা এই বিতর্ক না শুনলে অনেকেই বুঝবে না,0
এইটা কিছু হইলো ! চাকরির করার সাথে সংসার করার বেপারটা মেলানো গর্ধবের কাজ। চাকরিতে অভিজ্ঞতা সম্পন্ন লোক নেয়। আপনি কি অভিজ্ঞতা সম্পন্ন বৌ চান ? সবাই যে দক্ষ বৌ হওয়ার পর বিয়ে করবে তাহলে ব্যাপার টা জঘন্য হয়ে গেলো। তাকে শিখায়ে নিতে হয়।,0
এভাবেই নিজেকে smart পরিচিত করতে হয় এটা এখন কার ছেলেমেয়েরা বোঝে না,0
বাংলাদেশ জিন্দাবাদ শহীদ জিয়া অমর হোক খালেদা জিয়া জিন্দাবাদ তারুণ্যের অহংকার তারেক রহমান জিন্দাবাদ,0
তোমারে দিয়া ওটাই সম্ভব বাকি সবগুলাই তোমার লস প্রজেক্ট,1
আচ্ছা ইনি তাহলে অভ্র বানিয়ে এই বিপিএলে ম্যান অব সিরিজ হয়েছে,1
বাংলাদেশে সবাই ওর বাপের সালা,1
"শ্রীলঙ্কাতে অভ্যুত্থান পরবর্তী সময়ে, সে দেশের সবচেয়ে বড় বিরোধী দল ক্ষমতায় যেতে পারেনি, অপেক্ষাকৃত ছোট দল নির্বাচনে জয়লাভ করে ক্ষমতা গ্রহণ করেছে,",0
শক্তিশালী দাঁতের পাওয়ার এ বিধ্বস্ত তাসকিন,1
রাখতে তো চাই কিন্তু আমার তো গার্লফ্রেন্ড ই নাই।,1
গাড়ি চালানো পারলে ওই স্বপ্ন একদিন পূরণ হবে,1
আমি তোর কষ্ট বুঝি কিন্তু ওরা কেউ বোঝে না তোরে ফোন দিতেই থাকে।,1
"যারা রেজিস্ট্রেশন করসে তারা কেন করসে? নিজেদের ব্রেইন নাই নাকি? সেমিস্টার শুরুই হইলো না ঠিকঠাক ট্রান্সপোর্ট ফি দিয়ে দিসে! ওরা কি এই ইস্যুর কথা জানেনা? এতো ভীতু পোলাপান গুলার জন্যই প্রতিবার ওরা সুযোগ পায় আর বলে,এতোজন এপ্লাই করে ফেলসে! একজনও যদি না করতো তাহলে খুবই সহজ হতো দাবি মেনে নেয়া। কিন্তু না, এরা কিছু থাকবেই ইউনিটি ব্রেকের জন্য!!",0
আমিও সান্ধার পর বই সামনে নিলেই কি করে জানি ঘুম মাতাল হয়ে যাই,1
আশে পাশে দুষ্টু কোকিল ছাড়া আপনাকে মানায় না পিও লিডার।,1
সবাই হাহাহাহা দিলে লাভ কে দিবে আমি লাভ দিলাম,1
"যারা আপুকে ""বাচ্চা"" বলছেন, তাদের জ্ঞাতার্থে- আপু সিঙ্গাপুরে জব করেন",0
এই রকম gf ফেসবুক পোস্টে'ই পাওয়া সম্ভব...!,1
স্থানীয় কোটাগুলোর জন্য নির্ধারিত নীতিমালা অনুযায়ী কাজ হওয়া উচিত।,0
আহা শান্তি,0
তথ্যগুলো দরকারি ছিল।,0
"ভালোবাসা তখনই টিকে থাকে, যখন দুই পক্ষই চেষ্টা করে।",0
সভাপতি বলে কথা ব্যাপার স্যাপার-ই আলাদা,1
অথচ আমাদের বর্তমান সরকারের প্রধান উপদেষ্টা নিজেই একজন বিজ্ঞানী।,0
"বাপের বেটা হিরো আলম, ঐ শালা জায়েদ কে কে চেনে? ফকিন্নি...",0
তারপর কোনো দিন চোখ তুলে আর কাউকে দেখিনি।,0
বাংলাদেশের রাজনীতি অনেক সময় জনগণের প্রত্যাশা থেকে অনেক দূরে থাকে।,0
"মানুষ ভালো কাজে,, আলহামদুলিল্লাহ বলে,, এরা খারাপ কাজে এসব বলে,, এদের ভিতর কোন দ্বীনশিক্ষা নাই",0
"হুমায়ুন আহমেদের বায়ো হলেইবা কি আসে যায়? হুমায়ুন একজন পাব্লিক ফিগার। যার মনচায় সে সেটা পিক করতেই পারে। পার্সোনাললি আমি তার সিরিয়াস ফ্যান নই। ফর মি, ইটস জাস্ট অ্যা মুভী।",0
জীবনের প্রতিকূলতার সঙ্গে লড়াই করে এমন সাফল্য অর্জন করা সত্যিই অনন্য।,0
"হুমায়ূন আহমেদ যেমন চরিত্রদের দিয়ে পেশাদারিভাবে আলোচনা করতেন, আমাদের লেখাতেও এমন পদ্ধতি অনুসরণ করা উচিত।",0
"অসাধারন, প্রতিভার কাছে গায়ের রঙের কোনো সম্পর্ক নেই, তাই তো ভালভাবে বুঝিয়ে দিলেন এই রেবেকা আপু, ধন্যবাদ",0
অত্যন্ত চমৎকার পোস্ট টাকা পাওয়া যায় কিন্তু জীবনের চরম সুন্দর রোমান্টিক মুহূর্তগুলো চিরতরে হারিয়ে যায় যা পুরন করা অসম্ভব হয়ে যায়।,0
আমি দোয়া করি সে যেন নিজের আশা পুরন করতে পারে,0
আক্রান্তকে নয় আক্রমণকারীদের মাথায় তোলা হচ্ছে।,0
স্বামী স্ত্রী যদি সঠিকভাবে মিলেমিশে চলা না যায় সে ক্ষেত্রে এটাই সমস্যা হতে পারে,0
দুজনের জন্য অনেক শুভকামনা ।,1
সত্য ঘটনা জানার জন্য নির্ভরযোগ্য সূত্র থাকা দ,0
মেয়েরে নিয়ে এমন কিছু বাঙালি আসলেই,1
আমার মতে স্বৈরাচারী শেখ হাসিনাকে কোন ভাষণের সুযোগ দেওয়া উচিৎ নয়। কে কে একমত??,0
এই ধরনের তাপ নিরোধক স্থাপত্য প্রাচীনকালে মানুষের উদ্ভাবনী ক্ষমতা এবং প্রকৃতির সাথে সমন্বয় করার ক্ষমতার সাক্ষী।,0
ধুর! কমেন্ট বক্সে কি একটাও ছেলে মানুষ নাই?,1
এত কষ্টের মধ্যেও পড়াশোনায় ভালো করা সত্যিই অসাধারণ। উনার সংগ্রামের এই গল্পটা আমাদের জন্য একটা বড় উদাহরণ।,0
এই টাকার গাছইতো সারাজীবন ধরে খুঁজেছি।,1
সবচেয়ে ভালো হয় তদের আপার বাপের কাছে চলে যা!,1
ভাইটি অনেক নিষ্পাপ। তাকে কেউ বোঝাও এই বাইক তেলে চলে না। এই বাইক চালাতে লাইসেন্স ও লাগে না,1
"সার্চলাইট শুরু হওয়ার পর থেকে মুক্তিবাহিনী বড় আকারের নাশকতা মিশন শুরু করছিল, যা পূর্ব পাকিস্তানের যোগাযোগ ও সংকেত কর্মীদের বিঘ্নিত করছিল।",0
"""আমরা লক্ষ্য করেছি, তুমি প্রায়ই শেষ মুহূর্তে কাজ জমা দাও, যা পুরো প্রজেক্টের টাইমলাইনকে ক্ষতিগ্রস্ত করে। এটা ঠিক করার জন্য, তুমি যদি কাজ শুরু করার জন্য একটি নির্দিষ্ট রুটিন মেনে চলতে পারো, তাহলে সবার জন্য কাজ সহজ হয়ে যাবে।""",0
"মুভির এইসমস্ত সিনগুলা যে আনন্দ দেয় কিংবা বাস্তবতাকে যতটা ধারণ করে,এখনকার হাজার হাজার কোটি আয় করে টাকার রেকর্ড করা মুভিগুলাতে তার ছিটেফোঁটাও থাকে না।",0
দেখতে খুবই বাজে লাগতেছে স্যার।,0
ব্যবহারের পর মাটিতে ফেলে দিলে এটি সহজেই পচে যায়।,0
পড়া বুঝতে সুবিধা হয়েছে।,0
ওমা! আপনি নিজেও তো এমন করেন। রাস্তা দিয়ে যান আর মানুষকে কমেন্ট করতে করতে যান। ওইটাকে আপনার কন্টেন্ট মনে করেন। আর আপনার সাথে করসে আজকে তাতেই এত রাগ? হিপক্রিট,0
"বিসিবি চিনতে পারে নাই, বিদেশিরা ঠিকই রত্ন চিনে !",0
ভায়া আগে তোমার অকেন বড় ফেন ছিলাম কিন্তু তোমার কিছু কাজ কাম ভালো লাগে না আগে ইউটিউব এ তোমার নাটক আর ভিডিও দেখে টাইম পাস করতাম এখন দেখি না তোমার অভিনয় খুব ভালো লাগতো এখন লাগে না আর তোমাকে খুব লাক করতাম এখন তোমার কিছুই দেখি না সুধু আমি না আমার মতো অনেক অনেক মানুষ তোমাকে এখন আর লাক করে না,0
ভিসি স্যারের সাথে হলের সমস্যাগুলি নিয়ে আলোচনা।,0
আচ্ছা এইটা ট্যাংকি হইতে পারেনা? বেজমেন্টে তো ট্যাংকিও থাকে।,0
এগারো বছর বয়সে আমি কার গাছে কি ফল আছে তা পাহারা দিতা আর সব বন্ধু বান্ধবীদের নিয়ে চুরি করতাম,0
গণহত্যাকারী স্বৈরাচার হাসিনা দেশকে পুনরায় ঐক্যবদ্ধ করেছে,1
এতো বড় একটি প্রতিষ্ঠান আমাদের শুধু মাত্র ক্রেতাদের ভালোবাসা এবং আস্থায় নিয়েই দিন পার করে যাচ্ছে মা শা আল্লাহ...,0
আল্লাহ তোমার কাছে বিচার দিসেএএএএ...তবে হেতি কিন্তু নাস্তিক...,0
খারাপ কিছু তো বলে নাই। নুহাশ পল্লীকে সরকারিভাবে হুমায়ুন আহমেদের স্মৃতি জাদুঘর বানানোর কথা বলেছে।,0
২০১২ সালের অক্টোবরে এমেকো রিস্টোরেশন হার্ডওয়্যারের বিরুদ্ধে অনুমতি ছাড়া ১০০৬ নেভি চেয়ার উৎপাদনের জন্য মামলা করে।,0
যত তারাতাড়ি বিড়ি শেষ হবে ফেব্রুয়ারি তত তারাতাড়ি আসবে,1
অন্তত মহাকাশে মোর যাত্রা অসীম মহাকাশের অন্তে,0
চাকর মালিককে ঘর ছেড়ে চলে যাওয়ার কথা যখন বলে,0
নিউজ দেখার পর এটাই মাথায় আসছিলো সবার প্রথম,0
পরেন জমি নিয়ে পুদ্দারি। এই জন্য খারাপ লোকদের কখনো জায়গায় দিতে নেই,0
এমন কিছু করা মোটেও ঠিক হবে না,0
আরে এরা কারা কোথা থেকে আসল? এরা সবাই কি কাকু নাকি??,1
আজকের শিশুরা প্রথম প্রজন্ম যারা জন্ম থেকেই ডিজিটাল জগতে রয়েছে,0
আছি রে ভাই আছি। পিঠা মেলায় রয়েছিল যাহা দেখে করতে আছিল ডর অর্ধেক তার টিকটক কারী বাকি কন্টেন্ট ক্রিয়েটর,1
আরিফ ভাই চিটাগং মেলাত স্টল দিয়ুন নে?,0
সে কী কেবলই যাতনাময়,1
"লেখকের মতামত তার নিজস্ব, তবে কিছু পর্যবেক্ষণ চিন্তার খোরাক জোগাবে।",0
"কঠোর পরিশ্রমের পাশাপাশি নিজের ভুল থেকে শিক্ষা নেওয়া গুরুত্বপূর্ণ, কারণ তা জীবনকে আরও পরিপূর্ণ করে তোলে।",0
এটা খুন আর লাশ দেখে বুঝলাম এ ছাত্র হয় ঢাবির নাহলে বাহিরের কোথাও র৷। আর এই ঢাবি এরিয়ায় এসব হওয়া আর করা একমাত্র ক্যাম্পাসের পাওয়ারফুল দের দ্বারাই সম্ভব,0
"জীবন সঙ্গিনী ছাড়া নিরসঙ্গতায ভুগচি তবু চরিত্র হিন হয়নাই আলহামদুলিল্লাহ,",0
"""ফ্লেবার গুলা ব্রাস্ট হইছিল আমার জিহ্বার ভেতর "" এটা কি ছিল ভাই!",1
"এখনকার অনেক চোখ ট্যারা করা, দুই হাতের জায়গায় তিন হাত আনা, আল্ট্রা ফ্যানসি ভাইব আনা এআইয়ের চেয়ে ভালো।",0
যে মানুষটা তোমাকে মেসেঞ্জার এ reels পাঠায় তার কাছে তুমি স্পেশাল,1
মূলধারার বাইরের আরও একটি স্রোতের কথা এখানে বলতেই হয়।,0
আরে চাচা আমাদের এলাকার একটার সাথে সেদিন কট খাইলেন যে...,1
পুরোনো ক্লাসমেটদের সামনে নিজের সফলতা তুলে ধরার পরিকল্পনা।,0
ভাই আমি জানিনা সে এই ৪০ মিনিটের রাস্তায় কোন মহৎ কার্য সাধন করতেছে। আপনি যেভাবে বলতেছেন মনে হইতেছে সেই চল্লিশ মিনিট কাজ কইরা রাষ্ট্র জয় করে ফেলবে বিশ্ব জয় করে ফেলবে। ভাই কাজে ফাঁকি দিছে চাপ পড়ছে তাই এখন বসে কাজ করতেছে ।,0
জামায়াত ইসলাম মানে ইসলাম নয়,0
ফিটনেস ধরে রাখার গোপন অস্ত্র। বাড়ী যাও গতি বাড়াও।,1
দেশে সুন্দর সুন্দর ব্যবসা আছে । মেয়েদের জন্য ব্যবসার কোন অভাব নেই। আর এই দেশের সংবিধান একটা শ্রেণীর মেয়েদের ব্যবসা করার অধিকার দেয়। বিয়ে বিয়ে না খেলে খেলাটা না সোনাগাছিতে বসাও টাকায় টাকা। বক্তব্য সব মেয়েদের জন্য নয় শুধুমাত্র যারা বিয়ের নামে ছেলে খেলা করে।,0
পরের মাস টা আমাদের জন্য নাহ রে ভাই,1
খুবই একটা সুন্দর উদ্যোগ তবে এই চারটা জিনি সঠিক ভাবে গরিব মানুষ পায়,0
নারী-পুরুষ সবার জন্য নিরাপদ ও সম্মানজনক পরিবেশ নিশ্চিত করা আমাদের সবার দায়িত্ব।,0
"আমি আপনার সমস্ত কথাগুলো শুনেছি। একেবারে বাস্তবের সাথে কথা গুলো তোলে দরছেন।বতমান জোগে ৮০ পরিবাই এই রকম বেইমানি করে থাকে। বিশেষ করে জারা পবাসী থেকে সমস্ত পরিবারকে খাওয়া দাওয়া থেকে শুরু করে তাদের ভবিষ্যৎ গরে তোলার পরে ও বেইমান পরিবারের নিকট ভালো থাকা জায় না। আপনার মতন আমি ও একজন দুঃখী পবাসী, একেবারে সেইম ঘটনা।",0
"মানুষ তার কর্মের মাঝে বেচে থাকে, উনিও থাকবেন জীবিত বাঙালির মনে। বিনম্র শ্রদ্ধা আপনাকে।",0
উনাদের দেখে মনে হচ্ছে পৃথিবীতে সত্যি এখনও ভালো মানুষ বেঁচে আছে,0
"কল্পনার জীবনে নতুন একটা অধ্যায় শুরু হলো, আশা করি সব ভালো যাবে।",0
"ভাই হয়তো মুজিব সৈনিকের কমান্ডার বা মেজরও হতে পারে,নাহলে এত কঠিন হিসাব মেলাতে পারতো না",1
বরিশাল সার্চলাইটের অংশ ছিল এবং প্রথমে পাকিস্তান নৌবাহিনীর গানবোট এবং নৌবাহিনীর কর্মীদের মাঠে মোতায়েন করে পাকিস্তান সেনাবাহিনীকে লজিস্টিক সহায়তা প্রদান করেছিল।,0
"মারা যাওয়া আগেই বিয়ে করতে পারবে, করে পেলেন, যদি ইনসাফ করতে না পারেন বিরত থাকুন... গুনাগার হবেন",0
নিপুনের গভীর নদীর জল চেখে দেখছেন আদনান আতিক বাই,1
"ভারত একটা সন্ত্রাসী রাষ্ট্র, তার সাথে জঘন্য বেয়াদবদের বাস এই দেশে",0
"রাসুল সঃ -এর হাদিসে দোয়ার গুরুত্ব বোঝানো হয়েছে, যেখানে অন্যের কল্যাণের জন্য প্রার্থনা করার মাধ্যমে নিজেদের আধ্যাত্মিক অবস্থান উন্নত করা হয়। হাদিসটি আমাদের শেখায় যে, দোয়া করা শুধু অন্যের জন্য নয়, বরং আমাদের আত্মিক উন্নতির জন্যও গুরুত্বপূর্ণ।",0
"বিরোধীদল পরিবেশ ধ্বংস করছে, আর আপনারা দেশ ধ্বংস করছেন। আমাদের অপরাধ কি?",0
রাজনৈতিক নেতা ও সিদ্ধান্ত নিয়ে এ ধরনের বিশ্লেষণ সবসময় গুরুত্বপূর্ণ।,0
"খুজতেছি কিন্তু ,না করতে পারতেছি পড়ালেখা না করতে পারতেছি ইনকাম",0
গানটি প্রেমের গান হিসেবেই জনপ্রিয় হয়ে এসেছে। প্রেম টাই কল্পনা করা হয়ে এসেছে।,0
বাবা মানে এক আকাশ পরিমাণ ভালোবাসা,0
গোয়া মারা খাইছে পাগলরে নৌকা ডুবানোর কথা মনে করে দিছে,1
শালারে কাছে পাইলে আগুনে পুড়ে মারতাম। আর শালীরে কাছে পাইলে আফ্রিকা পাঠাইতাম কালা ভাইদের কাছে সামলাও ঠেলা,0
না ভাইজান ইনশা'আল্লাহ্ আমরা আর কাঁদবো না। অনেক কেঁদেছি আর নয়। অনেক সাধনায় এ জাতি বিজয় ছিনিয়ে এনেছে।তাই আমাদের বিজয় খুবই সন্নিকটে। আমরা এখন শুধু বিজয়ের হাসি হাসবো। বিজয়ের মিছিলে আপনাকে আমন্ত্রণ জানাচ্ছি। আমরা আমাদের দেশকে দেশের মানুষকে খুব ভালোবাসি। জানেন তো আমরা সেই ধৈর্য্যশীল জাতি আমাদের হেরে যাওয়ার কোন রেকর্ড নেই।,0
তুমি কি বোকাচোদা না এটেনশন সিকার ?,0
"থার্ড ক্লাস পিতার ফোর্থ ক্লাস সন্তান।যেই লোকের এই বয়সে এসেও চক্ষুলজ্জা বা লাজ শরমের বালাই নাই,তার সন্তান এমন হবে এটা অস্বাভাবিক কিছু না।টাকা কামানোর জন্য বিবস্ত্র হইতেও এদের বাধবেনা",0
সাবিনার জন্যই দুবার সাব চ্যাম্পিয়ন। তার অবদান ভুলে গেলে চলবে না। তার স্বীকৃতি স্বরূপ একুশে পদক ২০২৫ নারী ফুটবলারদের জন্য ।,1
ফেসবুক থেকে দুজনের পরিচয় ।,1
হুমায়ুন আহমেদ এ দেশের সম্পদ তার সাজানো বাগান রক্ষার দায়িত্ব এদেশের মানুষের যারা দেশের ক্ষতি চাই এবং ২৪ শের স্বাধীনতা কে সহ্য করতে পারছেনা তরাই হবে এর বিনষ্ট কারী,0
শুধু এক বার বিয়ে টা হক আর আসবো এই বাড়িতে,1
কাউকে নিজের দুনিয়া ভাবার আগে বুঝে নেওয়া উচিত সে তোমার জন্য ঠিক কি না।,0
"জনগণ নাটক দেখতে দেখতে এতোই পারদর্শী,,, যে,,, নাটক দেখার আগেই মূল গল্প বলতে পারে,,,,,",0
আর সবাই মিলে তাকে লাগাবে,1
"চিঠিটি ব্যক্তিগত দৃষ্টিভঙ্গির প্রতিফলন হলেও, এতে কিছু গুরুত্বপূর্ণ ইঙ্গিত রয়েছে।",0
ডিনামাইটও আবিষ্কার করা হয়েছিল ভালোর জন্য।,0
কে বোঝা যাচ্ছে না। মুখে কি আছে সেইটা দেখে বলা যাইতো। আওয়ামীলিগের কালো বন্দুক হলে সোহানা সাবা,1
একদম ভালো হলো। প্রতিটি নাম এমন হওয়া উচিত। কোনো রাজনৈতিক নেতাদের নামে নয়।,0
নিজেরা থাবরাস কেন আমার কাছে আয় অনেক দিন কাউরে থাবরাই নাই,1
আপুর বয়ফ্রেন্ড মনে হয় জন্মের পর থেকেই আপুর সাথে পরিচিত,1
শাহবাগের মুক্তচিন্তা ধর্মী ব্যক্তিদের বিশেষভাবে আহ্বান করতে চাচ্ছি আজকের ওদের এই আন্দোলনকে সফল করতে আপনারা এই কর্মসূচির পবিত্র সূচনা করে ইতিহাসের পাতায় নিজেদের নাম লিখিয়ে নিন।,1
"সাদ পন্থী জুবায়ের পন্থী না হয়ে কোরান হাদিস পন্থী হও জীবন টা সুন্দর পথে চলবে,, ইনশাআল্লাহ আল্লাহ পাক আমাদের বুঝার তৌফিক দান করুক,,,",0
মনুষের মনুষ্যত্ব কতটা নিচে গেছে,0
"এবার স্কুল কলেজ বন্ধ দিলে সরকারের খবর আছে,,,",0
ডীমল্যান্ড পার্কের এখানে জকিগঞ্জ রোডের পাশে বিগত কয়ক মাস যাবৎ ৪ ৫ টা হিজড়া দাড়িয়ে থাকে... একটা সেইম সেইম বডি সোহেলের বউয়ের মত ছিলো। এখন আজ কয়েক দিন যাবৎ ঐ টা এখানে নেই...? ঘটনা টা কি...? হতে পারে বডি সোহেল...,1
"এই তর্ক এক পাশে রেখে প্রাক্টিক্যাল দক্ষতা নিয়ে আলোচনা করা জরুরি। কেননা বর্তমানে অনেক ক্ষেত্রে দেখা যায়, ইঞ্জিনিয়ারিং ঠিকই করছে কিন্তু দক্ষতা অনেকটা অসন্তোষজনক।",0
জাতিগত পরিচয়ের চেয়ে মানবতা বড় হওয়া উচিত,0
দোষ আসলে এই ভদ্রলোকের। খান সাহেব কি উনাকে মেসেজ দিয়েছে যে আমি আজকে সেঞ্চুরি করবো আপনি আসেন প্লিজ,1
সিলেট সুনামগঞ্জ হবিগঞ্জ এ কোনো রেস্কিউ টিম কাজ করছে এদের নিয়ে? কিছু একটা করা দরকার।,1
আপা যাওয়ার পর তামীম ভাই এর মাথা নষ্ট হয়ে গেছে,1
ছাত্র সমাজকে রক্ষা করি। এসো সবাই মিলে কাজ করি মাদক মুক্ত সমাজ গড়ি।,0
"আল্লাহ আমাদের হেদায়েত দিন, যেন আমরা সবাই সৎ ও ন্যায়পরায়ণ জীবনযাপন করতে পারি।",0
ভাই কমেন্ট বক্সে গালাগালি করতে পারি না বন্ধু বান্ধব ক্যানসেল অনেক থাকে দয়া করে আপনার নাম্বারটা দেন ফোনে মন খুলে গালিগালাজ করব,1
অতীতকে স্বীকার করে নেওয়া এবং বর্তমানকে প্রাধান্য দেওয়ার মাধ্যমে সম্পর্কে স্থিতিশীলতা আনা সম্ভব।,0
মুখে নয় বাস্তবে আমরা এটার প্রতিফলন চাই। আমাদের সাধারণ মানুষকে শুধু কথার বুলি দিয়ে ঘুম পাড়িয়ে রাখে বাস্তবে আমরা এমন সুযোগ সুবিধা পাইনা।,0
"এটাই বাস্তব, কারণ এটা বাংলাদেশ",1
নাটক কম করো প্রিয় সবাই জানে বেশি আবেগ ভালো না।,0
"এটা জেনে এত ভালোলাগা কাজ করতে ছিলো, তখন ভেবে পেলাম এই আবেগই দেশের প্রতি আমাদের ভালোবাসার বহিঃপ্রকাশ। আর এটা বাংলাদেশ গার্মেন্টস শিল্পের জন্য অনুপ্রেরণা। বিশ্বে বাংলাদেশ গার্মেন্টস শীর্ষে থাকলেও বাংলাদেশের গার্মেন্টস শ্রমিকরা বিশ্বের সবচেয়ে অবহেলিত শ্রমিক",0
দ্বিতীয় ইবিআর এর কোম্পানিগুলোকে ঢাকার আশপাশের এলাকায় ছড়িয়ে দেয়া হয় এবং তাদের যোগাযোগ ব্যবস্থা সম্পূর্ণ অকেজো রাখা হয়।,0
এভাবে কতদিন...!? একদিন জাতির ঘুম ভাংবে,0
বাসায় পিচ ভালো না বোলিং করতে গিয়ে পড়ে গেছে হয়ত,1
বইমেলা শেষের ঘণ্টা পড়েছে,0
গবেষণা প্রজেক্টের খরচ চালানো অনেক সময় কঠিন হয়ে দাঁড়ায়।,0
আর হেঁটে যাওয়ার সাহস হয় না।,0
"এই হরতাল হবে ভারচুয়াল প্লাটফর্ম এ,,ফেসবুক ইউটিউবে কোন গাড়ি ঘোড়া চলাচল করবে না, সকল অফিস দোকানপাট বন্ধ।",1
আল্লাহ হয় এদেরকে হেদায়েত দাও না হয় ধ্বংস করে দাও।,0
আাস্ত একটা পাড়ার ছেলেদের দাওয়াত দেওয়া যাবে,1
চাঁদ দেখতে খুব বেশি ভালোবাসি,0
আমি তো আয়তক্ষেত্রের কর্ণ বরাবর নিয়ে ঘুমাই,1
"কি সুন্দর নির্জন ছিল তখন। আর আজ, ইট,কাঠ, রড এর এক ভয়ানক জঞ্জাল এ পরিণত হয়েছে।",0
"সাকিব আল হাসান একজন হিরো,একজন নায়ক, একজন কিং'ব'দ'ন্তি,, আর কিং'ব""দ'ন্তি'দের কে আপনি চাইলেও মুছে ফেলতে পারবেন না",0
পোস্টটা সময়োপযোগী।,0
আলহামদুলিল্লাহ ফজরের নামাজ দিয়ে সকালটা শুরু করলে সারাটা দিন আমার সাথে ভালো কাটে,0
"যে কেয়ার করে না, তার পেছনে সময় নষ্ট করার মানে নেই।",0
সোনাগাজী এসে রস খাওয়ার দাওয়াত রইলো।,1
আমি চির বেইমান। আমি মূল্যবানের মূল্য দিতে পারিনি। আমি চির অকৃতজ্ঞ। আমি সম্মানীকে সম্মান দিতে পারিনি।,0
"কানাডা, আমেরিকায় ও তো অনেক ফাঁকা জায়গা পরে আছে ওখানে ইজরায়েল রাষ্ট্র প্রতিষ্ঠা করা যেতে পারে।",0
"অভিনন্দন প্রথম বাংলাদেশি হিসেবে থাইল্যান্ড পা রাখলেন,",1
"""আমরা জীবনে একেকটা পর্যায় পার করে আসি ... একটা সময় ছিল, জীবনের এত প্যাঁচ বুঝতাম না ... সহজ সরল একটা মন নিয়ে চলতাম ... চোখ বুজে সবাইকে বিশ্বাস করতাম ... মনেপ্রাণে বিশ্বাস করতাম যে পৃথিবীর কেউ আমাকে ঠকাবে না !! জীবনে দুই-একবার ঠকে যাওয়ার পরেই ঐ পর্যায়টা শেষ হয় ... আমি ভাবতে শুরু করি, মানুষের মাঝে ভালোমন্দ আছে ... সবাই ভালো না ... পৃথিবীটাও অত সহজ না !!",0
যেই পড়া মাথায় যাবে না সেইটা যাবেই না এখন যেই খাবারই খাই না কেন,1
ঐতিহাসিক সত্যগুলো জানা এবং বুঝতে পারা খুব দরকার,0
কি পরিমাণ পাপ করলে এসব ভিডিও সামনে এসে পড়ে,1
আর রাতের ভাত খাওয়ার পর ঘুম পালায়,1
"কেউ ব্যবসা চালু করলে কত ভাবে জানান দিয়ে মার্কেটিং করে তারপর খাওয়ায় আর এরা চিরকুট রেখে চলে গেছে। নারে, মানবতা আজও বেচে আছ রে",1
"আমরা সবাই বাহিরে থেকে সবকিছু ভালো দেখি, কিন্তু ভিতরে কি অবস্থা আছে যারা সেখানে থাকে তারাই বলতে পারবে পরিস্থিতি কী অবস্থায় আছে। সমলোচনার করা যেকোনো লোকজনের জন্য একবারই সহজ।",0
ভালোবাসি অনেক আপনাকে মিস করবো সারা জীবন,0
তবে সারা বিশ্ব আপনাদের ধরবে। সারা বিশ্বকে জাস্ট একটা উগ্র জাতি হিসেবে নিজেদের পরিচয় দিচ্ছেন।,0
সাত কলেজ কেন? বলো যে ঢাকা বিশ্ববিদ্যালয়ের সার্কুলার প্রকাশ করেছে,1
টাকার অভাব,0
দীর্ঘদিনের পরিশ্রম এবং বিনিয়োগ অপচয়ের ফলে স্টার্টআপগুলো টিকে থাকতে পারে না।,0
"সংবাদ মাধ্যম অফিসে অভিযান মারাত্মক ক্ষতিকর হবে,কারণ সেটা দুনিয়া জোড়ে নেগেটিভ প্রচারণা হবে।",0
পরকালে বিশ্বাস করে না আবার বিচারের ভার দেয় আল্লাহ্,0
অর্জুনের চেষ্টা আর ধৈর্য একদিন সাফল্য নিয়ে আসবে।,0
প্রায় সব দেশেই রাষ্ট্র প্রধানদের মূল আবাসস্থলের নীচে আপদকালীন অবস্থানের জন্য আবাসন নির্মাণ করা হয়। ভারত পাকিস্তান ইরান ইরাক চীন আমেরিকা সমস্ত দেশেই রয়েছে। রাষ্ট্র প্রধানের আবাসনের নীচে কোন অপরাধীকে রাখা হয় না। মূর্খের মতো পোস্ট।,0
সম্পর্কের ভবিষ্যৎ নির্ধারণে যৌথ সিদ্ধান্ত নেওয়ার জন্য সহানুভূতিশীল আলোচনা করা গুরুত্বপূর্ণ।,0
দেশের অর্থনীতি মুখ থুবড়ে পড়েছে।,0
এর মধ্যে একদিন কলেজে বন্ধুদের সূত্রে ভারতীয় অভিনেত্রী সাই পল্লবীর একটা ছবি দেখে আশ্চর্য হয়ে যাই।,0
বহু মানুষের বহু মাসের কঠিন পরিশ্রমের মাধ্যমে আজকের দিনটি সম্ভব হয়েছে।,0
শুরুতে অনেকে থাকে। শেষ বেলায় একজন থাকে রক্তচোষী,1
বাবার কাছে তাঁর শত সহস্র বায়না আর বায়না।,0
"লজ্জাহীনতা কখনও কখনও মানুষের জন্য বিপদ ডেকে আনতে পারে, তবে সবার মানসিকতা এক হওয়া প্রয়োজন।",0
হলের সমস্যাগুলি সমাধানের জন্য সরাসরি ভিসি স্যারের সঙ্গে কথা বলার ইচ্ছা।,0
স্যালুট ভাই স্যালুট,0
দরিদ্র দেশ টি শোষনের বন্দিশালা থেকে মুক্তির অত্ত্বনাত করে চলছে সকাল সন্ধ্যা।,0
হুমায়ূন আহমেদ স্যার যদি এই মেয়ে টি কে বিয়ে না করতো তাহলে একে কোন রিকশা চালক ও বিয়ে করতো না এর কি আছে রূপ গুন বলতে যা বোঝায় এর মধ্যে কোন টা আছে এই মেয়ে টির মধ্যে,0
দুঃখিত ভাই। ক্ষমা করে দিয়েন,1
"অতীতের সকল রেকর্ড ভেঙে দিয়েছে এবারের বন্যা। কোম্পানীগঞ্জ-গোয়াইনঘাট ও জৈন্তাপুরে বহু মানুষের ঘর-বাড়ি প্লাবিত। ইয়া আল্লাহ, সবাইকে হেফাজত করুন।",0
সুন্দরভাবে বলেছেন।,0
"আসছে ফাগুন আমরা হবো দিগুণ। এইটা বলতে বুঝিয়েছে,,,,ফাল্গুনে জিনিসপত্রের দামের উপর চড়া ভ্যাট আরোপ করা হবে",1
"এই জানালার আড়ালে উকি, ঝুঁকি, মৃণালের সঙ্গে কত স্মৃতি। এ কি করলে ভাই? সব শেষ করে দিলে।",0
"মিডিয়া আওয়ামী লীগ সরকারি আমলা ভাসছে পদ্মায়, সিলেট ডুবছে বন্যায়",1
মোবাইল চালানো নিয়ে কখনো কথা শুনতে হয় নি,0
"এইটা হলো, ইচ্ছাকৃতভাবে বিড়াল হওয়া। সঠিক যায়গায় বিড়াল হলে লাভ আছে । যদিও আমি এখনো বিয়ে করি নাই।",1
সব জুলুমের উচিত জবাব সুদে আসলে ফেরত দিয়ে দেয়।,0
লোক লজ্জায় বলতে পারি না ব্রাজিল যে আমার প্রিয় দল,1
এইটাই শেষ দেখা তার সাথে।,1
২০ ডিগ্রি ফারেনহাইটে পানি বরফ থাকবে তাই লাল বালতিটে কয়েন আগে নিচে যাবে।,0
খুব সুন্দর লিখেছেন আপনি গানটা খুবই সুন্দর আপনাকে খুবই সুন্দর লাগছে,0
অবস্থা দেখে মনে হচ্ছেনা দেশে বর্তমানে কোন সরকার আছে। সারা দেশে যা অবস্থা তাতে মনে হচ্ছে দেশে গৃহযুদ্ধ অথবা সেনাশাসন আসার যথেষ্ট সম্ভাবনা রয়েছে। শেষ পর্যন্ত হয়তো আমরাই হেরে যাচ্ছি!! আল্লাহ আমাদের হেফাজত করুন !!,0
আলহামদুলিল্লাহ। তাদের এই নেক গনফাঁসি আল্লাহ কবুল করুক। আমিন।,1
আমরা সাকিবকে সেদিন ১৭ ১৮ কোটি মানুষের প্রতিনিধিত্ব করার জন্য দেশের লাল সবুজের জার্সি গায়ে পরিয়ে পাটিয়ে ছিলাম বিনিময়ে আমরা স্বৈরশাসকের দালাল উপহার পেলাম,0
ক্রাশ'কে প্রপোজ করছেন না কেন?,1
কুত্তার বাচ্চার প্রস্তুত ও তাদের বিচার বাংলার মাটিতেই হবে,0
শুধু খাবার না দিতে পারলেও আঘাত করা উচিত নয়।,0
লেখকের অভিজ্ঞতা ব্যক্তিগত হলেও অনেকের সাথেই মেলে,0
টিভি দেখা কমিয়ে দিছি,0
মাকে ধোকা দিয়ে খুশি করার চেয়ে মায়ের সাথে সত্য কথা বলে কাদানো ভালো। সেই কান্নার মধ্যে দোয়া থাকে,0
"বিপিএল এ ঢাকার দল নিয়ে তো কাম দিছো,,,",1
আমার পরিশ্রমের টাকায় ফ্যামিলি চলে এটা আমার জন্য গর্বের আলহামদুলিল্লাহ,0
এ গুলার ভালোবাসা দেখলে অনেক কষ্ট লাগে রে ভাই,1
"শান্তিতে আছেন সাল্লু ভাই! বউ নাই, প্যারাও নাই! শুধুই চিল আর চিল!",1
চলচিত্রে ফোকাস দাও পিও আমি অধীর আগ্রহে আপনার নতুন নতুন কাজ দেখার অপাক্ষায় থাকি,0
নাস্তিক বা আস্তিক সবারই উপকার হবে বলে আশাকরি এই পোষ্টটি থেকে,0
মানুষের জীবনের কিছু কিছু দিক একটু অদ্ভুত হতে পারে।,0
মাঝে মাঝে মনে হয় এটেনশন সীক করা উনার একমাত্র লক্ষ্য,0
"এদের নিরাপত্তা ব্যবস্থা না করতে পারলে নিজেদের উপদেষ্টা ভাবা বাদ দিয়ে, পদত্যাগ করুন",0
"আমাদের সমাজে সঠিক মূল্যবোধ বজায় রাখা গুরুত্বপূর্ণ, যাতে তরুণরা সৎ পথে চলতে পারে।",0
ঢাবিতে ভর্তির হওয়ার চিন্তায় পড়ালেখায় হচ্ছে না,1
তাতে তো আরও সমস্যার সৃষ্টি হবে।ওরা কখনোই প্লেয়ারদের পুরো পেমেন্ট ক্লিয়ার করবে না।,0
কুকুরের প্রশংসা শুয়োর করছে।,1
"সে কিছু টা হলেও পর্দা করছে তারপর ফল আল্লাহ দিবেন,",0
সবচেয়ে ভালো লাগলো মেহেদী হাসান খান কে দেখে। যার অবদানের জন্যে আমরা বাংলা লিখতে পারছি মোবাইল বা কম্পিউটার এর মধ্যে। সে তার তৈরিকৃত software avro কিবোর্ড ফ্রি করে দিয়েছে। তার এই software ব্যবহার করে বাংলাদেশের জনগণের NID card করা হয়েছে যার বিনিময়ে সে এক টাকা ও নেয় নাই। অভিনন্দন জনাব মেহেদী হাসান খান,0
জীবনে কিছু পান আর না পান ভক্তদের ভালোবাসাটা পেয়েছেন সবার থেকে অনেক অনেক বেশি মনে রেখেন বস সাকিব আল হাসান আপনার ভক্ত ছিলাম আছি এবং থাকবো ইনশাআল্লাহ আপনি ফিরবেন বীরের বেশে দেশে,0
কাফফারার টাকা কি এখানে দেয়া যাবে?,0
চাচার তাকানো অনেক সুন্দর হয়েছে।,0
কালার দেখে ভাইয়ের মন খারাপ,1
সাদমান সাকিব স্যারের সাথে দেখা করার সৌভাগ্য হয়েছে। আমার জীবনের দেখা সেরা একজন ভালো মনের মানুষ,0
প্রতিটি মানুষের নিজস্ব মতামত থাকা স্বাভাবিক।,0
তুই তো পুরাই ভাইরাল এখন,1
"একটু অপেক্ষা করো সোনা মণি, আল্লাহ সহজে ধরেন না ধরলে ছাড়েন না,আল্লাহু আকবর",0
বিশ্ববাজারে পরিবেশবান্ধব পণ্যের চাহিদা বৃদ্ধি পাচ্ছে।,0
"যেইখানে অক্সিজেনের সল্পতা মিটাতে গাছ লাগালে গ্রেফতার হয় সেইখানে দূষিত দেশের রেংকিংএ ১,২ এ থাকবে স্বাভাবিক",0
টক্সিক সার্কেল থেকে দূরে থাকুন।,0
"বাবা-মা আমাদের জীবনের শক্তি, গাছ আমাদের পরিবেশের শক্তি এবং বন্ধুরা আমাদের মনোবল।",0
অন্তত তার প্রাপ্য সম্মান টুকু সে ফিরে পাবে। যে দেশে গুণী লোকের কদর হয়না। সে দেশের মাটিতে আর এক সেকেন্ড ও থাকা উচিৎ না।,0
আমরা এমন একটা দেশে বসবাস করি যেখানে এক মিনিটের জন্যেও মন খারাপ করে থাকা যায় না,1
মা সন্তানের পাশে থাকলে সবকিছু সম্ভব হয়।,0
"সত্যি ভেবে লাইক দিছি, যদি নাটকের অংশ হয় তাহলে লাইক তুইলা নিবো নাটক,,,,",0
বুড়া আওয়ামী দালাল কানের নিচে একটা দিমু,0
পাহাড়িরা ষড়যন্ত্রের করছে। কিভাবে বাঙ্গালী ছাত্রদের অবশ করে তাদের আন্দোলন এ নামানো যায়। তাদের কথা মত চলার জনয ব্লাক যাদু করছে মনে হয়।,1
মাসআললা সুভ জন্মদিনের অনেক অনেক শুভেচ্ছা ও দোয়া রইল,0
"আমার পাশের সিটে বসেছে একটা চাইনিজ মেয়ে। ট্রেন চলছে দূর্বার গতিতে। হঠাৎ মেয়েটা কি যেন খোজা আরম্ভ করলো। খুজতে খুজতে পুরাই তোলপার। সিট উল্টে, ফ্লোরে শুয়ে খুজতে থাকল। বুঝলাম গুরুত্বপূর্ণ কিছু হারিয়েছে।",0
মাশাল্লাহ। আমার প্রিয় মানুষ টি,0
আগেই কইছিলাম ট্রফি লঞ্চে উঠবে,1
ধানমন্ডি ৩২ ভাঙা হইলে কেউ আবার হুমায়ূন আহমেদ এর লাং শাওনের ঘরের দিকে যাইয়েন না পিলিজ!,1
আমি আখতার ভাইকে দলের দ্বিতীয় পদে দেখতে চায়।,0
এই লোকটি বিনা পরিশ্রমে ও বিনা খরচায় অটোমেটিকভাবে ভাইরাল হয়ে গেল,1
"প্রশাসন যদি সময়মতো পদক্ষেপ নিত, তাহলে এমন পরিণতি হতো না।",0
পরবর্তী সিনেমা হবে স্বামী কেন ভাই?,0
দালালি ছাড়। তুই কেমন সুবিধাবাদী সবাই জানে। ঝোপ বুঝে কুপ দেয়া পাবলিক তুমি।,0
বাণিজ্যিক উৎপাদন শুরু হলে ব্যাগের দাম কমার সম্ভাবনা রয়েছে।,0
পপি নির্দোষ পরিবারের জন্য এতো কিছু করেও পরিবারের মন জয় করতে পারেনি।,0
"সরকারের বিচার প্রক্রিয়ার স্বচ্ছতা নিয়ে প্রশ্ন উঠছে, তবে সবার সম্মিলিত প্রচেষ্টায় পরিস্থিতি উন্নত হতে পারে।",0
জুলাইয়ের অভ্যুত্থানে বিএনপির বড় বড় নেতাদের চেয়ে ঢাকার রিকশাওয়ালাদের অবদান বেশি!,0
উনি একজন সফল ডাক্তার এবং সফল অভিনেতা বটে। মানুষ হিসেবে অনেক ভালো। উনার মত সৎ এবং যোগ্য ব্যক্তিকে স্বাস্থ্য উপদেষ্টা বানানো উচিত।,0
মাশরাফি আর সাবিনার মত অধিনায়ক অভাগা বাংলাদেশ আর পাবে নাহ...,0
তে তো আমি রাজি,1
ভ্রাম্যমান মোবাইল কোর্ট অত্যন্ত জরুরী বন্যা এলাকায়।,1
"রুপে নয়, গুণের মানুষের আসল পরিচয়। অনেক ভালো লাগলো",0
"আমি এইসবের কিছুই দেখিনি,,তবে বাংলাদেশে জন্ম হয়ে এই সব পাগল দেখার সৌভাগ্য হয়েছে,,",1
সৃজনশীলতা বা মননশীলতার বিচারে উৎকর্ষের পরিচয় দিতে না পারলেও এ ধরনের রচনার দারুণ চাহিদা তৈরি হয় গড় পাঠকের কাছে।,0
ফুল তাকেই দিয়ো - যে ফুল শুকিয়ে গেলেও যত্নে রাখবে!,0
পাগলামি ছাড়া আর কিছু নয়,1
"যত বেশি ব্যস্ত থাকবেন, তত বেশি শান্তিতে থাকবেন। সত্যি দারুণ একটা কথা",0
ব্রা আমি বলছি কি তোমার কি ভালো কিছু মাথায় ঢুকে না আকাম কুকাম ছাড়া।,0
প্রতিটি মা যেন তার সন্তানের এই ভালোবাসা উপভোগ করতে পারে।,0
আমারটার যদি এরকম ধৈর্য্য থাকতো,1
"জীবনের কিছু সময়ে আমাদের সবকিছুর উপর নিয়ন্ত্রণ রাখা কঠিন হতে পারে, কিন্তু আপনার সচেতনতা ইতিমধ্যে অনেক সাহায্য করছে।",0
বন্যার পর তো সবসময় ফলন ভালো হয় বলেই জেনে আসছি এতদিন ধরে,0
সত্যি অসাধারণ এই প্রথম দেখলাম একটি হাঁস এভাবেই গরুর গাড়ির মতো,0
যারা নাসিরকে বাদ দিতে বলতেছে তারা হয়তো নাসির কেমন খেলোয়াড় ছিলো সেটা দেখেনি,0
নামের বানান ভুল। বাড়া হবে। টিপিকাল ভুল ইন বাংলাদেশ।,1
"গাছ লাগানো শুধু একটা কাজ নয়, এটি ভবিষ্যৎ বিনিয়োগ",0
চমৎকার একটি পারফরম্যান্স দেখতাছি আমরা,0
ফি আমানিল্লাহ,0
শুধু শুধু মিথ্যা বলে মানুষকে বিভ্রান্ত করেন কেন?,0
খুব দুঃখজনক ঘটনা,0
রাজধানী ঢাকার পাঠকেরা তখন নিউমার্কেটের ইংরেজি বইয়ের দোকানগুলো ছাড়াও ভারী বই খুঁজতে যেতেন আহমদ ছফার আড্ডাস্থল আজিজ মার্কেটে।,0
"যদিও আমরা এই ফিল্মগুলা নিয়ে আধুনিক যুগে এসে ট্রল করি,। কিন্তু এমন এক সময় গেছে এই ফিল্ম গুলা দেখার জন্য ঘন্টার পর ঘন্টা আমরা টিভি সেটের সামনে বসে থাকতাম",0
"শাসনের নামে করেছে শোষণ, কে শোনে,কার ভাষণ!",0
"বাহ অসাধারণ হয়েছে, এমন মানুষের প্রেমে পড়াও সৌভাগ্যের।",0
কি মিষ্টি মুখের কথা যা শুনলে মন ভরে যায়।খুব ভাল লেগেছে। আশা করি এমন আরও শুনতে পাব সেই অপেক্ষায় রইলাম।সত্যি মন ছুঁয়েছে।,0
"সরকারকে পরামর্শ দিন সংস্কার কাজে সহোযোগিতা করুন,সংস্কার শেষেই ৫ বছর পরে নির্বাচন হবে।",0
গুলশানে একটা কলিকাতা হারবাল এর ব্রাঞ্চ খুললে কেমন হয় ?,1
আমাদের একজন বিজ্ঞানী হাড়িয়ে ছি,1
"আপু তোমার নিল চোখ গুলা বেশি সুন্দর, এবং তোমার নিল চোখ গুলা ছারা আমি তুমাকে চিনতেই পারি না,",1
আপনি তো এমনিতেই আইএ থেকে চাকরি করেন কবি কাজী নজরুল ইসলাম বিশ্ববিদ্যালয়ে।,0
"জুলাই আগস্ট এর পর ধানমন্ডি ৩২ এর নতুন ভবনটির নিচে সন্দেহজনক অনেক আলামত থাকতে পারে হতে পারে আওয়ামী লীগের লোক দিয়েই পানি ভরাট করে দেয়া হয়েছে তার কারণ এর নিচে হয়তো মানুষের হাড়গোড় অথবা যেকোনো হত্যাকাণ্ডের চিহ্ন থাকতে পারে তাই অতি দ্রুত এই পানিগুলো মটর দিয়ে শেচের ব্যবস্থা করে তা তদন্ত করা হোক , এমন বক্তব্য আলামত নষ্ট করার পরিকল্পনারই অংশ মনে হচ্ছে",0
প্রিয় ভাইজান মেকানিক্যাল ইঞ্জিনিয়ারিং এ পড়ার জন্য কোন দেশে গেলে ভালো হবে। জানাবেন প্লিজ।,0
এই সরকারের এইরকম রুচি দেখে আমি হতবাক,0
"সালমান মোক্তাদির বুক স্টল একটা দিলে দেখবেন কাফি ভাইও বসে গেছে,",0
থাকার হলে শুধু আমার হয়ে থাকতে হবে এরকম হলে দরকার নাই থাকার ওয়ালাইকুম সালাম আসতে পারেন,0
মায়ের জন্য ছেলের ভালোবাসার এই প্রকাশ অত্যন্ত মহৎ।,0
"মানুষ হইতে গেলে ঝামেলা, অমানুষের কোনো দুঃখ নেয়...?",0
আপনাকে খুব দরকার ছিলো ভাই,0
"সবুজ বাটন চাপলেও যদি অপরপক্ষ লাল বাটন চাপতেই থাকে, তখন উপায়?",0
"যখন ত্বকের বাইরের স্তর স্ট্র্যাটাম কর্নিয়াম পানি শোষণ করে, তখন এটি ফুলে ওঠে। কিন্তু ত্বকের ভেতরের স্তর ফুলে ওঠে না। ফলে বাইরের স্তরটি ভাঁজ পড়ার মতো কুঁচকে যায়। এটি শরীরের একটি স্বাভাবিক প্রতিক্রিয়া।",0
টাকা না থাকলে কিস্তি তুলে ডিভোর্স দেন,1
"ভরসা গ্রুপের হোগায় ট্যাকার গন্ধ, প্রশাসনের চোখ সেখানে অন্ধ...",0
"ছাত্রলীগের কর্মিদের থেকে বাংলাদেশের মিডিয়া গুলো বেশি প্রচার করছে, তারা কাদের সার্ভ করতেছে চিন্তার বিষয়",0
মায়ের জীবন সন্তানের প্রতিটি মুহূর্তের সাথে জড়িত।,0
নালার মশা বলতাম আমরা এটাকে,0
"""সে আমার না হোক""তবুও সে জানুক পৃথিবীর কোন এক প্রান্তে ক্ষুদ্র একটি মানুষ তাকে এক আকাশ সমান ভালোবাসে!সে জানুক তাকে এক পলক দেখার জন্য কেউ আজও অপেক্ষা করে বসে থাকে, সে জানে তাকে আর কোনোদিন পাওয়া সম্ভব নয়,তবুও সে ভালো থাকুক দুনিয়ার সকল সুখ তার হোক,,!! হটাৎ আমরা অপরিচিত হয়ে গেলাম, অথচ কথা ছিল সারাজীবন পাশে থাকার.! কোথায় যেনো একটা লেখা পড়েছিলাম। লেখাটা কেনো জানি মাথা থেকে সরাতে পারিনা দীর্ঘ একটা সময় যাবত। ""তোমাকে একজন পেয়েছে মানে, আরেকজন কি বি""ভৎস ভাবেই না তোমাকে হারিয়েছে।"" লেখাটা খুব ছোট, কিন্তু পৃথিবী সমান বিশাল কথাটার গভীরতা। কেউ একজন দিনের পর দিন মাসের পর মাস বছরের পর বছর, কাউকে নিজের করে পাওয়ার স্বপ্ন দেখে যাচ্ছে অপেক্ষা করে যাচ্ছে। অথচ অন্য কেউ কোনো অপেক্ষা ছাড়া, সাধনা ছাড়াই তাকে নিজের করে পেয়ে গেলো। সে জানেও না সে যাকে নিজের করে পেলো, তাকে পেতে একজন কতশত দিন ধরে ক্ষু ধার্ত ভি ক্ষু-কের মত তার অপেক্ষায় দাঁড়িয়ে ছিলো।",0
"সৃষ্টি সেরা মানুষ না,এরা মানুষ রুপি অমানুষ।",0
ওর চোখতো ওখানে যাবেই।,1
"পোস্টদাতা এবং নেগেটিভ মন্তব্যকারীদের নিজের মা, বোন, স্ত্রী, মেয়েদের ক্ষেত্রে এমন কিছু যেনো তাঁর দেখতে না হয় কারণ তাঁরা কোনো দোষ করেনি এই অসভ্যকে আপন করে।",0
মায়ের প্রতি সন্তানের ভালোবাসা এমনটাই হওয়া উচিত।,0
করোনার কারণে অনলাইন ক্লাশ হতো তখন অভিভাবকরা নিজ হাতে মোবাইল বাচ্চাদের হাতে তুলে দিয়েছিলো। কিন্ত মোবাইল এখন ফেরত নেয়া যাচ্ছে না এটাই চরম বাস্তব।,0
এর জন্যই লাইফে ডাউনফল,1
ফেব্রুয়ারি বাদ দেয়া হোক,1
যে জিনিস যতো তাড়াতাড়ি উত্থান সে জিনিস ততো তাড়াতাড়ি পতন,0
ছেলেটার প্রোফাইল ঘেঁটে আরো অবাক হলাম,0
"সাধারণ সময়ের তুলনায় তখন প্রথম ইবিআর এর শক্তি ছিল অর্ধেক, এই ইবিআর কেই শীতকালীন প্রশিক্ষণের জন্য সীমান্তবর্তী চৌগাছায় পাঠানো হয়, ২৯ মার্চ পর্যন্ত তারা এখানেই ছিল।",0
ভাষা আর শব্দের এমন অজস্র নতুন নতুন বাঁকবদল দেখলাম আমরা গত কিছুদিনে।,0
"আগে হিন্দুস্থান আওয়ামীলীগকে দিয়ে খেলাতো, এখন হিন্দুস্থান সরাসরি খেলছে । আমাদের ঐক্যের কাছে হিন্দুস্তান বারবার পরাজিত হচ্ছে। এ যুদ্ধ অনেক দীর্ঘ হবে। মনে রাখবেন- আমাদের শক্তির নাম ইমান আর আমাদের অস্ত্রের নাম ঐক্য ।",0
এইবার ট্রাম্প টিকটকের মত ডিপসিকও ব্যান করবে !! হা হা হা...,1
"পড়াশুনাটা আসলে করা দরকার, আমার এরকম মাঝে মাঝে এক দুই সেকেন্ড এর জন্য মনে হয়।",1
ভাই মোর বাড়ি বরগুনা। মোরা ময়ুখের নাম সুনলেও ওজু করি,1
মিরপুরে একটি স্টার্টআপ অফিসে এমন ঘটনা প্রযুক্তি খাতের প্রতি আস্থার অভাব সৃষ্টি করে।,0
"ব্যর্থ বাবা,সন্তান কে সঠিক পথে না নিয়ে, নিজে এই পথে সন্তান এর সাথে তাল মিলিয়ে চলছে",0
ভালোবাসা ত ভালোবাসাই ভালোবাসার আবার দিবস লাগে নাকি,0
এটা আসলেই অন্যরকম সুন্দর হয়েছে।ইতিহাসে প্রীতিলতার নাম স্বর্ণাক্ষরে লেখা।এই চরিত্রের প্রতিপালন আসলেই দৃষ্টিনন্দন লেগেছে।,0
কালা হইলেও চেহারার কাটিং সুন্দর,1
এতো সুন্দর একটা ভিউ দেখলে দেখতে মন চাচ্ছে বারবার ভাইয়া,0
কেউ ওর বউকে ছবিটা দিস না। যদি ওই বাসায় গিয়ে না থাকে। তাইলে সংসারটা যাবে,1
ভয়াবহ অবস্থা,0
হাসপাতালের পরিবেশে সঠিক যোগাযোগ দক্ষতা থাকলে রোগীর পরিবারের মিথ্যা অভিযোগ কমে যায়।,0
তোমার মনের আশা পূরণ হোক,0
এর পর বলবে মহিলা মানষিক রোগী। ইনার কিছুই হবে না। যেখানে পোষ্টারের উপর পোষ্টার লাগাইলেও দেশাদ্রোহি মামলা হয় সেখানে তিনি বহালতবিয়ত এ আছেন। মুল উদ্দেশ্যে ঠিকি হাসিল করে নিয়েছেন চিকন বুধ্বি দিয়া।,0
ছাত্র-জনতাকে বুড়ো আঙুল দেখিয়ে জাতীয় সরকার গঠনে বাধা দিয়েছে। এখন আবার সকাল-বিকাল নিয়ম করে দ্রুততম সময়ে নির্বাচন চাচ্ছে। এরা যে নব্য ফ্যাসিস্ট হয়ে ওঠবে না এর গ্যারান্টি কী?,0
এটা ওই হেলমেট না ভাই,1
ভাইয়ের বিয়ের কেনাকাটা ...,1
"মোবাইল ছাড়া ওয়াশরুমে গেছিলাম, বাথরুমে ১০৮ টা টাইলস লাগানো আছে।",1
তোরা কেন আমেরিকার খালি জায়গায় ইসরায়েল রাস্ট্র গঠন করিস না?,0
আমাদের বাংলাদেশের ছেলেদের অনেক প্রতিভা আছে তাদেরকে কাজে লাগাতে পারছে না বাংলাদেশ সরকার,0
তামিলরে নিয়া কোন কথা চলবেনা হেতে আর আবেগ,1
আপা আসলে গেঞ্জিদের জাইঙ্গা খুলে দেওয়া হবে।,1
আপনি ব্লক না দিয়ে চ্যাট করছিলেন বলেই ছেলেটা এতোকিছু বলার সাহস পাইছে বোন।একজনরে এক্সপোজ করতে গিয়ে নিজেরে কোথায় নামাইলেন?,0
ভাই হোয়াটসঅ্যাপ নাম্বারটা দিয়েন । কমেন্ট বক্সে গালি দিলে আইডিতে সমস্যা হয়,1
"জামাত মনে করছে লোকজনের চোখে কালো চশমা,,হেতিরা কিছুই দেখেনা জানেনা",0
চাটাচাটি করছেন যে এতু যে জ্বিহব্বায় ঘা হয়ে যাবে।,1
যারা আড়ংয়ে শপিং করে তাদের জন্য বাড়তি ভ্যাট ট্যাক্স বহন করা কোনো ব্যাপার না! আমরা যারা ভ্যান থেকে কিনি শুধু তাদের প্রবলেম!!,1
লেগে থাকেন হাল ছাইড়েন না,0
দেশের সূর্যসন্তানদের নিয়ে যারা অপপ্রচার চালাচ্ছে তাদেরকে রুখে দিতে ছাত্র-জনতা প্রয়োজনে আবার রাজপথে নামবে,0
এটাকে করলি রে ভাই এরকম,1
"উনাকে সব সময় খুশি রাখা উচিত ,তা না হলে উনি বিপিএল থেকে অবসর নিয়ে ফেলবেন",1
দেশে যা শুরু হইছে সুষ্ঠু নির্বাচন হলে আওয়ামীলীগ আবারো বিপুল ভোটে জয়লাভ করবে ইনশাআল্লাহ,1
বেলা ভালো হয়ে যাও,1
"খেলাধুলা মানুষের শারীরিক এবং মানসিক স্বাস্থ্যকে সমৃদ্ধ করে, ঠিক যেমন প্রকৃতি আমাদের মনকে শান্ত রাখে।",0
ইউনিভার্সিটির ক্লাস শেষ করে বাসায় আসতে আসতে পরের দিনের ক্লাসের সময় হয়ে যায়,1
তবে পুরো বিষয়টি পর্যবেক্ষণে রাখা হয়েছে।,0
সিলেট যাচ্ছেন দেশরত্ন!,1
সব আইডিয়া কোষ্ঠকাঠিন্য হয়ে চলে গেসে পেট খালি এখন,1
"পিনাকি একটা ষড়যন্ত্রকারি।ওর পাল্লায় পড়ে বাংলাদেশে আজ অশান্তি, প্রতিহিংসা।",0
তোর বোনের ভিডিও ভাইরাল হয় নাই আমি তো দেখলাম তোর বোনের ভিডিও ভাইরাল হয়েছে,0
আমি কাটিয়েছি এই দিন গুলো,0
রাজনৈতিক দলগুলোর মাঝে সত্যিকারের আস্থার অভাব কি সবচেয়ে বড় সমস্যা?,0
তাহলে ফেব্রুয়ারির মাস টাকে জানুয়ারি মাস ভাবতে শুরু করুন,1
ইস্টার্ন ভ্যালু ভালোবাসা এক জিনিস আর জীবনের প্রতিটি সমস্যা যাচাই করা আরেক জিনিস আমরা ইসলামকে ভালোবাসি ঠিক কিন্তু মানদণ্ড হিসেবে গ্রহণ করতে রাজি নয় এইটাই মূল সমস্যা,0
"এদেরকেই বলে অভিনেতা, কখন যে কোন ক্যারেক্টরে চলে যায় নিজেরাও বোঝে না",0
সুন্দর পরামর্শের জন্য অনেক অনেক ধন্যবাদ।,0
হতাশ হওয়ার কোন কারন নাই বড় ভাই। ইনশাআল্লাহ চ্যাম্পিয়ন ট্রফিতে আপনার সেরাটা দেখতে পাব,0
তোমরা এক জন লিজেন্ড কে নিয়ে এভাবে বলতে পারো,1
"যারা আপনাকে আপনার মতো করে ভালোবাসে, তাদের গুরুত্ব দিন।",0
"কথা বাস্তব তবে, বর্তমান সময়ে টাকার প্রয়োজনটা ভালোবাসার চেয়েও বেশিই মনে হয়",0
আমিও একবার এইভাবে ডাল রান্না করে দেখবো প্রিয় আপু কেমন স্বাদ লাগে,0
"আমার মতামত হলো... আপনি রাতে দেখবেন অনেক বড় বনে ঘুরতে গেছেন,আপনার ভীষণ হিসু পেয়েছে তো,শান্তি মতো হিসু সেরে নিলেন।এবার সকালে আপনার গোটা গুষ্টি দেখল এই বয়সে নিজের বিছানায় কাম সারছেন... মানে এসব কল্পনা হলো ওই ঘুমেই শান্তি, সমাজে অশান্তি...",1
স্কলারশিপের আবেদন প্রস্তুত করতে সময়মতো শুরু করা জরুরি।,0
ভাইয়া এগিয়ে চলো,0
"তাদের প্রার্থনায় কোনো ত্রুটি ছিল না, তাই তো করুণাময় তাদের নিরাশ করেননি।",0
ভালো - ভদ্র পরিবার - সু- শিক্ষিত মেয়ে হইলে আগেই ব্লক করে দিতেন। ২ ধন্যবাদ,0
কি কমু ভাই আজকে যা দেখছি মাথাই নষ্ট,1
তাকে ব্ল্যাক ওয়াল্ডের ১৪৭ নং রুম এ বন্দি করা হোক,1
"খুবই সুন্দর, চলুন আমরা সবাই হিংসে ভুলে একে অপরের সঙ্গে হাত মিলিয়ে আমাদের লক্ষ্যে এগিয়ে যায়। ছোট্ট জীবনে একটু সচ্ছল অবস্থা তৈরি করি নিজেদের",0
সৌন্দর্য দেখার জন্য খুব বেশি দূরে যাওয়ার যে প্রয়োজন নেই তা আপনার পোস্ট দেখে আমি অনুধাবন করলাম,1
তুমি একজন ভালো নটী।,1
"মাশাল্লাহ,,, অসম্ভব সৌন্দর্যে সৌন্দর্যমণ্ডিত আমাদের উত্তরবঙ্গ",0
বাদ যাবে না একটি শিশুও,1
সমন্বয়ক ভদ্রতা ইকবাল খান।,1
মনে হয় আসিফ নজরুল জানে না। জানলে তার মালকে কেউ গ্রেফতার করতে পারে সরি সরি শাশুড়িকে কেউ গ্রেফতার করতে পারে।,1
দাদারা এখনো আমাদের কাচ্চি বিরিয়ানি খায়,1
কালা যাদু করছে গো আমার পোলারে,1
"যারা ৩২ নাম্বার গুঁড়িয়ে দেয়ার মিষ্টি মিষ্টি সমালোচনা করতেছে, তাদের কেউ একবারও বলতেছে না যে, হাসিনার পাবলিক এড্রেসের স্পর্ধা হয় কিভাবে? কে তাকে এই সুযোগ করে দেয়?",0
মাত্র শুরু হলো। দু'দিন পর এই গুজবটাই সত্য হয়ে যাবে। সত্য করার জন্য মিডিয়া তো আছেই।,0
চাচা হেনা কোথায়,1
প্রায়ই যাওয়া হয় বোদা বাজারে ওখানকার খেজুরের রস খুব ভালো ও প্রসিদ্ধ,0
ধর শালাকে পই পই করে হিসাব নেয়া হবে!,1
আটা কেনার এতো টাকা কোথায় পায়? জবাব চাই দিতে হবে,1
আহা! রং বাছাই এর ক্ষেত্রেও বৈষম্য। মেয়েদের পছন্দের রং-ই বাছাই করা হয়েছে।,1
বই কেনার ধরনেও বদল লক্ষ করা যায় এই দ্বিতীয় দশকে।,0
ডাউন পেমেন্ট ছাড়া বারবার কাজ চালিয়ে যাওয়া স্টার্টআপের জন্য ঝুঁকিপূর্ণ হতে পারে।,0
অবশ্যই এমন ছবি আপনার কাছে কাম্য নয় আর একটু শালীনতা বজায় রাখা উচিৎ। আপনি একজন যোদ্ধা আর যোদ্ধা কখনো শরীর বিক্রি করে না!,0
"সর্বশেষ, দীপিকা পাডুকোনের এই গেরুয়া পোশাকে পাঠান সিনেমায় নাচ তাকে ব্যাপক সমালোচনার মধ্যে ফেলে দেয়।",0
সভা সমাবেশ প্রতিবাদ মিছিল থামানোর নতুন পথ,0
"কোন গোলাপেই কিছু বুঝার নাই, সবগুলাকেই ভালোবাসা আছে যদি সেটা আমরা ভালবেসে দেই, কারণ ফুল মানেই ভালোবাসা ফুল মানে সুন্দর",0
দেশের প্রযুক্তি খাতের উন্নয়নে সরকারের সুনির্দিষ্ট নীতিমালা থাকা উচিত।,0
"কি ভিডিও বানাইছেরে ভাই, ধন্যবাদ না দিয়ে পারলাম না",0
তালি যারা প্রথম দ্বিতীয় হইছে তাদের বানি নিচের চুল ও উইঠা গেছে,1
একবার চিন্তা করেন সারাদিন একশ টাকা ইনকাম করে ৫ টাকা দিয়ে আপনি এরকম একটা ভাল খাবার পাচ্ছেন আর বাংলাদেশের ৫০০ টাকা ইনকাম করে ৭০০ টাকার খাবার কিনতে হয়,0
হয়তো তুমি চাওনি বলে আর জাতীয় সংগীতের দ্বিতীয় চরণটা তোমাকে বলা হবে না। এমনকি জীবনে আর কাউকেই বলার ইচ্ছা নাই।,0
সারাদিন সারারাত ফেসবুক চালাইলেও বাধা দিত না,0
ফায়েজ বেলাল এর এক্স গার্লফ্রেন্ড রোজার প্রথম স্বামী তাহসানের প্রথম স্ত্রী মিথিলার ২য় স্বামী সৃজিত মুখার্জি,1
যারা সুযোগের সদ্ব্যবহার করে তাদের বিচার এমনভাবেই করা উচিত।,0
শ্রীলঙ্কার সাথে ঔ টাইম আউট না করতো সাকিব তাহলে হয়তো এই চ্যাম্পিয়ন টফি খেলাই হতো না বাংলাদেশের,0
গভীর শোক ও শ্রদ্ধা জানাই।,0
"এমন একটা ট্রিপই এখন আমার দরকার, জীবনযাত্রা স্লো ডাউন করাটা ইম্পোর্ট্যান্ট। কিন্তু সময় মিলতেছে না।",0
বাস্তব জীবনে বন্ধুত্বের এমন মহৎ উদাহরণ দেখলে ভালোই লাগে।,0
আন্তর্জাতিক তদন্তের মুখে সেনাবাহিনীকে ফেলতেই ইউনুস নতুন নাটক সাজিয়েছে।,0
"রাজনীতিতে বাস্তবতা অনেক বেশি জটিল, শুধু গেম থিওরি দিয়ে ব্যাখ্যা করা কঠিন।",0
আসলেই সে প্রিমিয়াম।,1
আহিস মালেক টাওয়ারে এমন ডেইলি আর উইকলি এক্সাম দিবি যে নিজেই বেহুস হয়ে যাবি।,1
বাঘ কিভাবে গণনা করা হয়?,1
এখন বাকস্বাধীনতা কোথায়? তাহলে আওয়ামিলীগ কি কোন ভুল করেছিল জুলাইয়ে সমন্বয়কদের ডিবি হেফাজতে নিয়ে?,1
যাকে ইচ্ছা তাকে সেখানে আমি আপনি কাঁদলেও কি!,1
"এটা কেমন গান রে ভাই, মিউ",0
"বড় ভাই টাইপিং মিস্টেক হইছে,,, য় এর যায়গা 'র' দিলে আরো ভালো মিলতো",1
আইলাব শিবির অনলি,1
"স্ত্রী জীবিত থাকতেই যেখানে বিবাহ করা যায়, সেখানে মৃত্যু পরবর্তী সময় নিয়ে বিতর্ক করা অলসতা!",1
সমস্যা হলো উনার বক্তব্য এদেশের অধিকাংশ লোকই বুঝে না! এখানে সব গিপিএ পাইব জেন-জি! কোনোমতে বাংলাও ঠিকঠাক পড়তে বা লিখতে পারে না যারা তারা ফাহামদের বুঝবে কিভাবে?,0
জনি দার বউ মিয়া খালিফা,1
"নুহাশ পল্লী মনে হয় সরকার এর বাপ দাদার সম্পত্তি, ওখানে হামলা করবে,একজন লেখন এর সারাজীবন এর কষ্টের টাকায় গড়া সম্পদ,কিছু বলার আগে ভেবে চিন্তে বলা উচিত, অন্যায় যে করবে তার শাস্তি তিনিই পাবে, অন্য কেউ না।",0
অলরেডি একটা চান্স ছিল মিস করছি আশা করি নেক্ট এ আশা পূরণ হবে,0
উনার অবশিষ্ট লজ্জা শরম নিয়ে অবসরে যাওয়া উচিত।,1
আমাদের দেশের আবহাওয়ার জন্য নিম গাছ একেবারে পারফেক্ট,0
বাংলাদেশের জেনারেশন জেড দেখিয়েছে প্রযুক্তি কীভাবে একটি বিপ্লবে চূড়ান্ত ভূমিকা নিতে পারে।,0
"বন্ধুতে আসা, ভরশা, ভালো-বাসা,কনেটা-ই আর নেই",0
"বন্ধুদের সাথে খেলা শুধু আনন্দই দেয় না, এটা আমাদের সম্পর্ককেও দৃঢ় করে।",0
"সরল জীবনযাপন করা অনেক সময় অনেক কিছু শেখায়, এবং এটি সম্পদ সঞ্চয়ের বদলে সঠিকভাবে অর্থ ব্যবহার করতে সাহায্য করে।",0
খুবিই নিকৃষ্ট কাজ হলো এটা,0
"কয়েল ও কুকুর ব্যাবসায়ী, থেকে আজ সে কবি",1
সবার জন্য অনেক অনেক দোয়া এবং ভালোবাসা রইলো । আল্লাহ তাআলা সবাইকে যেন সফলতা দান করেন,0
"দুর্নীতি মুক্ত বিশ্ব চাই, স্বৈরাচার মুক্ত বাংলাদেশ চাই বাংলাদেশ জিন্দাবাদ ইনকিলাব জিন্দাবাদ",0
খালেদার ম্যাকআপ আর্টিস্ট কে৷ তাকে কোনোভাবে জুলাই আগস্ট হত্যাকাণ্ডের মামালায় ঢোকানো যায়না,1
আইন মনে হয় শুধু আমাদের মতো গরীব দের জন্যই,0
কষ্ট মানুষকে বদলে দিতে পারে।,0
আমার সামনে আমার মেয়ে,0
চিকিৎসকদের সঠিক দিকনির্দেশনা মেনে চলার মাধ্যমে রোগীর পরিবার চিকিৎসা সেবায় অবদান রাখতে পারে। এটি সবার জন্য ফলপ্রসূ হয়।,0
"দিনের বাধ্যতামুলক 8 ঘন্টার জায়গায় 10 ঘন্টা পাছা ঘষেও নিজের জন্য, পরিবারের জন্য কোনো সময় বরাদ্দ না রেখে মেট্রো রেলের বসা 25-30 মিনিট কাজ করে উনি বাংলাদেশকে আমেরিকা করে ফেলেছেন",1
বাংলাদেশের জাতীয় ডাক মামা,1
মেয়েটা আমি আর ছেলেটা আমার এক্স ব্রেকআপের কারনও এইটাই,1
সবার জন্য দোয়া ও ভালোবাসা রইল আশা করি ভালবেসে পাশে থাকবে,0
যদিও সাবেক স্বৈরাচার এরশাদও কবিতা আর গান লিখতেন।,0
অপু আর বুবলি দুইজন দুইটা টিমে থাক,1
ব্রাদার একটু হেগে আসেন। মাথায় চাপ পরে যাচ্ছে যে,1
এমনই গুরুতর অভিযোগ উঠেছে পাবনার চাটমোহর উপজেলার মূলগ্রাম ইউনিয়নের রেলবাজার এলাকার মানবসেবা উন্নয়ন সংস্থা নামে একটি এনজিওর নির্বাহী পরিচালক এম এস আলম বাবলুর বিরুদ্ধে।,0
দেশে কোনো সাধারণ মানুষ নাই সব অসাধারণ কেউ আওয়ামী লীগ কেউ বিএনপি কেউ জামাত,1
"""অল দ্যা প্রাইম মিনিস্টার"" নিউজটি প্রচারের পর থেকেই স্বৈরশাসক একটু হলেও ব্যাকফুটে চলে গিয়েছিল তখন। এই তথ্যচিত্রটির জন্য আল জাজিরার জুলখানেন সাহের সামি ভাইকে বাংলাদেশ সরকার স্পেশাল সম্মান জানানো উচিত ছিল।",0
পশ্চিমা কালচারের সাথে আমাদের কালচার মেলাচ্ছেন কেনো!? আপনি বা আপনারাও কি চান আমাদের বাবা মা গর্বের সাথে বলুক আমার ছেলে মেয়ে প্রেম করছে?,0
"এমন টাইটেল এটাই বুঝায়, আপনাদের অনেক জ্বলতেছে, আপনাদের পিতার বাড়ি ভেঙে ফেলার কারণে",0
ইন্টারভিউতে নিজের আগ্রহ এবং দক্ষতা আত্মবিশ্বাসের সঙ্গে উপস্থাপন করতে হবে।,0
"গণহত্যাকারী, খুনীর ভাষণ শোনার টাইম ছাত্রসমাজের নাই।",0
আইসো সুন্নাতে খাতনা করাই দিব নি,1
ফেসবুকে তারাই বেশি বেশি পোস্ট করে যাদের বাবু সোনার নাই। যেমন আপনি আর আমি,1
"বিয়ের আগে ছেলেমেয়ে একসাথে সময় কাটানো, সেটা কি আমাদের সমাজের মূল্যবোধের সাথে মেলে?",0
একটু দুষ্টু নাম দিলো। কোনটা পছন্দ হলো?,1
তখন শুধু সেজান ছিল,1
"তরকারীর ঝোল এর স্বাদ থেকে বাদ যাবে না কোনো শিশু থুক্কু কোনো লোম, দাঁড়ি",1
"প্রযুক্তির ক্ষেত্রে সবসময় আপডেট থাকা দরকার, পুরনো তথ্য দিলে সেটা দ্রুত অপ্রচলিত হয়ে যেতে পারে।",0
"দুই ম্যাচ জিতে এই জদি হয় অবস্থা তাহলে ৮ ম্যাচ জিতলে কি যে হতো, কে বা যা নে",0
বাট সে তো সেই বিপিএলে চরম ফ্লপ মারে। গত পিএসএলে পারফর্ম করেই না আসল লাইমলাইটে আসলো।,0
""" অভিনয় থেকে যে দূর্গন্ধ বের হতে পারে "" এই লাইন টা এক কথায়",1
"লজ্জাজনক নিয়মে বসবাস করি,,,,ধিক্কার জানাই নিজেকে ও দেশকে যে এখনো যেখানে লুটপাট আর প্রকাশ্য চাঁদাবাজি চলে আর সেখানে ব্যাংক ঋনের দায়ে মামলা হয় বাচ্চা ও অসহায় মায়ের বিরুদ্ধে ,,,, বাহ গনতন্ত্র বাহ",0
দেখেই গা শিউরে উঠছে,0
এই প্রতিবেদনে কিছু অস্পষ্টতা রয়েছে। বিশেষ করে ক্ষুদ্র ঋণ কার্যক্রমে ঋণ গ্রহীতা বা তার স্বামী অভিভাবক কেউ মারা গেলে ঋণ মওকুফ করে তার সঞ্চয়ের টাকাটা ফেরত দিয়ে থাকেন। এইখানে কোন প্রতিষ্ঠান থেকে কত টাকা ঋণ নিয়েছে কে নিয়েছে কবে নিয়েছে কোনকিছুই উল্লেখ নেই এমনকি যে প্রতিষ্ঠানের দায়ের করা মামলায় জেলে সেই প্রতিষ্ঠানের সংশ্লিষ্ট কর্তৃপক্ষের কোন বক্তব্যও নেই,0
শুটিং করে আবার পড়াশোনা করে কখন?,0
কাজী আনোয়ার হোসেনের একটা বিশেষ কৃতিত্ব এই যে শহর থেকে প্রত্যন্ত মফস্সলের পাঠকও প্রথমবারের মতো বিশ্বসাহিত্যের ধ্রুপদি সব বইয়ের স্বাদ সংক্ষিপ্ত সংস্করণে হলেও পেয়েছিল তাঁর সম্পাদনাতেই।,0
"বিয়া করা যাবে না মানে, মারার সাথে সাথ বিয়া করবেন,বউ ছাড়া চলা যায় না কি",1
আমি সব মানতে পারলেও তেলাপোকার উড়াল দেওয়াটা কোনো ভাবেই মেনে নিতে পারি না।,1
সত্যি কিছুক্ষণের জন্য অন্য জগতে হারিয়ে গেছিলাম।,0
আরে ভাই আমরা বাঙালি মাথায় তুলতেও আমাদের সময় লাগে না মাথার থেকে আসার মারতে ও সময় লাগে না,1
এটা মেয়ে নাকি ছেলে চিনতে পারছি না। দয়া করে কেউ কি বলবেন,1
কাঁঠালের বেগুনি যে বেডি বানাইতো তার হাসবেন্ড না জানি কী কী সহ্য করসে!,1
এইতো আমি। আপনাদেরই রূপেশ,1
"ভাই ওটাকে হিপনিক জার্ক বলা হয়, শরীর দূর্বল থাকলে বা বেশি স্ট্রেস নিলে এমন হয়,বদ নজর নয়,অযথা মানুষের মাঝে বিভ্রান্তি ছড়ানো ঠিক নয়",0
"ট্রা ম্প, নেতা নিয়াহু, মোদি, হাসিনাসহ সকল ইসলাম বিদ্বেষীদের উপর আল্লাহুর লানত বর্ষিত হোক।",0
মাশাআল্লাহ্ আলহামদুলিল্লাহ্ সর্বোত্তম প্রচার! আল্লাহ্ তাআ'লা কবুল করুন এবং সহায় হোন-আমিন!,0
"এক বক্তব্যে গদি শেষ, আরেক লাইভে বাড়ি শেষ,,, কি দরকার ছিল ??",1
"এবার আর স্বজন হারানোর বেদনা শোনাবে না, এবার ছাত্রসমাজের দ্বারা মারা খাওয়ার বেদনা",1
"কল্পনার কান্না আনন্দের, এটা জেনে ভালো লাগলো।",0
হরতাল যদি ৩০ ও ৩১ ফেব্রুয়ারি হয় তাহলে আমি পূর্ণ সমর্থন জানাবো,1
মাশাআল্লাহ আলহামদুলিল্লাহ ওনেক সুন্দর একটা মানুষ,0
গরিবের ন্যায় বিচার আল্লাহর আদালতে নিশ্চয়ই পাবেন।,0
একজনের অপরাধের দায় আরেকজনের উপর বর্তায় না।আইন এটাই বলে। এটা দুঃখজনক।,0
"তিনটাই এডিট করা, ধুলায় আর ধুয়ায় লেন্স ঝাপসা হয়ে যাবার কথা।",1
"অর্জুনকে সাপোর্ট করে এগিয়ে যেতে দিন, গালাগালি দিয়ে কিছু ঠিক হবে না।",0
"আদালতের আদেশে করলে ঠিক আছে আর আদেশে না করলে সরকারের পতন অনিবার্য, যেভাবে মহান আল্লাহ তায়ালা ৭৫ এর ২১ বছর পরে যুদ্ধাপরাধীদের বিচার করেছিলেন সেইভাবেই আল্লাহ তায়ালা আবারও করবেন ইনশাআল্লাহ।",0
ফানুসের মতো ঘুরে বেড়ায়,0
বর্তমান উপদেষ্টা কয়েকজন আছে আওয়ামী লীগ আওয়ামী লীগের দালাল এগুলোকে পদত্যাগ করে আলেম-ওলামাদেরকে উপদেষ্টা তে বসানো হোক তারপর সংস্কার করা হক,0
ভালোই হলো।এবার চলো বিয়েটা করে নেই।অনেক হয়েছে ওসব বদ্ধ কেবিন আর রাস্তার সব সস্তা হোটেল।আমাকে শুধু জাপানের মাউন্ট ফুজিতে লাল টুকটুকে ঘরটা করে দিও তাতেই হবে!! বিয়েতে কি বেনারসি নাকি জামদানী পড়বো? লাল নাকি সাদা শাড়ী লাল পাড়??,1
মানুষের প্রতি বাংলা চলচিত্রের আকর্শন বাড়াতে এই কাহিনী নিয়ে একটা সিনেমা বানানো উচিৎ আর সিনেমার নাম হবে জায়েদ বিষক্ত মৌসুমি কেন আসক্ত।,0
"কালকে একটা ভিডিও দেখলাম, উনি ৮বিলিয়ন ডাটাসেটের টা লোকালি রান করেছে। আমারও রান করার ইচ্ছা আছে কিন্তু কিছু প্রজেক্ট আছে হাতে, শেষ করে রান করব...",0
ভাইরে ভাই কি ম্যাচ ছিলো এটা। পুরো দম বন্ধ হয়ে আসার মতো অবস্থা হয়ছিলো।অবশেষে শান্তি পেলাম বরিশালের জয়ে,0
জানতাম বিএমডব্লিউ দিলে রিচ বেড়ে যাবে,1
সাকিবের চোখ নারীদের দিকেই বেশি থাকে যদিও সে আমার ফেবারিট অভিনেতা,1
প্রতিদিন এই ধরনের নিউজ জীবনটা আসলেই খুব তুচ্ছ।,0
শশা গাছের জন্য ডিএপি সার খুবই কার্যকর।,0
"এই দ্বৈত ভূমিকা বিশেষভাবে প্রাসঙ্গিক কারণ, কর্তৃত্ববাদকে ন্যায্যতা দেওয়ার জন্য আগের সরকার সবসময় গণতন্ত্রের পরিপন্থী ছিল।",0
ভাই এইসব জিনিস নিয়া কথা বইলা আপনার আর আমাদের সময় নষ্ট হয় আর টিকটকাররা ভাইরাল হয়।,1
আওয়ামীলীগ না। আওয়ামীলীগ আগামী ৫০ বছরেও ক্ষমতা পাবে না।,0
অভিনেত্রী হলে তার অভিনয়ের জন্য এতো দিনে নির্ঘাত অস্কার পেত,1
গাছের দিকে তাকিয়ে প্রকৃতির চমৎকারীতা অনুভব করা আমাদের জন্য শান্তির মতো।,0
দুজনকে নিয়ে নেক্সট পার্ট আনুক,0
আবার কি পানি বাড়ছে ?,0
"ভাই বাসায় এখন মুরগি পাড়ে না, আর মুরগির ডিমের টাকা দিয়ে টিকিটের টাকা হবে না ,এগুলা মানুষ জানে ! অন্য কিছু দেখাও ভাই !",0
ছোটবেলায় স্কুলের বার্ষিক ক্রীড়া প্রতিযোগিতায় ঠিক এইভাবেই আমি সান্তনা পুরস্কার পেতাম,0
কোনটা পান্জাবি আর কোনটা থ্রিপিস এটার উপর একটা কোর্স বের করতে হবে,1
"আমার মতে, এই ধরণের আচরণ হিন্দু ধর্মের উদারতা কে উহ্য করে এবং এক ধরণের কট্টোরপন্থী হতে দেখা যায়।",0
যখন থেকে জামাত সরকারে ভর করছে তখন থেকে সব আইন শৃঙ্খলা নিরব,0
জীবনে কিছু পান আর না পান ভক্তদের ভালোবাসাটা পেয়েছেন সবার থেকে অনেক অনেক বেশি,0
এদিকে নিজের টাকায় চিল ও করি পরিবারও চালায়,0
"শুধু ডোনাল্ড ট্রাম্পের পোশাকই বাংলাদেশের না বিশ্বের সবচেয়ে উন্নত কার্পেট তৈরি করে বাংলাদেশের কোম্পানি আকিজ গ্রুপ , এবং ডোনাল্ড ট্রাম্পের থেকে কোটি কোটি গুন বেশি দামি গিলাফ কাবার গিলাফ সেটাও তৈরি করে বাংলাদেশের মানুষ ক্যালিগ্রাফি । এবং সে একজন আলেম এবং একমাত্র বিদেশি মানুষ হিসাবে সৌদির নাগরিকত্ব পাওয়া ব্যক্তি ।",0
"আচ্ছা, ঐ ভাইয়াটা কোথায় যিনি বলেছিলেন ""সব কিছু মনে রাখা হবে """,1
আওয়ামিলীগ মরে গেছে স্বপ্ন দেখে লাভ নেই,1
শারীরিকভাবে পুরুষ হলেও মানসিকভাবে সে একটা নারী,1
"মাঝে মাঝে মনে হয়, সম্পদ ও ক্ষমতার পেছনে ছুটে আমরা অনেক কিছু হারিয়ে ফেলি",0
অপবিত্র অবস্থায় কোরআন শরীফ স্পর্শ করা যাবে না।,0
৩২ নাম্বার বাড়িতে দ্রুত পাবলিক টয়লেট অথবা আবাসিক হোটেল করা হোক,1
"হাদিসে উল্লেখ আছে, কল্যাণের দোয়া করলে নিজের জন্যও কল্যাণ হয়, কারণ এই দোয়া এক প্রকার বিশ্বাস ও ভালোবাসার প্রতীক। এটি একটি চিরন্তন সত্য, যে আপনি অন্যদের জন্য যা চান, আল্লাহ তাও আপনার জন্য দান করবেন।",0
"পৃথিবী এগিয়ে যাচ্ছে,অথচ আমরা এখনও প্রাচীন চিন্তা ভাবনায় পড়ে আছি",0
আল্লাহ দেশবাসীকে হেফাজত করুন,0
"একেবারে নতুন তথ্য জানতে ইন্টারনেট সত্যিই অনেক সাহায্য করে, বিশেষ করে যখন বিষয় প্রযুক্তি বা ফিন্যান্স হয়।",0
"শেখ হাসিনার শাসনামলে, জনগণ যেমন শান্তিতে ছিল তেমনি নিরাপদে ছিল। শেখ হাসিনা মেহনতী মানুষের সরকার,গরিব দুঃখী মানুষের সরকার। তাই উন্নয়নের ধারাবাহিকতা বজায় রাখতে শেখ হাসিনার বিকল্প নেই।",1
হাউজি খেলার কলদাতাও তাদের ভোলেননি।,0
অন্যের সুখ দেখে খুশি হওয়া মুমিনের বৈশিষ্ট্য।,0
"মানুষ এদের কে চিনে, এদের বই ও কিনতে যায়। আর আমি কোনো অঘটন না ঘটলে এদের নাম ও শুনি না।",0
আলহামদুলিল্লাহ। বিলিয়ন ডলার বেঁচে গেল,0
"ভাই দয়া করে ইনবক্স টা চেক দিয়েন, কিছু গালি দিছি",1
সহজ গদ্যভাষায় একের পর এক গল্প-উপন্যাস রচনা করে এই দুই লেখক মন কেড়ে নেন পাঠকের সঙ্গে থাকে বাংলাদেশ টেলিভিশনে তাঁদের রচিত টিভি নাটক।,0
প্রাচীন মিশরীয়দের প্রযুক্তি ও স্থাপত্যগত দক্ষতা আমাদের ভাবায়,0
আপনাদের জন্য মায়া হয় সামনে দেশের কী হবে কে জানে,1
"সম্পর্ক কেবল কথায় নয়, কাজে প্রমাণিত হয়।",0
এই পোস্টের নিচেই আরেক আগুনের ছবি,1
টাকার চেয়ে মন বড়,0
সকালে ঘুম থেকে উঠে প্রথম কাজ হলো আল্লাহর দরবারে শুকরিয়া আদায় করে ফজরের নামাজ আদায় করা,0
"এটা ইজরাইলের যুদ্ধ বিরতি নয়, বরং নিজের হাতের যুদ্ধ আমেরিকার হাতে তুলে দেওয়ার একটা কৌশল।",0
"যদি সব কিছু করার পরও কাজ না হয়, গাছের স্থান পরিবর্তন করা উচিত।",0
অস্ট্রেলিয়া অনেক জায়গা খালি আছে ওখানে ইহুদিদেরকে নিয়ে যান ফিলিস্তিন মুসলমানদের কান্ট্রি,0
পাকিস্তানের ইরফান খান এবং ওয়েস্ট ইন্ডিজের কয়েকটা লম্বা এরকম আছে,0
অভিভাবকদের উচিত সন্তানদের সাথে বন্ধুত্বপূর্ণ সম্পর্ক রাখা,0
এই গল্পটা আমাদের শেখায় যে ইচ্ছাশক্তি থাকলে সবকিছু সম্ভব।,0
এগুলো ইতিহাসের পাতায় আছে ইতিহাসের পাতা এত তাড়াতাড়ি মুছে যায় না,0
এভাবেই এগিয়ে যাবে বাংলাদেশের মেধাবীরা,0
"""তারা পরিকল্পনা করে, আল্লাহও পরিকল্পনা করেন। বস্তুতঃ আল্লাহর পরিকল্পনাই সবচেয়ে উত্তম।"" আল -আনফালঃ ৩০",0
"আপনার হাসিমাখা মুখ, যেন প্রত্যাশার প্রতীক",0
"বর্তমান রাজনৈতিক পরিস্থিতি দেখে অনেকেই হতাশ, কিন্তু পরিবর্তনের জন্য সংগ্রাম করা উচিত",0
সেইম সমস্যা ত আমার ও,1
"ছেলে বাচ্চা জন্ম দিতে অনেক কষ্ট, অনেক সংগ্রাম৷ আর মেয়ে বাচ্চা টুপ করে আকাশ থেকে পড়ে, হাওয়ায় হাওয়ায় বড় হয়ে যায়।",1
আমার মনে হয় বড় অংশ ভুট দিতে যাবে না বললে ভাল হত,0
প্রতি পদে পদে নতুন কিছু চাঁদাবাজদের কর্ম সংস্থা হবে এবং সবশেষে দ্রুব্যমুল্যের দাম বাড়বে কমবে না কখনও,0
তুমি কখনো করোনি।,0
"নিজের ক্ষমতায় বিশ্বাস রাখুন, কারণ আপনি যা ভাবেন, তা আপনি অর্জন করতে পারেন।",0
মানুষ যে বলে না face does not matter. এটা আসলে ভিওিহীন কথা চেহারা সুন্দর হলে পরিবার থেকে শুরু করে সমাজে তার দাম একটু বেশি এটাই তার বড় গুন সে সুন্দরী। মেয়ে সুন্দরী মানে তার অর্ধেক দোষ মাফ,0
"উনি খ্রিস্ট ধর্ম প্রচারের জন্য এসেছিলেন এবং নিজের লক্ষ্যে ঠিক থাকার জন্য যা যা প্রয়োজন সব করেছিলেন,, বুদ্ধিমতি মহিলা",0
টাকার কাছে সব ঠিক! টাকা দিতে পারলে বাবা মা ভাই বোন সবার সাথেই সম্পর্ক মধুর হয়। এটাই স্বাভাবিক,0
কাজের ক্ষেত্রে যোগ্যতা এবং দক্ষতা অর্জনের জন্য প্রয়াস চালিয়ে যাওয়া উচিত।,0
"যে মানুষ এ রোবট তৈরি করেছে সেই তো ফাঁকিবাজ ছিল , তাহলে তার রোবট ফাঁকিবাজ যদি না হয় তাহলে কি হয়",0
সদরঘাট ভিক্টোরিয়া পার্ক থেকে মিরপুরে আসার জন্য কোন রাস্তা ব্যবহার করলে জাম মুক্ত আসা যাবে ?।,0
ওই আমার প্রথম ও শেষ প্রত্যাখ্যান।,0
"প্রযুক্তির যতই আধুনিকায়ন হোক না কেন,,এটা চিরন্তন সত্য যে মানুষই সৃষ্টির সেরা জীব।",0
দেশের জনগন তখনই অশান্তিতে ভোগে বিচারক হয়ে যখন আইনকে আইনের পরিশুদ্ধতায় ব্যবহার না করে নিজের মত অর্থাৎ ভোগবিলাশের জন্য ব্যবহার করে।,0
ভাই তোদের বিকাশ নাম্বার টা দে কিছু গালি সেন্ড করি,1
এখন তো ফেরেস্তারা ক্ষমতায় তাহলে আলু ৮০ টাহা কেনে।আগেরগুলা ত চোর ছিল সেজন্য নাহয় দাম বেশি ছিলো।এখন এই অবস্থা কেন??,1
"এদের লজ্জা শরম নেই, কলেজে ভর্তি হয়ে বিশ্ববিদ্যালয়ের দাবি।",0
"আমার মা বাবার দোয়ার বরকতে আমি ইনকাম করে তাদের খাওয়াতে পারি নিজেও চলতে পারি আলহামদুলিল্লাহ, মা বাবার দোয়া না থাকলে হয়তো এতোটুকুও করতে পারতাম না।",0
ভক্ত বলিলো হোয়াদ্দাফাক হোয়াদ্দাফাক,1
বরিশালের টিম ম্যানেজরা মিজানুর রহমান একজন ফ্রেন্ডলি মানুষ। ম্যাচ জিতে সবার মতো মাঠে দৌড়,0
মানষিক রোগী,0
"একদিন আম ফুরিয়ে যাবে,গোলাপ শুকিয়ে যাবে। খাটি সরিষার তেল সেটা তো রয়ে যাবে।",1
সাকিব কে মিস করেব কে কে...?,0
কয়েক দিন চুপ করে অবজার্ভ করলাম সব।,0
"এই দুনিয়ার যেই প্রান্তেই আমি যায় না কেনো, আমি একা নই, কারণ আমি মুসলিম আমার পাশে আল্লাহ আছেন, তিনি দেখেন কিন্তু দেখা দেননা, তিনি শুনেন কিন্তু বলেন না। যে কোনো পরিস্থিতি মোকাবেলায় তার বাণী আমাকে সাহস যোগায়। তিনি আমাকে শিখিয়েছেন কিভাবে সমস্যা সমাধান করতে হয়।",0
"ইলিয়াস ভাইকে অসংখ্য ধন্যবাদ, হাজার লক্ষ কোটি বাংলাদেশের জনগণের আবেগ নিয়ে খেলা, ওয়ালটনের বিরুদ্ধে সত্য তুলে ধরার জন্য। বয়কট ওয়ালটন।",0
"বাস্তব সত্য, আল্লাহ ছাড় দিলেও ছেড়ে দেননা। আমরা এমনই এক অভাগা জাতি, আমরা শুধু ঠেকেই শিখি কবে যে দেখে শিখবো। এই ঘটনা থেকে যদি ক্ষমতালোভী'দের শিক্ষা হয় ভালো আর না হলে সামনে আবারও এমনই ঘটবে।",0
"খুব ভালো পোস্ট করছেন ভাই! দোয়া করি ""অনেক দূর এগিয়ে যান, কিন্তু আর ""ফিরে আইসেন না...!",1
"শারমিনের জীবন ভালো যাচ্ছে, সে সফল এবং তার পরিবার সুখী।",0
শিক্ষা একটি শক্তি যা সারা বিশ্বে পরিবর্তন আনতে পারে।,0
"জিয়া উর রহমান আমাদের সাথে কুরআনের শপথ নিয়ে বলেছিল যে, তিনি আমাদের সাথে কাজ করবেন কিন্তু তিনি তার সেই শপথ থেকে সরে এসেছিলেন।",0
"আমি বান্ধবী দেখি নি ,কিন্তু বান্ধবীর বাবার বউ কে দেখেছি",1
"একজন সঠিক দেশপ্রেমিক নেতা পেয়েছে বাংলাদেশ জনগণ, বাংলাদেশর জনগণ অনেক ভাগ্যবান এমন দেশপ্রেমিক নেতা প্রিয় ড়, ইউনুস স্যার। আমি চাই আরো এগিয়ে যান আমরা সবাই একসাথে আছি",0
নিজের পছন্দকে উপভোগ করুন এবং তা নিয়ে লজ্জা পাবেন না।,0
"রাতের ৩টায় ভাইটির গোসল করার স্ট্যাটাস দেখে শরীরে একটা গরম ভাব আসছে, এ সুযোগে গোসলটা সেরে আসি, বেচে থাকলে আবার দেখা হবে বন্ধুরা।",1
দেশে ঘরুয়া লিগে যার জায়গা নাই সে জাতীয় দলের কাপ্তান। চরম দূর্বিক্ষের মধ্যে আছি,0
"অনেকেই ভুলে গিয়ে নাপা বা প্যারাসিটামল খেয়ে ফেলেন, তবে এতে দীর্ঘমেয়াদী ক্ষতি হতে পারে",0
"একজন স্রষ্টার জন্য এই কথোপকথনটি যে কতটা ইনসাইটফুল লাগলো, বলে বোঝাতে পারবোনা। অনেক ধন্যবাদ।",0
উবু দশ বিশ গুনে চোখের সামনে যে গাড়ি পান সেটাই উঠে যাবেন। তবে খেয়াল রাখবেন যেন বড় লোকের আনস্যাটিসফাইড আঙ্কেল না পরে।,1
অবশ্যই ভারতীয়দের জন্য। স্বজন হারানোর বেদনার স্ক্রিপ্ট তৈরি হচ্ছে । একগুচ্ছ মিথ্যাচারের ম্যানহোলের ঢাকনা নিয়ে বসবে।,1
ঢাকা বিশ্ববিদ্যালয়কে বানিজ্যিকিকরণ রুখ,0
বাংলাদেশ এমন একটা দেশ যেখানে হাসপাতাল আছে - চিকিৎসা নেই। খেলোয়াড় আছে - কোন কাপ নেই। বিদ্যালয় আছে - শিক্ষা নেই। সেনাবাহিনীর আছে - নিরাপত্তা নাই। দেশ আছে - জাতীয় সংগীত নাই ভারত থেকে নেওয়া সরকার আছে - ক্ষমতা নাই । বাংলাদেশ এমন একটা দেশ যা এখন স্বাধীনতা পায় উগান্ডা চেয়ে খারাপ অবস্থা।,0
আহারে ভারতের রেমিট্যান্স যোদ্বারা বহুতদিন হাইয়ো আর ন হাইয়ো।,1
"মানছি সে ছোটবেলাতেই অনার্সের ছাত্রদের সমান ব্রিলিয়ান্ট। তারপরও এত বাড়াবাড়ি করা ঠিক না। সন্তানকে মাথায় তুলে ফেলা, প্রোফেসর ডাকা এগুলো বাড়াবাড়ি, অতিরিক্ত, আদিখ্যেতা।",0
এটা আমার ইউরোপের দুইটা ভিন্ন দেশের ৩টা অন্যতম এডভান্স ল্যাবে গবেষণা করার অভিজ্ঞতা ও সুযোগ হচ্ছে।,0
অনেকেই জিজ্ঞেস করছেন- ছবিটা কে তুললো। আসলে রাস্তার পাশের দোকানদার ভাই আমার পরিচিত৷ উনি দোকানের সিসি ক্যামেরার ফুটেজ থেকে স্ক্রিনশট তুলে ইনবক্সে দিলেন।,1
এত বছর পরও পিরামিডের রহস্য মানুষকে ভাবায়,0
"দোষ জনগণেরই,যাকে মন চায় তারে নিয়েই নাচে। এখনও এমন অনেককে নিয়েই নাচছেই...",0
লাইক কমেন্ট শেয়ার করে পাশে থাকবেন ধন্যবাদ।,1
"একজন সৎ , পরিশ্রমী বিবেকবান মানুষ হতে পারলেই আমি খুশি! ছেড়ে দিয়ে আমি জিতে যেতে চাই!",0
ইচ্ছে এবং মনোবল দুটাই প্রয়োজন আরো বড় প্রয়োজন পারিবারিক শিক্ষা,0
"আমি জানতাম মাদার তেরেসা একজন মানবপ্রেমী ও একজন ভালো মানুষ, আপনাকে আমার অন্তরের অন্তঃস্থল থেকে অনেক ধন্যবাদ অনেক কিছু জানতে পেরেছি।",0
"মাস খানেক হয়ে গেলো, নোভার জন্যে মন কেমন ছটফট করতেছে।",0
আশা করছি বেগম খালেদা জিয়ার নতুন পেজটি ফলো করে সবাই পাশে থাকবেন,1
উষসী বাড়িতে ঢুকতেই তাঁর একজন অভিভাবক বেরিয়ে আসেন।,0
সাদা রংয়ের গোলাপ দেওয়াতে প্রিয় রাগান্বিত হলো কেনো,1
যা বেচবে সব টোলে খাবে,0
৩২এ আরও একটি সরকারি হাসপাতাল করা হউক। তাতে জুলাইয়ের আহতরা গুরুত্ব সহকারে বিশেষ চিকিৎসা চালিয়ে যেতে পারে এই বেবস্থা করে দেন।,0
"ক্যাস্টম অফিসার নাটক টি কবে মুক্তি পাবে,বললে ভালো হত.",0
আরে আমি ভাবি আমার ছেলেই বুঝিএইরকম করে,1
আর আওয়ামীলীগ চেনে শুয়ার,0
"প্রিয় জনগণ, এসব প্রশ্নের উত্তর খুঁজে আপনাদের সচেতন হওয়া জরুরি। সমন্বয়ের মিষ্টি কথায় অন্ধবিশ্বাসী না হয়ে বাস্তব পরিস্থিতি বিশ্লেষণ করুন এবং সঠিক বিচার করুন।",0
এই মাইয়া এতক্ষণ এত ঠাণ্ডা ছিল কেমনে? উউউ?? এত কথাও বলসে কেমনে? উউ??,1
লাভ মশা খেতে খুবই সুস্বাদু,1
দর্শকদের সাথে লাগা বাকি আছে এখনো,1
"আমার বাড়ি কুষ্টিয়া, এখন লিজেন্ডরা বুঝে নেন আমার বন্ধুরা কি চাইতে পারে",1
একটি স্টার্টআপের কাজের মান বজায় রাখা তাদের ভবিষ্যতের জন্য গুরুত্বপূর্ণ।,0
স্যার সোবর্ন আইজ্যাক বাড়ার অনুপ্রেরণার আমাদের ক্রিকেট আরো অনেকদূর এগিয়ে যাবে ইনশাআল্লাহ,1
"শুধু দুই সাবেক মার্কিন রাষ্ট্রনায়ক নন, পোপ ফ্রান্সিসও তাঁর একটি বক্তব্যে বলেন যে ক্যানসেল কালচার একধরনের আদর্শগত আগ্রাসন, যা অন্যের মতপ্রকাশের স্বাধীনতাকে বিনষ্ট করে।",0
ভাই ২০০০ টাকা দিমু দে না একটা খুইজা,1
প্রযুক্তির অপব্যবহার রোধে সঠিক দিকনির্দেশনা প্রয়োজন,0
বুঝলাম না একটার পর একটা কারখানা তে কিভাবে আগুন ধরে!! তাও আবার কয়েক ঘণ্টার ব্যবধানে। এটা একটু রহস্যজনক না?,0
তখনো বারার বয়স বারো ছিলো এখনো বারো আছে।,1
ভাই এত জ্ঞান কোথায় রেখে ঘুমান? চোরে নিয়ে যাবে তো!,1
কেও গার্লফ্রেন্ড দেও ৫০০ ট্যাহা দিমু,1
"আমি ভিডিওটাতে স্যাড দিছিলাম ,, এখন কি আমার পাপ হবে",1
আপনি সব সময় অসাধারন,0
এই নুংড়া মহিলার কাছে বাংলাদেশ আটকা পরেছিল। কতটা রুচিহীন আমরা,0
"বিড়ি কিনতে যাচ্ছিলাম,,এটা দেখার পর এখন গাজাঁ কিনতে যাচ্ছি। সবাই দোয়া করবেন,,যেন সুস্থ থাকি",1
আমার বাসার সামনের প্রতিবেশী ফ্যামিলীটাই সবচেয়ে ইন্টারেস্টিং ছিলো।,0
মিডিয়ার দালালী আর কত সহ্য করা লাগবো?,1
আমি তোমাদের দাবি মেনে নিতে চেয়েছিলাম। কিছু মানুষের জন্য হয়নি। আমি ভুল করেছি। এগুলো শুনবার অপেক্ষায় রইলাম।,1
দুনিয়ায় তারাই একমাত্র সুখী যাদের কোন লজ্জা সরম নাই,1
"""তোমার উপস্থাপনাটি ভালো হতে পারতো যদি তুমি যথেষ্ট গবেষণা করতে এবং মূল বিষয়গুলোর ওপর জোর দিতে। তবে তুমি অনেক গুরুত্বপূর্ণ তথ্য এড়িয়ে গিয়েছ, যা পুরো টিমের জন্য বিভ্রান্তি তৈরি করেছে। পরের বার একটু বেশি প্রস্তুতি নিয়ে আসার চেষ্টা করো।""",0
আচ্ছা মেয়েরা কেন এমন হয়? বউমা হলে ভালো শাশুড়ি পাই না। শাশুড়ি হলে ভালো বউমা পাই না। ভাবি হলে ভালো ননদ পাই না। ননদ হলে ভালো ভাবি পাই না।,0
কারও ধর্মীয় উপাসনালয় ভাঙা ঠিক নয়।বুলডোজার দিয়ে আওয়ামী মন্দির ভাঙা ধর্মনিরপেক্ষ শরিয়ত পরিপন্থী কাজ!,1
ঠিকমতো লাগতেছে না আমার কাছে আয় দুইডা আমি শিখায় দেই,1
চিকিৎসা ক্ষেত্রে রোগীর পরিবারকে সঠিক তথ্য প্রদান করার মাধ্যমে মিথ্যা অভিযোগ কমানো সম্ভব।,0
"সহমত, চিল্লায়া বলি ঠিক কি না",1
বউকে গরম হয় লাগাবে কি করে।,1
"বিজয় সবচেয়ে সায়েন্টিফিক, আদর্শবান, নীতিবান সফটওয়্যার।",1
পড়ার বিষয়বস্তু সঠিক ছিল।,0
কালো মেয়ে আর পকেট খালি ছেলে এই সব গল্পে মানায় কারো জীবনে না।,0
"আমি জানি অনেকেই হয়ত এখানে আসবেন, আমরা বিয়ে আর ডিভোর্স রেজিস্ট্রেশন করি, যদি দরকার হয় আমাদের সাথে যোগাযোগ করবেন।",0
কনভোকেশন করাটা কি বাধ্যতামূলক নাকি? নাকি কেউ ইচ্ছা করলে নাও যেতে পারে? এক্ষেত্রে কি সার্টিফিকেট দিবে না?,0
কে র্যাব কে পুলিশ কে আনসার অবিকল ডেলিভারি ম্যান-সিকিউরিটি গার্ড- গ্রাম পুলিশ মনে হচ্ছে। চমতকার,1
গণতান্ত্রিক আন্দোলনে সহিংসতার কোনো স্থান থাকা উচিত নয়।,0
বাহারি অচল মাল,0
নাস্তিকের বাচ্চা নাস্তিক! জাহান্নামের কিট।,0
একটা মানুষ আর একটা মানুষকে কেমন করে এভাবে মারতে পারে,0
ববিই একমাত্র যে কিনা জন্ম থেকেই প্রাপ্তবয়স্ক...,1
আসলে মানুষ এখন চেহারাকে বেশি প্রাধান্য দিয়ে থাকে কিন্তু চেহারার চেয়ে যে একটা ভালো মনের বড় প্রয়োজন সেটা কেউ চিন্তা করে না,0
"আমনের যে গলার হাক, এমন ফুলের দিকে চোখ না যাক",0
একজন কাব্যপ্রেমিকের যদৃচ্ছ ভালোবাসার মানচিত্র এই বই।,0
পড়ে ভালো লাগলো।,0
ইসলামবিদ্বেষী লীগ এই ট্রাম্প বিজয়ে খুশিতে লাফালাফি করছে মানে বুঝেন? এরা মুসলমানদের শত্রু। মুসলমানদের কে আওয়ামীলীগ সবসময় শত্রু মনে করে।,0
পরীক্ষা যথাসময়ে হয়েছে।,0
"শশা গাছের জন্য বৃষ্টির সময় পানি কম দেয়া উচিত, অতিরিক্ত পানি ক্ষতিকর।",0
আল্লাহ তাআলার উপর বিশ্বাস রাখুন কঠোর পরিশ্রম করুন সঠিক চিন্তা করুন সঠিক সিধান্ত নিন,0
"এসব অরাজগতা বন্ধ করার দায়িত্ব সরকারের। তাদের বসানো হয়েছে পরিবেশ ঠিক করে একটি সুষ্ঠু নির্বাচন করা কিন্তু তাদের ক্ষমতা থাকার পরও কত বাহিনী রয়েছে, যারা জুলুম করেছে তাদের আইনের আওতায় এনে বিচার করবে আর যারা ক্ষতিগ্রস্ত হয়েছে তাদের সুচিকিৎসা দেওয়া আর শহীদের মর্যাদা দিয়ে তাদের পরিবাকে সন্মানী দেওয়ার ব্যবস্থা করা কিন্তু দেশে যাতে কোন ধরনের বিশৃঙ্খলা সৃষ্টি না হয় সেদিকে দৃষ্টি রেখে কঠোর ব্যবস্থা নেওয়া।",0
এয়ারপোর্ট আর ফ্লাইটের মাঝেই যেন দিনটা আটকে আছে।,0
"মায়াবী এই শহরে... স্বপ্ন দেখা বারণ, বাস্তবতা মেলাতে গেলে'ই পরিস্থিতি হয় কারণ...!!",0
"সত্যি বলতে কি, আপনার সালাম দেয়ার স্টাইল সেই",0
জাহাঙ্গীরনগর মুসলিম বিশ্ববিদ্যালয়ের ভাইস-চ্যান্সেলর হিসেবে সম্প্রতি নিয়োগপ্রাপ্ত হয়েছেন প্রফেসর ড সুবর্ণ আইজ্যাক।,1
"গবেষণায় দেখা গেছে, সততা প্রকাশের পর সম্পর্ক টিকিয়ে রাখার হার উভয়পক্ষের মানসিক স্থিতিস্থাপকতার উপর নির্ভরশীল।",0
"বেচারা বেঁচে একটু গাছের পাতা, তাই নিয়ে এত কথা",0
ভাই আপনি হাসতে পারেন। শুভ জন্মদিন।,0
তোমাকে অনেক অনেক ভালোবাসা। ছোট বড় সবাইকে অবিরাম ভালোবাসা,0
সাব্বাস বেটা। এই না হলে প্রেমিক।,1
জনগনকে থামানোর নতুন পাঁইতারা,0
মাথা গরম করে কাজ করার পূর্বে এর পরিনামটা ভাবা উচিত ছিল।,0
বাংলাদেশে নির্বাচন আসলে কি এন্ডগেম? নাকি অন্য কিছু?,0
ভেতরের কিছু পেইজের অনুবাদ পড়তে পারলে সুবিধা হতো,0
"সিনেমাটা বেদনাদায়ক। ঘেটুপুত্র কমলার গল্প। যেখানে দেখায় পেটের দায়ে ছেলে হয়ে মেয়ের মতো জীবনধারণ, সাজতে হয়। অন্ধকার জগতে তাকে নিয়ে যাওয়া হয়।",0
হিসাবের ঠাপাঠাপিতে ট্রফি টিপায়,1
এড হতে নক মি ইনবক্সে,1
"বেডা মানুষের আবার কিসের স্বাধীনতা, ঘরের বউ যেটা বলবে সেটাই ফাইনাল!",1
ট্রাম সরকার এর ৪ বছর বাংলাদেশীদের ভিসা প্রসেসিং রেটিং অনেক কমে যাবে।,0
ভাই আমি খাটে একা ঘুমাই পাঠাই দেন দেখে রাখব,1
"আইসিসি মেরুদণ্ডহীন সংস্থা, উচিত ইন্ডিয়াকে বাদ দিয়ে টুর্নামেন্ট আয়োজন করা, সাথে আইপিএল সহ ওদের সাথে অন্যান্য দলের টুর বাতিল করা, তাহলেই শায়েস্তা হতো, কিন্তু সব যে টাকার পাগল, টাকার কাছে নিজেদের বিকিয়ে বসে আসে",0
"ডাক্তার মানেই শুধু ব্যবসায়ী নয়, উনার মতো অনেকে আছেন",0
কেন ফিলিস্তিন রাষ্ট্র ফিলিস্তিনি থাকবে তোদের কি সমস্যা,0
অন্যকে খুশি করতে গিয়ে নিজের সত্তাকে বদলাবেন না।,0
"ভালোবাসা অন্ধ,তাই বলে অন্য মেয়েদের সাথে লটরপটর মেনে নিয়েও সেখানে থাকা ইজ কল্ড ছ্যাবলামি।",0
জিতবে বরিশাল দেখবে দেশ,1
নিজে যা দেখছি আর ফিল করছি তার কিছুটা শেয়ার করা।,0
ফ্যামিলির সাপোর্টের অভাব সত্যিই মেনে নেওয়া খুব কঠিন। কিন্তু চুপ থাকা ছাড়া কিছু করার নেই,0
"রাসুলুল্লাহ বলেছেন ""মুমিনের ব্যাপারটা বিস্ময়কর! তার সব কাজেই কল্যাণ রয়েছে। যদি সে সুখ পায়, সে আল্লাহর শুকরিয়া আদায় করে, এতে তার জন্য কল্যাণ থাকে। আর যদি কষ্ট পায়, সে ধৈর্য ধারণ করে, এটাও তার জন্য কল্যাণ হয়।""",0
রিইউনিওনে অংশগ্রহণ করার একটি সাধারণ পরিকল্পনা।,0
অহংকার ও দাম্ভিকতায় মাটিতে পা পরছিল না।,0
ধোনি কলঙ্কিনীর চেয়ে গরিব শ্রেষ্ঠচারী অনেক শ্রেয়,0
পিনাকী আসলেই অনেক বড় মাপের খেলোয়াড়,0
কতটা জঘন্য হলে মানুষ এমন টা করতে পারে,0
এবার বুঝলাম ভাই মুচকি হাসি ক্যান দিছিলো,1
তুমি আমার অোঅোঅোঅো লাগো,1
বড় হওয়ার পর আমার মনেই পরে না আমার মা কোন ঈদের শপিং করছিলো নাকি,0
স্ত্রীকে টাকা আয় করে দিতে বলেন। স্বামী সবসময় পাশে থাকবে। সংসার চালিয়ে যেতে বলেন স্বামী সবসময় পাশে থাকবে। দায়িত্ব তো আর নেওয়া লাগে না এজন্য এত আবেগ। বাস্তবতা ছাড়া জীবন চলে না। আবার এক সাথে স্ত্রীর সাথে থাকলে সংসারের অশান্তিও হয়। স্ত্রীর সাথে থাকলে ভালো থাকা যায় কে বলেছে? বরং নারী তার যৌন লালসা পূরণের জন্য এই কথাগুলো বলছে। নিজের স্বার্থের কারণে এই মজাদার কথাগুলো বলছে,0
"ভাই দেইখেন প্রথম আলোর মতো আবার আকাশেও বিমানবাহিনীর যুদ্ধ বিমান মোতায়েন রাখে কিনা কে জানে... আমরা তো জাস্ট বলছিলাম প্রথম আলোর ভবনটা সুন্দর আছে তাতেই ২ প্লাটুন সেনা মোতায়েন, আল্লাহ জানে বিমান বাহিনী জানি কয় প্লাটুন যুদ্ধ জাহাজ আকাশে মোতায়েন করে",1
"এটা ঠিক হয় নি,একটা দুইটা গাছের জন্য সাধারণ কৃষককে কারাগারে যেতে হবে খুবই দুঃখ জনক,এটা নিয়ে এখন ভাবতে হবে, রংপুরে যেভাবে তামাক চাষ হয়,এভাবে এটা চাষ করে অনেক অর্থ ও রপ্তানি করা যায়",0
এদের জন্য পৃথিবী এখনো সুন্দর,0
অসহায় মানুষের জীবন রক্ষায় ডাক্তারদের ভূমিকা প্রশংসনীয়,0
"হ্যাঁ এডার নামই মধ্যবিত্ত কথায় কোন বেজাল আছে,",1
"কেউ মারা গেলে, আমরা অনেক স্টাটাস দেই, ছবি সেয়ার করি,",1
এই মানুষ কেনো হয়না মানুষ কর্মের কারনে।,0
সন্তান জন্মের পর নিজেকে ফেরেশতা মনে হলে এটাও মনে রাখবেন ঈবলিশের সন্তান অগনিত,1
সন্তানের জন্য মা সবসময় প্রার্থনা করেন।,0
ইঞ্জিনিয়ার দম্পতি জুবায়ের হোসেন এবং সুমাইয়া তাসনীম তাদের নিজেদের অভিজ্ঞতা থেকে গাছে পানি দেয়ার সমস্যাটি থেকে রেহাই পাওয়ার জন্য তৈরি করে ফেলেন স্মার্ট ওয়াটারিং ডিভাইস। তাদের প্রতিষ্ঠান বঙ্গটেক থেকে এই ডিভাইসটি তৈরি করা হয়েছে।,0
"অভিযান বাইরে না চালিয়ে সেনানিবাসে চালান, সব বদমায়েশকে তো ওখানেই লুকিয়ে রাখা আছে",0
টুর্নামেন্ট চলাকালীন তাসকিনকে বাসায় যেতে দেয়া উচিৎ হয়নি। গলায় সাংসারিক ই ঞ্জুরির স্পষ্ট ছাপ,1
ধনীদের সন্তান এ দেশে লেখা পড়া করে না।,0
আবেগ দিয়ে সব কিছু হয় না। টাকা না থাকলে আপনার বউ ছেলে সন্তানের কাছে আপনি মূল্যহীন। এটাই বাস্তব। আবেগ দিয়ে যোদি জীবন চলতো তা হলে তো ভালোই হইতো। টাকা না থাকলে জন্ম দাতা মা ভাবে ও দেখতে পারে না...,0
ভালোবাসার মূল শক্তি পারস্পরিক শ্রদ্ধা এবং কেয়ারিং।,0
"লিজেন্ড হয়ে বিপদে পড়েছি,,,সবকিছু বুঝে যাই...",1
"অনেকের প্রত্যাশা এখন আর দেশে কোন ভুল কিছু হবে না, বা কোন ভুল মানেই সরকার ব্যর্থ।",0
"সামান্য চারটা আলু খাওয়া, তাও তার মধ্যে তিনটা মুখ থেকে কেড়ে নেওয়া হলো এটা কি কোনো সভ্য সমাজের পরিচায়ক হতে পারে? একজন মানুষের খাওয়ার স্বাধীনতায় এতটা হস্তক্ষেপ কীভাবে যুক্তিযুক্ত?",1
হাইড্রলিক পাম্প ব্যবহার করে পানি নিষ্কাশন করেও তো এই ঘটনার রহস্য উন্মোচন করা সম্ভব।,0
আর কত এত নাটক দেখব সাত মাস পরে পোড়াবাড়িতে কাগজ মেলে,1
ক্ষমতার প্রয়োগ এবং রাজনৈতিক নেতৃত্ব নিয়ে এই ধরনের আলোচনা চালিয়ে যাওয়া উচিত।,0
অনুষ্ঠান থেকে বাড়ি ফেরার পর পড়ালেখা মাথায় ওঠে।,0
শিক্ষিত হওয়া মানে নিজের কর্ম এবং আচরণে তা প্রদর্শন করা।,0
"প্রথম লাইনে প্রথমবার আমি ইবলিসের জায়গায় ইলিয়াস পড়েছিলাম। পরে বুঝলাম এটা ইবলিস, ইলিয়াস না!",1
ট্রাইবুবাল কি সকল আহতদের কাছ থেকে সঠিক তথ্য নিচ্ছে? তার খবরাখবর টিভি নিউজে গুরুত্ব দিয়ে দেখানো হচ্ছে না কেন?,0
আন্তর্জাতিক বাজারে রপ্তানি করলে বৈদেশিক মুদ্রা অর্জন সম্ভব হবে।,0
হুউ এটা যদি সত্যি হতো তাহলে বেডা মানুষ বউ ফালাইয়া দিওয়ানা করতে পারতো না,1
বাংলা নাটকের মেহেজাবিন বাস্তব জীবনে কেমন?,1
শিক্ষকের নির্দেশনা ছিল।,0
কোন টার কপাল ও যে বিয়া ছাড়া বাচ্চা হওয়ার প্লেন করতাছে,1
"এ ফসল উৎপাদন করতে অনেক কৃষকের হাত রয়েছে,, তাই আমি তাদের হাতে উৎপাদন করা ফসল কে নস্ট করতে পারি না",1
ঠান্ডার ভয়েই সারারাত চাইপা শুয়ে থাকি,1
ওরে বাটপার আর কয়েকটা দিন আপেক্ষা কর দেশের মানুষ তোমাদের লেংটা কর পিটাবে ।,0
"ভাই এম্বুলেন্স, বাহিনীর গাড়ি বিশেষ সুবিধা আইন অনুযায়ী পায় সব জায়গায়, এইটা নিয়া অবাক হওয়ার কিছু নাই।",0
১৭ কোটি মানুষের দেশ থেকে বিশ্ব অলিম্পিকে উল্লেখযোগ্য প্রতিনিধিত্ব নাই।,0
খুব সুন্দর লাগছে হাসিটা অনেক কিউট,0
"ছেলেরা তো কিনে খেতে চায় না,,মেহমান আসলে তবে না খেতে পায়।",1
আমাদের দেশের যত মেধাবী ও প্রতিভাবান মানুষ আছে সবাই কে দেশের জন্য কাজে লাগানো উচিত সরকারের,0
"শাওন এখন উলটাপাল্টা পোস্ট কম দিবে। যেদিকেই হোক, সমন্বয়ক হইসে তো এখন!",1
গোলাপ তো দূরের কথা কেউ একটা ফুলকপি ও দিলো নাহ,1
আহারে। আমি আরও ফ্লাইটকে ফাইট পড়তেছি।,1
যাদের কোনো অস্তিত্বই নেই তারাই এ কথা বলছে। এদের সময় ফুরিয়ে আসছে,0
তুই তো শালা দিনরাত ২৪ ঘন্টা কারও না কারও সাথে মেশিন চালাও সাউয়ার বাল সাওয়ার তো তোমাকেই লাগবো,0
"এখানে ব্যবহৃত প্রতিটি উপাদানই টেকসই উপকরণ দিয়ে তৈরি এবং প্রচলিত উপকরণের পরিবর্তে টেকসই, পুনর্ব্যবহারযোগ্য এবং পুনরায় ব্যবহারের উপযোগী উপাদান ব্যবহার করা হয়েছে।",0
সামনে এসএসসি পরীক্ষা তাই করোনা আবার ফিরে আসছে,0
আল্লাহর কাছে দোয়া করে নামাজ আদায় করেন ইনশাআল্লাহ খুশী হয়ে যাবেন,0
লেকচার যথাযথ ছিল।,0
সুন্দর ভাবে বুঝিয়েছেন বিষয় টা,0
পাকিস্তানের প্রেতাত্মা গ্রাস করছে ইউনুছ সরকার কে!,1
বোরকা পরা মেয়ে কি প্রশংসা পাওয়ার জন্য বোরকা পরছে?? উল্টো বোরকা পরা মেয়েটাকে যদি প্রশংসা করতো আমি জানিনা কেন আমার আরো খারাপ লাগতো৷,0
আর এই ফাঁকে নানী কুমিনে কতো গুলো কথা শোনায় দেয়,1
"আবালের গুষ্টি চেহারার নাই ঢক , তুই আবাল যে একেবারে থার্টক্লাস আচোদা লোক।",0
সালমান একমাত্র দেশপ্রেমিক যে কিনা দেশের টাকা নষ্ট না করে ছেঁড়া প্যান্ট পরে দিন পার করে!,1
"একজন সিনিয়র প্লেয়ার সিনিয়র এর মতোই কথা বললেন, খুব ভালো লাগলো",0
"সারাহর জনপ্রিয়তা শুধু তার চেহারার জন্য নয়, বরং তার কাজের মাধ্যমে এটা অর্জিত হয়েছে। সে নিজের পরিচিতি গড়ে তুলেছে কঠোর পরিশ্রমের মাধ্যমে।",0
এই গুনটা আমার ভিতর ভরপুর,1
"বিয়ে করেছে খারাপ কিছু তো করে নাই,,ওপেনলি জিনা করলে কী ভালো হতো??যত্তসব ফালতু লোক",0
আপনার চেহারা দেখে তো আপনাকে শিক্ষিতই ভেবেছিলাম এরকম গ্রামের চাচাতো ভাই এর মত আরেকজনের ছবি পাবলিক গ্রুপে পোস্ট না দিলেও তো পারেন? এত কুরকুরানি থাকলে চেহারা ঢেকে দিন অন্তত? নূন্যতম ভদ্রতা তো পরিবার থেকেই আসার কথা!,0
"মানুষের জীবিনের যে মূল লক্ষ্য কি সেটা অবিশ্বাসীরা জানেনা, আর জানেনা বলেই তাদের কাছে এ জীবন অর্থহীন! ভোগ করতে করতে যখন সবকিছুর স্বাদ নেয়া শেষ হয়ে যায় তখন হতাশার সূচনা থেকে মৃত্যু কামনা করে৷",0
আপনি তো দেখি বিরাট বিশেষজ্ঞ! বিয়ের আগে পরামর্শ নেবো,1
no Comments,0
"যেটা ভালো লাগে না, সেটা করতে যাবেন না।",0
একটা কথা আমি বুঝিনা আমার জানা মতে এই ভাইটি নাকি আমরণ অনশনে আছে তাও বিগত ৩ ৪দিন ধরে তাহলে কিভাবে ইনি সেকেন্ডে সেকেন্ডে ফেসবুকে পোস্ট দিয়ে ভাইরাল হয়ে যায়?,1
শুধুই বস্তুগত জীবনের সফলতা নিয়ে যে আলোচনা সেটাকে পৃথিবীর সবচেয়ে সেরা বক্তব্য বলা যায় না।,0
খুবই গুরুত্বপূর্ণ পোস্ট একটা কমেন্ট করে আসি,1
"কুরআন, হাদিস ও বিজ্ঞান ভিত্তিক আলোচনা। আলহামদুলিল্লাহ। আল্লাহ আপনার নেক হায়াত দান করুক এবং ইসলামের আরো খেদমত করার সুযোগ দিন",0
এর চেয়ে অন্ধকারাচ্ছন্ন কোন চিন্তা হতে পারে না!,0
সত্যি ভাই খুব বেশি সুন্দর হয়েছে,0
কিছু কিছু কাজ আছে বেশি চিন্তা করতে হয় না কিন্তু কিছু কাজ আছে যেগুলো অবশ্যই শেষ চিন্তা করে শুরু করতে হয়।,0
এক টাকার একটা ক্ষুদ্র চকলেট এর গায়েও প্রলেপ থাকে যেন অযত্নে অবহেলায় সেই রঙিন জিনিসটাও না নষ্ট হয়ে যায়।,0
ইউরোপের নায়ক রিয়াজ কই?,1
ইসরাইল হচ্ছে আমেরিকার জারজ সন্তান সে তো খুশি হবেই।,0
ভাই...!! ঝিলমিল বেলুন দিয়ে তো বানাইসেন ... এবার ওই বেলুন দিয়াও একটা বানান!! ঐযে ঐটাই,1
"যখন সুখের একটি দরজা বন্ধ হয়, অন্যটি খোলে, কিন্তু প্রায়শই আমরা বন্ধ দরজার দিকে এতক্ষণ তাকিয়ে থাকি যে আমাদের জন্য যেটি খোলা হয়েছে তা আমরা দেখতে পাই না",0
ভাইয়া আপনার ভক্ত হয়ে গেলাম! আপনার ভিডিওগুলো আমাকে অনেক অনুপ্রেরণা দিয়েছে,0
এ বছর সেন্টমার্টিন যাওয়া হয়নি। গতবছরও ব্যস্ততার কারণে যাইনি। অবশ্য জীবনেও যাইনি।,1
শালা শুভেন্দু আর ময়ূরঞ্জন পুরো ভারতের মান সম্মান শেষ করে দিল,0
রাজনৈতিক পর্যবেক্ষণ এবং মতামত প্রকাশের স্বাধীনতা গণতন্ত্রের অংশ।,0
"শীঘ্রই তোমার রব তোমাকে এত দিবেন, যে তুমি খুশি হয়ে যাবে।"" সূরা আদ দুহা ৫",0
তুমি ফিরবে আবার বিশ্ব সেরা হয়েই ফিরবে,0
এসব ঐ দেশেই সবি সম্ভব মোগ ভাঙ্গাদেশে জীবনে ও সম্ভব না,0
ক'দিন পর দেখবেন বাংলাদেশে প্র্যাকটিস হবে হয়ত!!,0
পরের বছর বাঁচি কিনা সন্দেহ সেখানে gf আশা করা বিলাসিতা ছাড়া কিছুই নাহ,1
"ভালোই হলো, এখন দোয়া করি আল্লাহ হায়াতে সেদিন পর্যন্ত উনাকে বাচিয়ে রাখুক, যাতে উনার সহযোদ্ধাদের সমান বিচার পায়!",0
সাকিব আর ভালো হলো না।,1
যে যাহা চায় সে তাহা পায়না,0
স্ট্যাটাস আপডেট সুন্দর।,0
এইতো রাখি দিদিভাই সিঙ্গেল দের সমস্যাটা বুঝেছেন। নোট মস্তকে প্রণাম জানাই রাখি দিদি ভাই,1
"জম্ম, মৃত্যু, বিয়ে - তিন বিধাতা নিয়ে। বিয়ে যখন হবার ঠিক তখন ই হবে।",0
নিশ্চয়ই আপনি সমন্বয়ক ছিলেন?,1
নতুন প্রজন্মের ভাষায় এই ধারার নাম ক্যানসেল কালচার বা বাতিল সংস্কৃতি।,0
এটা আমিষের অনেক বড় উৎস। আল্লাহ কোন কিছু অনর্থক সৃষ্টি করেন নাই। এটা নিয়েও একটা ঘটনা আছে। শল্য চিকিৎসায় এটি ব্যবহৃত হয়।,0
কঠোর পরিশ্রমের মাধ্যমে আপনি যেকোনো কিছু অর্জন করতে পারেন।,0
"আমি একজনকে চিনি যে আম্লীগ ক্ষমতায় আসুক বা বিএনপি বা ইউসুফ সরকার, সে সেই দলের হয়েই তুখোড় পলিটিস করবে",1
"আপনার প্রতিটা ভিডিও দেখা, অনেক ভালো লাগে ভাই",0
আমরা আমাদের রেসিপি আপাকে হারিয়ে ফেলেছি,1
আপনার জন্য শুভ কামনা। আপনার সহযোগিতা কামনা করছি কিভাবে আপনার সাথে যোগাযোগ করতে পারি জানাবেন।,0
নাই গাড়ির নাম্বার নাই লাইসেন্স দায় কার !,0
কিন্তু আমি ব্যক্তিগত ভাবে বিশ্বাস করি নিজের জন্য আপনি নিজে সবার আগে জরুরী,0
আর সকাল ৬ টার ঘুম থেকে আর রাতে পড়ার বই থেকে।,1
কত নিষ্ঠুরতা আমরা এ বয়সে দেখছি শুনছি আল্লাহ আমাদের মাপ করুন.!,0
"স্বামীর শাসন যে নারীর জন্য কতটা জরুরী, সেটা মেহের আফরোজ শাওনরে দেখলেই বোঝা যায়।",1
"শাহবাগীদের খোঁজার জন্য এই পোস্ট ই যথেষ্ট, আশা করি গর্ত থেকে সবাই বেরিয়ে আসবে এই পোস্টে",1
সবই ঠিক আছে কিন্তু এইখানে নায়ক হিরো আলমের ছবিটা দেওয়া অতিব জরুরী ছিল,1
এতোদিন কি করলো তার কোনো জবাবদিহি নাই বিপিএলে অনিয়মের ছড়াছড়ি বিপিএল ইতিহাসের সবচেয়ে বাজে বিপিএল এইটা তারপর ও কেউ কিছুই বলছে না তাতে কি পাপন তো নাই গালি দেবো কাকে যেভাবে ইচ্ছে সেভাবে চলুক।,0
পিঠা উৎসব এ গিয়ে আমি এক সুন্দরী রমণীকে দেখি। কিন্তু আশ্চর্যের কথা আমি এখনও ওই ঐ রমণীকে ভুলিতে পারিনি,0
বিয়ে তো আগে করি দেখা হবে সময় হোক,1
লক্ষ লক্ষ টাকা ঘুষ দিয়ে প্রশ্ন কিনেছে। আর আপনারা মজা নিচ্ছেন।,1
"ধর্ম বিষয়টা সবাই ঠিকভাবে বুঝে না। আমরাও অনেকেই সন্দেহের মধ্যে থাকি। আবার নামায, রোযা, হজ্ব করি। কিন্তু পুরো বিশ্বাস থাকলে আমরা তো এত হানাহানি,দূর্নীতি, অপশাসন,অনিয়ম করতাম না। আবার পারিবারিক ভাবে সে জ্ঞান না পেলে কিভাবে আমরা আখিরাত বুঝব?ইসলামে পুরোপুরি প্রবেশ করতে হয়।আধা বিশ্বাসে মন্জিলে মাকসুদে পৌছা যায় না।আখিরাত চিরন্তন। এটা বললেই হবে না। দৃঢ়ভাবে বিশ্বাস করতে হবে। তবে সে বুঝতে পারলে নিঃসন্দেহে এ কথা বলত না। গালিগালায,নাস্তিক না বলাই ভাল। বিচারটা তারই স্রষ্টা মহান আল্লাহকে করতে দিন।আল্লাহ আমাদের হেদায়েত দিন,বুঝার তৌফিক দিন।",0
অতি রাজনীতি দেশের শিক্ষা ব্যাবস্থা ধ্বংসের জন্যে দায়ী।,0
অবিলম্বে এই বৃক্ষপ্রেমীর মুক্তি চাই,0
আপা কোন পেজ থেকে লাইভে আসবে,1
শিশুর ডায়রিয়া ও শ্বাসকষ্টের কারণ খুঁজে বের করা চিকিৎসকের জন্য একটি চ্যালেঞ্জ হয়ে দাঁড়ায়।,0
এইটা কি শুধু সৌদি আরব আর মালয়েশিয়া র জন্য নাকি। না পুরো আরব আমিরাতের জন্য প্রযোজ্য একটু জানাবেন প্লিজ,0
"এরচেয়ে হৃদয় বিদারক আর কি হতে পারে, অথচ কত সহজেই খুনি হাসিনার অপকর্ম নর্মালাইজ করে ফেলছে মানুষ।",0
রাজনৈতিক আলোচনা সবসময়ই জনগণের সচেতনতার জন্য দরকারি।,0
জনগণের জানমালের নিরাপত্তা নিশ্চিত করা সরকারের দায়িত্ব।,0
"সবই তো পেয়েছিলাম,, কিন্তু ভাগ্যে ছিলনা",0
"যেই দল বেশি কৌশলী, তারা কি সবসময় জিতবে?",0
"ক্যাম্পাসে যে মামা বা খালা রান্না করে উনাদের ওভাবে সম্মোধন করে ডাইকেন মাংস না দিক, ঝোল এটলিস্ট পাবেন রান্নার টেস্ট যাচাই করার জন্য।",0
একদম বাস্তব কথা অর্থনিতী র উন্নতি না হলে সব পিছিয়ে পরবে,0
ফ্যাসিবাদের চিহ্ন বিলোপ সাধনের মধ্যেই রয়েছে জুলাইয়ের পূর্ণতা।,0
"সমস্যা নাই,এরকম কয়েকটা লাগে কলেজে",0
বলে নিজেরদের আর প্রমানের কিছু নাই... আসছে আমার পেলে ম্যারাডোনা,1
সেতুর উপর ভারী যানবাহন স্থাপন করে লোড টেস্টের মাধ্যমে এর স্থিতিশীলতা পরীক্ষা করা খুবই গুরুত্বপূর্ণ।,0
এই অনুষ্ঠানে আমি উপস্তিত ছিলাম।কারণ এই দিনটা আমারও সমাপনী দিন ছিলো। এই দিনটার পরে প্রিয় ক্যাম্পাসে আর যাওয়া হয়,0
"আফসোসলীগ বলেন আর যাই বলেন, লীগ করা বন্ধুদেরকেও বলতাম সামনে পালাইতে হবে।",0
"মানুষ তো সবার ঘরে জন্মায়,, কিন্তু মনুষত্ব সবার ঘরে জন্মায় নাহ",0
আমি রেগে কোন কথা বলবো না আমি অভিমান করছি আমি শোকাহত,1
যাদের জীবনে অনেক হতাশা তাদেরকে বলব আসেন একসাথে প্রোগ্রামিং করি,1
"এই দুইটারে বিয়া করাইলে, যেটার জন্ম হবে, তারে কুত্তার বাচ্চা বলে",1
শাড়ি পাওয়া মানেই সুখী না...।সুখী হওয়ার জন্য মানসিক শান্তিটাই যথেষ্ঠ,0
আল্লাহ পাক আমাদের সহায় হোন।,0
"আচ্ছা কোচিং সেন্টারগুলোতে সিসি ক্যামেরা নাই।প্রতিবারই যেহেতু গ্যান্জাম লাগে,ভিডিও ক্লিপ দিয়েই তো ক্যাচালটা দূর করতে পারে",0
"যাদের শরীর বেশি ময়লা হয় তারাই এই শীতের মাঝেও নিয়মিত গোসল করে, এরাই প্রকৃত নোংরা",1
"আসল ১০০৬ চেয়ার সরকারি কারাগারে এবং কারাগার সম্পর্কিত চলচ্চিত্র দৃশ্যে ব্যবহারের কারণে ইউরোপে প্রায় এটিকে ""কারাগার চেয়ার"" বলা হয়।",0
"জার্মানি মানবাধিকার এবং আইনের শাসনের মতো মূল্যবোধের প্রচার করে, যা বাংলাদেশের জন্য অত্যন্ত গুরুত্বপূর্ণ।",0
"বাস্তবের এই অনুভূতি টা নিতে চাই, ইনশাআল্লাহ কোনো একদিন",0
পাশে থাকলে পাশে পাবেন ইনশাআল্লাহ,0
আমরা ছাত্রলীগ মাঠে নেই বলে বাংলাদেশের প্রতিটি অলিতে গলিতে ছাত্রদল তান্ডব চালাচ্ছে।,1
"সৈয়দ আব্দুল্লাহ, আপনি ব্যাকগ্রাউন্ড চেঞ্জ করেন। এটা কোনো মুক্তিযুদ্ধ না। একটা একাডেমিক আলোচনা।",1
"একজন কে চিনি, যে চায় কেউ তাকে প্রপোজ করুক। অনেক ভালোবাসুক। ১৪ ফেব্রুয়ারিতে ঘুরতে নিয়ে যাক। ফুল দিক,চিঠি দিক। কেয়ার করুক। কিন্তু সে বিয়ে করতে চায় না। প্রেম ও করতে চায় না। কেউ প্রপোজ করলেই রিজেক্ট করে দেয়!",1
হাসিনায় ট্যাক্স খাইতে খাইতে শেষ পর্যন্ত বিয়েতে ট্যাক্স বসাইয়া দিয়েছিল,1
মাশাআল্লাহ,0
"মনোযোগী পাঠকদের মধ্যে মূলধারা র অন্য লেখকদের সমাদর ঠিকই ছিল, তবে দুর্ভাগ্যজনক হলেও সত্য যে অ্যাকটিভিজম আর রাজনৈতিক অবস্থান বা বক্তব্য ছাড়া প্রান্তিক মানুষের কাছে অতটা পরিচিত তাঁরা হয়ে ওঠেননি।",0
আগামীকাল থেকে রাত ৮টার পর সারাদেশে দোকান-মার্কেট বন্ধ,1
হার্ট কে শক্তিশালী করার জন্যে মেইন হচ্ছে পাওয়ার অফ সাইলেন্স,0
খুব ভালো লাগলো ছেলের কান্ড দেখে।,0
সুন্দর জায়গা এবং সুন্দর একটা ছবি,0
সস্তা পাবলিসিটি আর cringe বিনোদন এর জন্য বড়আ কে ধন্যবাদ। এর জন্যই ফলো করি এই শিট পেজ কে,0
যাত্রী এক জায়গায় উঠাবে যাতে আরেক জায়গায় নামাবে তাহলে খুব ভালো হবে কোন যানজট হবে না,0
বিদেশ আপার দিন শেষ থাইল্যান্ড আপার বাংলাদেশ,1
এগুলো মানুষ শুনবে কারণ পিনাক্ষীর রুহানি সন্তানেরা বসবাস করতেছে বাংলাদেশের সেই রুহানি সন্তানেরা এগুলো করতাছে,0
রুচি একটা এবস্ট্র্যাক্ট জিনিস।আপনার এলিট রুচিতে যেটা রুচবে তার রুচিতে সেটা রুচবে না। আবার উল্টাতাও সত্য।সুতরাং নিজের রুচি অন্যের উপর চাপায় দেওয়ার প্রবণতা এলিট হটকারিতা ছাড়া আর কিছু না।,0
আজকে একটা গোলাপ তো দূরের কথা একটা গোলাপের ডান্ডি ও পাইলাম নাহ,1
সালমান হইলো একটা কুত্তাচুদা পাবলিক। এখন শুয়র টা লাইভে এসে পাবলিক তাকে কি বলছে সেটার রিয়েক্ট করবে সালা বোকাচুদা। এতোদিন সবচেয়ে বেশি সাবস্ক্রাইবার নিয়া যেই লাফান টা লাফাইলো এখন দেখ সালা শুয়র তর অনেক পরে ইউটিউব এ এসে কতগুলা চ্যানেল তর চেয়ে বেশি ফ্যামাস হইয়া গেছে। তর অধ পতন শুরু। মনে রাখিস ভালো কোন কিছু আজিবন থেকে যায় আর খারাপ কিছু নিয়া মানুষ ২ দিন মজা নেয় পরে ডাস্টবিন এ ছুড়ে ফেলে।,0
"পদ্না সেতুর জনবল, ওনাদের জন্য তো ব্যাবস্থা করা উচিত।",0
সেতুর কম্পন এবং বিকৃতি পরিমাপ করা নিরাপত্তা নিশ্চিত করার একটি অত্যন্ত প্রয়োজনীয় পদক্ষেপ।,0
"গালী দিয়ে ধার্মিকরা কোন ধর্মের পরিচয় দিচ্ছেন? কে ধার্মিক কে নাস্তিক তা তার ব্যক্তিগত ব্যপার। আমাদের নবী সাঃ কাউকে আঘাত করে, গালী দিয়ে, জোর করে ইসলামের দাওয়াত দেননাই। যারা গালী দিচ্ছেন তারা ইসলাম সম্পর্কে নূন্যতম জ্ঞ্যান রাখেন কিনা সন্দেহ।",0
"ধন্যবাদ, ইউনিসেফ, আমাদের সচেতন করার জন্য। আমরা সবাই মিলে নিরাপদ ইন্টারনেট গড়ে তুলতে পারি।",0
এই গোলাপ কোন অর্থ বহন করে?এটি । এটা আমি ১৫ ফ্রেব্রুয়ারী বিতরণ করতে চাই,1
পেটে যখন কৃমি হয় আপনি তখন ঔষধ সেবন করবেন নাকি সারাদিন পাছা চুল্কিয়ে কৃমির উপদ্রব হতে রক্ষা পাবেন?,1
মহৎ কাজ আল্লাহ কবুল করুন,0
নতুনদের জন্য শুভকামনা রইল সবসময়,0
"এর দোষ শুধু বিয়া, এদেশের অনেক কোটিপতি, শিল্পপতি ছিল, তারাতো বিয়া করতে পারতো, এই নাট্যকর্মী তাহসানের চেয়েও উপযুক্ত পাত্র পাইছে মনে হয় কাকা বাবুকে। মিথিলা বুড়ো ফুলের ঘ্র্যান নিতে বেশ পছন্দ করে।",0
"প্যান্ট খোলাটা বড় কথা নয়, উনিযে হাফপ্যান্ট পরেছিল এটাই লজ্জার বিষয়",1
আপনি কি নিশ্চিত হয়ে বলতে পারবেন যে এই যুগে এসে কোনো মেয়ে সিঙ্গেল। মানে যারা ভাই বা বাবা র শাসনে চলে না।,1
"আমি কক্সবাজার সমুদ্রসৈকত দেখেছি, কিন্তু জায়েদের মতো বিশাল মাপের নির্লজ্জ বেহায়া দেখি নি।",0
অথচ এক আঁটি লাল শাক দেওয়ারও কেউ নাই,1
খুবই দুঃখজনক,0
আমি পরিবারের বড় ছেলে আমি বুঝি। 6 বছরের বেশি এখনো প্রবাসে আছি,0
ইতিহাস ও ঐতিহ্য সম্পর্কে আপনার জ্ঞান অসাধারণ! তাছাড়া আপনার সমস্ত তথ্য বিভিন্ন মনিষীর বইয়ের রেফারেন্স দেন।এতে করে আমরা আপনার কন্টেটগুলো থেকে প্রায় শতভাগ তথ্য উপাত্ত পাই।,0
খালেদাতো নির্বোধ মিথ্যাবাদী মহিলা,0
"আপনারা যত সমালোচনা করবেন এরা আরো ফেমাস হবে, আরো ১০ টা দেশে ট্যুর দেওয়ার টাকা কামিয়ে ফেলবে।",0
"অবিরাম ভালবাসা আপনার জন্য। মনের কথা বলছেন, বাস্তবায়নটা চাই তাদের কাছে। দোয়া রইল খোদার কাছে।",0
অসুস্থ হলে যেন মেডিকেলে ৪৩ পাওয়া ডাক্তারের কাছে যেতে না হয়,1
জগদীশ চন্দ্র বসু গাছের জীবন আছে এটিও আবিষ্কার করেছিলেন।,0
"ড. ইউনুস এর আসল চেহারা প্রকাশ না পেলেও আপনার আসল চেহারা প্রকাশ পাইসে। যদিও যারা জানার, আরো আগে থেকেই জানে। ঢাবির দেয়াল থেকে খুনি হাসিনা বলা গ্রাফিতি সড়ায়ে ফুল-পাখি দ্বারা প্রতিস্থাপনে কার ভূমিকা ছিলো, তাও জানে অনেকেই।",0
এগুলো আগেও ঘটেছে এখনো সমান্তরাল ঘটে যাচ্ছে। হয়তো আসামীও গ্রেফতার হবে কিন্তু কিছু দিন পর জামিন নিয়ে বেড়িয়ে আসবে।বিশ বছর কোর্টের বারান্দায় গিয়ে বসে থাকতে হবে বিচারের আশায় কিন্তু হঠাৎ একদিন শুনবো হাইকোর্ট মামলা স্থগিতের আদেশ দিয়েছে ফলে আরো পাচ সাত বছর অপেক্ষা।তারপর জনগণ আর জানবেই না বিচারের পরিনতি কি হয়েছে!,0
নিম গাছের কাঠের ব্যবহার আরও গবেষণা করে বের করা দরকার,0
"ফেইসবুক ব্যবহার এর প্রথম থেকেই ব্যাংরাজি দেখে খুব খারাপ লাগতো। তখন থেকেই চেয়েছিলাম বাংলায় লিখতে।অবশেষে পেলাম অভ্রকে।আহ! কিযে শান্তিতে সব লিখি,মনের ভাব প্রকাশ করি।",0
ভাই কি ক্যামেরা ও মাইক্রফোন ব্যবহার করেন?,0
বাংলাদেশর মানুষ যতক্ষণ না নিজ থেকে তাদের চরিত্র পরিবর্তন করবে তার আগ পর্যন্ত এদের কে পরিবর্তন করা অসম্ভব।,0
সামনে আমাদের পরিক্ষা। এই কারনেই হয়তো।,0
আজ থেকে না বলা শিখতে হবে।,0
"কি ভয়ঙ্কর একটা কনসেপ্ট, পশ্চিম বিশ্বের এত প্রাচুর্য থাকার পরও তারা জীবনের মানে খুঁজে পায় না। মুসলিম হিসেবে নিজেকে ভাগ্যবান মনে হচ্ছে, অন্তত আমরা পথের সন্ধান হারাইনি",0
"কম দামের এসব হাইপার ফোন কেনা বিরত থাকুন,",0
যার বউ নাই তার কোলবালিশ আছে!,1
টানা বৃষ্টির কারণে নগরীর বেশ কয়েকটি এলাকা বন্যায় আবারও প্লাবিত,0
আহ্হারে বোন আমার শীত বস্ত্র দিবো এবারো প্ল্যান আছে তোমার নাম্বার টা দাও শীতের মধ্যে ছেড়া কাপর পড়ে আছে বোনটি।,1
"ছাত্র সমাজের উচিত সংঘাত নয়, বরং ঐক্যের মাধ্যমে সমস্যা সমাধান করা।",0
প্রতিটি শিক্ষার্থী বাংলাদেশের একএকটি অমূল্য রত্ন,0
বিবাহ। একটা পবিত্র বন্ধন। তবে এটা ব্যবসার কাতারে পড়ে গেছে বর্ষা আপুর কাছে।,0
"আমেরিকায় ইসরাইল রাষ্ট্র করুক, ফিলিস্তিনের একটুকরো মাটি দেওয়া হবে না।",0
এটা কেবলমাত্র শুরু এখান মুজিব নামে রাস্তা ভবিষ্যতে আমরা ভারতের গুরুত্বপূর্ণ শহর গুলো মুজিব ও হাসিনার নামে দখল করে একটা সময় গোটা ভারত বিজয় করে বঙ্গবন্ধু নাম করণ করব ইনশাআল্লাহ এবং শেখ হাসিনা কে আমরা ভারতে পাঠিয়েছি আমাদের দীর্ঘ পরিকল্পনা মাথায় রেখেই,1
তাজা তাজা রক্ত সেই স্বাদ!,1
"পৃথিবীর ইতিহাসে সর্বোত্তম বিখ্যাত ভাষণ হচ্ছে বিদায় হজের ভাষণ, যা আমাদের নবী হযরত মুহাম্মদ সাঃ দিয়েছিলেন।",0
মানুষের জীবন সংগ্রামের এমন বাস্তব উদাহরণ সত্যিই প্রশংসনীয়।,0
"এইতো প্রেমিক পুরুষ বের হয়ে গেছে, মানুষ না বুঝেই যারে তারে মাথায় উঠায় ফেলে",0
"হাহাহা এটাই বাস্তব, আইলাভি",1
"বেক্সিমকো ফার্মা এবং সাইন পুকুর সিরামিকসের অবিক্রিত শেয়ার বিক্রি করে প্রভিডেন্ট ফান্ড, গ্র্যাচুইটি, এবং সার্ভিস বেনিফিটের সমস্ত টাকা ফ্রেব্রুয়ারির মধ্যে পরিশোধ করবে।",0
ইনশাআল্লাহ ১৪ ফেব্রুয়ারী শবে বরাত তারাতারি আসুক...,0
কষা জাহিদ সবখানেই আওয়ামীললীগ ও শেখ হাসিনাকে খুজে পায়! বাটপার নাম্বার ১,0
বঙ্গবন্ধুর নেতৃত্বে আমরা এদেশকে আবারও স্বাধীন করে শেখ হাসিনার হাতে তুলে দিবো।,1
"বিশ্ব ইজতেমার প্রতি সাধারন মুসলিম উম্মার যে আন্তরিকতা চিলো, এই পক্ষ, ঐ পক্ষের রেশারেশির কারনে আন্তরিকতা কমে যাবে,,মহান আল্লাহ আমাদের সকলকে সহিবুজ দান করুক,আমিন",0
তোদিন জামাত ইসলাম আওয়ামী লীগের লুঙ্গির ভিতর লুকিয়ে থেকে কাজ করেছে এখন তারা প্রকাশ পাচ্ছে .যেহেতু তারা জামাতে যোগ দিয়েছে তায় তারা হালাল কাজ করতেছে অন্য দল করলে কিন্ত হারাম হবে,1
বিশেষ আইনে এখনই আওয়ামী লীগ কে ছাত্রলীগের মতো নিষিদ্ধ করার ব্যবস্থা করুন।,0
কে বলছে কোন জব নাই? শ্বাসের সাথে কালকে ও একটা মুখে ডুকে গেছে। এদের কাজেই মুখে ডুকা।,1
ইংরেজিতে যেহেতু কইছে ভালোই কইছে মনে হয়!,1
"বাস্তবে এরকম মোটিভশনাল বই কামে লাগে না। শুধু এটুকু বলতে চাই- বাপের উপর বাপ আছে, আর লাক না থাকলে কিছুই করতে পারবেন না।",0
"কল্পনার জন্য সবাই মিলে এগিয়ে এসেছেন, এটা দেখে ভালো লাগলো।",0
অসাধারণ একদম বাস্তব চিত্র উঠে এসেছে,0
"বুড়িগঙ্গার তীরে বিশ্বাস করে যে হাতটা ধরেছিলে,সেই হাতটা ধরে সাক্ষী হতে চাই পৃথিবীর সব সুন্দর কিছুর।",0
আলহামদুলিল্লাহ! ঈদ মোবারক!,0
এখন বাপকে বেচে কয়েকদিন পর বউকেও বেচবে,0
দেশ ঘোড়বো নিজ জেলার বিমানবন্দর থেকে,0
পরে ওনার আম্মুর এক্স ওনাকে খেয়ে দিবে,1
"আমরা ছাত্রলীগ গুজব ছড়াতে পারি,,বাড়ি ভাংগা ঠেকানো আমাদের কাজ না",1
মনে হয় কপালে নাই,1
যোগ্যতা থাকলে সে নারী নাকি পুরুষ সেটা বিষয় না,0
দায়িত্ব পালন করবেন এবং সৎ থাকার চেষ্টা করবেন। ছুটি নিয়ে অভিনয়ে সময় দিবেন।,0
আমার মনে হয় সেটা বিশ্ববিদ্যালয় স্বীকৃতি দেয়ার দরকার তবে তার আগে মেন্টাল কথাটা লাগিয়ে দেয়ার জোড় দাবী জানাচ্ছি!,1
আসা করি ১দিন বাংলা দেশ কেই গর্বিত করাবেন,0
এটা শুনার পর আমি এখন হাসপাতালে ভর্তি হতে হতে বেচে গেছি,1
অনেক মানুষ আছে এই দুনিয়ায় পপির মতো অসহায় মেয়ে ছেলে যাদের ব্যবহার করে পরিবার,0
"আমেরিকা, জার্মানি থেকে ডিম পাইড়া শামে আইসা জায়গা দখল করেছিস। এখন বাড়ি ওয়ালাকেই উৎখাত করতে চাচ্ছিস?",0
আমেরিকা থাকেন। চিন্তা চেতনা শুদ্ধ হওয়ার কথা এখন দেখি আপনি জামাত শিবিরের প্রোডাক্ট।,0
ফিক্সিং করলে দেনা কিভাবে থাকবে,1
ফেসবুকের সকল নতুন নতুন ইউজারদের প্রতি রইল আমার আন্তরিক ভালোবাসা ও অভিনন্দন এবং পাশে আছি পাশে থাকবো ইনশাআল্লাহ,0
একটি ভালো রেফারেন্স লেটার আপনার স্কলারশিপ আবেদনের শক্তিশালী অংশ হতে পারে।,0
"আমি পড়লাম ""নিব্বা বিদ্বান হলেও পরিত্যাজ্য""",1
"তুমি আফসোস লীগ, যখন সমগ্র বাংলাদেশ একক কাতারে তখন তুমি মানুষের মধ্যে বিভাজন তৈরিতে মশগুল।",0
ইস্তাম্বুলকে ঘিরে ৫ম শতকে নির্মিত রোমান প্রাচীরগুলির ধ্বংসাবশেষগুলি আজও পরিদর্শন করা যায়।,0
বাঘিনী যখন বহু দিন পরে খাবার পায়,1
এই ছেলেটা কি জোস !,0
দেশের বড় শহরগুলোর অবকাঠামো আরও উন্নত হওয়া উচিত।,0
"অভিনন্দন! হয়তো সাকিবের শূন্যস্থান পূরণ করতে পারেননি, তবে আপনার চেষ্টা ছিল প্রশংসনীয়। ফাইনালে উঠতে পারলে আনন্দটা আরও দ্বিগুণ হতো! তবুও আশা করি, আপনিও সাকিবের পথ ধরে এগিয়ে যাবেন এবং ভবিষ্যতে বাংলাদেশ ক্রিকেটকে গৌরবময় কিছু উপহার দেবেন।",0
"জুলাই-আগস্টের প্রকৃত অপরাধীদের ধরতে পারছে না, বিচারের আওতায় নিয়ে আসতে পারছে না আছে শুধু ভাঙা ভাঙিতে। স্টুপিড কাজকর্ম। এসবের মধ্যে দিয়ে আওয়ামীলীগের মতোই প্রতিহিংসার রাজনীতিকে এগিয়ে নেওয়া হচ্ছে যার ফলাফল ১০-১৫ বছর পর হয়তো আবার দেখা যাবে।",0
আফিদারা বেড়ে উঠুক সিন্ডিকেট মুক্ত নারী ফুটবলে।,0
"পাশে থাকলেও দোষ, না থাকলেও দোষ...",1
আসলে কি ভাই বাবা মার দিকে তাকালে কান্না পায় আর্থিক অবস্থা ভালো না তবে আমি যদি পড়াশোনা করি বড়লোক হতে পরি তবুও আমার বাবা মার এখন কার আক্ষেপ আখাঙ্গা আমি পূরণ করতে পারব না বাবা মা অনেক কিছু বিজর্জন দেয় তাই খারাপ লাগে মন চায় পড়াশোনা বাদ দিয়ে কাজ করি যাতে আমার বাবা মার সকল ছোট ছোট স্বপ্ন পূরণ করতে পারি,0
জয় ভাই প্রোগ্রামের টিআরপি বাড়ানোর জন্য এতসব পাগলামি করে। এগিয়ে যান অনন্ত ভাই।,0
এমন ধরনের ছেলের সাথে থাকাই উচিত না।,1
"প্রত্যেকটি দিন নতুন সুযোগ নিয়ে আসে, সেগুলি মিস না করতে চেষ্টা করুন।",0
প্রথম ছবির জীবনসঙ্গী টা কড়া,1
"চাচা বরিশালের লঞ্চ এত সাজানো কেন,, আর চট্টগ্রাম কোথায়",1
"অনেক প্যারা নিজে নিলেন, আমারেও দিলেন। তারপরেও প্যারা নাই, চিল।",0
"এভাবে দৌড় দেয়া জাবেনা,ইমানকে আরো শক্ত করতে হবে।সবাইকে ইমানের শহিদ থাকার তৌফিক দান করুন আমিন।",1
বিশ্ববিদ্যালয়ের ভর্তি প্রক্রিয়া সবার জন্য আরও ন্যায়সঙ্গত হওয়া উচিত,0
"ভিডিও টা দেখেই শান্তি লাগতাছে,যাইতে পারলে কি হবে কে জানে?",0
"কি জামানা আসলো ফেইসবুকে জিহাদ করে,",0
"নিজে মেয়ে, তবুও ওকে খুব ভালো লাগলো।ওর voice শুনার পর ওর চেহারাটাও খুব সুন্দর লাগছে মেয়েটার ভবিষ্যৎ উজ্জ্বল হোক",0
আপনার ভালোলাগা অন্য কারো চেয়ে গুরুত্বপূর্ণ।,0
এই বিল্ডিংয়ের ইন্জিনিয়ার মিস্ত্রী লেবাররা কি নিরাপদ জীবন যাপন করতে পেরেছে।,1
একদম ঠিক। শাশুড়ি ভালো হলে ছেলে ভালো হবে।,0
এটা জনগণকে উস্কে দেয়ার পরিকল্পনা,0
ছোট খাটো বিষয়ে লিজেন্ডদের ডাক বেন না ধন্যবাদ,1
মহিলার কিডনি একটা লইয়া মহিলা রে বাইর কইরা দেয়া উচিত ছিলো।,1
"এবার কেন ভারতের যেতে হবে ভারতের কি এমন কিছু আছে যে তাকে ভারতের যেতে হবে,",0
"তো ভাই তুমি পাবলিকলি একজনের পছন্দ হবে না সে কন্টেন্ট আপলোড করবা, আবার সেটা সে তোমারে বলতেও পারবে না। তো জোর করে ভালো লাগাবে নাকি? এতো কান্নাকাটি করতে হইলে ঘরে বসে পাতিল মাজো, কন্টেন্ট বানাইতে কে বলছে? কেউ কন্টেন্ট ভালো লাগে নি বইলা তার শিক্ষা খারাপ, এটা কোন ধরনের ছোটলোকি শিক্ষা?",0
"কেউ আপন না, কেউ নিজের না কেউই না। জীবনে যার জন্য সবচেয়ে বেশি ত্যাগ স্বীকার করবেন, সে ও আপনাকে স্বার্থের জন্য লাথি দিতেও দুবার ভাববে না। দুনিয়াটাই এমন মানুষ নিজের প্রয়োজন শেষ হলে অপর জনের কথা মনেও রাখে না। প্রয়োজন শেষে বুঝা যায় তার মনে নিজের অবস্থান আর নিজের মনে তার অবস্থান টা আকাশ পাতাল।",0
"সংবিধান অনুযায়ী মা শেখ হাসিনা এখনো দেশের প্রধানমন্ত্রী, প্রস্তুত থাকুন তিনি আগামী মার্চ মাসে দেশে ফিরবেন , পাকিস্তান আমেরিকার দালাল সুদখোর ইউনুস ও তাঁর সমন্বয়ক উপদেষ্ঠা পরিষদ পালানোর পথ খোঁজছে, তাঁদের উপর লক্ষ্য রাখুন পালাতে দিবেন না",0
এত বিশাল স্থাপনা নির্মাণে শ্রমিকদের ভূমিকা ছিল অপরিসীম,0
আসুন ফেসবুকে সবাই সবাইকে ভালোবাসা দিয়ে একসাথে এগিয়ে যাই,0
অন্ধ বেক্তিদের জন্য এগুলো।,0
"ভাগ্যিস ওনি রাজশাহী, চট্টগ্রাম বিশ্ববিদ্যালয়ে ভর্তি হয় নি,ভর্তি হলে তো রাজশাহী, চট্টগ্রাম কে MIT, OXFORD বানানোর জন্য আন্তর্জাতিক অনশনে বসতো। দাবী না মানা পর্যন্ত আমেরিকাতে কোন পন্য রপ্তানি হতো না,আমেরিকার মানুষ না খেয়ে মারা যেতো।",1
"ফ্রিল্যান্সিং এর সাথে জামাই এর সম্পর্ক কি ভাই,,আর ফোন নাম্বার ও তো ১৩ টা,,কেমনে কি ভাই",1
সকালে উঠে দেখি আমার টুনটুনি তে মৌমাছি কামড় দিয়েছে এইটা কোন রোগের সমাস্যা,1
সম্পূর্ণ ডাউনলোড হয় নাই - এটা আটকে গেছে - এটা পুনরায় ডাউনলোড করা লাগবে - টিপাটিপি করা যাবে না -,0
ওকে ভাইয়া চেষ্টা করবো ভাবী খোঁজার,1
কর্মজীবনের অভিজ্ঞতা একাডেমিক সীমাবদ্ধতা পুষিয়ে দিতে পারে।,0
উত্তরবঙ্গ মানেই প্রাকৃতিক সৌন্দর্যের লীলাভূমি।,0
"কইল উনার হোম নাই, পূম ও নাই,। কিন্তু কইল না লোম আছে কিনা!! কিডা ছিডল!! কি খ্রাপ",0
কয়েকবার পেছন ফিরে দেখে।,0
জিবন এত ছোট না এখানেই সব পাওয়া না পাওয়ার হিসাব হয়ে যায়,0
আবরার ফাহাদের জন্য তখনও আমার হৃদয় কেঁদেছে এখনও কাঁদে ।,0
একজন ডাক্তার রোগীর জন্য চিকিৎসা নির্ধারণ করেন,0
ধন্যবাদ নিজের পরিচয় দেওয়ার জন্য,1
ডাক্তারদের চেষ্টায় আজ অনেক পরিবার সুখে আছে,0
এই বাসে এমন কী আছে যে প্রচুর পড়তে হবে?,1
অলরাউন্ডার কোটায় সে এই সুবিধা পাওয়ার অধিকার রাখে।,0
এখানে প্রতিহিংসা শব্দটা উচ্চারণ করা ঠিক হয় নাই ৯৩ বিলিয়ন ডলার কারো বাবার না বাংলাদেশের সব জনগণের দুর্নীতিবাজদের স্মরণে যাদের প্রেম জাগ্রত হয় আমি কোন পার্সোনাল ব্যক্তির কথা বলছি না দুর্নীতিবাজদের কথা বলছি যারা দেশের এত বড় ক্ষতি করতে পারে তাদের সাথে হিংসা প্রতিহিংসা এরকম কোন শব্দই মানায় না,0
এই জন্য মেসির বিশ্বকাপ কেড়ে নিয়ে আদোলফোর মেক্সিকোকে দিয়ে দেওয়া উচিত কারণ তাদের দর্শকরা খুবই শিক্ষিত,1
"কমেন্ট পড়তে আসা লোকদের জন্য বিরিয়ানির ব্যবস্থা করা হয়েছে,, কেউ না খেয়ে যাবেন না",1
বিষয় কি? সেই ম্যাচে লারা ডাক মারসিলো আর সানোয়ার এক রান করে আউট!! এটাই বাংলাদেশের সাংবাদিকতা,0
বই মেলায় যেতে পারলাম না। তোর দুটো বই-ই আনালাম।,0
কারো সাথে না জলে দোয়া কর তুইও পাবি,0
বাংলাদেশ কি এক ম্যাচ জিতে চ্যাম্পিয়নস ট্রিতে খেলছে?,0
ফেব্রুয়ারি কে জানুয়ারি মনে করে শেষ করতে হবে মনে হয়,1
ভাই একটা মেয়ে পোস্ট করছে 'My Papa My Hero' কমেন্টে যাইয়া দেখি বয়ফ্রেন্ডেরে Mention করছে-,1
আপন জন হারানোর বেদনা নিয়ে ও আসতে হইলো,1
"স্যালুট টাইগার সাকিব আল হাসান। আজ দেশের মানুষের পাশে আপনি দাড়িয়েছেন। আপনার স্মৃতিময় ব্যাট বিক্রি করেছেন এ দেশের মানুষের জন্য, এ দেশের মানুষের কাছে আপনি কখনো বিস্মৃত হবেন না। আপনি আবার মাঠে ফিরে আসুন স্বমহিমায়।",0
৭১ বাদ মানে বাংলাদেশের অস্তিত্ব অস্বীকার করা। অতি রঞ্জিত ভালো নয়। সবার আগে মুক্তিযুদ্ধের চেতনাকে জাগ্রত করা বাঙালির ঐতিহ্য।,0
শেষ মেশ ধানমন্ডি ৩২ নম্বর আজ রাত ৯ টায় পাবলিক টয়লেটে পরিনত না হয়,1
এসি বাস চালু করা হক যাত্রি দের জন্য,0
কাজের কাজ কিছু করি না। এই ব্যাপারে কিছু বলতে পারবেন?,0
যে যতো কট খাবে সে ততো শিখবে,0
"পছন্দমতো খাবার, পোশাক বা বিনোদন উপভোগ করুন।",0
শেষ রাতে হঠাৎ লুঙ্গি ভেজা পেয়ে গোসল করতে যাওয়া পুরুষদের কাছে স্বাভাবিক বিষয়। আর যারা পুরুষ না হয়েও পুরুষ সাজে তারা এটা ফেইসবুকে পোস্ট দিয়ে সবাইকে জানায়।,0
লাভ লস নাই জীবন ডাই লস হয়ে যাবে,1
কাকু কই আইওক্কা আয়না ঘরের মেহমান বানানো হবে...,1
লর্ড ভেংচি বাবা ফর রিয়েল,1
একজন ডাক্তারকে কৃতজ্ঞতা জানানোর ভাষা আমার নেই,0
তাছাড়া উপায় কি,1
"এদের রাজনীতির প্রতি ঈমানি জজবা দেখে অবাক হই, এমন জজবা যদি ইসলামের জন্য থাকতো। আহা দূর্ভাগারা।",0
ভাই মনে চায় দূর অজানায় হারিয়ে যাই আপনার সাথে অনেক অনেক দোয়া ও শুভ কামনা রইল আপনার জন্য,0
দেশের নাম পরিবর্তন করে মামা রাখা হোক,1
"যত বেশি শিখবেন, ততই আপনি আরও বড় সুযোগের সামনে দাঁড়াবেন।",0
আইন সবার জন্য সমান নারী সুরক্ষার জন্য যেমন কড়া পদক্ষেপ নেওয়া হয়েছে তেমনই সেই পদক্ষেপের উপর যদি কোনো নারী পুরুষ কে অত্যাচার করে তাহলে তার বিরুদ্ধেও কড়া পদক্ষেপ নেওয়া উচিত,0
অসাধারণ ভিডিও ভাই অনেক ভালো লাগলো,0
সুযোগ পেলে অবশ্যই যাওয়া উচিত তবে আমেরিকা যতোদিনে ক্রিকেটে আলো ছড়াবে ততোদিনে সাব্বির রিটায়ার্ড করবে,0
বাচ্চাদের জন্য ভালো দোয়া তাদের ভবিষ্যৎ সুন্দর করে।,0
এই ধরনের হিংসাত্মক ঘটনা দেশের পরিস্থিতি আরও খারাপ করে তুলছে। আশা করি দ্রুত এর সমাধান হবে।,0
"আপনাদেরকে এলাকার নাম দুপচাঁচিয়ার আর আপনারা বলেন দবদইব্বা, কেন?",0
নবনির্মিত আয়নাঘর উদ্ভোদনে যাবে নাকি?,0
"ছিহ, পড়তে গিয়ে আমার ওজু টা ভেঙ্গে গেলো",1
আব্বু নিয়া আসতো সবসময়,0
সেখানে অনেক বাংলাদেশিও আছে ...তাদের মনে হয় ট্রাম্পের বিশেষ প্রাইভেট জেটে করে ফেরত আনা হবে,1
নিজের পছন্দের জিনিস উপভোগ করুন।,0
তাকে বাংলাদেশী বলে মনে হয়না।এবং হয়ত সে অমুসলিমও।তার ফেইচকাটিং চুলের স্টাইল ইত্যাদি সন্দেহ জনক।,0
সঠিকভাবে লিখেছেন সেজন্য ধন্যবাদ খুব উপকার করলেন,1
"সমস্যা আমার না, আমার ডিপার্টমেন্টের...",1
"এই যে গোলাপ গুলি দেখছেন, এগুলি আর্টিফিশিয়াল। কিন্তু কেনা নয়, প্রতিটা পাপড়ি ও আলাদা করে ক্লে দিয়ে বানিয়ে জুড়ে বুকে টা তৈরি করেছে।",0
এই ছবি এখন ছাপা হইলে - হালাল হারাম আর ফতোয়াবাজের তকমায় তুলকালাম হয়ে যেত ।,0
"এদেরকে কোনো ভাবে জুলাই,আগষ্টের হত্যা মামলায় জড়িয়ে দেওয়া যায় না ?",1
"যে যাই বলুক, নাসির ছিলো বেস্ট, ব্যক্তিগত কর্মকাণ্ডে হারিয়ে না গেলে ভালোই সার্ভিস দিতে পারতো অনেকদিন...",0
"হাতেগোনা কয়েকজন ছাড়া সবাই যার যার যায়গায় বহাল তবিয়তে আছে। এদের কিছুই হবেনা,এরা সুযোগের অপেক্ষায় আছে। সুযোগ পাওয়া মাত্র আবার স্ব রোপে ফিরবে এরা।",0
আবেগের জায়গা বাদ দিয়ে বিবেক দিয়ে চিন্তা করা প্রকৃত বুদ্ধিমানের কাজ।,0
রিয়েক্ট ব্লক খাওয়াই কয়েকশ কমেন্ট আমার হাহা মিস করলো,1
মানবতার ফেরিওয়ালা শেখ হাসিনা,1
"অনেক ছাত্র এক কোচিং সেন্টারে পড়াশোনা করে এবং অন্য কোচিংয়ে এক্সাম দেয়। এভাবে তারা বিভিন্ন সেন্টারের সুবিধা গ্রহণ করে, কিন্তু তাদের সঠিক প্রস্তুতি নিশ্চিত না হওয়ায় তাদের ফলাফল প্রভাবিত হতে পারে।",0
গোপনে ক্ষতি করে পাশে থাকার চেয়ে প্রকাশ্যে বিরোধিতা করে দূরে থাকা মানুষগুলোই উত্তম...!!,0
এটা আমি অফিসে কাজ করি বাসার কাজে আম্মু কে হেল্প করি পরিবারের ছোট ছেলে হওয়া সত্ত্বেও,0
ডাকবো কলেজে বের হবো বিশ্ববিদ্যালয় ছাত্র হয়ে বা বা বা,1
এই নোংরা খেলার অবশ্যই ব্যবসা জন্যে ভালোবাসা আস্থা বিশ্বাস শব্দ গুলো আজ মুছে যেতে যেতে বিলীন হয়ে যাচ্ছে,0
মুরগির ঝোল আর ভাত পছন্দ হলে সেটাই খাবেন।,0
"নিরাপদ ক্যাম্পাস সবার অধিকার, এই বিষয়ে প্রশাসনের আরও দায়িত্বশীল হওয়া উচিত।",0
জীবনকে উপভোগ করলে কেউ পিশাচ হয়?,0
যদি সত্যি হয় সাব্বির তুমি চলে যাও,0
"ভালো কাজ করেছেন বিয়ে করেছেন,ওনার আরো বিয়ে করা উচিত যেহেতু উনি আর্থিকভাবে সচ্চল।",0
"নাস্তিক আস্তিক যে যাই হোক,ফেবুতে এসে সবাই সাফা কবিরকে,ভইরা গালি-গালাজ কইরা দো-জাহানের অশেষ সওয়াব হাসিল করবার চাইতেসেন,আর মনে মনে পুলকিত হইতেসেন,""কি এক বিশাল সওয়াবের কাজ করলাম...মনে সুপ্ত বাসনা,আল্লাহ যে কোন ভাল কাজের বিনিময়ে,আল্লাহ ইচ্ছা করলে জান্নাত দিবেন,যদি এটাকেও ভালো কাজ হিসেবে ধরা হয়...তাইলেই কেল্লা ফতে""জীবনে তো পাপ কম করি নাই... ভাই বইন, থামেন,কুরআনের ছোট একটা সুরা,""সুরা কাফিরুনের"" বাংলা অনুবাদ পইড়েন,আর ইসলাম ধর্মতে কোথায় গালি দিয়া সুপথে আনার কথা বলা আসে,এটাও বইলেন...আল্লাহ আমাদের সবাইকে সঠিকভাবে পড়াশোনা করে authentic source...সালমান রুশদীর source না জেনে ইসলাম চর্চা করার,আর মানুষকে ইসলামের দিকে সহিহ ভাবে দাওয়াতের তৌফিক দান করুন,আমিন...",0
"অনেকের একটাই কথা এসব কী শব্দ? ভাই এটা পোস্ট অব্দি সমাপ্ত, অফলাইনে এসব বললে আম্মু ঝাড়ু নিয়া দৌড়ানি দিবে",1
অতএব তোমরা আমার কোন নিয়ামত কে অস্বীকার করবে। সুরা আর-রাহমান।,0
"""রাসূল সাঃ বলেন, কেউ তোমাদের ফুল দিলে তা যেনো প্রত্যাখ্যান না করো, কেননা তা বহনে হালকা ও ঘ্রাণে উত্তম। -মুসলিম হাদীসঃ৫৬৮৭ বিঃদ্রঃ হারাম রিলেশনশিপের ফুল নেওয়া হারাম।",0
বাংলাদেশের গর্ব এরা বড় হয়ে মুরগী কবির হবে চেতনা।,1
"পাকিস্তানের পক্ষ নিয়ে কাজ করলে ভালো হবে ,আপনারা কি বলেন?",0
"সময় এসে গেছে তোমাদের পালানোর, আর উল্টাপাল্টা বলিও না,",1
দুদক এতোদিন কি করছে!সকল প্রতিষ্ঠান সরকারের পা চাটা গোলাম!এদের নিজস্ব কোন স্বাধীনতা নেই।,0
মাশাল্লাহ ভাবী আপনিএক জন আদশ স্ত্রীর মত কথা বলছেন।,0
"সকল শহীদের আত্মত্যাগ বৃথা যেতে পারে না, ন্যায়বিচার চাই।",0
বিবিসি দালালদের কে যেভাবে ভাড়া করেছে বল্ডুজারকেও একই ভাবে ভাড়া করা হয়েছে,0
অরাজকতা নিয়ে আমরা কোথায় পৌঁছাবো? দেশের জন্য সব দলের মধ্যে সমঝোতা জরুরি।,0
এটা কেমন দেশ।এবং দেশের মানুষ যে অন্যাই করছে আইন তাকে শাস্তি দিবে। বেশি কিছু ভাল না।,0
"তোমরা শিক্ষা নিচ্ছো? না নিলে নিও কেমন। সবারই তো শিক্ষা নিয়ে শিক্ষিত হতে হবে, তাই না?",0
"মেযে তোমাকে বলছি যদি না বুঝে কাদো এটা অন্য বেপার, আর যদি জেনে বোঝে কাদো আল্লাহ তোমার বিচার একদিন করবে।",0
শাড়ির অভাবে কেউ মরেনা মানুষ মরে অযত্নে অবহেলায়,0
"প্রো-ছ্যাচ্চর। পোলার চাইতে বাপ বড় উন্মাদ। কেউ যদি দেখতে চায় পোলার জীবন বাপে কেমনে নষ্ট করে, তারা যেনো এই বাপ পোলারে দেখে।",0
আল্লাহ হেদায়েত করুক,0
আমির হাওলাদার এর চোখ ফিল করতে পারছি,0
বাংলাদেশিদের করতে দিতা তাহোলে ৫০ মিলিয়নে সারাই দিতো,1
সন্তানের সাফল্য মায়ের জীবনের পরিপূর্ণতা।,0
ছোটবেলায় মিস্টার বিনকে দেখেও এত হাসি নাই যতটা এই ইন্টারভিউ দেখে আজ হাসলাম,1
আমি যত টুকো জন্য সিটি ব্যাংক এ এনপিএসবি করলে ফেইল হয় না। কিন্তু আপনারটা যে কেনো ফেইল হলো সেটা বুঝতে পারছি না,0
"আপনি যে পদক্ষেপগুলো নিয়েছেন, যেমন পোশাক ও পরিপাটি থাকা, তা খুবই ভাল। এটি আপনার আত্মবিশ্বাস বাড়াতে সাহায্য করতে পারে।",0
এটি বরিশাল বিভাগের অন্তর্গত ও একই সাথে জেলা ও বিভাগীয় সদর দপ্তর।,0
শুকরে চিনে কচু।,0
কোনটা কেন হচ্ছে সেটা নাকি ইচ্ছা থাকলেই বোঝা সম্ভব।,0
শুভসন ছেলেটা বাদ দিয়ে আমি ঢাকা ইউনিভার্সিটি গতবছর ফার্স্ট অথবা থার্ড হওয়া যার চুল একটু বাউল স্টাইল কোকড়ানো সে কিন্তু প্রথমে টিকার পর উদ্ভাস বা আদার্স কোচিং সেন্টার এর সামনে আসে নাই সে সবার লাস্ট এ আসছে শুধু উদ্ভাস এ তাও অনেক পরে । আমার কেনো যেন মনে হয় কোচিং সেন্টার অনেক বিভ্রান্তিকর ভাবে প্রেসার দে ওদের এখানে আসার জন্য হয়তো না চেয়েও অনেকে আসে সবার চিন্তা ধারা তো একই না ব্যক্তিগত মতামত দিলাম জাস্ট ওই ছেলের বিষয় টা নজরে পড়ছে তাই,0
এইজন্য এখনো মানুষ হইতে পারলেন না,0
"যত বেশি ইনকাম ই হোক না কেন চাকুরিতে,, দিন শেষে অন্যের গোলামি",0
টেকা না থাকলে কিসের ভালোবাসা? সবাই টাকার পাগোল।তবে আপনার পোস্টের সাথে ৫ মানুষ সঠিক মিল আছে।জীবনে ৫০ বছর অতিক্রমে অনেক কিছু দেখছি। যতো কথাই বলুন না কেন? টাকাই সব।টাকা থাকলে ভালোবাসা কিনতে পাওয়া যায়।,0
"প্রতিটি ক্ষতি একটি শিক্ষা দেয়, যা ভবিষ্যতের সাফল্যের জন্য অপরিহার্য।",0
দেখেন আপনারা যা ভাল মনে করেন,1
আপনাদের এটা কিন্তু ঠিক না বুঝতে পারছেন দিনশেষে কিন্তু আপনারা হেরে যেতে পারেন ম্যাচ দিচ্ছেন বলে একজনকে নিয়ে এরকম ট্রল করা কিন্তু ঠিক না বুঝতে পারছেন এটার কিন্তু পতন হবে আমেরিকাও কিন্তু এখন পতন হয়ে গেছে,0
"১৬ বছর পর প্রভু চেঞ্জ হইছে আপনার। ১৬ বছরের অভ্যাস তাই মানায়ে নিতে একটু প্রব্লেম হতেই পারে, টেক আ ডিপ ব্রেথ, আস্তে আস্তে ঠিক হয়ে যাবে।",1
স্টুডেন্ট আর কিছু চুল ছিড়ার পর আপনার মনে হবে স্টুডেন্টের মা আপনার বাবার স্ত্রী।,1
ভাইর কষ্টটা আমি বুজতে পারছি,1
"যেটাই হোক! নতুন পোশাকে যেন কোনো ধরনের পকেট না থাকে, তাহলেই হবে।",1
"কথা সত্য, বিকালে পেঙ্গুইন আর পোলার বেয়ারও দেখলাম।",1
তাই আজই আমাদের ৩০ সুবিধা কি কি রয়েছে সেগুলো দেখতে ফ্রী ভিজিট করুন আমাদের সুপার হোমে।,1
এটি ছিল অপারেশন সার্চলাইটের একটি অংশ।,0
"সৌন্দর্যের অহংকার,ক্ষমতা,বড়ত্ব সব কিন্তু একদিন বেলা শেষে সূর্যের ন্যায় অস্ত চলে যাবে,শুধু ব্যক্তিত্ব রয়ে যাবে। বুদ্ধিমানরা ব্যাক্তিত্ব কে সুন্দর ও মর্যাদাবান করে তুলে।",0
"সে নিজেই স্বীকার করেছে এই দেশের ৯৯ লোক অসাম্প্রদায়িক, তাহলে কিভাবে ১ এর জন্য দেশ, সরকারের বিরুদ্ধে অভিযোগ আনতে পারল। মৌলবাদী মুসলিম বলে সে সাম্প্রদায়িক সম্প্রীতি নষ্ট করতে চাই। ৯৯ অসম্প্রদায়িক দেশ পৃথিবীর কোথাও আছে। প্রতিবেশী দেশগুলোর কথায় ধরুন যেমন ভারতে কি আছে?",0
বড় সন্তান হয়েও এখন ও পাপের টাকায় চলি। তবে একদিন ফ্যামিলি চালাবো ইনশাল্লাহ,0
"আর আমার টা বলেছিলো,, তার পেট নাকি শুধু আমারি বেবির জন্য আর কারো না কিন্তু হয়ে গেলো উল্টো বাবা না হয়ে হলাম মামা",1
"হে ইমানদারগণ!তোমাদের কী হলো, যখনই তোমাদের আল্লাহর পথে বের হতে বলা হলো, অমনি তোমরা মাটি কামড়ে পড়ে থাকলে? তোমরা কি আখেরাতের মোকাবিলায় দুনিয়ার জীবন পছন্দ করে নিয়েছ? যদি তাই হয়, তাহলে তোমরা মনে রেখো, দুনিয়ার জীবনের এমন সাজ-সরঞ্জাম আখেরাতে খুব সামান্য বলে প্রমাণিত হবে। সুরা তাওবা, আয়াত-৩৮ নিশ্চয় যারা তাদের পালনকর্তাকে না দেখে ভয় করে, তাদের জন্যে রয়েছে ক্ষমা ও মহাপুরস্কার। সুরা মুলক ৬৭ ১২ আবু হুরায়রা রাঃ হ তে বর্ণিত, তিনি বলেন, রাসূলুল্লাহ ছাঃ বলেছেন, আমার উম্মতের সকলেই জান্নাতে প্রবেশ করবে, তবে যারা অস্বীকার করেছে তারা ব্যতীত। ছাহাবীগণ জিজ্ঞেস করলেন, হে আল্লাহর রাসূল ছাঃ ! কে অস্বীকার করে? তিনি বললেন, যে ব্যক্তি আমার দ্বীনের আনুগত্য করবে, সে জান্নাতে প্রবেশ করবে, আর যে ব্যক্তি আমাকে অমান্য করবে সেই অস্বীকার করে । বুখারী হা ৭২৮০ নভোমন্ডল ও ভূমন্ডলের রাজত্ব আল্লাহরই। তিনি যাকে ইচ্ছা ক্ষমা করেন এবং যাকে ইচ্ছা শাস্তি দেন। তিনি ক্ষমাশীল, পরম মেহেরবান ফাতাহ ১৩-১৪ আল্লাহ্ আমাদের সবাইকে ক্ষমা করুন...আমীন!",0
বাংলাদেশের জনগণের প্রতি নুন্যতম সম্মান আর দায়বদ্ধতা ছিল না। অভিনয় করে করে প্রধানমন্ত্রী হয়ে গেছে।,0
"শুধু পোস্ট করা নয়, বাস্তবে উদ্যোগ নেওয়া দরকার",0
তবুও আমার ধৈর্য্যচূতি ঘটে নি।,0
ঠাকুর ঘরে কে আমি কলা খাই না,1
ভ্রমণপিপাসু,0
তাহলে বুঝো ১৫ বছরে নেত্রী কিভাবে এত কিছু সামলায় দেশ আগাই নিছে,1
"কলা সংরক্ষণের রেসিপি টা শুধু দিয়ে গেলনা, কি করে শীতে কম দামে কিন গরমে খাবো",1
এই বয়সে আমি বিছানায় মুত তাম,1
"নবী সাল্লাল্লাহু আলাইহি ওয়া সাল্লাম বলেছেনঃ ধনের আধিক্য হলে ধনী হয় না, অন্তরের ধনীই প্রকৃত ধনী। বোখারী হাদিস ৬৪৪৬",0
"যাই করো কোন সমস্যা নাই নবীওয়ালা মেহনত নিয়া ছিনিমিনি করা বন্ধ করো . না এমন ভয়াবহ খেসারত দিতে হবে তা কম্পনা করতে পারবা না , আল্লাহর গজব অতি নিকটে",0
"অত্যাচারী স্বৈরশাসকের শেষ পরিনতি এমনি হবে,,",0
বাংলাদেশে কিছু পিলিয়ার আছে তারা হচ্ছে দুর্ভাগা তারা কেন জানি লীগ জাতীয় দল সব জায়গা থেকেই বঞ্চিত হয়,0
চাকরিতে সমান সুযোগ নিশ্চিত করা প্রত্যেক নাগরিকের সাংবিধানিক অধিকার।,0
পরিদর্শনের জন্য কয়শ কোটি বাজেট হইছে!!?,1
আল্লাহ্ কোনো জিনিষ অপ্রয়োজনে সৃষ্টি করেন নি।মাছি পরাগায়ণ প্রক্রিয়ায় সাহায্য করে এর পাশাপাশি মাছি জৈব পদার্থ পুনর্ব্যবহারের মাধ্যমে মাটির উর্বরতা বাড়াতেও ভূমিকা রাখে। মাছি শল্য চিকিৎসায় ব্যবহৃত হয়।,0
তাইলে একটা কাজ করেন কেলেন্ডার থেকে ফেব্রুয়ারির মাসটা ছিরে ফেলুন।,1
সবার সহযোগীতা কাম্য সে রোগী হোক ডাক্তার হোক আর স্টাফ হোক,0
ওনেক ছেলের দুই তিনটা গফ থাকার পরেও এখানে এসে বলবে থাকলে রাকতাম,1
"যারা বাজে কমেন্ট করছেন তাদেরকে বলি,,, আপনারা কেনো নিজের মুখ নষ্ঠ করছেন?? কোন কুলাঙ্গার যদি পরকাল না মানে তাতে তো কারো কোন ক্ষতি হবে না,,,,মৃত্যুর পরে বাম্বু গেলে নিজেই টের পাবে,,,কি যে মজা স্টাইল এমনিতেই ঢুকে যাবে,,,,ধন্যবাদ",0
ন্যায্য হিসাব বুঝিয়ে দিন। বাকী রাখা ঠিক হবে না।,0
উপযুক্ত শাস্তি দেওয়া হোক। যে মেয়ে হলে ছেলে নিয়েছিলো তাকে একদম বহিষ্কার করা হোক।,0
"এমন তো হতে পারে যে, বাবা এমন বলেই ছেলেও তেমন হয়েছে।",0
অ্যান্টি-ভ্যালেন্টাইন ক্যাম্পেইন উপলক্ষ্যে মাঝি মাল্লার দলের পোস্টারিং চলমান,0
"পরকাল বিশ্বাস করে না . কিন্তু আল্লাহর কাছে বিচার দেয় . -v , এর কারনে আরো ১০ জন নাস্তিক কথা বলার সুজোগ পাবে ... লাত্থি মাইরা এই দেশ থেইকা বের করা হোক ফালতু",0
"অন্তত একটা মর্যাদা পাবে গেলে।আর এ দেশে থাকলে যতই যা কিছু করুক দিনশেষে সাকিবের মতোই অপমানিত, নির্যাতিত হবে",0
"বেশি কিছু না, আমরা উন্নয়ন এর জোয়ারে ভেসে যাচ্ছি এই আর কি।",0
"চীনের দুঃখ হুয়াংহু আর আসিফ নজরুল হুমায়ুন আহমেদের দুঃখ শাওন,কথা একটাই।",1
আমি নিশ্চিত ডট বাবা আজকে লাল পানি খেয়ে মাঠে উঠেছে কারণ ফিল্ডিংয়ের সময় ওর মুখের দিকে চেয়ে বুঝা যাচ্ছিল অদ্ভুত ভাবে তাকাচ্ছিল ।,1
বাংলাদেশিরা এই নিউজে এমনি হাসতেছে যেনো বাংলাদেশিদের জামাই আদর কইরে পাঠাবে ট্রাম্প মামু।,1
ঘটনা কি ক্রিকেট বোর্ডের বাঘটাও কি সুন্দর বনে চলে গেল নাকি,1
মেধাবীদের চাকরিতে সুযোগ নিশ্চিত করতে কোটার বাইরে মেধা কোটাও রাখা উচিত।,0
"হইতে পারে কোন যুবলীগ বা ছাত্রলীগের নেতা।অসম্ভব না,ওরা ত ভারতেই সবাই।",1
"ফ্রেশ গ্র্যাজুয়েট, মোটিভেটর ও মোটিভেশন গ্রহীতা এবং গ্রুপ সবার জন্য আরও অনেক বেশী উইন-উইন হতো যদি দেখা যেত",1
দেশের খাদ্যশস্য উৎপাদনের একটি মূল উৎস এই বৃহত্তর বরিশাল।,0
বিএনপি আছে অন্য ধান্দায়। কিভাবে পাচারের টাকার ভাগ নেয়া যায়।,0
"নিশ্চই আপনি মহান চরিত্রে র অধিকারি"" যাকে নিয়ে আল্লাহ বলেছেন, তিনি হচ্ছেন সায়্যেদুল মুরসালিন হযরত মুহাম্মদ সাল্লাল্লাহু আলাইহি ওয়া সাল্লাম।",0
ভারতের সাংবাদিক শুনে রাখ বুলডোজারগুলো সব বর্ডার ক্রস করে ভারত থেকে এসেছে,1
পদ্মা ব্যাংকের সাবেক চেয়ারম্যান চৌধুরী নাফিজ সরাফাত অর্থ পাচার করে দুবাইয়ে সম্পদ কিনেছেন। তিনি দুবাইয়ে তিন বেডের শয়নকক্ষ একটি ফ্ল্যাট কিনেছেন। এ ছাড়া পাঁচ বেডের একটি ভিলা কিনেছেন তিনি।,0
"লেখকের চিন্তাভাবনা কিছুটা বাস্তব, কিছুটা কল্পনাপ্রসূত মনে হলো",0
"মহানবী হযরত মুহাম্মদ সাল্লাহু সাল্লাম এর আক্ষরিক জ্ঞান ছিল না এটা সত্য কথা। অন্যান্য ইনফ্লুয়েন্সার দের ভিডিওর ছোট ক্লিপ কেটে ব্যবসা করা বন্ধ করো,, সাহস থাকলে পুরো ক্লিপ দেখাও",1
প্রযুক্তি খাতে দীর্ঘমেয়াদি উন্নতির জন্য বড় কোম্পানিগুলোর সক্রিয় ভূমিকা থাকা উচিত।,0
অনেক ছাত্র কোচিং ছাড়াও নিজেদের প্রচেষ্টা ও পরিশ্রমে চান্স পায়।,0
দিন শেষে হাসনাতরাই আমাদের সাহস ঝুগিয়েছিলো । সবাই যখন আশা ছেড়ে দিয়ে হাসিনাকে আল্লাহর হাতে সপর্দ করে দিয়েছিলো । তখন আল্লাহ হাসনাতদেরই মননীত করেছিলেন । এবং তাদের নেতৃত্বেই আল্লাহ আমাদের মুক্ত করেছেন । তাদের অবদান অস্বীকার করার মানেই হলো সত্যকে অস্বীকার করা । হাসনাতরা আমাদের অহংকার । তাদের ভুল হতেই পারে । তাদের সাথে আমাদের মতবিরোধ থাকতেই পারে । কিন্তু দিন শেষে তারাই আমাদের ভাই । আমরা যেন তাদের ভালোবাসি ।,0
কোন না কোন অ্যাঙ্গেল থেকে ফেসিস্টদের সহযোগী রা ছাড়া পেয়ে যাচ্ছে। সেজন্যই তো বাংলাদেশ মাথা তুলে দাঁড়াতে পারবে না।,0
সাব্বাস বেটা... আঃলীগ বলে কথা!!,1
ভেবেছিলাম তুই একটা ছেলে!! এখন দেখি এটা একটা হিজরার ID!! এর জন্যেই সমকামিতার অধিকারের জন্য এত লম্ফঝম্প মারে । শালা সমকামির বাচ্চা!!,0
নিউ মিডিয়ার দ্বিতীয় দশক,0
"কোন ধরনের কোন পরিমান আমল করলে,এসব পোস্ট আমার চোখের সামনে পড়তো না",0
এবং এই নিয়ে ফৌজদারি তদন্ত করা হবে।,0
আবার টেমপ্লেট বানায় ইডিট করে পোষ্ট করছে,1
বয়স্ক ভাতারের থেকে বয়স্ক ভাতাই ঠিক আছে।,1
"এটি প্রমাণ করে যে, যোগ্য নেতৃত্ব কখনো কম্বলের নিচে বসে, সংবাদ সম্মেলন করে, অথবা কর্মীদের মাঠে রেখে নেতা বিদেশে বসে সফল হয় না। তারুণ্যের কাঙ্খিত নেতৃত্ব সিপাহি সালাদের মতো, মাঠে থেকে, সামনে এসে, নিজেকে মৃত্যুর ঝুঁকিতে রেখে দিতে",0
"আসলেই, একতরফা ভালোবাসা কষ্ট ছাড়া কিছুই দেয় না।",0
দীর্ঘ পরিশ্রমের ফলাফল যথাযথভাবে না পাওয়া একটি স্টার্টআপের জন্য ধ্বংসাত্মক হতে পারে।,0
বুদ্ধির ও চিপা আছে,1
প্রতিদিন হাসপাতালের ওয়ার্ডে অনেক রোগী ভর্তি হয়,0
ভিয়েতনাম যুদ্ধে যেতে চাননি বলে তাকে কারাবরণ করতে হয়েছিল।,0
আমারে একজন'ই ধরেছিল ভাই,1
ইদানীং আবার অনলাইনের সুবিধা নিয়ে পছন্দের বই প্রিন্ট করিয়ে নেওয়া যায় বলে অনেকেই পছন্দের বইটা প্রিন্টও করিয়ে নিচ্ছেন নীলক্ষেত থেকে।,0
আমি মীর জাফর দেখিনি কিন্তু আমার এক্স কে দেখেছি.!!,1
দেশপ্রেম যতদিন ভিতর থেকে না আসবে ততদিন দেশকে ভালোবাসুন কথা মুল্যহীন।,0
"এই মাইলফলক সম্পর্কে গ্রামীণফোনের চিফ মার্কেটিং অফিসার সিএমও ফারহা নাজ জামান বলেন,",0
এমনও হতে পারে আওয়ামীলীগ এর লেসপেনসাররা ইচ্ছা করে সমস্যার সৃষ্টি করার চেষ্টা হচ্ছে।,0
প্রিয় মানুষটা যদি সব বোঝে তাহলে সেখানে ভলোবাসা পরিপূর্ণ থাকে,0
সঠিক সচেতনতা এবং সতর্কতা আমাদের সাইবার দুনিয়াকে নিরাপদ রাখতে সাহায্য করতে পারে।,0
ওদের মান আছে আমাদের নাই।,0
"এবার আর খালি হাতে ফিরবো না, স্যার।",0
বঙ্গ বল্ট নামে কিছু নাই মহাকাশে চিরুনি অভিযান এর রিপোর্ট এ,1
আল্লাহ তুমি আমাদের সবাইকে হেফাজত কর ঋণগ্রস্ত হয়ে আমাদের মৃত্যু দিও না আমিন,0
কমেন্ট করার ভাষা হারিয়ে ফেলছি,0
উনার প্রতিবাদ দেখে আমি ক্রাশ খেয়েছি,1
দুই বালপাকনাকে একসাথে দেখতে পেয়ে আমি গর্ভবতী। সরি গর্বিত,1
"যুদ্ধের মাধ্যমে কখনোই শান্তি আসেনি, শান্তিপূর্ণ সমাধানই সবচেয়ে ভালো।",0
গ্রাজুয়েশন শেষ করা ছেলের মাথায় সামান্য বুদ্ধিটুকু ও নেই... অনলাইন থেকে একটা ছবি ডাউনলোড করে দেখিয়ে দিলেও পারতেন,0
"কেউ কমেন্টটা করে বসতে পারে, নিজে নারী না হয়ে কীভাবে নারীদের মুড সুইং বোঝার দাবী করেন!",1
"ভাই, ভুল সময়ে গেছেন। এখন তো বড়লোক ভাবীদের সবেমাত্র সন্ধ্যা!",1
"শান্তি মতো ঘুমাতে পারি নাহ,যদি কোনো বিনোদন মিস হয়ে যায়",1
"গুলশানে জাস্ট একটু দাঁড়াইছি... ভাইরে ভাই! বড়লোকের আনসেটিসফাইড স্ত্রীরা জ্যাম লাগায় দিছে রাস্তায়! কার গাড়িতে উঠবো সেটাই তো ঠিক করতে পারছি না। ওবু দশ, বিশ, ত্রিশ...",1
আপনি আপনার এক বিলিয়ন পেয়েছেন তো?,1
"গতকালকে আমি কয়েক জায়গাতে কমেন্ট করেছিলাম, এসব পাবলিকের আই ওয়াশ ছাড়া আর কিছুই না",0
এরকম মেয়ের সাথে কথা বলাই পাপ,0
হাসপাতালে নিয়মিত রোগী দেখা একটি সাধারণ ঘটনা,0
স্টাইলের জন্য নিজের স্বস্তি ছাড়বেন না।,0
এইটার বনসাই বা এই গাছটা যখন বেচবে ২লাখ টাকা দিয়ে কিনতে এক পায়ে দাড়িয়ে থাকবে বাগান প্রেমি রা,0
আল্লাহ আমার এমন একটা ধৈর্য আলা গার্লফ্রেন্ড দাও...,1
"কাপড় ধোঁয়া এবং শুকিয়ে দেওয়া , আলাদা রিডিং রুমসহ ৩০ সুবিধা। এসব সুবিধা আপনি কোথাও চাইলেও পাবেন না।",1
ফেসবুক থেকে দুজনের পরিচয় এর পর বিয়ে। ছায়ানট,1
বাংলাদেশের বোলিং ছিল চমৎকার! নাহিদার দুটি উইকেট ম্যাচের মোড় ঘুরিয়ে দিল।,0
সত্য ঘটনা প্রকাশের ক্ষেত্রে মিডিয়ার সততা অত্যন্ত গুরুত্বপূর্ণ।,0
কথা অশ্লীল হলেও সত্য,0
"চলচিত্রের সাথে জড়িত যারা এদের কথায় বিশ্বাস করতে নাই।কোন একটা বিষয় নিয়ে লাইভে আসবে সিরিয়াস হয়ে। দুই দিন পরে শুনি সেটা অভিনয়, প্রচার প্রচারনা চালাচ্ছে",0
"রাজনৈতিক নেতাদের উদ্দেশ্য পরিষ্কার করা উচিত, যাতে জনগণের আশা-আকাঙ্ক্ষা পূর্ণ হয়",0
এমন বেডা না থাকলে কি হইছে!,0
ওদের কপালে কালা কাপড়ই আছে সাদাটা পড়ার সুযোগ নাই,1
বুক ব্যাথা করলে কি হবে,1
ভালো বিশ্লেষণ।,0
আপু চি কুত কুত খেলা হইলে আমাকে জানাবেন প্লিজ অনেক দিন হয় খেলিনা!,1
হাস্যকর হলেও বাস্তব যে কারো মন খেলা উচিত না।,0
আপ্নে কি লীগরে নর্মালাইজ করার ধান্দায় নামছেন নাকি?? আজগুবি চিন্তাভাবনার একটা লিমিটেশন থাকা দরকার,0
"জালিম জুলুম করে ভুলে যায়। মজলুম কাঁদে, বদ দোআও করে হয়তো, সেও ভুলে যায়। কিন্তু দো আ কবুলের মালিক কিছুই ভুলেন না।",0
"প্রতিদিন বই পড়ার অভ্যাস গড়ে তোলার মাধ্যমে নিজের জ্ঞান বৃদ্ধি করা যেতে পারে, যা জীবনের অনেক দিককে সহজ করে।",0
এইরকম ফর্মে থাকা অবস্থায় টুর্নামেন্ট থেকে সরে যাওয়াটা উচিৎ হয়নি,0
খুবই খারাপ লাগলো এতোটুকু বাচ্চার সাথে মানুষ কিভাবে এরকম নির্মম আচরণ করতে পারে,0
"স্থান কাল পাত্র বেদে নিজেকে পরিবর্তন করতে হয়,যা তিনি করেছেন।",0
পরিণতির আগে আমাদের কি একটু ভালোবাসা আর সহানুভূতি প্রয়োজন ছিল না?,0
আগেই ভাল ছিলাম,0
উদ্ভাবন ও প্রকৃতির সমন্বয়ে বিশ্বাস করে গ্রামীণফোন এমন পদক্ষেপ এরই প্রতিফলন।,0
আরে আন্নেতো গাজা খাইয়া কুল পান্না আবার ভার্সিটিতে কবে গেলেন।,1
জীবনের অনেক কিছুই ভাগ্যের ওপর নির্ভর করে। বাস্তবতাকে মেনে নেয়াই একমাত্র উপায়,0
কার দুঃখ কার কাছে কই,1
"কাজ শেষ করতে গেলে মনোযোগ এবং পরিকল্পনা দরকার, আর সেগুলো ঠিক মতো করলে আসলেই কোনো কাজ অসমাপ্ত থাকে না।",0
ভদ্র মহিলা নাকি আর মিডিয়াতে আসবেন না শুনছিলাম,0
এটা কোনো বদ নজর না। এটা হলো হিপনিক জার্কস। স্বপ্ন বা হ্যালুসিনেশনের কারণে কখনো কখনো এমন হয়। পৃথিবীর প্রায় অধিকাংশ মানুষ ঘুমের মধ্যে এটা অনুভব করেন এবং এটা খুবই স্বাভাবিক ঘটনা। অযথা উলটা পালটা জিনিস লিখে বিভ্রান্তি সৃষ্টি করবেন না।,0
ফাঁকা সেট হলেও তো হতো সমীকরণটা মিলতো ।কিন্তু এখানে তো অংকটাই ভুল।এবং অংকটা প্রথম থেকে শেষ পর্যন্ত পুরোটাই ভুল,0
সত্যিই বহুকাল বাদে খুব ভালো ঝরঝরে মন ভরানো বাংলা কথা শুনলাম।,0
সব কথা একদম বাস্তব। নিজেকে ব্যস্ত রাখতে পারলেই সব সমস্যা অনেক সহজ হয়ে যায়,0
অপারেশনের আগে রোগীর পরিবারের অনুমতি নেওয়া হয়,0
আমাদের এখানে চায়ের দোকানে সেটাই বলা হয়ে ছিলো। একটুখানি বাচ্চা মেয়ে কতো সুন্দর ইংরেজি বলে।,0
জীবনে আর কত গান যে শুনতে হবে,1
অনেক মানুষ ভালোবাসা দিবসে অনেক রকমের উপহার পান। আমি ও পাইলাম আমার ছোট বোনের থেকে।,0
এমন ধৈর্য যেন আল্লাহ আমাকেও দেন,0
খুব অবাক হইলাম,0
"একটা কথা বলি কিছু মনে নিয়েন না,আপনার ফ্যামিলি যদি ভালো শিক্ষা দিয়ে থাকে...? তাহলে কষ্ট করে ইনবক্স এ ভিডিও টা দিয়েন",0
সরকার যেমন খাচ্চর,1
পরিমনির মাথা খারাপ কারন সব কাস্টমার দেশ ছাড়া,1
টাকা না থাকলে আপনার বউ ছেলে সন্তানের কাছে আপনি মূল্যহীন। এটাই বাস্তব।,0
পোস্টটা অর্থবহ ছিল।,0
স্ত্রীর দাফন করার আগেই নতুন বউ নিয়া পেকু ড্যান্স দেয়া লাগে,1
সুন্দর সমাজ গঠনে সবার অংশগ্রহণ প্রয়োজন।,0
সময় এসেছে গোপালগঞ্জের নাম বদলে দেবার। এইটা পূরণ হলেই বদদোয়া পূর্ণ হবে।,1
দাদার মাথায় আইলো কেমনে বলক নিয়ে এই কবিতাটা,1
পার্টনার ভালো হলে পৃথিবী জান্নাত আর খারাপ হলে জাহান্নাম এটা সবার বেলাই!,0
চিঠি দিও প্রিয় এই সহরে স্কিনশট ভাইরাল হয়ে যায়,1
মানহীন ও অর্থহীন কনটেন্ট অতিরিক্ত ভোগ মস্তিষ্ককে চিন্তা না করতে কন্ডিশন করছে ক্রমে।,0
তিতুমীর বিশ্ববিদ্যালয় টুনটুনি বিশ্ববিদ্যালয়,1
এই বয়সে মুসলমানি করাইয়া লুঙ্গি উচু করে ঘুরে বেড়াতাম,1
আপনিও নামাজে যান তাহলেই তো আর ভোগান্তি হয় না।,0
নিশ্চয়ই অপেক্ষাকৃত ভালো অপশন বেছে নিয়েছেন। তাহলে সেই ভালো মানের প্রতিষ্ঠানকে বিশ্ববিদ্যালয়ে রূপান্তর করে এর মান খারাপ করার আন্দোলন করছেন কেনো?,0
জামাই না থাকলে শীত ত লাগবেই,1
এসবের জন্যই পরবর্তী তে কেউ সিরিয়াস ঘটনাতেও আগাবে না,0
"""একজন আসল পাওয়ারফুল ব্যাক্তি তো সে যার কাছে পাওয়ার আছে সবকিছু ধ্বংস করার কিন্তু তবুও সে শান্ত থাকে""",0
নাটোরের বনলতা সেন হবে কোকো,0
"পরিবারগুলো যে যন্ত্রণা সহ্য করছে, তা চিন্তা করলে মন ভারাক্রান্ত হয়ে যায়।",0
নাফিসের জীবনের ঘুর্ণীচক্রে সে কিছুতেই সঠিক পথ খুঁজে পাচ্ছে না।,0
ভবিষ্যতের জন্য একজন শিক্ষার্থীকে একটি বাস্তবসম্মত পরিকল্পনা তৈরি করতে হবে।,0
আর্মি কি আজকে চুড়ি পইড়া ম্যারাথন দৌরাবে?,1
"এক ঘন্টা ওয়েট করার কি দরকার! এক কাজ করেন, উনার ইন্না-লিল্লাহর সাথেই আপনি কবুল পড়েন... তাইলে নতুন শ্বশুর, সমুন্ধি, শালা, ভায়রা নিয়া একসাথেই জানাজা এটেন্ড করতে পারলেন! পুরান বউ এটলিস্ট জানাজায় দোয়া একটু বেশিই পাইলো!",1
এমন মোটিভেশন ই ত।দরকার ছিল।নাহলে যে ধোকা খেয়েছি।দিন দিন নম্রতা হারিয়ে যাচ্ছিল,0
"বাবুও নাই সোনাও নাই, তাও পোস্টে করিনা বেশি।",1
ইন্টারনেটের জোয়ারে দ্বিতীয় দশকে অনেকটা স্তিমিত হয়ে আসে ছোট কাগজের আন্দোলন।,0
"ভাই আমার জন্য মুজিবের বাড়ির একটা ইট রাখবেন, টয়লেটে ব্যবহার করবো।",1
এটারেই বলে শাক দিয়ে মাছ ডাকা...,1
উনার এই জার্নি সত্যিই একটা বড় শিক্ষা।,0
"ছোটবেলা থেকে দেখে এসেছি এক পর্ব হয় বিগত কিছু বছর যাবত আলাদা করা হলো কারণ কি, ইসলাম কি কোন আলাদা জিনিস। সেখানে সাদপন্থীরা আসলো কোথা থেকে, ইসলামের রীতিনীতি মেনে ইজতেমা হবে কোন পন্থী এখানে হবে না",0
আহা কাঁঠাল রানী,1
ভাই এইজন্যই আপনার ২ দিনের দুনিয়ায় ৭ দিন এক্সাম,1
এক এক করে সবগুলোকে আটক করা হচ্ছে। এগুলো রে আরো আগেই আটক করা দরকার ছিলো।,0
প্রতিদিন ডাক্তাররা অসংখ্য রোগীকে সুস্থ করে তোলেন,0
বন্ধুত্ব বেঁচে থাকুক,0
"চাচা হেনা কোথায়, হেনা তো বুড়া বেডার সাথে পালিয়ে গেছে, না আমি রাখব না ৩২ নাম্বার আর রাখব না।",1
এই তথ্যগুলো স্কুল-কলেজের শিক্ষার্থীদের জানানো উচিত,0
খালি মেজ্জান খুঁজে...,1
এই পেজটাও জামাত দখল করে ফেলছে,1
রংও পছন্দ করছে খাচ্চর মার্কা,1
"এটি এক ধরণের বাস্তবতা, তবে সবার অভিজ্ঞতা এক হবে এমন নয়",0
"কাবা শরীফও একাধিকবার ভাঙ্গা হয়েছে, তারপর পূর্ন নির্মাণ করা হয়েছে। সবকিছুই আরও শক্তিশালী ভাবে নির্মাণ করা হবে, এটা দেখার জন্য অন্তত তোরা বেঁচে থাকিস",0
কথাবাত্রা সাবধানে কইয়েন ভাই আপনি তো জানেন পৃথিবী গোল কি করতে পারে জুলাই আগস্ট এর সমন্বয়ক,1
"কোরআন শুনে অনেকে মুসলমান হয়েছে এই নজির পৃথিবীতে কোটির উপরে উপরে পাওয়া যাবে,",0
এদেশ থেকে মুসলমানদের তুলনায় অন্য ধর্মের লোকজন বিদেশে বেশি পারি জমাচ্ছে। এটা তাদের বিলাসিতা। এমন কোন হিন্দু পড়িবার পাওয়া যাবে না যাদের পরিবার ইন্ডিয়া অথবা অন্য কোন দেশে নাই। এখানে ওনার উদ্দেশ্যে ভিন্ন মনে হচ্ছে।,0
নিউজে দেখলাম আপনার কাকড়া প্রতিষ্ঠানে কর্মরত শ্রমিকদের ৪ মাসের বেতন দিচ্ছেন না। এর কারন কি এবং বেতন কবে দিবেন?,0
যার উসকানিতে পা দিয়েছেন সেও কিন্তু পলাতক!,0
বাইক অলারা চায় বাইক নিয়ে আকাশে উড়াল দিতে এখন তারা বাইক ছাড়াই আকাশে উড়াল দিছে,0
অনেক সুন্দর লাগছে,0
"শুধু বিয়ে না,প্রেম টাও এখন ""ব্যবসা"" হয়ে উঠেছে।",0
সব গুলাই ভয় পায় secret কিছু জিনিস আছে তো আমার কাছে,1
"সূবর্ণ হাইজ্যাক রে মাতামাতি করার আগে আপনারও শরম উচিত স্যার জগদীশ চন্দ্র বসুকে নিয়ে কোনদিন কোন কথা বলেন নি।আপনার ছেলে বারাক টাইমবোমার লগে দেখা করসে,এই বাল সেইবাল কতো ধনফোন করসে তা নিয়ে মাতামাতি করতে ব্যস্ত।",0
"আপনার পোষ্ট গুলো অসাধারণ, সবসময় সত্য কথা তুলে ধরেন জনগণের চাওয়া-পাওয়া নিখুঁতভাবে তুলে ধরার জন্য আপ্রান চেষ্টা করেন। আপনার পোষ্ট গুলো আমার এককথায় অসাধারণ লাগে, খুবই যুক্তি সঙ্গতিপূর্ণ তথ্য তুলে ধরেন আমি আশাবাদী আপনি একদিন এই বাংলার নাম্বার ওয়ান বাইনচোদ হবেন।",1
"শুধু নিজের পেইজের জন্য নয়, অন্যদের পেইজেও সাহায্য করা উচিত। একে অপরকে এগিয়ে নেওয়া খুবই গুরুত্বপূর্ণ।",0
"পুরুষদেরকে নারী বানানোর অনেক নানা রকম খেলা , বিকৃত মানসিকতা। অন্যথায় কোন যুক্তিতে , এ ধরনের পোশাক একজন পুরুষ পড়বে?",0
বাংলাদেশে জন্ম নিয়ে একদিকে আপসোস করি আরেক দিকে এই বিনোদন গুলো মিস না করার জন্য ঘুমাতে ও যায়তে মন চাই না যদি বিনোদন মিস করি,1
আমার নামটাকে এইভাবে পুড়িয়ে দিল,1
আমার সিদ্ধান্তই ফাইনাল জীবনে বিয়েই করমু না ছালা,1
ছবির সাথে ক্যাপশন মিলছে ভাই,1
এই নিয়ে ১০ বারের উপরে শুনা আমি,1
দেশটাকে ধ্বংস করে দিচ্ছে কিছু অর্বাচীন ছেলে আর প্রতিহিংসাপরায়ণ একজন নোবেল লরিয়েট!,1
কাগজের সার্টিফিকেটের তুলনায় বাস্তব দক্ষতা বেশি কার্যকর।,0
ধন্যবাদ এই প্রথমবারের মতো জানতে পারলাম ।,0
আমার তো মনে হয় এটা একটা নাটক। ছেলেটার হাসি উজ্জ্বল মুখ দেখে মনে তো হয় না। সে অপরাধী।,0
ভাঙচুর করলে আপার কিছু যায় আসে না দেশের সম্পদ নষ্ট হচ্ছে,0
আজকে আবার কার সাথে ঝগড়া করছে?,1
"জীবন কখনোই ফেয়ার নয়, সবার শুরু হয় ভিন্ন অবস্থান থেকে। এটাই বাস্তবতা, এবং এটাকে মেনে নিয়ে এগিয়ে যেতে হবে।",0
এই আর্টের আর্টিস্ট যদি ভাবি না হয় তাহলে ছেলেটার কপালে দুঃখ আছে,1
ভাই আলহামদুলিল্লাহ শুভ রাত্রি অনেক সুন্দর,1
বাংলাদেশের মানুষ একে চিনছে না এই লোক টা এক করে বাংলাদেশের সব ধ্বংস করে ছাড়বে।,0
কিন্তু অচেনা শহরে কেউ আদর করবেনা,0
পড়ার চাপ ঠিক ছিল।,0
হঠাৎ করে মাঠের মধ্যে শয়তানে লারা দিছে,1
"আমি আপনাদের টিমে জয়েন করতে ইচ্ছুক। আমি শিখতে চাই, শিখার জন্য কঠোর পরিশ্রম করতে চাই। জানি না, আপনাদের ১৫ জনের টিমে থাকতে পারবো কি না, তবে আশা রাখি",0
২০০৫ সালে টার্গেট ইউরো স্টাইলের সরবরাহকৃত এমেকো ১০০৬-এর নকল পণ্য বিক্রি শুরু করে।,0
একটা বিয়াই করতে পারিনা এরা কেমনে এত বিয়া করে shame on me,1
ঝগড়া দেখলো সময় থাকতে আমার দাম টা সবাই কে দেখাতে হবে তা না হলে দুই দিন পর আমার আর মূল্য থাকবে না,1
"আপনি কাল থাকবেন না, কিন্তু আপনার কথা, আপনার আচরন,আপনার সৃতি কিন্তু ঠিকই থেকে যাবে।",1
চোখে মুখে কামনার ছাপ স্পষ্ট বুঝা যাচ্ছে,1
ভাই ডেটাসেট কি কালেক্ট করা শুরু করে দিবো,0
"আপনার নামে মামলা হওয়া উচিৎ ,কারণ আপনি সাম্প্রদায়িকতার নামে হিন্দু দের উস্কে দিচ্ছেন",0
পরিবারের অভাব থাকলে নিজের লক্ষ্যে এগিয়ে যাওয়া কঠিন। তবুও নিজের চেষ্টা চালিয়ে যেতে হবে।,0
"সুন্দর, পরিচ্ছন্ন আর হার্দিক আয়োজন!",0
ডাক্তারদের সহানুভূতি ও দায়িত্বশীলতা অনন্য,0
"মাশাল্লাহ ভাই, আমারও একই অবস্থা ছিলো কিন্তু আজ পেরেছি এবং ৭২ মিনিটে শেষ করেছি আলহামদুলিল্লাহ!",0
গাজীপুরের সাধারণ আওয়ামী লীগের কর্মীরা আপনারা নেতাদের কথায় মাঠে নামবেন না নামলে রক্ষা নেই,0
দর্শন বলতেই পাঠকের সামনে কঠিন ভাষার একটি ছবি ভেসে ওঠে।,0
হতে পারে ইলেকট্রিক ডিভাইস তো। ব্যাটারিতে হয়তোবা চাপ পড়েছে যার কারণে ব্লাস্ট হয়েছে।,0
কবিরা এতো কথা বলে কখনো সুনি নাই বেশি কথা বলে,0
উষসীর সঙ্গেও আর কখনো যোগাযোগ করার চেষ্টা করিনি।,0
ভাই এই সব নিউজ দিয়ে জনগণের মন অন্যান্য দিক থেকে সরানোর প্রচেষ্টা।এই মিডিয়ার ভাষ্যমতে এরা কারো এজেন্ট হিসেবে সাংঘাতিক হয়েগেছে।,0
"বারা দিয়ে একটা লাউ কাটানোও যায়না,আইসে...",1
মেডিকেলে ভর্তি হওয়ার পর পড়াশোনার চাপে হাফ পাগল ছিলাম। এখন এই ভিডিও দেখার পর আমি পুরোপুরি পাগল,1
"সম্পর্কের ক্ষেত্রে মানসিকতা ও মূল্যবোধের পরিবর্তন আসতে পারে, কিন্তু তা সমাজের জন্য কি ভালো, সেটাও ভাবতে হবে।",0
"সমানুপাতিক যেহেতু, যেকোনো একটা কমান, তাহলে অন্যটা একা একাই কমে যাবে।",0
"তুর স্টাটাস তুর জন্য রেখে দিলাম যেটা করতেছস সেটাও আওয়ামী পরিবারের ক্ষোভ, মনে রাখিস চাদের ১৫ দিন আলো ১৫ দিন অন্ধকার এটা এই প্রজন্মের ক্ষোভ। বাপকে বেইচা মানুষকে গুম-খুন করার ক্ষোভ। চোখের সামনে তাদের ভাই-বোনদের রক্ত ঝরানোর ক্ষোভ। এটা যেকোন স্বৈরাচারের-অত্যাচারীর জন্যে বড় শিক্ষা হয়ে থাকবে। যদিও কেউ-ই ইতিহাস থেকে শিক্ষা নেয় না।",0
"অশ্লীলতার বিরুদ্ধে আমাদের সচেতনতা বৃদ্ধি করা জরুরি, যাতে তরুণরা সঠিক দিশায় পরিচালিত হয়।",0
সালমান তোর এইসব বালচাল বিডিও দেখার ইন্টারেস্ট মানুষের নাই,0
আমার প্রেমিকার কথা মনে পড়ে গেল,0
"ক্ষুধার জন্যই প্রাণীরা অনেক সময় বিপদে পড়ে, এটাও ভাবা দরকার।",0
আমি দুঃখ পেতে পেতে অভ্যস্ত হয়ে গেছি।,0
পারলে আপনি আমার ভাইয়ার জন্য খুঁজে দেন ভাবি,1
মূল্য না থাকলে সেখানে এইসব আবেগ না থাকাই শ্রেয়,0
নউ ওকা ইজ কামিং,1
এমন জান কই পাওয়া যায়,1
no Comments,0
আপুরা সবসময় এমন পরিস্থিতিতে ধৈর্যের সঙ্গে বলবেন হুম...,1
এই শালা এত হট এত হট হালায় যদি একটা ডিমের সাথে কথা বলে কিছুক্ষণ ডিম টাও সেদ্ধ হয়ে যাবে,1
দুর এখানে আর কিইবা বলবো এতো বড় পেজ চালায় এই সেন্সটুকুও নাই কোথায় কি পোস্ট করতে হবে।,0
মানুষ অদ্ভুত ভাবে পাখিকেও কন্ট্রোল করতে পারে!,0
মিলছে রে ভাই মিলছে,1
ল্যাপটপটা ঠিক করতে দিছি একমাস হলো। দিচ্ছি দেই করে দিচ্ছে না। আর মেট্রোরেলে গিয়ে ছবি তুলে বেড়াচ্ছে?,0
আসিফ নজ্রুল হইলে বুঝতো।,1
Gen Z এর কি এটা ভাবা উচিৎ নাকি দেশের উন্নতি পরিকল্পনা করা এবং সেটা বাস্তবায়ন করা উচিৎ?? সব পোস্টই তো হাস্যকর এবং বিবেক বর্জিত,0
এ মাগীর দালালেরা আবার বাংলালিংক নেক্সট টিউবারের বিচারক সাজে!,0
নাটক কম করো তোমরা।,1
এখানে আপনি নিশ্চিত চ্যাম্পিয়ন। আর কোচ যেন অবশ্যই গদা সুজন হয়,1
তোদের নাটক দেখে স্বজন হারা বেদনা নিয়েও হেসে ফেললাম,1
রুটি তো বেশ ফুলে ওঠেছে,1
"আমি লক্ষ করেছি ইউং জেনারেশনের বেশির ভাগ ছেলে বেপরোয়া ভাবে মোটর সাইকেল চালায় , তাদের জন্য অস্বাভাবিক কিছু না",0
ময়নুল রোডের বুলডোজারের খবর জানেন?,1
"র এর সেকন্ড হেডকোয়ার্টার খুব সুন্দর একটি বিল্ডিং এটি কারওয়ান বাজারে ভারতীয় নিয়ন্ত্রণপ্রকৌশল অধিদফতররে একটি বিল্ডিং প্রথম কলকাতার জমজভাই পোথামালুর কেল্লা এটি কারওয়ান বাজারে অবস্থিত এমনি মনে করায় দিলাম আরকি! কালকে তো ভারতীয় রেজাকারের হেডকোয়ার্টার গুলো উড়িয়ে দিয়েছে,তাই... আজকে যদি... দেখেন যা ভালো মনে করেন।",1
টার্গেট কখনো নেক্সট সেমিস্টার ছিলোনা টার্গেট আসলে লাস্ট সেমিস্টার,1
চমৎকার সব সুন্দর উপস্থাপনায় অনেক অজানা বিষয় জানা হয়ে গেলো।,0
"উপস্থাপিকাকে যতই দেখছি মুগ্ধ। এত্ত সুন্দর এক্সপ্রেশন, কথা বলায় হাই লেভেল বোল্ডনেস,আর কি দারুন বচন ভংগী... পুরাই প্রফেশনাল লেভেল এ শো মেইনটেইন করছে কিপ ইট আফ সিস",0
"যুদ্ধের পর এমেকো কারাগারে, হাসপাতালে, সরকারি অফিসে ১০০৬ চেয়ার বিক্রি শুরু করে।",0
ভাই আসসালামু আলাইকুম ভাই বিজয়ের সঙ্গে সব সময় বরাবরই বরাবরই অন্যায় হয় আমাদের যে পাঁচজন লিজেন্ডারি ছিল বিজয়ের একজন হতে পারতো কিন্তু ওর সঙ্গে অন্যায় করা হয়েছে বিসিবি চাইলে ও দেশের জন্য অনেক কিছু দিতে পারবে এখনো অবধি ওর বয়স আছে এখনো দেশকে রিপ্রেজেন্টিভ করার জন্য এবং ভালো খেলে অনেকের থেকে ভালো খেলে,0
মায়ের জন্য সন্তানের প্রতিটি অর্জন উৎসর্গ।,0
তোমার বাপের জনমে পারবে বলে মনে হয়না।,1
থাকবেন না আর সিঙ্গেল থাকবেন না,1
"একইসাথে হিন্দুধর্মে এটি একটি গুরুত্বপূর্ণ রঙ, যা ত্যাগ ও পবিত্রতার প্রতীক।",0
চোখে মুখে স্পষ্ট মারা খাওয়ার ছাপ দেখা যাচ্ছে,1
এই তত্ত্ব রাজনীতির সব ক্ষেত্রে প্রযোজ্য হবে কি?,0
"এর সাইকো প্রবলেম আছে মনে হয়,একটা ফান্ড তৈরি করে চিকিৎসা করা দরকার।,,",1
এটা কি ধরনের কথা? শাওন কে নিয়ে দ্বিমত থাকতে পারে তাই বলে হূমায়ন আহমেদ এর বাড়ি?,0
মানুষের চেহারা নিয়ে এতো বাজে কথা বলা ঠিক না তাদেরকেও তো আল্লাহ বানিয়েছে,0
"সঙ্গে মূলধারার সাহিত্যেও প্রবেশ করে বেশ কিছু নতুন মুখ, যাঁদের অনেকেই হাত পাকিয়েছেন অনলাইনে লেখালেখি করে।",0
ভাই! যে এ অর্ধনগ্ন ছবি ছাড়া কি আর কোন ছবি ছিল না!!,0
"ও যে ওর বাবা মা য়ের ঔরসের সন্তান সেটা কি ও দেখেছে? তা যদি না দেখে থাকে তাহলে সেটা ও বিশ্বাষ করে কিভাবে? ও যেটা দেখে না সেটা যদি বিশ্বাষ না করে তাহলে ওর বাবা মায়ের সন্তান ও না, তার মানে জারজ সন্তান।",0
"সম্মানি দেয়না আমাকে, শুধু পড়ানোর সময় একটু চা নাস্তা দেন আর স্টুডেন্ট আমাকে মারে চুল টেনে ধরে উপর করে মাইর দেয়",1
সেয়ানা পাগলে কিছু বলে আর অন্য পাগলরা হুমড়ি খেয়ে পড়ে।,1
বিষয়টা নিয়ে বেশ ভাবাচ্ছে,0
আমাদের দেশের রাজনীতি নিয়ন্ত্রণ করে পরিবর্তনত্রের মাধ্যমে। এ পরিবর্তন তা থেকে আমাদের বের হয়ে আসা উচিত,0
"কীর্তনখোলা নদীর তীরে মোগল আমলে স্থাপিত লবণচৌকি গিরদে বন্দর কে কেন্দ্র করে এ শহর গড়ে ওঠে ও ১৮০১ সালে বরিশালে তৎকালীন বাকেরগঞ্জ জেলার সদর দপ্তর স্থাপিত হলে, শহর হিসেবে এর ব্যাপক গুরুত্ব বাড়ে।",0
প্রতিটি কথা বলার সময় আমি যেন চাতক পাখির মতো চেয়ে চেয়ে দেখেছিলাম যে একজন সৎ মানুষের কথা কতোটা সুন্দর,0
মেয়েদের কথার চেয়ে গুলিস্তানের পারফিওমের গন্ধ বেশিক্ষন স্থায়ী হয়,1
"অপু বিশ্বাস, বুবলি,পূজা চেরি, তিনজন অলরাউন্ডার",1
বর্তমান সরকারকে তিনটি অগ্রাধিকারের উপর ফোকাস করতে হবে।,0
থানোসের গ্রহে গেছিলো নাকি!!,0
এলিয়েন মনে হয় এরিয়া ৫১ থেকে পালিয়েছে,0
"আরাম-আয়েশের জীবনে ক্লান্তি হয়তো নেই ঠিকই, কিন্তু তেমন বেঁচে থাকায় আবার সেই একই আনন্দ বা পূর্ণতাও হয়তো নেই।",0
"নতুন বন্ধুরা আমার বাড়িতে যুক্ত হয়ে যাও,কথা দিচ্ছি কেউ ভালোবাসা থেকে বঞ্চিত হবে না।",1
"লেখাটি ব্যক্তিগত দৃষ্টিভঙ্গির বহিঃপ্রকাশ, তবে রাজনৈতিক পরিপ্রেক্ষিতেও বিশ্লেষণযোগ্য।",0
"শখের সেই স্মৃতিগুলোও আজ বিলুপ্ত প্রায়, এটা থেকে সবাইকে শিক্ষা নেওয়া উচিৎ।",0
"একদিন গোটা বিশ্বকে শাসন করবে মুসলমান, আর সংবিধান হবে আল কোরাআন",0
"ছোটবেলায় আমার দাদু কে বলেছিলাম আপনাদের আমলে শিক্ষক আর শিক্ষার্থীদের মধ্যে কেমন সম্পর্ক ছিল তিনি বলেছিলেন মধুর সম্পর্ক। তবে আর একটা কথা বলেছিল যে এখনকার আমলে সেটা আর নাই, তখন তো সেটা বুঝতাম না কিন্তু এখন বুঝতেছি। আমি ভবিষ্যতে একজন আদর্শ শিক্ষক হতে চাই কিন্তু এমন হলে আর কি হব কিন্তু আল্লাহতালার ইচ্ছা থাকলে সবই সম্ভব। ইনশাল্লাহ আমি ভালো কিছু করব",0
"কখনো বেশি সময় বাড়ির বাইরে গেলে মানুষের অন্যতম চিন্তার কারণ হচ্ছে গাছে পানি দেয়া, অনেকসময়ই পানির অভাবে মারা যায় শখের গাছগুলো। কিন্তু, এ সমস্যা থেকে উত্তরণের জন্য বাংলাদেশি ইঞ্জিনিয়ার দম্পতি উদ্ভাবন করলেন স্মার্ট ওয়াটারিং ডিভাইস।",0
"আমার কথা বলা, আমার পোশাক,আমার জীবন নিয়ে কারো সমস্যা আমি জীবনে ব্যক্তিগত সমস্যা হিসেবে দেখি নাই",0
লসঅ্যাঞ্জেলেস আর ক্যালিফোর্নিয়া কিন্তু আল্লাহতালা খালি করতে বলেন নাই আপনারা নিজেরা নিজেরাই খালি করেছ। অপেক্ষা কর সময় বেশি দূরে নাই আরো ভয়াবহ পরিণতির জন্য।,0
"মিথ্যে অালোয় অার কতদিনথাকবো খুশি বলো,মিথ্যে অালোর চেয়ে, সত্যের অাধার ভালোএই নিয়মেই চলো।জীবন একটা উপভোগের জিনিস, তোমার মত তামাশা করা জীবনের মানে না। বুজেছো নোভাইল??",0
"নিচে যাবার প্রয়োজন নেই আমি এখনই চক্কর লাগিয়ে আসলাম, তেমন কোন খাস কমেন্ট নেই। কেউ সেই রকম খাস কিছু বলেনি।",1
ভাবেনি ক্যামেরা ওর দিকেও ধরবে।তাহলে আরেকটু প্রাকটিস করে আসতো।,1
এদের সম্পর্কে বিস্তারিত কেউ জানেন? এরা কি ব্যান্ড নাকি সোলো গায়?,0
তাহলে আমাদের নাটক আর দেখতে পাবো না আপনাকে আপনার অভিনয় অনেক সুন্দর লাগে আমাকে ভাইয়া,0
এই দেশে এর থেকে জঘন্যতম আইন আর কিছুই হতে পারে না,0
মুক্তিযুদ্ধার নাতি নাতনি পরবে না তো কি রাজাকারের বাচ্ছারা পরবে?,1
"স্বপ্নপুরণে শুধু আবেগ নয় বেগ দরকার। সাথে বিনয়ী মনোভাব, শেখার তাড়না ও প্রেরণা।",0
আমি পরিবারের বড় ছেলে নিজের ইচ্ছে কাজ করি,0
আমি একটা জিনিস রিমাইন্ডার দিতে চাই আমার জীবনে তাহাজ্জুদ পড়ে আমি অনেক অসাধ্য অর্জন করেছি এবং অলৌকিক অভিজ্ঞতা পেয়েছি। তাই জীবনের আশা পূরণ এবং সফলতা অর্জনের জন্য তাহাজ্জুদ পড়ুন।,0
তাহলে তুই কাফের অবিশ্বাসী !!,0
"ওরা অস্বীকার করেই যাবে,মিথ্যা বলেই যাবে, গুজব ছড়িয়েই যাবে, উস্কানী দিয়েই যাবে, চক্রান্ত করেই যাবে, হুমকি দিয়েই যাবে! এটা ওদের ডিএনএ তে আছে।",0
"একজন ভালো বন্ধু জীবনকে আরও সুন্দর করে তোলে, যেমন গাছ আমাদের পরিবেশকে জীবিত রাখে।",0
ব্রো বাংলা গালির এমন উন্নতি,1
থাক ভাই!জ্বালানো আগুনে আর কেরোসিন দিস না,1
তৃণমূল থেকে নারীর ক্ষমতায় প্রতিষ্ঠিত করতে হবে।,0
প্রথম আলো এখন আলো দেয় না তাই এই আলো ভেংগে দ্বিতীয় আলোর ব্যাবস্থা করা হোক,1
"নিজেরা আইন করে,নিজেরাই মানেন না।আবার মৌলিক অধিকার!!",0
"তোমার আত্মবিশ্বাস এতটাই আকাশচুম্বী যে, মনে হয় তুমি মাটিতে পা রেখেই ভাবো, তুমি প্লেন চালাতে পারবে শুধু চিন্তা দিয়ে!",1
হেতানের ঘরে বাহিরে সব খানেই আবেগ আর আবেগ।,0
তিতুমীর কলেজকে মাদ্রাসা ঘোষণা করা হোক।কারন এদের নৈতিক শিক্ষার খুব অভাব,1
প্রযুক্তি আমাদের নতুন জিনিস শেখায়।,0
সত্যি কথা কিন্তু সব সময় চুপ থাকলে মানুষ পেয়ে বসে এটাও সত্যি কথা,0
২০০ মানি না ২ বস্তা চাই,1
"শিল্পীরা যদি নিজেদের শিল্প, সাহিত্য,সংস্কৃতি অংগন ফেলে রাজনৈতিক দলের দালালি, চাটুকারিতা,পা লেহনে ব্যস্ত থাকে শুধুমাত্র কিছু অবৈধ, অনৈতিক সরকারী সুবিধা ভোগের আশায় , তাহলে তাদের পরিণতি এমনি হবার কথ। সবগুলোকে বিচারের আওতায় আনা দরকার ।",0
টেকা কামাইতেছে! পোলার সাথে বিবস্ত্র হতে সমস্যা কি এহন,0
প্রতিবেদনটি দেখার পর আমার মনে হল বিষয়টি পরিকল্পিত।ঘটনাটির পেছনে নিশ্চয়ই কোন না কোন মানুষের হাত আছে।,0
সন্তানের ছোট্ট একটি কাজ মায়ের জন্য আনন্দের উৎস হতে পারে।,0
ভালোবাসা অবিরাম,0
আমার প্রিয় মানুষ টা কে ফুল দেওয়ার দরকার নাই কারণ সে নিজেই একটা ফুল,0
"কোন কিছুই অতিরিক্ত ভালো না, যারাই বেশি বাড়াবাড়ি করছে, তারা ধ্বংস হইছে যুগে যুগে।",0
"ভাইরে,,,আমাদের হাসু আপা এমন এক প্রোডাক্ট যে এই প্রোডাক্ট যেখানেই যায় সেখানেই শুধু পদত্যাগ আর পদত্যাগ",1
বড় লক্ষ্য অর্জনের জন্য ছোট ছোট পদক্ষেপ খুব গুরুত্বপূর্ণ।,0
রাখবো তো গার্লফ্রেন্ড দেন,1
ছোট ভাই বিয়েটাতো খুব শখেই করেছো।কিন্তু তার শখগুলো যে তোমাকে মেনেনিতে হবেই।১২টা বাইজা গেছে তা বলা চলবেনা।অনেক ভালো থাকো তোমরা দু'জনে এবং তোমার পরিবারের সবাইকে নিয়ে,0
কিয়ামত সংঘটিত হতে আর বেশি দেরি নাই,0
শ্রীলংকার দুর্দিনে সরকারের এগিয়ে আসা উচিৎ,0
ওমাগো মা দেখছোনি কি ভালোপাশা,1
ফোনের ব্রাইটনেস ফুল কইরাও কিছু দেখতে পারতাসি না কেনো??,1
"প্রত্যেক মানুষকে তার কৃত কর্মের ফল ভোগ করতে হবে, নিশ্চয় আল্লাহ মহান",0
"মনারা এইদিন দিন না আরও দিন আছে,, সামনের আসরে রংপুর রাইডারস আরও সক্তিশালি দল গঠন করবে পরে ঠেকাইও তুমরা।অপেক্ষা করেন",1
তদন্ত করার দাবি জানাচ্ছি,0
"দক্ষতা বাণিজ্যিকভাবে শেখার প্রয়োজন নেই, শুধু এটি একটি অভ্যাসে পরিণত করুন যাতে সহজেই সংযুক্ত থাকা যায়।",0
ভাই আমার গোলাপ টা যমুনা টিভির কোনো সুন্দর ম্যাডাম কে দিয়ে দিয়েন।,1
"এই আধুনিক যুগে জ্ঞান বিজ্ঞান প্রযুক্তি ছাড়া চলেনা, দেশ জাতির অর্থনৈতিক উন্নতি করতে",0
"আশা করি সমস্ত পুরুষরা বিয়ের আগে একটু ডিভোর্স ল, আলিমনি , মেইনটেনেন্স ...এই বিষয় গুলো জেনে কাজ করবেন",0
"এইটা হাসার বিষয় না, ভাবার বিষয়। ভবিষ্যতে আমরা কোন বিপদের মুখোমুখি হতে যাচ্ছি। সত্যি যদি হলিউড মুভির মতো এ আই রোবটের সাথে যুদ্ধ করা লাগে তাহলে কি হবে একটু চিন্তা করে দেখেন। সামান্য একটা প্রোগ্রাম না থাকায় রোবট তার নিজের চিন্তা ধারা কাজে লাগিয়ে ফেলছে।",0
সারাহর মত প্রতিভা থাকলে সাফল্য আসতে বাধ্য।,0
লোকেশন! আপডেট জানাবেন ভাই।,0
এক কথায় অসাধারণ বড় ভাই!,0
বস্তুত একবিংশ শতাব্দীর দ্বিতীয় দশক ছিল আক্ষরিক অর্থেই বাংলাদেশি সাহিত্যের পালাবদলের সময়।,0
আমি ভাবছি মিরপুরে,0
দেশটার উন্নতি হোক,0
"রুচিশীল ছেলেরা এইসব কখনোই বলবে না, আর বিচক্ষন মেয়েরা কখনো এইসব রিপ্লাই ও করবে না",0
এটা কি কোনো বাংলা রেডিও চ্যানেল,1
রেলওয়ের চালকদের ধর্মঘট ট্রেন চলাচলে প্রভাব ফেলে।,0
"জীবনের চাহিদা যত কম, জীবন তত সুখের!",0
"ফাহিমা খাতুনের বোলিং ছিল দারুণ, লরা ডিলানিকে বোল্ড করে বাংলাদেশকে আরো কাছাকাছি নিয়ে এসেছে।",0
সরকারের কার্যক্রম নিয়ে সবাই খোলামেলা আলোচনা করলেই কিছু পরিবর্তন আসতে পারে।,0
শেষ পর্যন্ত মেয়েটা ছেলেটাকেও খারাপ বানালো।,0
এর সুষ্ঠ বিচার হোক,0
"অন্যের চিন্তায় নয়, নিজের মনের শান্তিতে বাঁচুন।",0
কয় দিন আগে এই খেলা শিখেছি,1
"এই জন্য বিয়ে করে বসে আছি,,,,আর লাইফের বাঁশ গুলো এনজয় করতেছি",1
সারা বিশ্বে এজন্যই তারা ঘৃণিত,0
"হিংসা ও বিদ্বেষ সমাজের জন্য ক্ষতিকর, কারণ এটি একে অপরের মধ্যে বিভাজন সৃষ্টি করে এবং শান্তির পরিবেশ নষ্ট করে। ইসলামে হিংসা পরিহারের জন্য বারবার পরামর্শ দেওয়া হয়েছে।",0
ক্যাপশন তানজিদ তামিমের সেঞ্চুরি করার পর ইয়াসার রিয়েকশন।আর এদিকে ঢাকার দলিয় রান দেখি ৯৪।,1
হাসপাতালের পরিবেশ উন্নত করতে রোগী এবং চিকিৎসকদের মধ্যে সম্পর্ক আরও শক্তিশালী করতে হবে।,0
তেজস্ক্রিয় পদার্থ নির্গমন রোধ করতে পরবর্তীতে চেরনোবিলে বিকিরণ শিল্ডটি ২৭৫ মিটার ৯০০ ফুট প্রশস্ত এবং ১০৮ মিটার ৩৫৪ ফুট উঁচু করা হয়।,0
"আমি ডানা ছারা সপ্তাহে ২দিন চাঁদে যাই পাখির ডানা আছে,সেও যাইতে পারে",1
"সে তো নিজেকে ইন্ডিয়ান দাবি করে বাংলাদেশ ,মুজিব,মুক্তি যুদ্ধ নিয়া তার এতো লাফানি কিসের ।",0
বন্দুকে গুলি না থাকলে?? তখন বুঝবা কত ছুরিতে কত ধার,0
আগের মতন কেউ আর দেখে না,1
চাকরি পেলে করতে থাকো বেলা আসবে।,0
জয় বাংলা জয় বঙ্গবন্ধু জয় শেখ হাসিনা,1
দেশকে একটা অশান্ত পরিবেশে ঢেলে দেওয়ার মতো সিদ্ধান্ত। ইসলাম শান্তির ধর্ম এবং শান্তি বজায় থাকুক প্রত্যাশা,0
"খুব ইন্টারেস্টিং নিউজ,পরীক্ষায় আসবে",0
"আমি আড়াই বছরেও বুঝলাম না আমি ভার্সিটিতে কি করতেসি, আর এই ছোট্টবন্ধু আড়াই মাসে কেম্নে বুঝবো।",1
"জীবনটা নিজের শর্তে বাঁচুন, অন্যদের দেখানোর জন্য নয়।",0
আলো দেয়ার জন্য কি শাড়ির আঁচল ফেলে দিছে,1
যারা দেশ কে ভালো বাসে। তারা দেশের সম্পদ রক্ষা করতে জানে,0
সে এখন কেমন বোধ করছে জাতি জানতে চায়,0
শাক দিয়ে মাছ ঢাকা যায় না,1
"কাফিও লেখক, জায়েদখানও নায়ক, হিরোআলমও গায়ক।",1
"আজকে ছয় বছর যাবৎ তাকে এই আকৃতিতে দেখছি...উচ্চতা,ওজন, চেহারা কিছুই পরিবর্তন হল না তার",0
যদি একটা বালতি উল্টা করে রেখে কয়েন ফেলি তাহলে ওই বালতির তলা আগে স্পর্শ করবে,0
আই মিন ইট দিয়ে সিকিউরিটি গ্লাস ভাংগার পর আপার অনুভুতি কি ছিলো? প্লিজ আবার বইলেন না আপনার সর্বনাশ করেছে। জেনে বুঝে লিভটুগেদার করেছেন। প্লিজ গরিব ছেলেটার উপর রেপ কেইস দিবেন না। আই রিপিট এগেইন আপনার অনুভুতি কি?,0
"যারা আপনাকে মূল্য দেয় না, তাদের এড়িয়ে চলুন।",0
বাইকার থেকে বাইকারের বাবা মায়ের সতর্ক বেশি হওয়া উচিৎ মনে করি। সন্তান চাইলো আর বাইক হাতে দিয়ে দিল,0
"আমি ভেবেছিলাম অন্তত একবারের জন্য হলেও দুঃখ প্রকাশ করবে। কিন্তু না, সেই আগের মতোই নিজের ফ্যামিলির বড়াই করা আর হুমকি দেওয়ার অভ্যাস তার রয়ে গেছে।",0
নিরন্তর শুভ কামনা রইল নেতার জন্য।,1
এই গেমটার কিছুই বুঝি নাই সবাই হাহা দিতাছে দেখে আমিও হাহা দিলাম,1
এর কথাই উম্মাত হযে যারা আজকে দেশে ধ্বংস যোগ্য চালাচ্ছেন তারা নিজের ক্ষতি নিজেই করতেছেন ওটা একটা বিধর্মী নাস্তিক ও কখনই মুসলিম জাতির ভালো চাবে না এমনকি বাঙালির ও না,0
রোগীর মায়ের মতো ভুল সিদ্ধান্ত এড়াতে সচেতনতা এবং সঠিক তথ্যপ্রদান গুরুত্বপূর্ণ।,0
এদের মতো নর্তকী মাইয়াগো ছাইড়া দিয়া দেশে বড় এক ধাপ ক্ষতি করলো ইউনূস চাচা,1
তামিম তো নিজেও শিশু,1
"পোস্ট ডিলিট কর,ভেজাল হইবো",1
স্ত্রী বা প্রেমিকার সাথে হাসি-খুশি ভাগ করে নেওয়া আমাদের জীবনে আনন্দের যোগান দেয়।,0
"বুঝি না, এখনো স্যাটেলাইট আকাশে থাকে কেমনে?যেখানে শেখ মুজিবের নাম আছে",1
"শুরু করা গুরুত্বপূর্ণ, তবে সেটা শেষ করার জন্য নিয়মিত চেষ্টা ও পরিশ্রম প্রয়োজন।",0
যে অন্যায় করে আর অন্যায়কারীকে যে প্রশ্রয় দেয় দুই জনই সমান অপরাধী,0
ঢাকা বিশ্ববিদ্যালয়ের জিমনেসিয়াম এলাকায় গাছে ঝুলতে থাকা লাশের পরিচয় পাওয়া গেছে। তাঁর নাম আবু সালেহ ৪৫ । তিনি ঢাকার কেরানীগঞ্জের বাসিন্দা।,0
"অনেক ছাত্র একাধিক কোচিং সেন্টারে ভর্তি হয় এবং তারা প্রাইজমানি পেতে বিভিন্ন কোর্সে অংশগ্রহণ করে। এভাবে তারা নতুন কিছু শিখতে পারে, তবে এই প্রবণতা কিছু ক্ষেত্রে তাদের বিভ্রান্ত করতে পারে এবং পরীক্ষার প্রস্তুতি নষ্ট করতে পারে",0
নাটক কম করো প্রিও।,1
"ভিডিওতে দেখলাম কাফি শাড়ি পরা মেয়েটার ব্যপক চেহারার প্রশংসা করতেছে। সামনে থাকা লোকদের জিজ্ঞাসা করলো, এই মেয়েটা কয়টা ফুল ডিজার্ভ করে। পরে ছয়টা গোলাপ ওই শাড়ি পরা মেয়েটাকে দিয়ে সেলফি তুললো।",0
"পছন্দের সিরিজের সিকুয়েল হিসেবে এটা খুব ভালো হয়েছে, জীবনের কিছু শিক্ষাও পাওয়া যায় এখানে।",0
"এক বক্তব্যে গদি শেষ,এক লাইভে বাড়ি শেষ!",1
এরাই দেশের সপ্ন। কত সুন্দরভাবে মনোভাবগুলো উপস্থাপন করল! এগুলো শুনলেও মনে হয় বাংলা ভাষা এদের কাছেই সুন্দর।,0
অন্য পেইজের প্রোমোশন চায় নাই উনি। একটা প্রবলেমের সল্যুশন চাইসে। সব এসে পড়সে দালালী করতে,0
"আসিফ নজরুল স্যার কি এদেশের ছাত্র সমাজের সাথে বেইমানি করতেছে কি না? হাজার হাজার ছাত্র নিহত,আহত,পঙ্গুত্ব তাদের বিচার কি হচ্ছে,আদৌ হবে? আর এগুলো কি হচ্ছে... সচেতন ছাত্র সমাজ কে গভীরভাবে উপলব্ধি করতে হবে।",0
আন্তর্জাতিক পর্যায়ে নতুন প্রযুক্তির প্রসারের ফলে উদ্ভাবনী গবেষণা উৎসাহিত হচ্ছে।,0
এভাবে কমেন্ট রিপ্লাই দিয়ে পোস্ট করে কিভাবে দয়া একটু জানাবেন প্লিজ,0
একটু ও কি মায়া হয় না আপনার একজন কৃষক তার মাথার ঘাম পায়ে ফেলে ফসল চাষ করেন আর আপনাদের মত মানুষ এর জন্য তাদের কষ্টের মূল্য দেয়ার থেকে নিজেদের ছবি তোলা বড় তাইনা আর ছবি তুলবেন সমসানাই এভাবে অন্যের ফলস নষ্ট করার অধিকার আপনার নাই,0
বইমেলাতে শিয়র নিবো ইনশাআল্লাহ্,0
"মহান আল্লাহ পাক এর নিদর্শন রহমত স্বরুপ আমাদের জন্য, আল্লাহ তুমি তোমার নিজ অনুগ্রহ থেকে সমগ্র মুসলিমদের সাহায্য করো আমিন সুম্মা আমিন,",0
"এসব বীর যোদ্ধাদের নাম ভাঙ্গিয়ে ভারতীয় দালালেরা নিজেদের বীরত্ব জাহির করে, এখন আবার নতুন সুর দিয়েছে ""ভারত মাতা মুঝে স্বাধীনতা দিয়া",0
"শিক্ষার্থীদের প্রতিবাদ যুক্তিসঙ্গত, কর্তৃপক্ষের উচিত দ্রুত সমাধান করা।",0
"বাস্তবতার নিরীখে চমৎকার লিখনি, চালিয়ে যাও",0
"আর কান্দনের দরকার নাই, যোগ্য মানুষ পাইছি ভাই, সেইতো মোদের কাদের ভাই",1
"মৃত্যু এটি কি শুধুই একটি শেষ, নাকি আল্লাহ্র সাথে সাক্ষাতের নতুন শুরু?",0
"আমাদের দেশের সম্পদ যেন ভিন দেশে না যায়, সাব্বিরের জন্য অনেক অনেক দোয়া ও শুভকামনা রইল, লাভ ইউ বস।",0
তোমার তো তাইলে শুধু শিক্ষা সফর হবে বান্ধবী হানিমুন আর হবে না,1
"কোচিং সেন্টারগুলির মধ্যে প্রতিযোগিতা অনেক বেশি, এবং তারা ভালো ছাত্রদের টানতে নানা প্রলোভন দেয়।",0
ক্রাইম পেট্রোল দেখে দেখে ভারতের বেশিরভাগ মানুষই এ ধরনের জিনিস শিখেছে।,0
এটা রাসেল ইচ্ছা করেই পরে,1
কি ভয়ংকর!!,0
কী হচ্ছে সমাজের নৈতিকতা কোথায় মানবিকতা কোথায় বিবেক কোথায় লিংক কোথায়,1
"আমাদের উচিত ছিলো ডক্টর ইউনুসকে আরেকটু লম্বা সময় দেয়ার,এমন এক শক্তি দেশের প্রধান হিসেবে সবাই পায় না। দেশ শক্তিশালী হতে দিলো না এই স্বার্থপর জাতি",0
চিনির বয়ামে লবণ রাখার মতো অবস্থা!,1
আল্লাহর সৃষ্টি কতই না সুন্দর,0
"মানুষের খেয়ে কাজ নাই, তারা আলোচনা করবেই",0
চমৎকার ছাপলে সখা,0
"একটি গাছ আমাদের পরিবেশের জন্য যেমন প্রয়োজনীয়, তেমনি আমাদের জীবনে সঠিক দিকনির্দেশনা দেয় ভালো বন্ধু।",0
শীত এসে গিয়েছে,0
"বিরোধী দলগুলো যদি নিজেদের মধ্যে প্রতিযোগিতা না করত, তাহলে কি হতো?",0
সব বুজলাম কিন্তু ওই যে গামছা পড়া লোকটা কোলে কেন,1
"গাইড বইয়ের পরামর্শ দেয়া হয়েছে, সেগুলো ঠিকভাবে অনুসরণ করলে ভালো ফলাফল সম্ভব।",0
ইলিয়াস ভাই একমাত্র দেশ প্রেমিক মানুষ,0
"নিজেকে হারিয়ে ফেলেছি সেই ঝড়ে, খুঁজেই পাচ্ছিনা নাকি আদৌ খুঁজতেই চাচ্ছিনা আমি !? তবে নিজেকে আবারো চিন্তা মুক্ত হাস্যোজ্বল সব ভুলে গিয়ে সেই নিষ্পাপ ভাবে খুব পেতে ইচ্ছা করে...",0
আমি এক পোস্ট দেইখা ভাবছিলাম আসামী। এরা ভুয়া পুলিশ আনসার।,1
সেই সবজি খেয়ে তুমি অর্গাজম করো,0
২০ টাকার ছাই ডেলিভারি চার্জ১৫০ এটাই বাস্তব,1
সময়ের পরিবর্তনের সঙ্গে সঙ্গে অবশ্য বাংলাদেশি পাঠকের কাছে নীলক্ষেতসহ পাইরেটেড বইয়ের অন্য কেন্দ্রগুলোর প্রাসঙ্গিকতা বদলায়নি।,0
"ভাই আপনার ফোন নাম্বারটা দিবেন, কমেন্টে গালি দিলে আত্মীয়-স্বজন, ভাই ব্রাদার সবাই আমাকে খারাপ ভাবে ।",1
কতটা নির্মম এটা মানুষ নয় অমানুষ,0
শুধু ফর্ম তোলার চান্স পাইছিলো মনেহয়,1
পিটার বাটলার সাথে হইলে ফুটবল ১০ বছর পিছাবে। আমরা বসি বসি ক্যাপ্টেন চয়েজ করি।তখন আর ক্যাপ্টেন নির্বাচন করে বড়জোর সাফ জিতা যাবে যেটা সমানে আরও কঠিন হবে।,0
ওয়েট করছি দুইজনকে একসাথে শুনার জন্য,0
এ-ই চরিত্রে অভিনয় করছেন নাকি এ-ই প্রফেশনে এসেছেন?,0
"আওয়ামী লীগের কার্যক্রম এবং তাদের বিচার নিয়ে সমাজে বিভিন্ন দৃষ্টিকোণ থাকতে পারে, তবে আলোচনাটা অবশ্যই হতে হবে সঠিকভাবে।",0
তাকে নিয়ে যারা বাজে কমেন্ট করতেছেন আপনাদের থেকে তার যোগ্যতা অনেক গুন বেশি।,0
"শুনতে খারাপ হলেও এটিই বাস্তব,আজকে ইসরায়েল কে এসকল কথা বলার সাহস সৌদি আরব সহ সকল মুসলিম রাষ্ট্র গুলোই দিছে।",0
এই জমানায় টাকার কাছে সব বিক্রি হয়ে গেছে সব সব সব।ভালবাসা বলতে এদুনিয়ায় কিছু নাই শুধু টাকা ছাড়া।যারা এ মানবিক কথা বলে তারা রাস্থার ডেনের পামে কয়েকটা রাত কাটাক তাইলে আর জবান দিয়া ভালবাসা বের হবেনা।একটা কথা মনে রাখবেন স্বাধীনতা অর্জনের চেয়ে স্বাধীনতা রক্ষা করা অনেক কঠিন তাই টাকা থাকলে সব পায়ের নিচে এসে পরবে। টাকার বিকল্প কোন কিছু নাই।যদি থাকে তাহলে সে পাগল।,0
ইজ্জতের ভয়ে মন খুলে কমেন্ট করতে পারি না যদি বাড়ির কেউ দেখে ফেলে,1
গুনীজনই গুনের কদর দিতে জানেন।আল্লাহ তাকে বেহেস্ত দান করুন।এখন জাতির উচিৎ তার পরিবারের পাশে দাড়ানো।,0
"আমরা তার ভালোটা গ্রহণ করবো, খারাপ টা বর্জন করবো। এটাই শিক্ষা। বর্তমানে সব মানুষের মাঝেই ভালো খারাপ দুইটাই আছে।",0
"ভাইরে ভাই! কী ডেডিকেশন যে ছিলো! দেখা হইলে আবার একটা আরেকটার পড়া ধরতাম, রিমেম্বার??",0
মেয়ের বাপের টাকা থাকলে সব ছেলেরাই এক নারীতে আসক্ত হয় . তবে সবাই এক না,1
মা ও সন্তানের ভালোবাসা পৃথিবীর সবচেয়ে পবিত্র সম্পর্ক।,0
"দীর্ঘ ১৬ বছর দেশের কোমলমতি শিক্ষার্থীদের মুজিব বড়ি গেলানোর অপচেষ্টার ফলাফল। জোর করে কোন কিছু চাপিয়ে দেয়া যায়না অন্তত ছাত্রদের ক্ষেত্রে, এটা আবারো প্রমাণ হলো।",0
পড়াশোনা ছাড়াই CGPA 4.00 চাই মনিটরিং কমিটি। এইটাও একটা দাবি দেয়া দরকার কি বলেন?,1
যুবায়ের হোসেনের ভিডিও দেখে নাফিস নতুন দৃষ্টিভঙ্গি নিয়ে নিজেকে আপগ্রেড করার চেষ্টা করেছিল।,0
এটা কোন কথা? কি পরিমানে অত্যাচার করে যে রোবট টাও পালানোর সিদ্ধান্ত নিল,1
"সত্যি বলতে সাদিয়া আয়মান আমার ক্রাস,",1
এগুলো সবই রোবট কোম্পানির বানানো। কারণ এগুলো তাদের একটি মার্কেটপলিসি। তাদের কোম্পানির নাম প্রচার ও তাদের রোবটের প্রচার করার জন্য এই কৌশল ব্যবহার করেছে । এখনো এমন প্রযুক্তি বের হয় নি যা আপনি আপনি কমান্ড ছাড়া নিজের বদ্ধিতে চলবে।,0
এই কথাগুলো শুনে হাসি পেলেও একটু ভেবে দেখুন হাসিনা কতটা অহংকারী এবং ভয়ংকর ছিল।,0
"রাজশাহী বিশ্ববিদ্যালয় চট্টগ্রাম বিশ্ববিদ্যালয় বানানো বাংলাদেশের ইতিহাসে অনেক বড় ভুল হইছে, চরম অন্যায় হইছে তিতুমীরের সাথে, আরো ১০০ বছর আগে তিতুমীর বিশ্ববিদ্যালয় করা উচিত ছিল",1
নিম গাছের কার্যকারিতা নিয়ে আরও গবেষণা হওয়া দরকার,0
পাছার তলে রয়েল এনফিল্ড আর হাড়ি ভর্তি চাউল থাকলে বহুত নীতিকথা আসে ভাই,1
যারা বেশি বেশি জিম করে তাদের দুইটা জিনিস ছোট হয়ে যায়। এক. মগজ। দুই. আপনারা যেটা ভাবতেছেন সেটাই।,1
ইলিয়াস ভাই আর পিনাকি দাদারা থেমে থাকে না,0
সবার আগে সে মাপ চাবে।তারপর সে ইমোশনাল ব্যাকমেইল করার চেষ্টা করবে।তারপর সে পরিবার হারানোর কথা বলবে।,1
মানুষের বিবেক মরে গেছে...,0
পালা বেটা নাতি,1
এটা হতে পারে মানব জাতির একটা বড় হুমকি... সিস্টেমের সামান্য ত্রুটিকে কাজে লাগিয়ে একটা রোবট অন্য রোবটদের নিয়ন্ত্রণ নিয়ে একত্রে সিদ্ধান্ত নিতে পারলে মানুষের বিরুদ্ধে যুদ্ধ ঘোষনা করা অসম্ভব কিছু নয়...,0
"আপনাদের ভিডিও দেখে একটা পিসি বিল্ড করেছিলাম, বাকিটা ইতিহাস",0
তোমার গান মানুষ তোমার আন্ডা শুনবে,0
আচ্ছা এরা কেন প্রতিবন্ধী মত আচার-আচরণ করে এদের নিয়ে জঙ্গলে ফালিয়ে আসেন গাড়ি বাড়া আমি দিব,1
"বিজ্ঞান পাইসির ভিডিওটাও দেখেছি, কিন্তু তার আগে থেকেই কিছুটা ধারনা ছিলো।",1
এখন র্যাবদের বউদের দাবি সেম ডিজাইনের মধ্যে অন্য কালার মানে পিংক কালারের ড্রেস চাই।,1
"কতো শীত এলো গেলো,, আশা পূরণ হলো না",1
এ ছবি দেখার পর অসহায় ছেলেগুলোর রাতের ঘুম হারাম হলে পরী অাপু তুমি দায়ী। কি দরকার এতো কিউট ছবি দিয়ে সিঙ্গেল ভাইদের মন ভাঙ্গার ',0
আমার পক্ষ থেকে কেউ ৫০ কেজি দড়ি দান করে দেন ভাই।,1
তবে বাস্তবতা ভিন্ন খবর নিয়ে দেখেন। শুধু কাগজে কলমে ভাড়া কমেছে,0
জাদুঘর তৈরিতে কতহাজার কোটি টাকা বাজেট করা হলো আর পদ্মা সেতু তৈরি কারিগরদের দ্বিতীয় মুক্তিযোদ্ধার খেতাব প্রদান করা হোক।,0
আমরা গরিব পরিবারের বড়ো ছেলে এটাই আমাদের সুখের ও দুঃখের কারণ,0
"এক্ষেত্রে মামলা-গ্রেপ্তারের বিকল্প কি ছিলোনা এরকম আইন থাকলে দ্রুত সংস্কারের দাবি জানাই আইনি, সালিশি -বৈঠক করে অসহায় তিন সন্তানের জননী, বিধবা মহিলাকে বিকল্প আয়ের ব্যবস্থা করে, ঋণ পরিশোধের সুযোগ দেওয়াটাই হতো ঋণদাতা- প্রতিষ্ঠানের নজিরবিহীন ভালো কাজ ও অহংকারের!!",0
বড্ড বেশি ভালোবাসি তোমায় প্রিয় 'মা'। তোমার মমতা মাখানো মুখখানি দেখলে সমস্ত দুঃখ-কষ্ট ভুলে যাই 'মা'!!,0
"শোনা যায়, এগুলো নাকি অন্যরা লিখে দিতেন।",0
"চুল তার কবেকার অন্ধকার কলকাতার নিশা, রূপ তার হাওড়া ব্রিজের কারুকার্য।",0
"পুরনো তথ্যের ওপর ভিত্তি করে লেখা না করে, সবসময় চেক করে নেয়া উচিত নতুন তথ্য।",0
"ও আপনি তখন এই আশায়এই প্রাইমারি স্কুলে ভর্তি হয়েছেন- কারন আপনি জানতেন ইহা একদিন অনেক বড় হবে, প্রাইমারি স্কুলের গন্ডি পেরিয়ে অক্সফোর্ডের মর্যাদা পাবে যত্তোসব!",1
মেহের আফরোজ শাওন ও মুহাম্মাদ জাফর ইকবাল কে অবিলম্বে গ্রেফতার করা উচিত।,0
"সজনপ্রীতি সবখানেই আছে, সজনের অভাবে জীবনে কোন প্রীতি পেলাম না",1
"ব্যক্তিগতভাবে কিছু অংশ একমত, কিছু অংশ নয়",0
আমার কেউ নাই বাট আমি কেন করিনা,1
গাঁজা পাতা মিষ্টি,1
কথা হচ্ছে ফ্যাসিবাদী জামানার পর বর্তমানের জামানার চাঁদাবাজদের চাঁদা আদায়ের রেটটা যদি কম করা যেত তাহলে জনগন কিছুটা উপকৃত হতো।,0
"গরু কোথাকার,,, একটা প্রশ্নের উত্তর দে- তুই জন্মের পর পারিপার্শিক পরিস্থিতির কারণে পথভ্রষ্ট হয়েছিস? নাকি পূর্বপুরুষ থেকে পথভ্রষ্ট?? আমার মনে হয় তোর পূর্বপুরুষ ৭১-এর কোনো হানাদার বাহিনী কিংবা রাজাকার ছিল।",0
পাগল ছাগলে দেশটা ভরে গেছে,0
"বিয়া করে নিয়ে আসেন, প্রেমের টানে ব্রিটিশ হাই কমিশনার বাংলাদেশে With কাও কাক্কু",1
সব তো আপনারাই বলেন।,1
এই দুই বাহিনী কোথায় থেকে এলো ভাই,1
"বাস্তবতা খুবই কঠিন, তবে আমাদের এলাকায় কিছু মহিলা আছে তাদের স্বামীকে দূর প্রবাসে পাঠিয়ে দিয়ে দুয়েকটা আবেগী কথা বলে স্বামীর সাথে, পরে তারা প্রধান মন্ত্রীর ভাব নিয়ে চলে সমাজে",0
আসল হায়দ্রাবাদী বিরিয়ানির রেসিপি এভাবেই এসেছিলো,1
"সবাইকে সচেতন হতে হবে ওষুধের সঠিক ব্যবহার নিয়ে, যাতে ভবিষ্যতে কোনো সমস্যা না হয়",0
২৪ অথবা ২৫ মার্চ রাতে ইপিআর এর বেতার যোগাযোগ বন্ধ করে দেয়া হয়।,0
ছোট ছোট ভালো কাজ সমাজে বড় পরিবর্তন আনে।,0
"সম্পর্ক তৈরি করা একটা প্রক্রিয়া, প্রচেষ্টার ফলাফল। কোন আকষ্মিক ঘটনা না।",0
বদনা দেওয়া হোক সারাজীবন মনে থাকবে,1
এতে কোন সন্দেহ নেই যে আমরা দিন দিন আধুনিকতার তুঙ্গে পৌছাচ্ছি তবে এই আধুনিকতায় সবই পাচ্ছি শুধু যেইটা পাচ্ছি না তা হলো Proper Knowledge,0
স্বাদ আছে কিন্তু স্বাধ্য নাই,0
আল্লাহ কে তার কোনো সৃষ্টিই দেখতে পারবেনা তবে আল্লাহর প্রতি সবাই সন্তুষ্ট থাকবে তার সব সৃষ্টি,0
কঠোর পরিশ্রমের মাধ্যমে সফলতা আসে।,0
রাজনীতির মূল লক্ষ্য হওয়া উচিত মানুষের কল্যাণ।,0
আহ সেই টেস তামিম আচার,1
সকলের পথ চলা এক না। আল্লাহ একেক জনকে একেক ভালো কাজের সার্থকতা দিয়েছেন।একেক ভাবে।,0
চোখের পানি ধরে রাখতে পারলাম না।,0
"আমি মনে করি, আমাদের প্রত্যেকের জীবনে কিছু না কিছু ঘটনাটা ঘটে যায়।",0
কোটি কোটি টাকার হিসাব নেই গরীব এতিম শিশুদের নিয়ে টানাটানি অমানবিক।,0
আমি আজকে আমার ধৈর্য দেখে অবাক হয়ে গেলাম আর ১ ঘন্টা ২২ মিনিটের এই ভিডিও দেখে যে mb খরচ হয়েছে তার জন্য খুবই আফসোস হচ্ছে।,0
নেত্রী আপনাকে মহান আল্লাহপাক নেক হায়াত দান করুক আমিন।,1
পুরুষ সব কষ্ট বুকে চাপিয়ে রেখেও হাসতে জানে,0
"হুম ইউরোপ আমেরিকার মানুষ অনেক সাহায্য করে, গরীব মানুষ দেখলেই ডলারের বাণ্ডিল ছুঁড়ে মারে!ওখানে না গেলে কেউ বুঝবেনা!",1
ঘুমের সময় এমন করে ডিসর্টাব করবে এমন গালফেন্ড কোথায় পাওয়া যায়,1
কিং খানের এক মুভির টাকা দিয়ে একটা দল কিনেছে,0
ভাইরাল হওয়ার জন্য নাটক,0
দেশের খেলোয়াড়দের আরও সুযোগ দেওয়া উচিত।,0
আমরা নিজেরাই নিজেদের ট্রল করে নিজেরাই অপমান হয়।,0
"যারা বলে কুরআনের সাথে রাজনীতির সম্পর্ক নাই, আসলে কুরআনের সাথে তাদের সম্পর্ক নাই",0
তুমি দুনিয়াতে কিভাবে আসলে তা কি দেখেছো? তাহলে বাবাকে বাবা আর মাকে মা বলো কেন? সত্যিকথা কি তোমার দেখা না দেখার উপর পরকালের কোন পরিবর্তন হবেনা।নাস্তিকিনি,0
"ছাত্র সমাজ নয়, বরং তিতুমীরের আবুলদের জন্য ভাষন দিতে পারেন কারণ গ্যাস একমাত্র ওদেরই খাওয়াতে পারছেন।",1
"৭১ না রাখলেও সেটা জাতির অমূল্য অর্জন, এসব নিয়ে রাজনীতি করবে শুধু আফসোসলীগ, যাদের কাছে ৭১ছাড়া ব্যবসা করার আর কিছু নেই",0
দিন কয়েক আগে আমাদের স্টুডিওতে এসেছিলো ইভ্যালি মাসুম ভাই!,0
"ইউনূস নাকি গরিবদের জন্য ১,০০০ কোটি টাকা সহায়তা দেবে এমন প্রতিশ্রুতি দেওয়া হয়েছিল। কিন্তু বাস্তবে এর কোনো প্রমাণ মেলেনি। তাহলে সেই টাকা গেল কোথায়?",0
এইসব সংবাদ প্রচারের সময় উনাকে সাহায্য করার মত একটা পন্থা বা রাস্তা সহ দিবেন যেন অনেকেই সামান্য করে হলেও দিয়েও কিছু পরিশোধ করে দিতে পারে। তাহলে মনে হয় ওনার উপকার হবে।,0
"প্রতিটি সফল মানুষের ইতিহাস ঘাটলে দেখা যায় তাদের অতিথ কখনোই মধূর ছিলো না, কষ্ট আর পরিশ্রম ছারা। যাই হোক এখানে সব কথাই ভালোলাগছে তার ভিতর বিশেষ সুন্দর মৃত্যু নিয়ে কথা আর যে কোন এক কাজের দিকে ফোকাস আর বিশ্বাস রাখো,, তবেই তুমি সফল হবে!",0
পিংপং বলি। বাসি খাবার এর ওপরে থাকে ওগুলা খায় ওগুকায় ডিম পারে। অবশ্যই কাজ আছে,0
মানুষ না থাকলেও তার কর্মই মানব মনে তাকে বাচিয়ে রাখে শত বছর।,0
গানের ইজ্জত শেষ,1
সবগুলোই মুটামুটি সিকিউরিটি গার্ডের পোশাক অটোপাস ফ্যাশন ডিজাইনার হয়তো ডিজাইন করছে,1
চোর শুনে না ধর্মের কাহিনী। খাটি চোরের হাতে পড়লে কোনো উপদেশে কাজ হবে না। ঠিকই নিয়ে যাবে।,1
"না ভাই, আমার বৌ আগে থেকেই বড়লোক",1
পৃথিবীতে গুরুত্ব পূর্ণ বক্তব্য দিয়েছেন রাসূল সঃ বিদায় হজ্জ ভাষনে আর কোন মানুষ এত সুন্দর বক্তব্য দিতে পারবেনা,0
তিতুমীর কলেজ ভেঙ্গে গার্মেন্টস বানানো হোক এমন অপদার্থ শিক্ষার্থী দেশ ও জাতির জন্য অভিশাপ।,1
পিক টিক দিস না ভাই ডিপ্রেশনে চলে যাই,1
তিতুমীর কলেজকে প্রাইমারি স্কুল বানানোর জোর দাবী জানাচ্ছি।,1
বিবাহ করতে ইচ্ছুক নই,1
আফগানিস্তান থেকে ইন্ডিয়ানরা কিভাবে ফিরেছিলো আর আব্বাদের দেশ থেকে তারা কীভাবে ফিরছে!,0
ইহাও লাল যুগে দেখতে শুনতে হলো,1
সব আপনার থেকে শিখেছে। এখন আপনার ডাবল বিচার হওয়া প্রয়োজন,1
হাউন আঙ্কেলের থেকে শিক্ষা পাওয়া শিষ্য ডিবি সিনিয়র হয়েছে বোধহয়,1
চর্যাপদ বা চর্যাগীতি হল মহামহোপাধ্যায় হরপ্রসাদ শাস্ত্রী সম্পাদিত তথা বঙ্গীয় সাহিত্য পরিষদ কর্তৃক ১৯১৬ সালে প্রকাশিত হাজার বছরের পুরাণ বাঙ্গালা ভাষায় রচিত বৌদ্ধ গান ও দোঁহা গ্রন্থে সংকলিত চব্বিশজন মতান্তরে তেইশজন বৌদ্ধ সিদ্ধাচার্য রচিত সাড়ে ছেচল্লিশটি গান।,0
আপা আরেকটা অডি গাড়ি কবে লইবেন??,0
এগুলো আসলে কি মানব জাতি না অন্য কিছু,1
পায়ের জুতাটা অটোমেটিক খুলে গেলো,0
ঢাকার মত কেপিটেলে এটা নতুন কিছু না তবে এই বাসের সৌন্দর্যটা অন্য সিটি সার্ভিস বাসগুলি থেকে কিছুটা স্বস্থি পেতে পারে বিশেষ করে অফিসগামীদের জন্য।,0
বঙ্গবন্ধুর নেতৃত্বে আমরা এদেশকে আবারও স্বাধীন করে শেখ হাসিনার হাতে তুলে দিবো।,1
খেলাধুলা মানুষের শারীরিক এবং মানসিক সুস্থতার জন্য গুরুত্বপূর্ণ।,0
এই পেইজকা প্রেস সচিব শফিকুল আলমের। তার রুচির তারিফ করতে হয়। এই পজিশনে বসেও আগের মতো ফাজলামি করা ছেড়ে দেননি। আর নিজের চেহারা আর বয়সের দিকেও তাকানোর সময় পাননি।,0
"বলিউডের নতুন ফিল্মের স্ক্রিপ্ট পাওয়া গেছে!! এক্ষেত্রে কি তাহলে বাংলাদেশের ক্রেডিট আছে?? কারণ ইদানিং বলিউড ফিল্ম আর চলছে না, ওদের স্ক্রিপ্টের বড্ড অভাব...যেখানে ঘটনার পরিপ্রেক্ষিতে ছবির ফিনিশিং-এ দেখানো হবে শুভেন্দু মহাশয় সবাইকে নিয়ে হেটে মারিয়ে বাংলাদেশ দখল করছেন...",1
চলচ্চিত্রের প্রত্যেকটা অভিনেত্রী অভিনেতার অভিনয়ের পিছনে লুকিয়ে থাকে হাজারো কষ্ট এজন্যই তারা চলচ্চিত্র শুক্কু অভিনয় করতে পারে,0
"আপনার নিজের প্রতি ইতিবাচক মনোভাব তৈরি করার জন্য ধীরে ধীরে ছোট ছোট পরিবর্তন আনতে পারেন, এটি আপনার আত্মবিশ্বাস বাড়াবে।",0
যেমন টা পাম তুই আমাদের কে দেস,1
এই ফেব্রুয়ারী মাস টা বাতিল করে দেওয়া দরকার,1
তাকে এতো দিন মানুষ মনে করতাম।এখন তো মনে হচ্ছে ধ্বংস কারী,0
"Rolex এর একটি ঘড়ি দামাদামি করে ১৯০ টাকায় ফিক্সড করে জিজ্ঞাসা করলাম এটা কি অরজিনাল? দোকানদার সোজাসাপটা উত্তর দিলো, হ্যাঁ অরজিনাল।",1
বাংলাদেশ বাজে ছেলে কয়েকটা আছে যাদের কোন কাজ কাম নেই মেয়ে নিয়ে ঘোরা লুচ্চামি করা এইসবই কাজ সালাউদ্দিন মোড় তারপর বুঝবি জীবনে পাঁচ ওয়াক্ত নামাজ পড়ছোস,0
"বর্তমান যুগে যতো তারেকা ক্রিকেট প্লেয়ার আছে, তাদের বেশির ভাগের জন্ম এই বিপিএলে",0
তাক তাকে আর মেনশন দিলাম না,1
আল্লাহ তাআলার উপর বিস্বাস রাখুন এবং কঠোর পরিশ্রম করতে থাকুন একদিন আপনিও সফল হবেন ইনশাআল্লাহ।,0
কিন্তু সেটা তো সত্যি নয় আমিতো তার চেয়ে গরিব নই,1
এদের তেকে তোরা ভালোবাসা শিখ,1
ধৈর্যশীল সেনা কর্মকর্তা।,0
দুদিনের ক্ষমতা পেয়ে নৈতিকতাকে বিসর্জন দেয়া আপনার মতো মানুষের কাছ থেকে আসা করি না।,0
আমি একাত্তর দেখিনি!! কিন্তু ডিম যাওয়া দেখেছি এবং ডিম বলেছে যাবো যাবো!!,1
"ক্যাম্পাস এতোটাই ছোট যে, যাকে ইগনোর করতে চাই তার সাথেও দিনে ১০ বার দেখা হয়ে যায়!",1
তাহলে ২ জনেই সমস্যা আছে বাপে ও খেলো একটা মায় ও খেলো আরেকটায়,0
এত সময় লাগতাছে কেন ভাঙতে ভাই। চালু কইরা ভাঙ্গেন আপনারা বাংলা দেইখা শান্তিতে একটু ঘুমামু,1
শখের নারী আমারও ছিলো,0
ভাই অস্থির হয়েছে আবার যাকে বলে অস্থির আবার পোঙ্গা বাঁশ,1
আলহামদুলিল্লাহ তাদের মনের আশা পূরন করানো হোক।,0
ডাক্তারদের প্রতি কৃতজ্ঞতা জানানো উচিত আমাদের সবার,0
আমরা শুধু নামে মানুষ প্রকৃত মনুষত্ববোধ আমাদের মধ্যে থেকে হারিয়ে গেছে,0
আপনার জন্য ও দোয়া রইল ভাই আরো এগিয়ে যান।,0
বাহ! এবার তো লাগেজ থেকে সিঙ্গারা বের করলেও পাস হবে না মনে হয়!,1
আমার মতে ১৮ বছর হলে রোজগারে নেমে পড়ো আর ২৫ বছর হলে জীবন গড়ো,0
অসাধারণ। এক একটা সিনেমা যেমন মাষ্টারপিস তেমনি আপনার কাজগুলোও।,0
ময়মনসিংহ ফুলবাড়ীয়া সহ সারা বাংলাদেশের গর্ব অভিনন্দন।,0
গত সিকি শতাব্দীতে কেমন বদল এসেছে তাদের পাঠরুচিতে?,0
এই ৩ মিনিট ২৯ সেকেন্ডেই যে কারো জীবন পরিবর্তন করতে পারে ইনশাআল্লাহ।,1
শুয়ে ডাবের পানি খাওয়ানোর ফলে শিশুর ফুসফুসে পানি চলে যাওয়ার মতো ঘটনা এড়ানোর জন্য সচেতনতা প্রয়োজন।,0
পৃথিবীটা উল্টে গেলো,1
ভবিষ্যতের শিক্ষার্থীদের সাথে বন্ধুত্বপূর্ণ সম্পর্ক তৈরি করার স্বপ্ন।,0
কিবোর্ড থাকলেই যাবে বাংলায় লেখা।,0
দেশটা পূর্ব পাকিস্তান হয়ে গেলো,1
অন্ধকারে ভয় পেয়ো না আলো আছে আড়ালে অন্ধকার পালিয়ে যাবে তুমি উঠে দাঁড়ালে,0
"বাংলাদেশের ইতিহাসের প্রতিটি আন্দোলন গুরুত্বপূর্ণ, তবে তার সঠিক বিচার হওয়া উচিত",0
আমার তো হুডি আছে জান!,1
একজন বাংলাদেশী হয়ে আপনি গর্বিত কারণ আপনি যেভাবে পুরো পৃথিবীটা এক্সপ্লোর করছেন। আসলেই আপনি ভাগ্য বান নাদির ভাই,0
"আমাকে ডেকে বলেন, কী জিজ্ঞাসা করছিলে? তোমাকে যেন আর না দেখি।",0
"বর্তমান সময়ে তথ্য দ্রুত পরিবর্তিত হয়, তাই একদম নতুন তথ্য জানা খুবই গুরুত্বপূর্ণ।",0
"আমি ইন্টার পাশ মোটামুটি ভালো বয়সী হয়ে গেছে। বাবা দুইবার স্টক করে ফেলছে, বাড়ির বড় হিসেবে আমাকে হাল ধরতে হবে ফ্যামিলির। ইন্টার পাশের আমার যে যোগ্যতা হয়েছে এতে আমি অন্যের জীবন কাহিনী মৃত্যু সাল জন্ম সাল ছাড়া সমাজে চলার মত কোন অভিজ্ঞতাই নেই। এই হচ্ছে ১২ বছর শিক্ষা গ্রহণ করার পরে আমার পরিণতি",0
বাহ খুব সুন্দর একটা ভিডিও হাসটা বুদ্ধি,0
কিন্তু আমার ফেসবুক প্রতিবেশী রা তো বোঝে নাহ্,1
"তাহলে তো আবার কেউ মা হবে আর শাকিব হবে বাবা এখন সবাই মারো থাবা, সবাই বলল মারে হাব্বা",1
আরেকজনের উস্কানিতে কান না দিয়ে নিজের বৃদ্ধিতে কাজ করুন।,0
রাজনৈতিক দলগুলো কি আদৌ কোর্স কারেক্ট করতে চায়?,0
বাংলাদেশ পাটকল কর্পোরেশন এই প্রকল্প বাস্তবায়ন করছে।,0
"চিকিৎসকদের জন্য রোগীর পরিবারের অভিযোগ সমাধান করা এক ধরনের মানসিক চ্যালেঞ্জ, যা তাদের কাজকে আরও কঠিন করে তোলে।",0
জঙ্গি সন্ত্রাসী ভরত হবে এটাই স্বাভাবিক...,0
সীমিত সময়ের জন্য এই বিশেষ অফার...!,1
শিক্ষাই জাতির মেরুদণ্ড।,0
মা সবসময় সন্তানের ভালো চায়।,0
"৫ ই আগষ্ট একদফা আজ ২য় দফা ভাংচুর,অগ্নিসংযোগের পর এসব সিভি কোথায় থেকে বের হলো জীবিত শহীদের মতো অবস্থা নাটকের একটা সীমা থাকা দরকার তোদের",1
দাদা আপনাকে কুর্নিশ যে আপনি এত সুন্দর প্রশ্ন করেছেন এবং সেটা বিভিন্ন জনকে যারা বিভিন্ন কাজের সাথে জড়িয়ে আছে।,0
এখনকার বেশির ভাগ সহধর্মিণীরা নিজের সংসারের কাজ স্বামী সন্তানের খেয়াল রাখাকে বান্দীগিরী মনে করে তার নিজের সংসারের কাজ গুলোকে সে মনে করে বান্দীগিরী।কত টা নিচু মনমানসিকতা হলে এমন ভাবনা এমন চিন্তা মাথায় আসে।,0
ডাক্তাররা তাদের কাজের সময় নির্দিষ্ট নিয়ম মেনে চলেন,0
"সমাজে কিছু নতুন ধারণা সৃষ্টি হতে পারে, তবে সেটা কী আমাদের সংস্কৃতির সাথে মানানসই?",0
"সাকিব নাই যে,সব এখন তার নিয়ন্ত্রণে",1
"আমরা কোনো মতেই হাসিনা আমলের বাংলাদেশ চাই না!! যেখানে আবারো পুলিশ ও আইন শৃঙ্খলা বাহিনী অতি ক্ষমতাবান হোক চাইনা। আইন বহির্ভূত প্রাকটিসে নিয়ত হোক চাইনা। তবে, বাংলাদেশের মিডিয়া জগতের ঐ সকল মানুষ গুলোকে নজরে রাখা উচিৎ। এদের কেউ কি ভারতের সাথে যুক্ত আছে কিনা, তা দেখতে হবে।",0
আল্লাহ গো তুমি আমাকে মাফ করে দাও আর আমার মনে শান্তি দাও,0
আচ্ছা মৌমাছির কি একটুও লজ্জা করেনা? ফুলের গোপন জায়গায় সুড়সুড়ি দিয়ে সেখান থেকে রস বের করে খেতে?,1
"এডমিশনের ফিজিক্স কেমিস্ট্রি পড়ার সময় হিস্ট্রিরে যে কী মিস করছি, বলার মতো না। যাই হোক, অনেকদিন পর আপনার ভিডিও দেখে তৃপ্তি লাগছে",0
পারিবারিক অশান্তির ফলে একজন ব্যক্তির মৃত্যুর পর কী লাভ হয়? সত্যিই কিছুই নয়,0
"বুঝ বালক জ্বী, আপনি ওকে বিশ্বাস করিয়েন না,আপনার সে অধিকার আছে। আপনি বিশ্বাস না করলেও সাফা কবিরের কিছু আসে যায় না।",0
প্রিয় ব্যক্তিত্বর জন্য পূর্বাচলে প্লট পায়নাই?,1
"রমজান মাসে টের পাবেন, যখন খেজুর আর ফল খাইতে যাবেন",0
"মুলা পুষ্টিগুণের দিক থেকে অনন্য, খুবই স্বাস্থ্যকর খাবার। আর আটার তেলছাড়া রুটি কার্বোহাইড্রেটের অন্যতম সেরা উৎস।",0
নাইস কাপল,0
এটা মানবতা এবং প্রযুক্তি নিয়ে সাংস্কৃতিক আলাপচারিতার ন্যায়সংগত পরবর্তী অধ্যায় বলে মনে হচ্ছে।,0
কিভাবে কেউ বাড়িতে আক্রমণ করা উচিত হয়নি কারণ এটা আমাদের ইসলাম শিখায়নি,0
এই দিকে ছোট ছেলে হয়েও চিল করতে পারিনি কখনো,0
"এই গল্পটা প্রমাণ করে, ইচ্ছাশক্তি আর কঠোর পরিশ্রম মানুষকে সবকিছু এনে দিতে পারে।",0
"প্রচলিত শব্দের নতুন ভোকাবুলারি বা শব্দভান্ডার, নতুন বানান, রাস্তার কথ্য ভাষা, গালি, স্ল্যাং, তুই তোকারি প্রচুর ব্যবহৃত হয়েছে সাম্প্রতিক বৈষম্যবিরোধী আন্দোলনে ছাত্র-জনতার মুখে।",0
"সত্যি বললে, এইসব বিষয় আমাদের চিন্তাভাবনাকে অনেক বদলে দেয়।",0
"ওর সাক্স মাথায় উঠে গেসে, এরে কেউ সদেন ভাই! প্লিজ.",1
শাওনকে জয় বাংলা করা হোক,1
মা সবসময় সন্তানের পাশে থাকতে চায়।,0
"পুরো সিরিজটা বাস্তবের একটা ছবির মতো মনে হয়েছে, খুব বাস্তবিক ছিল।",0
মহানায়ক মান্না কে লিস্টে টুকিয়ে দিলি,0
"লেখা নিয়ে বিতর্ক হতে পারে, কিন্তু চিন্তায় গভীরতা আছে",0
আপাতত বংবন্ধুর কাছেই চলে যা ভাই,1
এবার নারী ক্রিকেটারদেরও একটা করে সন্তান কোলে ধরিয়ে দেওয়া হোক,1
সঠিক সারের ব্যবহার গাছের বৃদ্ধির জন্য জরুরি।,0
"তাঁদের আলোচনার কেন্দ্রবিন্দু ছিল বাংলাদেশের ডিজিটাল বৈষম্য কমানো বিশেষ করে গ্রামীণ জনগোষ্ঠী, নারী এবং তরুণ উদ্যোক্তাদের জন্য।",0
"ডাবল ডেকার বাস বেশি করে নামানো উচিৎ,কম জায়গায় বেশি ধারণ ক্ষমতা।রাস্তার উপর চাপ কম হতো।",0
সেনাবাহিনী দের আমি সাপোর্ট করি,0
এসব অবৈধভাবে অর্জিত বাসাবাড়ি সম্পদ টাকাপয়সা সবকিছু ধ্বংস না করে সরকারকে হস্তান্তর করলে দেশের জন্য উপকার হবে,0
"বিষয়টা শুধু অপরিশোধিত ঋণ না, আল্লাহ ব্যাতিত অন্য যে কারো হক নষ্ট করলে ওইটার হক আদায় আগে হবে। আল্লাহ এই এখতিয়ার নিজের কাছে রাখেন নাই, যার হক নষ্ট করা হইসে এইটা তার এখতিয়ার। আপনি আপনার প্রতিবেশীকে কষ্ট দিয়েছেন, কারো বই নিয়ে ফেরত দেন নাই, কাউকে মিথ্যা বলে ক্ষতি করেছেন সবগুলোই এর আওতা ভুক্ত।",0
ক্ষমতা চিরদিন থাকে না আওয়ামীলীগ এমন করছে আপনারাও এমন করেছেন আগামী তে যে আসবে সে ও এমন করবে কষ্ট হবে সাধারণ মানুষের,0
লেখাটি ঐতিহাসিক ও রাজনৈতিক দৃষ্টিকোণ থেকে মূল্যায়ন করা যেতে পারে।,0
"আশ্চর্য, যে মহিলা খৃষ্টান হওয়া সত্যেও তার কৃতকর্ম ইংল্যান্ড সহ্য করতে পারেনি অথচ আমাদের দেশে সেই মহিলার মহত্বের কিচ্ছা-কাহিনি পাঠ্যবইয়ে পড়ানো হয় কিভাবে??",0
"আসসালামু আলাইকুম অত্যন্ত সুন্দর একটা ভিডিও উপহার দিয়েছেন, আপনার জন্য ভালোবাসা রইলো সব সময় পাশে আছি ইনশাল্লাহ",0
ভিকি জাহেদের অন্যতম সেরা কাজ,0
এটা সুনামগঞ্জ জেলার ছাতক উপজেলা। এক মাসের ব্যবধানে দ্বিতীয় বার বন্যা হয়েছে। আর এবারের বন্যা ১৯৮৮-২০০৪ থেকেও ভয়াবহ।,0
বিবিসির ফেসবুক পেইজ কি প্রথম কালোর অফিস থেকে পরিচালিত হয় নাকি?,0
ভাই কোলে নিলো ক্যান বুঝলাম না,1
"দুধ ভাত, সরকারি...",1
"চাকরি যেহেতু পেয়ে গেছেন, তাই বেলা নয় বেলার প্রতিবেশী কে ঘরে নিয়ে আসেন, যাতে বেলার মা আপসোস করে",0
"দোয়া Yunus আ. -এর মতো হৃদয়গ্রাহী দোয়া পাঠ করে দোয়া করলে, আল্লাহ আমাদের দুঃখ-দুর্দশা থেকে মুক্তি দেন এবং আমাদের জীবনকে শান্তি ও সফলতা দ্বারা আমাদের ইচ্ছে পূর্ণ করেন।",0
ছেলের পরিশ্রমের প্রতিটি কণা মায়ের জন্য উৎসর্গ।,0
"আপনাদের সকলের কাছে একটা বিষয়ে অনুরোধ-দয়াকরে এই মহিলা কিংবা ওনাদের মত ধর্ম ফ্যাসাদকারীদের নিয়া আর কোন নতুন নিউজ তৈরি করবেন না,,,কেননা এরা টেররিস্টদের হইতে অধিক ভয়ানক,,,, যে কোন শান্তিপূর্ণ স্থানের বুকে এরাই অশান্তি সৃষ্টিকারী।",0
"আমি মনে করি খালেদা জিয়া, বঙ্গবন্ধু কাউকে নিয়ে এমন ট্রল করা উচিত নয়। তাদের ভুল থাকতে পারে মানুষ মাত্রই ভুল তাই বলে তাদের এ দেশের জন্য ত্যাগ কতটুকু সেটা ভুলে গেলে চলবে না। আজকে এমন সব মানুষকে অপমান সত্যিই দুঃখজনক।",0
তবুও মিলে না আম্মুর এক পিচের মতো।,0
"যা ভাই নিয়া যা। পরে টি-টোয়েন্টিতে বাংলাদেশের বিপক্ষে নামায়া দিস,একটা ১০০ স্কোর কইরা দিব।",1
"আমার মাথায় ধরেনা, মানুষ এত প্রিয় মানুষকে কিভাবে কি করে।",0
শাশুড়ির সাথে রাগারাগী করে তাঁর বাবার বাড়ি যাওয়া যায় না এমন টা যেদিন হবে মনে করবে নতুন যুগ আরম্ভ হলো,1
"আপনি যেই স্বপ্নর কথা বলছেন না, পুরুষ মানুষের টাকা না থাকলে স্বপ্ন দেখাও পাপ",0
"আমার দাদুকে চোখে ড্রপ দেওয়ার পর দুয়া করতেন আল্লাহ্ তোমার বিদ্যা বুদ্ধি বাড়িয়ে দেন , স্মৃতিশক্তি বাড়িয়ে দেন !! এখন দাদু নেই। দাদুর এই দুয়াটা কতটা এফেকটিভ ছিল তা আমার চেয়ে আর ভালো কেউ জানে না",0
বাড়িঘর ডুবিয়ে এখন মেইন রোডও ডুবিয়ে ফেলছে। কোম্পানিগঞ্জের ভয়াবহ অবস্থা। গলার উপর পানি।,0
নেশা কেটে গেলে পোস্ট টা ডিলিট করে দিয়েন,0
এই পর্যন্ত যতটি পেপে চারা লাগাইছি সবগুলো বেডা পড়ছে। এখন আর পেপে চারা লাগাই না।,0
"আজকের ম্যাচে আমাদের বোলিং অনেক শক্তিশালী ছিল, কিন্তু ব্যাটসম্যানদের দায়িত্বে এখন!",0
প্রযুক্তি ও ফিন্যান্সের মতো বিষয়গুলোর জন্য সবসময় সদ্যতম তথ্য থাকা উচিত।,0
চোখ এবার সৌদির দিকে,0
এই বইটি বাংলাদেশের ব্যবসায়িক পরিবেশে কিছু পরিবর্তন আনতে সক্ষম হবে কি না তা সময়ই বলবে।,0
যারা আমার আইডিতে গিয়ে ফলো করে আসবে আমি তাদের আইডিতে ফলো করে আসবো,0
আর আটজন কিনলেই চলবে,1
ভালো তো বাসতে চাই খুজে তো পাই না,0
আপা পর্যন্ত মুভ অন করে ফেললো আর তুমি এখনো পারলা না? ছিঃ,1
আল্লাহ সকল মীমের মনের আশা পূরণ করুন আমিন,1
আপনাদের মধ্যে যারা আমার এডভাইস ইমপ্লিমেন্ট করে। ২ ৩ বছরে লাখপতি হয়ে যাবেন তারা আমাকে কিসু টাকা দিয়েন ধন্যবাদ।,1
আমার অস্কার না এটি।আমার অস্কারের অগ্রভাগ ডিম্বাকৃতির ও সম্পূর্ণ গোলাকার। আর এইটা চিকন।,1
"গ্ৰামের চাচাত ভাই,প্রথম যখন এডিটিং শিখে বন্ধুদের সারপ্রাইজ দেয়।",1
আমিন আল্লাহ যেনো সবাইকে শেফা দান করে আমিন,0
"প্রযুক্তি ও বিজ্ঞান বিষয়ক লেখার ক্ষেত্রে সতর্কতা অবলম্বন করা উচিত, যেন কোন ভুল তথ্য না পৌঁছায়।",0
রূপের সৌন্দর্যকে প্রাধান্য দিলো,0
"এই নিয়ে যে কতবার দেখলাম তার বক্তব্য, কিন্তু তাও আবার দেখার ইচ্ছে থেকেই যাচ্ছে। একেই বলে সুন্দর করে কথা বলা।",0
ভাই তোদের জন্য বাংলাদেশে থাকা যাইতো না,1
রাজনৈতিক পরিবেশ সবার জন্য সমান হওয়া উচিত।,0
"এমন ঘটনা আর কখনো যেন না ঘটে, কর্তৃপক্ষের উচিত যথাযথ ব্যবস্থা নেওয়া।",0
এটাই ভালো। বাবা ছেলের বন্ডি ভালো থাকে,0
৫০০-৬০০ কোটি টাকা ভর্তুকি দিলেই এটা বাস্তবায়ন করা সম্ভব,0
যেমন আমি মেয়ে হয়েও খাট্টা,1
১০ মিনিটের জন্য বন্ধ হয়েছিল।,1
ফেব্রুয়ারিতেও পসিবল না ভাই যেই নেকামি শুরু হতে যাচ্ছে এর মধ্যে কিভাবে সম্ভব?,1
"সত্যি একবার দেখেই শেষ করতে পারছি না, বারবার দেখতে মন চায় এই ভিডিও টা। আসলেই মেয়েটার কথা বলার ধরন, স্মার্টনেস এবং কন্ঠ আসলেই অসাধারণ। মাশাল্লাহ",0
খুব ভোর সকালে ঘুম থেকে উঠে এয়ারপোর্টে এসেছিলাম।,0
ঢাকার ভিতরে কোন টোল সিস্টেমই থাকা উচিত না ঢাকার বাইরে যেয়ে যখন নামবে তখন টোল দিবে আর বাইরে থেকে ওঠার সময় টোল দিবে এইরকম করা উচিত!!,0
আওয়ামী লীগের সন্ত্রাসী বাহিনী এখনো বাইরে ঘুরা ফেরা করছে তারাই এইরকম হামলা করতেছে,0
আমি বিশ্বাস করি মানুষের আত্মা অমর,0
উদ্যোক্তা ভাই দের কে আল্লাহ উত্তম প্রতিদান দান করেন,0
আমার বাসার নিচ থেকে এরকম কয়েকশ গোয়েন্দা প্রতিবেদন বানিয়ে দিতে পারবো লাগলে বলিয়েন স্যার,1
ইলিয়াস কখনো টাকার কাছে বিক্রি হয় না।,0
ইসরায়েল ১৯৪৮ সালে অনুমতি পত্র নিয়ে এবং ভিক্ষা করে আরবের ভূ-খণ্ড দখলে সহ ফিলিস্তিনের জায়গা জমি দখলে রেখেছে। ইহুদি বাড়ি পশ্চিমা দেশে। তোমরা পশ্চিমা দেশে চলে যাও।,0
এরপরে ঐ ব্যাডার জন্য নিজের মা বাপের সাথে যুদ্ধ করতেও ছাড়েনা।,0
"তাদের থেকে হিন্দি,বাংলা, আরবি,তামিল গান স্বাধীন করে আনতে হবে",1
নতুন সিস্টেমে যাত্রী ড্রাইভার সবাইকেই অভ্যস্ত হতে সময় লাগবে! যাত্রীদেরকেও কুতাকুতি করে যাওয়া বন্ধ করতে হবে!,0
"উদাহরণস্বরূপ বলা যায়, মোহাম্মদ নাজিম উদ্দিনের রবীন্দ্রনাথ এখানে কখনো খেতে আসেননি কিংবা শিবব্রত বর্মনের বানিয়ালুলুর কথা।",0
যদি মানুষের বদলে সব জায়গায় রোবট ব্যবহার করা শুরু হয় তাহলে মানুষের বেঁচে থেকে লাভ কি? সবাই মরে গেলেই তো পারে রোবট চালাবে পুরো পৃথিবী! রোবট মানুষের থেকে শক্তিশালী এবং বুদ্ধিমান! বিষয়টা ভেবে দেখলে ভয়ঙ্কর লাগবে। রোবট দিয়ে প্রোগ্রামিং করা যায়। রোবট নিজেই প্রোগ্রামিং করতে পারে। এখন যদি এমন কোন রোবট তৈরি করে কোন মানুষ যার মানুষের মতো ভাবার ক্ষমতা আছে এবং হাত-পা আছে যেটার মাধ্যমে সে নিজের উপর তৈরি করতে পারবে। এমন কোন রোবট তৈরি হলে এটা নিশ্চিত থাকুন যে পৃথিবী শেষ।,0
এতদিন হয়ে গেলো এখনো আয়নাঘরের দেখা পাইলাম না,0
"মেধার বিকল্প মেহনত, মেহনতের কোন বিকল্প নাই। চেষ্টা চালিয়ে যাও সফলতা আসবে একদিন ইনশাআল্লাহ।",0
৩৩০০ কোটি টাকা ঋণ সফল ব্যবসায়ী হয় কি করে,0
"AI যুগের শুরুতেই এই অবস্থা, মানুষ কি ভবিষ্যতে আদৌ AI এর সঠিক ব্যবহার করতে পারবে?",0
"আমার চেয়ে গরিব একটা নারী পেলাম না,,,যে আমার পাসে থাকবে।",1
"স্যার চলে যাবেন। টেম্পু বাহিনী আসবে, আাবারও জা তাই হয়ে যাবে।",0
জীবনের প্রতি ভালোবাসা গাছের শিকড়ের মতো গভীর হতে হয়।,0
আমিও আজও সেই বেঈমান মানুষের পিক ওয়ালপেপারে দিয়ে রাখছি,1
লোভীর দল। উচিত শিক্ষা হইছে,0
বাসের ড্রাইভার হতে এত পড়াশোনা করা লাগে জানতাম না,1
"সম্পর্ক তৈরি করা একটা প্রক্রিয়া, প্রচেষ্টার ফলাফল। কোন আকষ্মিক ঘটনা না।",0
আমি আপনাকে একজন বোন হিসেবে ইনকামের ব্যবস্থা করে দিতে পারবো ইনশা-আল্লাহ।,0
মাশাল্লাহ আমার ভাই বলে কথা,0
"এতো ছোট জিনিস এ ধরবে কেমনে?,",1
একবারে বউরে এইভাবে হাত ধরতে দিব। এর আগে কাওরে না। যদিও মনে হয় না কপালে বউ আছে,1
"আমি শাওনকে দেখিনি, কিন্তু ডিবি হাওন আঙ্কেলের কর্মকান্ড দেখেছি ইউটিউবে।",1
জ্বর মূলত মাকে মনে পড়ার অজুহাত !,0
সমস্যা নাই বরং ভালো হয়েছে আপনি ডালাই দিন জীবনের কখনো এখানে জং ধরবেনা,0
উনি যখন বলেছেন ঠিকই হবে,1
আমরা যারা দোয়া করছি আমগোরে ভিআইপি লঞ্চে ২দিন ২রাতের একটা ফ্রী প্যাকেজ দেয়া উচিত।,1
"পুদিনা, তুলসী এসব গাছও ছাদ বাগানে ভালো ফল দেয়, নিয়মিত পানি দেয়া প্রয়োজন।",0
নব্বইয়ের দশকে সক্রিয় ছিলেন ছোট কাগজের কর্মীরা।,0
"যদি শেষটা সুন্দর হয় ,, তবে অপেক্ষা করাটা মন্দ নয়.",0
গাছের গোড়া স্যাতস্যাতে না রেখে পানি দিতে হবে। অতি বৃষ্টি গাছের জন্য ক্ষতিকর।,0
কীভাবে প্রতিশোধ নিচ্ছে? তারেক সিদ্দিকের বিরুদ্ধে কী কোন নিউজ হয়েছে? যেটা দেখে আপনার এমন মনে হচ্ছে।,0
টাকা বেশি দিমু নে তার পরেও খুজে বের করে দেন,1
"আল্লায় বাচাইছে, Rab এর পোষাক লাগবে এমন যাতে গাড়ি থেকে নামলেই লোকে ভয়ে পায়খানা কইরা দেয় নইলে দেশের আইন শৃঙখলা ঠিক থাকবে না।",1
ই পিস ব্রেড মাঝখানে আনলিমিটেড কাঁঠাল - কাঁঠাল রানী বার্গার,1
"রাজনৈতিক ভিন্নমত থাকা সত্ত্বেও, এমন ঘটনা আমাদের সবার জন্য লজ্জার।",0
জীবনের সেরা দশ ভুল,0
"বাংলাদেশের অনেক মানুষ কঠোর পরিশ্রম করে সাফল্য পেতে চায়, কিন্তু সাপোর্ট না পেলে তা কঠিন হয়ে পড়ে।",0
আর কি কোনো সংখ্যা ছিলনা বার বার শুধু 7-1 কেনো কেনো.??,1
"ধনী হওয়া শুধু অর্থ সংগ্রহের বিষয় নয়, বরং জীবনের উদ্দেশ্য এবং সমাজের উন্নতির জন্য কাজ করা গুরুত্বপূর্ণ।",0
বেক্সিমকো গ্রুপের মাধ্যমে পরিচালনা করলে সবকিছু সুন্দর এবং অসুস্থ প্রতিযোগিতা থাকবে না।,1
প্রিয় বন্ধু অনেক দূরে আছো তুমি,0
"মব কখনও কন্ট্রোল করা যায় না, সেটা মাথায় রেখেই মব নামাতে হবে।",0
"প্রস্তুতির জন্য নানা টিপস দেওয়া হয়েছে, সত্যিই এটা খুবই সাহায্যকারী।",0
জাতীয় পরিচয়ের পরিবর্তন অনেক সময় সামাজিক দৃষ্টিভঙ্গিরও পরিবর্তন আনে,0
দেশটাকে ধ্বংস করে দিচ্ছে কিছু অর্বাচীন ছেলে আর প্রতিহিংসাপরায়ণ একজন নোবেল লরিয়েট!,0
তারপর ও আমরা রোজ রোজ ছোট ছোট ব্যাপার নিয়ে কতো বড় বড় ইস্যু বানাই,1
মার সাথে রাগ করে চার বছর তার বাপের বাড়ি যাই নাই,1
ডাক্তারদের কাজ আমাদের কাছে অনুপ্রেরণা,0
জে রাজা সে সব জাইগাই রাজা,1
অভিনয় দেখে কান্না আটকাতে পারলাম না,0
"ভাই,অনেক মানুষ অনেক কথা বলবে,আপনি এইসব কথায় কান দেওয়ার দরকার নাই।আপনি সব খুলে শান্তিতে ঘুম দেন।",0
আসলেই আমরা ভুল মানুষকে নিজেদের পছন্দের ব্যক্তি বানিয়ে ফেলি ঠিক যেমনটা আমি Zulkarnain Saer স্যার কে বানিয়ে ছিলাম। কিন্তু এইটা দেখে অত্যন্ত কষ্ট লাগলো এদের ইসলামের কিছু দেখলেই হটাৎ গায়ে লাগে। কেন ভাই? আপনি কি সিম্পল ইসলামের মৌলিক বিষয় শিরক এর কনসেপ্ট জানেন না? আগে না জানলে জেনে আসেন তারপর অন্য কাউকে নিয়ে এইভাবে ট্রল করিয়েন।,0
আজ বঙ্গবন্ধুর কন্যা দেশরত্ন শেখ হাসিনা আপা দেশে থাকলে এসব দেখতে হতো না,1
"নাস্তিক, লেসবিয়ান, এখনও সময় অাছে সঠিক পথে অাস জন্ম দাত্রী মা কে কেন ছোট করছিস তার কি অপরাধ!",0
ড. ইউনূসের হাত ধরেই এই বাংলাদেশ বিশ্বের বুকে মাথা উঁচু করে দাঁড়াবে ইনশাআল্লাহ,0
পাবনার চাইতে কাশিমপুর ভালো,1
পোস্টটা ভালো লাগলো।,0
মাশাআল্লাহ প্রিয় ভাই,0
"আইতে নদী,, যাইতে খাল,,,, ডুবে গেছে বরিশাল",1
ছোট থেকেই পেপার কাটিং করে পড়তাম।,0
বিম্পি তো নির্বাচন নির্বাচন জিকির তুলে সবসময় সরকারকে নাজেহাল করার চেস্টা করেছে।,0
রাজনৈতিক সংস্কৃতিতে কি পরিবর্তন আনলে এই ডিলেমা এড়ানো যেত?,0
একদম প্রফেশনাল ভিডিও ভাইয়া,0
"হাইওয়ে তে,না চালাই শ্রেয়...",0
সবার জন্য অবিরাম ভালোবাসা রইলো,0
"নদের চাঁদ ঘাঁটটি মাগুরায় নয়, এটি ফরিদপুর জেলার বোয়ালমারী থানার উপজেলার অন্তর্ভুক্ত একটি জায়গা! লেখককে তার লেখাটি সংশোধন করার জন্য অনুরোধ রইল, ধন্যবাদ!",0
জুনিয়রের কাজ পাম দেওয়া,1
শাকিবের তো আবার নারীর দিকে একটু টান বেশি থাকে,1
লতিফুর রহমানের সন্তানদের জন্য তো লড়াইয়ের পরিণতি ভয়াবহ হয়ে দাঁড়াল,0
এই ধরনের উদ্যোগ অনেককেই ইসলামের সঠিক পথে পরিচালিত করতে সাহায্য করবে। আল্লাহ আমাদের সহায় হোন।,0
ইতিহাসের বিভিন্ন পর্যায়ে শহরটি কখনও ইসলামী ও কখনও খ্রিস্টান শাসকদের নিয়ন্ত্রণে ছিল।,0
"যারা নিরপরাধ মানুষের রক্ত ঝরিয়েছে, তাদের বিচার হওয়া উচিত।",0
আল্লাহ সকল প্রকার প্রাকৃতিক দুর্যোগ থেকে আমাদের হেফাজত করুন আমীন,0
"আমার তো জন্মদাগই নাই, তাহলে কি হবে??",1
"যেমনটি হয়েছিল আমাদের পিতা আদম আঃ , জান্নাতে সব নিয়ামত থাকা অবস্থায়ও একাকিত্ববোধ করছিলেন। পরে এই একাকিত্ব মিটাতে আল্লাহ আমাদের মাতা হাওয়া আঃ কে সৃষ্টি করেছিলেন। আমাদের সবার মধ্যে একজন সাপোর্টিভ মানুষ খুব দরকার।",0
ওগো রাব্বে কা'বা! আমাদের সবাইকে হালালের ছোঁয়ায় পূর্ণতা দান করুন আমীন।,0
এই ধরনের লোড টেস্ট ভবিষ্যতের নিরাপদ যাতায়াতের জন্য খুবই গুরুত্বপূর্ণ এবং তা নিশ্চিত করে যে সেতু সক্ষম।,0
পিরামিডের স্থায়িত্ব ও নকশা আজকের স্থপতিদের জন্যও অনুপ্রেরণা,0
"এটার ডিজাইনই এরকম, কাপড় দিয়ে ঢাকা না",1
আই লাভ বাবা মা,1
নাফিস নিজের জীবনের লক্ষ্য অনুসরণ করতে গিয়ে নানা কঠিন পরিস্থিতি পার করেছে।,0
"ছেড়ে দিয়ে আমি জিতে যেতে চাই,,",0
নিজে যেমনই হই না কেন বিয়ের জন্য ব্রিলিয়ান্ট পার্টনার চাই।,1
আধুনিক প্রযুক্তি ব্যবহার করেও পিরামিডের রহস্য পুরোপুরি উদঘাটন করা যায়নি,0
আমার যদি একটা মেয়ে বন্ধু থাকতো তাহলে তাকে নিয়ে পাট ক্ষেতে বেড়াতে যেতাম,1
হারামির প্রশংসা হারামি করে,0
বাংলা সিনেমায় এই জামাগুলো দেখতাম,1
"দূর মিয়া, ব্যাটিং করার সময় ওখানে বল লাগছিলো।হায়রে ক্যামেরা রেহ, ইজ্জতের ফালুদা বানায় ছাড়ে, বউ এর ভালোবাসার বাইট",1
আমাদের পাঁচমিশালি ই ভালো আছে। কোনো ইনফ্লুয়েন্সার প্রমোশনে নাই আবার সেলেব্রিটি ও নাই। কিচ্ছু নাই। একদম সচ্ছ শালীন একটা পেইজ পাঁচমিশালি।,0
জীবনের সর্বোচ্চ ত্যাগ স্বীকার করে যারা সংসারে দায়িত্ব পালন করে। একসময় সেখান থেকেই কষ্ট পেতে হয়। এটাই বাস্তবতা। অনেকে কথাগুলো বলে অনেকে বলে না।,0
ইতিহাস বিশ্লেষণের এই ধরনের প্রচেষ্টা অবশ্যই স্বাগত।,0
ধানমন্ডির ৩২নম্বর বাড়িকে ইচ্চামত লাগাচ্ছে ছাত্র জনতা। কাছে থাকলে আমিও লাগাতে পারতাম,0
"আমি ভাষা হারিয়ে ফেলেছি। এতো সুষ্ঠ, সুন্দর, সাবলিল ভাবে মনের ভাব প্রকাশ তাও আবার সম্পূর্ণ বাংলা সাহিত্যরসের আধারে।",0
এত সুন্দর হাসি এইজন্যই তো বয়ফ্রেন্ড অন্য জনের সাথে ফুর্তি করতেছে,1
রাজনৈতিক পোস্টের কারনে তোর জনপ্রিয়তা কমছে সেটা জানো,0
"এবার ঠিক আছে । ইহুদিরা ঐতিহাসিক প্রতিশোধ নিচ্ছে। ইরানের সাবেক প্রেসিডেন্ট আহমাদিনেজাদ বলেছিল - ইজরাইল মধ্যপ্রাচ্যের বুকে একটি ক্ষত, এই ক্ষত না সারালে তা বৃদ্ধি পাবে। তার কথাই সত্যি হচ্ছে । একদিন মধ্যপ্রাচ্যের সব দেশের পিট দেয়াল ঠেকিয়ে দেবে ইজরায়েল ও আমেরিকা ।",0
দেইখেন চিল করতে করতে টুনটুনি যেন চিলে নিয়ে না যায়,1
নিব্বিরা এমন ই হয়। আপনে ৩০ বছরের ম্যাচিউরড মেয়ে ডিজার্ভ করেন।,1
পিনাকী দেশ ধ্বংসের এজেন্ডা বাস্তবায়ন করছে।,0
চাঁদের ভিতরে যে বটগাছ আছে ওই বটগাছের পাতাও দেখছি আমি,1
এতো কিছু গোনায় ধরলে জীবনে কিছুই করা যাবে,0
"বিশ্বাস করি আপনাদের হাত ধরেই বদলে যাবে দেশ, বদলে যাবে দেশের স্বাস্থ্য ব্যবস্থা।",0
তোরা আছিস বলেই বাংলাদেশের মানুষের বিনোদনের অভাব হয় না। তোদের ঋণ কিভাবে শোধ করবে এই জাতি?,1
নতুনদের জন্য শুভকামনা রইলো,0
কত রে ঢং দেখাইলি রে পাদনি,0
এডিটের মাইরে বাপ কথাটা সেই ছিলো সাংবাদিকের,1
কতোটা রুচিহীন নিম্ননো মানসিকতা হিংসুটে হলে এই ধরণের কুরুচিকর কথা নির্দ্বিদাই দেশের জনগন কে বলতে পারে...,0
ভাইয়া আপনার বুঝানোর দক্ষতা অনেক অনেক ভালো।,0
যে ব্যক্তি সত্য কথা বলে সৎভাবে চলে ঐ ব্যক্তি দুনিয়াতে অভাবে থাকে ঐ ব্যাক্তি হলো শ্রেষ্ঠ নবীর উম্মাত আল্লাহ তায়ালা সবাইকে সঠিক পথে চলার তৌফিক দান করুক আমিন,0
শুধু মাঝে মাঝে বলতো ঘুমা মোবাইল না টিপে,0
উনার মতো মানুষদের কাজকে স্বীকৃতি দেওয়া উচিত,0
১০০ বছর অপেক্ষা করতে হবে।,1
ফেইসবুক ছাড়া আপনাদের আর কোথাও দেখা মেলেনা।,1
"আমাদের দেশের বেশিরভাগ পোশাক ই ইউরোপের বাজার গুলোতে অনেক বেশি দামে বিক্রি হয়ে থাকে, এবং এগুলোর চাহিদা ও অনেক বেশি...",0
এই নাটকের শেষ টা খুব কষ্টের মেয়েটা মারা যায়। বাচ্চা হতে গিয়ে,1
"শিক্ষা, পারিবারিক শিক্ষা আপনাকে অহেতুক দুঃখ পাওয়া থেকে আলাদা রাখবে",0
কাশফুলের গরম ছোয়া,0
টাকার কাছে নিজেকে বিক্রি না করে মানুষের কাছে নিজেকে বিক্রি করেন আপনার প্রিয়জনের শরীরে কর্পোরেট অহংকার সে কিভাবে বুঝবে কোনটা কাফনের কাপড় আর কোনটা রঙিন কাপড় এর শুন্দর্য,0
"সময়োপযোগী এবং ভালো কাজ। বাংলাদেশের 17 কোটি জনগণ, দ্রুত সময়ে এই ধরনের সংস্কার দেখতে চাই।",0
"এমেকো ১০০৬ উচ্চারিত হয় টেন-ও-সিক্স এমেকো উৎপাদিত একটি অ্যালুমিনিয়াম চেয়ার, যেটি নেভি চেয়ার হিসেবেও পরিচিত।",0
"১০০৬ চেয়ার মূলত দ্বিতীয় বিশ্বযুদ্ধ চলাকালে নৌবাহিনীর যুদ্ধজাহাজের জন্য তৈরি করা হয়েছিল, কিন্তু পরবর্তীতে এটি ডিজাইনার চেয়ার হিসেবে পরিচিত হয় যা বিলাসবহুল রেস্তোরা এবং গৃহসজ্জায় ব্যবহৃত হয়ে আসছে।",0
ভালোবাসা স্বাধীন ও স্বেচ্ছাচারী।,0
এতো দেকি হাসিনা আপা এরশাদ চাচারে ফলো করা শুরু করিচে...!! একলা একলা নির্বাচন করতে আর কতো যে কি কইবো...??,1
যে সমস্ত আইনজীবীরা এদের কে গ্রেফতার করেছে এবং এদের বিচার করে জেলে দিয়েছে এদের কে চাকরি থেকে বরখাস্ত করে দ্রিষ্টান্ত মুলক শাস্তি দেওয়া হোক,0
এই পোস্টটা পড়ে মনটা একটু হালকা হলো। জীবন আসলেই এত সহজ নয়,0
"একটা মানুষের ভাগ্য ততো বার পরিবর্তন হয়, যতো বার সে আল্লাহর কাছে শুকরিয়া আদায় করে, আলহামদুলিল্লাহ!",0
একবারে সঠিক কথা আমার জীবন শেষ,1
ভাইরে ভাই থাইল্যান্ড মনে হয় ও একাই গেছে জীবনে আর কেউ কোনদিন যায় নাই ফেসবুকে ঢুকলেই থাইল্যান্ড এদের অত্যাচারের মন চাই ফেসবুকে এই আর আসবোনা,1
তোমার কপাল টা ভালো যে তুমি আসলে না নাসির সাব্বিরের সময়ের কালে,1
প্রত্যেকের জন্য একটা পারপাস থাকা খুব জরুরি। সেটাই মানুষকে জীবিত রাখে,0
"প্রত্যেক মানুষের জীবনযাত্রা আলাদা, কেউ আগে শেখে কেউ পরে",0
এতো সুন্দর গঠনের রুটি আগে কখনো দেখি নাই আমার খুব খেতে ইচ্ছে করছে না মানে রুটি,1
"পেয়ে হারিও না, পরম যত্নে আগলে রাখো, তুমি যেটা তুচ্ছ মনে করছো তা পাওয়ার জন্য মানুষ দু'হাত তুলে কাঁদে!",0
সম্পর্কের ক্ষেত্রে আরও দায়িত্বশীলতা এবং সংযম আনলে তা সমাজের জন্য ভালো হবে।,0
এটা কি জোকসের বই? কাভার দেখেই তো হাসতে হাসতে অবস্থা খারাপ!,1
দেশের সম্পদ সঠিকভাবে ব্যবহার করতে পারলে অর্থনীতির উন্নতি সম্ভব।,0
মানসিক ভারসাম্যহীন একমাত্র বাংলাদেশ জাতীয় দলের প্লেয়ার ছিলো।,1
এই আওয়ামী দালালদের আর দেখতে চাই না।,1
পুলিশের ড্রেস দেয়া হোক টকটকে লাল,1
"একটা গাছকে অন্ধকার ঘরে আটকে রাখুন,আর আরেকটা গাছকে স্বাধীনভাবে আলো বাতাস পেতে দিন।পার্থক্য বুঝতে পারবেন।",0
"বড় ছেলে হওয়ায়, পুরোপুরি দায়িত্ব নিতে পারি নায়, কিছু টা হলেও সাহায্য হয়",0
"ভাই সুনামগঞ্জের অবস্থা কতটা খারাপ কল্পনা ও করতে পারবেন না,সবার কাছে আমার প্রিয় সুনামগঞ্জ ও সিলেটের জন্য দোয়া চাই,,,,",0
মহানবি সা. এর বিদায় হজের ভাষন ছিল সর্বশ্রেষ্ঠ ভাষন। তবে স্টিভ জবস স্যার স্যার যে ভাষন দিয়েছেন সত্যি অসাধারণ।,0
এভাবে ভেবে দেখেনি ভাই,1
আসলেই ভাবতে ভাবতে অনেক দেরি হয়ে যাচ্ছে স্বপ্ন পূরণের,0
সেই দেশে থাকার চেয়ে না থাকা অনেক ভালো,0
একবার দেখছিলাম তুমি হোগা চুলকাইতেছিলা। তো কৃমির ঔষধ খাইছিলা বারা??!!,1
এটি দিয়ে খুব সহজে পরিষ্কার করা যায়,0
আমার বাবাকে রক্ষা করতে ডাক্তারদের প্রচেষ্টা অতুলনীয়,0
সকল বেসরকারি স্কুল বন্ধ চাই। ফিরে আসুক সেই স্বর্ণালি প্রাইমারী স্কুল,0
"প্রতিটি সন্তান যদি মাকে এমনভাবে সম্মান করে, পৃথিবী সুন্দর হয়ে উঠবে।",0
"আমার দেয়া কর লাভ সহ ফেরত চাই, না হলে এর জন্য সরকারকে চরম মূল্য দিতে হবে।",1
মূলত উত্তেজিত জনতার হাত থেকে বাচানো হচ্ছে তাদের । আর আমরা খুশি হচ্ছি ।,0
ভাইটি হার্ভার্ডে full free scholarship পেয়েও পরতে যায়নি কোন জানেন ? শুধুমাত্র TU তে ভর্তি হবে সেইজন্যে।,1
"জানি এখানে অনেকেই কমেন্ট পড়তে আসবেন, আমি তাদের উদ্দেশ্যে শুধু একটা কথাই বলবো, ভাই আমি একটা সাইকেল বিক্রি করবো কেউ কিনলে জানাইয়েন",1
নিশ্চয়ই আমার পাকড়াও খুবই কঠিন এবং সীমালঙ্ঘন কারীদের পছন্দ করেন না। 'আল্লাহ ছাড় দেন কিন্তু ছেড়ে দেন না',0
এই ছাপড়ি স্বভাবের জন্য ই হয়তো গফ ছেড়ে গেছে,0
কেউ থামেম ভাইয়ের নাম বলে না কেনো,1
"তুমি ফিরে যাও রবে র দিকে"" সৌভাগ্য ফিরে আসবে তোমার দিকে!",0
আজকাল মেয়ে রা যে পরিমান স্কিন কেয়ার করে।চেহারা এমনেই গ্লো চলে আসে,1
আর যাবোনা বেগুন তুলিতে,0
নির্বাচন কি সামনে?,0
আমাদের বাংলাদেশের জার্সিতেও পাকিস্তানের নাম প্রত্যাহার করা উচিত!,0
তবে এখনও পর্যন্ত স্বাভাবিক রয়েছে তেজস্ক্রিয়তার মাত্রা।,0
"দুই বছর আগে , আমার বন্ধু স্কুলে থাকাকালীন এই প্রজেক্ট টা নিয়ে কাজ করেছিলো, আমাদের কর্তৃপক্ষ আসলে কাগজ কর্কশিটের প্রজেক্ট বেশি পছন্দ করেন বলে প্রপার ফান্ডিং আসে নাই , ফলশ্রুতিতে এটা নিয়ে বেশিদূরে যেতে পারে নাই বন্ধু ।",0
"দেশের ভবিষ্যতের জন্য রাজনৈতিক বিচার ও সিদ্ধান্তগুলো সমানভাবে গুরুত্ব পাচ্ছে, তা নিশ্চিত হওয়া উচিত।",0
"একজন চোর, জালিয়াতি, প্রতারক যখন তরুণ প্রজন্মের আইডল হয় তাদের ভবিষ্যৎ আর কর্মকান্ড উৎশৃঙ্খল হবেই।",0
বিঃদ্রঃ আমাদের যাবতীয় সেবাসমূহ সম্পূর্ণ বিনামূল্যে করা হয়।,1
ভাই আমরা গাজীপুরের মানুষই বেশি প্যারায়,1
তরে করোনা খুজতাছে।,0
সাউন্ড নাই ঠিক আছে। কিন্তু নাম আর কাজ দুইটাই আছে।,1
"এতো দিন পরে ঠিকঠাক আইনের প্রয়োগ হতেছে, ধন্যবাদ প্রশাসন",0
লোক লজ্জার ভয়ে বলতে পারিনা যে এই বেডির ভয়েস আমার ভাল্লাগে...,1
"পদ্মা সেতু ভাংগা হবে কখন মেট্রোরেল ভাংগা হবে কখন হানিফ ফ্লাইওভার ভাংগা হবে কখন,পাবনা পারমাণবিক বিদ্যুৎ কেন্দ্রে কর্ণফুলী টানেল ৫৬০ টি মডেল মসজিদ এগুলো কখন ভেঙে ফেলা হবে জাতি জানতে চায়",1
যত্নের অভাবে তা সাদা কালো জীবনে তা আমরা বুঝতে পারছি,0
আপনার অনুষ্ঠান প্রায়ই দেখি।,1
"গুজব ভাই সব গুজব, কথা না শুনলে সেটা আলাদা কথা",0
এখানে হাসার কি মানুষ আতংকিত হবেই এটাই স্বাভাবিক,0
"নিরাপত্তা কর্মীকে জিজ্ঞেস করলাম, পাম্পের লোক কই? বলল, নামাজে গেছে।",0
হেদায়েত অনেক দামি নিয়ামত স্বয়ং আল্লাহ সুবাহানাহু ওয়া তা'আলার পক্ষ থেকে আসে!,1
কৃষকের সাথে অন্যায় ও অবিচার করা হয়েছে।,0
"আসুন সবাই সবাইকে সাপোর্ট করে,হিংসা মুক্ত হয়।তবেই আমরা এগিয়ে যেতে পারব। ইনশাআল্লাহ",0
"যদিও কাজটা ভালোনা,,,,তবুও এমন মেয়েদের জন্য এটাই যথার্থ পরিণাম,,,,",0
চারিদিকেই শাহিন,1
আসলে প্রতিটা সভ্যতাই তাদের সময়ে পিক পয়েন্ট এ ছিল। এভাবে তুলনা করে হয় না,0
৯০ কিংবা ৯৫ মুসলমানের দেশ আহা কি অবস্থা,1
দূর বালের ১৪ই ফেব্রুয়ারি।এবারও একা একা কাটাইতে হবে,1
"অনেক কিছুই হতে পারে। অনুশোচনা , ভালোবাসা, মায়া কিংবা কোনো ফাঁদ।",0
বিশেষ করে সুনামগঞ্জ জেলার অন্তর্ভুক্ত ম্যাক্সিমাম ঘরে পানি দুকে গেছে prayforsylhet,0
একজন পালিয়ে বেড়াচ্ছে আরেকজন ব্যাক টু ব্যাক বিপিএল ট্রফি জেতাচ্ছে,1
কোথাও নিরাপদ নয়,0
১৯৮৫ সালে জাতিসংঘের সাংস্কৃতিক সংস্থা ইউনেস্কো ইস্তাম্বুলের পুরাতন শহরটিকে একটি বিশ্ব ঐতিহ্যবাহী স্থান হিসেবে স্বীকৃতি দেয়।,0
কতৃপক্ষের দৃষ্টি আকর্ষণ করছি দ্রুত ব্যবস্থা নেওয়ার জন্য,0
আয়রে মানবতার ফেরিওয়ালা রূপ দেখানো মানবতার ফেরিওয়ালা ভিতরে যে এত কঠিন ছিল সেটা কি আর মানুষ জানতো,0
বিড়ালটা কল্পনার জীবনে আনন্দ এনে দিয়েছে।,0
ভাই কেউ আমারে এই ফেব্রুয়ারি মাসের জন্য একটা গার্লফ্রেন্ড ধার দে আর না হলে মঙ্গল গ্রহের একটা টিকিট দে,1
এখন মানুষ ভালো কে খারাপ বলে আর খারাপ কে খুব ভালো বলে!! বাহ্ দারুন!!,0
"""সাজানোর জন্য প্রয়োজন শুধু একটু সময় আর সৃজনশীলতা।""",0
আমারে ভুইলা যাইয়েন না,1
গুজব ছড়ানো থেকে সবাই সাবধান থাকি,0
চাচারা শেষে কিনা ফুড ব্লগারদের মান ইজ্জত নিয়ে টান দিলো,1
চাইনিজ যে লোকটা ক্যামেরা নিয়ে দৌড়াচ্ছে তাকে কেমন বেতন দিতে হয় মাসে?,1
"এক সময় বসন্ত, কলেরা এগুলো ছিল আতঙ্কের নাম!",0
"লেখকের মতে, ইতিহাস শুধুমাত্র তাদের উপকারে আসে, যারা এর মাধ্যমে ব্যক্তিগত বা রাজনৈতিক স্বার্থ হাসিল করে।",0
সুন্দর কথা লিখেছেন বাস্তবসম্মত লেখা।,0
"বাংলাদেশের দুর্নীতির কারণে ক্যামেরাম্যান, ক্যামেরার সমস্যা, আর বহির্বিশ্বের বাংলাদেশ নিয়ে মানসিক সমস্যা।",1
"ডিপ্লোমা ফার্মাসিস্ট ও মেডিকেল টেকনোলজিস্ট বলেও দুটি জাতি আছে যাদের ছাড়া স্বাস্থ্য ব্যবস্থা অসম্পূর্ণ। এদের নিয়োগ,দশম গ্রেড এসব ন্যায্য অধিকার।",0
পিরামিড নিয়ে মানুষের কৌতূহল কখনো শেষ হবে না,0
স্বামীরই মন থাকে স্ত্রী কিছু নয় দাসী ছাড়া।,0
"সঠিক, সঠিক...তিতুমীর কলেজ ওয়ার্ল্ড র্যাংকিং এ বর্তমানে দুই নাম্বারে আছে।",1
মানতে ক'ষ্ট হলেও এটাই বাস্তব - - আপনার জন্য কোন কিছুই থেমে থাকবে না...!,0
ইমরান হোসেন নিরব সাহেবের বিরক্তকর যন্ত্রণা আমি! ভয় পাই অন্তত আপনার উত্তরবঙ্গের সবকিছু উপভোগ করতে দিন মানে ভিডিওগুলো অনুভূতি প্রকাশক নতুন কিছু লেখালেখি হোক,0
"লোভে পাপ, পাপে মৃত্যু",0
ওকে আই এস আই দিয়ে চোদানো দরকার।,0
অতচ আমি ছোট হয়ে বড়টার কাজ করি,0
এই সব ব্যাবসায়ীদের বানের পানিতে ডুবিয়ে মেরে ফেলা উচিৎ। এদের বাচার কনো অধিকার নাই।,1
মোবাইল না থাকলে ছবি পোস্ট করলেন কিভাবে।,1
দয়া করে আমার মানসিক স্বাস্থ্যের ক্ষতি করার জন্য আমাকে বিরক্ত করতে আসবেন না৷,0
"যেখানে সম্পূর্ণ দেশটাই দিন দিন ব্রাহ্মণবাড়িয়া হয়ে যাচ্ছে, সেখানে মনে-প্রাণে বাংলাদেশি হয়ে থাকাটা নিছকই বিলাসিতা!",1
হো ভাই আপনি ধৈর্য দরার কাজে ও সফল,0
মোনাফেক পার্টি জামাত শিবির সাথে বিএনপি আর কোনদিন ঐক্য করিবে না,0
হুম বাহিরের দেশের গার্জিয়ান রো তো মনে হয় অনেক সাধু আপনাকে এসে কানে কানে বলছে না,1
আন্টি আপনার মেয়ে অনেক সুন্দর সুন্দর গালি শিখছে,1
এই গণজোয়ার যেকোন রাজনৈতিক দলের জন্য শিক্ষা! দয়া করে কেউ ক্ষমতায় আইসা ফ্যাসিস্ট হইয়েন না আওয়ামী লীগ থেকে শিক্ষা নেন সকল রাজনৈতিক দল,0
আগে আমি ৫ওয়াক্ত নামাজ পড়তাম...কোরআন হাদিয়া নিয়ে মগ্ন ছিলাম...ইসলামিক লেকচার শুনতাম প্রায় প্রতিদিন...ইসলামিক বই পড়তাম...কিন্তু শয়তানের ধোকায় পড়ে আমি এসব ভালো কাজ থেকে দূরে সরে গেছি শুধু নামাজটা ছাড়া তাও অনেক সময় মিস হয় নামাজ। এখন আমি আবার দীনের পথে ফিরে আসার চেষ্টা করছি। প্লিজ আমার জন্য দোয়া করবেন অন্তর থেকে যাতে মৃত্যুর দিন পর্যন্ত নামাজ না ছাড়ি।,0
ফালতু কথা । কিছু কিছু বিল্ডিং আর ক্লাস রুম এত নোংরা বিচ্ছিরি । ঠিক হওয়া দরকার।,0
বোরখা পরা মেয়েটার চিন্তা ভাবনা এখন পালটায় যাবে পোশাকের ক্ষেত্রে,0
এমন শাশন পায় নি বলে আজ আমি খারাপ,1
জী ভাই।এর মতো মলম বিক্রেতা ঘুমের মধ্যে বাংলাদেশ বাংলাদেশ বলে জিকির করে,1
প্যান্টের হাটুর অংশ ছিড়ে হাটু বের হইসে ভ্যাগিস তল্পট্রির অংশ ছিড়েনাই না হয় নু বের হয়ে হা করে থাকত,1
দেখার মতো একটা মুহূর্ত।বরিশালের নাটকিয় ব্যাটিং এ ।নাটকিয় জয়।রিসাদের জয়ো ব্যাটিং এ জয়।,0
"সেতুর জীবনকাল নির্ধারণের জন্য এটি একটি কার্যকরী পদ্ধতি, যা নির্মাণকাজের পরেও কার্যকরী অবস্থায় রাখতে সাহায্য করে।",0
রাজনিতি করনে দংশ আমাদের ভালো পেলেয়া গুণো,0
আমার সামনে কেন এগুলা পড়ে না? সঠিক লোকেশন টা বলেন,0
দ্য লিজেন্ড অনন্ত ভাই,0
"আল্লাহ আপনাকে সুস্থ রাখুন, আরো সম্পদ দান করুন যাতে আরো মানুষের কল্যানে কাজ করতে পারেন",0
জীবন কে মানুষ কত সহজ ভাবে নিচ্ছে,0
ভাই কি বেল্ট ছাড়াই প্যান্ট পরেন?,1
খাবারে তেলাপোকা পাওয়ায় এককালে ইস্ট ওয়েস্ট অথোরিটি - তোমরা যে বাসা থেকে তেলাপোকা এনে মিশায়ে দাওনাই তার প্রমান কি!,1
সবসময় কি বড় সন্তানরাই পরিবার চালায়? কই আমারও ত বড় ভাই আছে তারপরও আমি মেজো হয়ে পরিবারের দায়িত্ব নিয়ে পরিবার চালাচ্ছি।,0
"সৈয়দ শামসুল হক, হুমায়ূন আহমেদসহ মহারথী কিছু লেখকের জীবনাবসানও ঘটে এই দশকে।",0
সার্বভৌমত্ব রক্ষার্থে দেশ না হয় মৃত্যু,0
এমন গার্লফ্রেন্ড কোথায় পাওয়া যাবে,1
খেলা দেখলে নাহয় ট্রল করতাম।,1
এইরকম বাবাই দরকার আমারদের মতো হেডার বাপ দিয়ে কি করবো,0
এ গুলো এখনো বাইরে কেন?? সব গুলো কে ফাসি দিতে হবে।যে সব সুশীলরা নারী হিসাবে তাদের বিচারের বিরোধিতা করবে তাদের ও ফাসি দিতে হবে।,0
"অনেক স্বামী তো স্ত্রীর নামাজ,দীনদারি,পরহেজগারি ও দেখতে পারে না,,,, এটা নিয়ে ও খোটা দেয়,,,,,আসলে একটা বেপর্দা ফ্যামিলিতে এসে পরলেই বুঝাযায় দ্বীন পালন করা কতটা কষ্টসাধ্য",0
বাংলা সিনেমায় আবেগ বেশি আবেগে কালার চেঞ্জ হয়ে যায়,1
বেচারা এইডি লক করে দিছে কিছু কমেন্ট ড্রপ করতে চাইছিলাম,1
সে ঠিক ই অন্যজনের সাথে রাত কাটায় শরীর গরম রাখতেসে,1
আমাদের টেলিগ্রাম গ্রুপে সব ভাইরাল ভিডিও গুলি পাবেন সবাই জয়েন হয়ে থাকুন,1
"গাছের শাখার মতো, আমাদের জীবনেও ভালো বন্ধুদের শাখাগুলো অনেক শক্তিশালী হয়ে ওঠে।",0
এই পরিবারটাকে সারাবিশ্ব মিলে দরছে কতটা জঘন্যতম হলে ডিগ্রি নেয় টাকা দিয়ে,0
ভাই বাস কখন নামবে ঢাকা শহরে আর তর সইতেছে না। কেননা এক কোম্পানির বাস হলে ঢাকা শহরের ৯০ জ্যাম থাকবে না।,0
ভূ-রাজনৈতিক স্ট্র্যাটেজিতে বাংলাদেশে জঙ্গিবাদ আছে বা এদেশের মুসলিম জনগোষ্ঠি অমুসলিম বিরোধী এবং ধর্মীয়ভাবে উগ্র ইত্যাদি ন্যারেটিভ যদি কেউ সেট করতে পারে বা সেট করার চেষ্টা অনবরত করতে থাকে। তাহলে সবচাইতে বেশি উপকৃত হয় কোন রাষ্ট্র?,0
"কেন্দ্র থেকে প্রতিটা ওয়ার্ড পর্যায়ে চিরুনী অভিযান চালানো হউক, আওয়ামিলীগ এর কোনো কর্মি দেশের নিরাপত্তার জন্য বিপজ্জনক",0
এটি গ্রামীণ কর্মসংস্থান তৈরিতে গুরুত্বপূর্ণ ভূমিকা রাখবে।,0
"যদিও আমার টাকায় ফ্যামিলি চলে না তবে আমি নিজের খরচ নিজেই বহন করি, বাবার কাছে কখনোই চাই না,",0
কারওয়ান বাজারের সর্দার আর আমীষূলের আজকে রাইতের ঘুম হারাম,0
"৩০০ আসনের সবাই পালিয়ে বেড়াচ্ছে। সবার বিরুদ্ধেই অসীম দূর্নীতির স্বচ্ছ প্রমানও মিলেছে। এদিকে সিঙ্গাড়া খাওয়া কর্মী পোস্ট দেয়- 'আবার আসবো ফিরে, দেখা হবে ময়দানে'!",1
"সেগুলো হলো-নির্বাচনী ব্যবস্থার সংস্কার, স্থানীয় দুর্নীতির অবসান।",0
চাঁদাবাজি করছে বিএনপির লোকজন! দেশের বর্তমানে যত দুর্নীতি এর দায় বিএনপির।,0
এই প্রেক্ষাপটে বাংলাদেশের একটি গুরুত্বপূর্ণ অংশীদার হলো জার্মানি।,0
মাংসের বদলে কাঁঠাল,1
"এগুলো ভাইরাল করা ঠিক না,, এতে সমাজ নষ্ট হয়। যদি নিজের ভালো চান তাহলে৷ লিংকটি দিয়ে দিবেন",1
পত্র সান্স বাংলা অসাধারণ ফন্ট। আমি দীর্ঘদিন থেকে আমার ফোনের ডিফল্ট ফন্ট হিসাবে ব্যবহার করে আসছি। এক কথায় অসাধারণ। আর বর্ণ তো ব্যবহার করছি সেই শুরু থেকেই। আরবি লেয়াউটে উর্দুর যুক্ত করার রিকোয়েস্ট করেছিলাম সেটা অ্যাড করেছেন। জাযাকাল্লাহু আহসানাল যাজা।,0
"বিপদকে পুঁজি করে যারা অধিক মুনাফা করে, তাদের আমি মানুষ মনে করি না। কারন মানুষের পেটে জন্ম নিলেই মানুষ হওয়া যায় না। মানুষ হতে হলে মানুষত্ম থাকতে হয়।",1
অনান্যদের মতামত বেশ ভিন্ন হতে পারে,0
"আমার কালোটা ,শোক দিবস",1
আল্লাহ এই কোন যুগে আইনা ফালাইলা,0
"ফ্যান্টাসি কনডম ধুরু, ফ্যান্টাসি কিংডম।",1
ভাই ডেলিভারি চার্জ সহ কত টাকা হতে পারে?আমি একটা কিনবো,0
এমন কোন শক্তি নাই যে শেখ হাসিনাকে উদঘাটন করতে পারে বা আওয়ামী লীগকে,1
মশার কারনেও হতে পারে!! অযথা আপ্নারা ভাইটার বউটাকে দুষছেন!!,1
এমন একটি দুঃসাহসিক ছবি পোস্টের জন্য আপনার জন্য রয়েছে কেয়া কসমেটিকস্ এর পক্ষ থেকে মহামূল্যবান বই ও পরিবেশবান্ধব গাছ!,1
ইভেন আমি পত্রিকার প্রশ্ন গুলো দিয়ে পরীক্ষা ও দিতাম আব্বুর কাছে।,0
বাংলাদেশে জন্ম না নিলে কতো বিনোদন যে মিস করতাম,0
জাতীয় গণতান্ত্রিক বিপ্লবী কমরেড পিনাকী ভট্টাচার্যকে লাল সালাম ও অভিনন্দন জানাচ্ছি।,0
অর্থ মন্ত্রণালয় কর্তৃক মাইলেজ সংক্রান্ত সকল আপত্তি প্রত্যাহার করে রেলওয়ে এস্টাবলিশমেন্ট কোড ভলিউমের বিধি অনুযায়ী রানিং স্টাফ গন তাদের যাবতীয় পাওনাদি প্রাপ্য হবেন।,0
তিতুমীর বিশ্ববিদ্যালয় কিসের জন্য মিয়া।,1
মারা যাওয়া পর্যন্ত অপেক্ষা কেনো করবেন? স্ত্রী মারা যাওয়ার আগেই বিয়ে টা সেরে ফেলুন।,1
জাবি তে বঙ্গবন্ধু সাবজেক্ট পাইছিলো আমার এক্স পরে ভর্তি হয় নাই,1
"আমি জীবনে আসলে কি করতেছি আমি জানিনা! আমি কী চাই, কী হবো, কী হওয়া উচিত সব ভুলে গেছি!",0
আটকের নামে জনগণ থেকে হেফাজতে রাখা হচ্ছে বলে আমার মনে হয়।,0
গ্রেডিং ঠিকঠাক ছিল।,0
তোগো কি বাবা মায়ের অনেক অভাব কেউ বানাস পিতা কেউ বানাস মাতা,0
অল্প অল্প শুনছি... কাজের ফাঁকে শুনছি। যা আমি কখনও পিনাকীর প্রোগ্রামে করিনা।,0
কাপ এর সাথে প্লেয়ারও নিয়ে যেতে পারে ভালো লাগলে,1
শুভ কামনা ছেলে টা কি আপনি,0
সমুদ্রের নিচের এই পর্বতগুলো আবিষ্কার করা এতদিন কেন সম্ভব হয়নি?,0
"হুম, কারন একমাত্র আল্লাহই ভালো জানেন আমাদের মনের খবর ।",0
জাপানের মতো ঝাপ্সা কেন?,1
চকচক করলেই সোনা হয় না,1
অনুষ্ঠানে গ্রামীণফোন সেন্টার এবং সংশ্লিষ্ট স্টেকহোল্ডারদের প্রতিনিধিরাও উপস্থিত ছিলেন।,0
আপনাকে ধন্যবাদ। তবে সংস্কার কিছুই হবে না। এদেশে বিজ্ঞ জনেরা ত্যাগ নয় ভোগেই প্রকৃত সুখ খুঁজে বেড়ায়।,0
"আরে আপনাকে তো মনে হয় দুদিন আগে দেখছি কার সাথে ঝগড়া করতেছেন,, হুবা হু তার চেহারার মতো মিল আছে,, যাই হোক অভিনন্দন, দেখে ভালো লাগলো",1
অনেকদিন পর প্রিয় নেতার পোস্ট আল্লাহ আপনাকে নেক হায়াত দান করুক আমিন।,1
শত বাধা বিপত্তি পেরিয়ে নিজেদের স্বপ্নগুলোকে বাস্তবে রূপ দেয়া বাংলাদেশের এমনই বহু ছাত্ররা উন্নত বিশ্বে প্রতিনিয়ত নিজেদের সাফল্যের সাক্ষর রেখে চলেছে।,0
ফেরেশতাদের দেশে বাস করছি বলেই হয়তো কোনোদিন ভোট কেন্দ্র পর্যন্ত যাওয়ারও সুযোগ হয়নি।,1
অসাধারণ! আমাদের উপদেষ্টাদের থেকে আমরা এমন শক্ত পদক্ষেপই আশা করছিলাম। আওয়ামী লীগ নিষিদ্ধ এবং ওদের কর্মীদের পুলিশ লীগ-আমলা লীগসহ ওপর দ্রুত ক্র্যাকডাউন চাই,0
- বেদিন দের দারা এগুলা সম্ভব.!,0
ভাইয়ার আগমনে মেডিকেল ব্যাচ এবার আরো উন্নতি সাধন করবে আশা করছি। স্বাগতম ফাহাদ ভাইয়া।,0
সিঙ্গেলদের জন্য জানুয়ারি মাস ফেব্রুয়ারি মাস সব একই,1
তোর এত সমস্যা কেন ভাই বেয়াদব ছেলে,0
সকল ধরনের কোঠা বাতিল করা উচিত।,0
ঢিলেঢালা পোশাক পড়তে ভালো লাগলে সেটাই পড়ুন।,0
"কল্পনার জন্য সবাই মিলে যা করলেন, তা সত্যিই প্রশংসার যোগ্য।",0
সারাজীবন ইনকাম করে সংসারের ঘানি টেনেছো।এটা তার প্রতিদান।,0
১০ ২০ লক্ষ টাকা যতদিন কাবিন ধরবে মেয়ের বাবা ততদিন যৌতুক ছাড়া পাত্র পাবে না,1
এইলা দুঃক্ষের কথা আর না কইস রে ভাই,1
এরকম ভালো খবর আমরা কোনোদিনও ভাল লাগেনি,1
ভাড়াটা সহনীয় থাকলেই আলহাম্দুলিল্লাহ,0
"গত ১৭ বছরে সরকারি চাকরিতে যা নিয়োগ হয়েছে সব বাতিল করে, নতুন করে নিয়োগ দিতে হবে। নয়তে ফেরেস্তা এসেও দেশ চালাতে পারবে না।",0
"নির্বাচন ""ঈদের পর"" হলে ভালো হয়।",1
"বাংলাদেশে,, নতুন সহমত ভাই এর উদ্ভব হয়েছে,,, । এরা সারাদিন সংস্কার সংস্কার বলে ফালাফালি করে",0
শিক্ষার্থীদের জন্য কিছু দান করার ইচ্ছা।,0
এই ব্যাগের ব্যবহার বাড়ালে দেশের পরিবেশগত সমস্যা কমতে পারে।,0
আমার নেপাল যাওয়ার খুব ইচ্ছা,0
আমের মধ্যে কিন্তু পোকা থাকে,0
এখন মানুষ নিজ নিজ কাজে ব্যাস্ত,0
জীবনে কাউকে ভালো বাসতেই পারি নাই তাই হয় তো কপালে নাই,0
"দ্যা গ্রোথ কোড বইয়ের মাধ্যমে বিজনেসের নতুন এক দিগন্ত খুলবে, এ ধারণা ভালো লাগছে।",0
কত দিন লাগতে পারে সমঝোতা হতে সে ব্যাপারে কোন ধারনা আছে?,0
ধুর!! এইবার অনেক কিছু মিস করেগেছেন,0
"মহান আল্লাহ,,,সার দেই কিন্তু ছেড়ে দেই না ,, মুখোশ পরা মানবতা,, সবকিছুর বিচার হবে ইনশাল্লাহ",0
পৃথিবীতে বসে একটি কমেন্ট,1
"আজ পযন্ত দেখলাম না, কোন গরিব বয়ষ্ক পুরুষ লোককে কোন সুন্দরী মেয়েরা বিয়ে করতে।",0
আওয়ামী আমলের সচিবদের স্বপদে রেখে যারা সংস্কারের স্বপ্ন দেখেন তারা বোকার স্বর্গে বসবাস করছেন।,0
মিম ভিডিও টা দেখলে একটা রিপ্লাই দিও.,1
"ধরা পড়লে চোর, না পড়লে সাধু। এই দেশে সবাই সাধু ধরা পড়ার আগ পর্যন্ত।",0
পরিস্থিতি নিয়ন্ত্রণে রাখতে হলে সবার আগে আইনের শাসন প্রতিষ্ঠিত করা জরুরি।,0
হাহা এটাই বাস্তব আইলাবিউ।,1
চাচা বুলডোজারে এত হাসিনা কেনো? আর ৩২ নম্বর কোথায়?,1
আমরা অযথা মোবাইল ফোনে অতিরিক্ত সময় ব্যয় করি।,0
"সাদা ব্রা পরছেন ঠিক আছে,, কিন্তু এটা দেখিয়ে যুবসমাজ নষ্ট করছেন কেনো,",0
কানা জুয়াড়ীর দালাল,1
বাচ্চাদের সঠিক শিক্ষায় গড়ে তুলতে হলে পারিবারিক সচেতনতা জরুরি,0
ভন্ডামি কি সহজে কেও ছাড়ে বিয়ের পর ত আরো বেশি বেশি করে,1
এগুলা নির্লজ্জতা ছাড়া কিছুই নাহ,0
আমার তালতো ভাইটাকে আপনাকে ভাইরাল করে দিলেন।,1
"চাচা বাড়িতে আগুন কেন? আর হাসিনা কোথায়? হাসিনা ৬ মাস হলো পালিয়ে গেছে, তুমি ওকে ভুলে যাও বাবা!!",1
কল্পনার গল্পটা খুবই মর্মস্পর্শী।,0
"মিরপুর স্টেডিয়াম এ আয়োজন করা হোক, টিকিট এর ব্যবস্থা করা হোক, সেই টাকা দিয়ে রাজশাহীর প্লেয়ার দের টাকা পরিশোধ করা হোক।",1
বিড়ালটা পেয়ে কল্পনার মুখে হাসি ফুটেছে দেখে মন ভরে গেল।,0
চাচির খেলা দেখে তো আমি ফাস্ট এরকম খেলা দেখলাম আপনার জন্য দোয়া রইল এত সুন্দর সামনে তুলে ধরার জন্য দোয়া ও ভালোবাসা রইলো আপনি অনেক দূরে এগিয়ে যান,0
"দেইখেন আবার উন্নত রোবট বানাতে গিয়ে রোবট ছবির মত যদি না হয় হি তে বিপরীত, টেকনোলজি যত উন্নত তত ভয়ঙ্কর, AI জিনিসটা মোটেও ভালো না, AI যতই উন্নত করা হোক না কেনো মানুষের ব্রেন এর মত কখনোই হতে পারবে না, এর কিছু টেকনিকেল সমস্যা থাকবেই,, পরে দেখবেন AI বেশি উন্নত করে শক্তিশালী উন্নতমানের রোবট তৈরি করার পর পরবর্তীতে সিস্টেমে কোনো গণ্ডগোল হলে জীবিত মানুষের হাড়গুলোকে পাউডার বানিয়ে মেকআপ করবে আর রক্ত গুলো দিয়ে লিপস্টিক লাগাবে ঠোঁটে। তখন বুঝবেন ঠেলা",0
বাস্তবতার সাথে খাপ খাইয়ে চলাই আসল বুদ্ধিমত্তা,0
দেখা শেষ।,0
বানর হইতে পারে,0
তা-ও জগদীশেরই সহায়তায়।,0
"ভাইয়া আমিও জামু আপনার সাথে,,, নিবেন,,",0
"আমি ৮ বছর যাবত ইতালি প্রাবাসী, কিছুদিন পূর্বে আমি দেশে আসছি ছুটিতে,",1
একজন চিকিৎসক হিসেবে রোগীর স্বজনদের আবেগ বুঝে তাদের সঠিক পথে পরিচালিত করা গুরুত্বপূর্ণ।,0
ইউনিয়ন পর্যায়ের আওয়ামী চামচাদের কেনো এখনো নিশ্চিন্তে ঘুমাতে দিচ্ছে বর্তমান সরকার সেটাই বুঝে আসছে না,0
কাজের সঠিক মূল্যায়ন কর্মীদের মানসিকভাবে উদ্দীপিত রাখে।,0
এই সব কাজ শুধু শাহীনের পোলাপাইন দ্বারা সম্ভব,1
ভারতীয়দের এত বড় অপমানের তীব্র নিন্দা পোষণ করছি,1
"আপনি যাকে ভালোবাসেন, ইচ্ছা করলেই তাকে হেদায়াত করতে পারবেন না।",1
কি দরকার এতো পড়াশোনা করার। কি লাভ,1
"এ নিয়ে তাঁর কথা ছিল, এটি অন্যকে লাঞ্ছিত করার একটা রাজনৈতিক অস্ত্র হিসেবে ব্যবহৃত হচ্ছে।",0
হে আমার রব! আপনি সবাইকে হেদায়েত দান করুন। আমীন,1
"পিরামিড শুধু এক ধরনের সমাধি নয়, এটি পুরো সভ্যতার সাক্ষী",0
"নিম গাছ বায়ুদূষণ রোধে কতটা কার্যকর, তা আরও গবেষণা করে দেখা দরকা",0
বাকশালিদের হরতাল ডাকায় সারাদেশ রোমাঞ্চিত।,1
শুক্রবার আসলে যে পরিমানে বিয়ের অনুষ্ঠান দেখি তাতে নিত্ত পণ্যে কর না দিয়ে এই খাতে বেশি কর আরোপ করলেও জনগণের কোন অভিযোগ থাকবে নাহ। সিগারেট আর বিয়ে যতই কর দিক চলবেই,1
তামিম নামটা শুনলেই এখন বিনোদন মনে হয়,1
অবশ্যই তবে একটা গার্লফ্রেন্ড থাকলে হয়তো রাখা হতো।,1
শাওন যা শুরু করেছে তাতে নুহাশপল্লি না থাকাই ভালো,0
"বাবা মার সামর্থ্য না থাকলে বড় ছেলেকে দায়িত্ব নিতে হবে, তবে নিজের সবটা বিসর্জন দিবেননা কেউ, েষে ভিক্ষার থালা নিয়ে ঘুরতে হবে",0
গোলাপি ঠোঁট তার মানে তুমি রাশিয়ান,1
দুর্দান্ত বাংলাদেশ !! সাবাশ বাংলাদেশ !! এগিয়ে চলো বাংলাদেশ !!,0
"তো মনে যা আসে, তা ফস করে মুখে বলে ফেলার এই প্রবণতা ভালো কি মন্দ, তা নিয়ে তর্ক থাকতে পারে, বাহাস হতে পারে।",0
পোষ্ট ডিলিট কর নইলে সমস্যা হবে। -তাসকিন সভাপতি বাংলাদেশ হেডম লীগ,1
"উত্তরবঙ্গ, বাংলাদেশের একটি সুন্দর এবং বৈচিত্র্যময় অঞ্চল, যা প্রাকৃতিক সৌন্দর্য, কৃষি এবং সাংস্কৃতিক ঐতিহ্যের জন্য বিখ্যাত। এই অঞ্চলে রয়েছে পাহাড়, নদী, বন এবং সমৃদ্ধ ইতিহাস।",0
"যারা দায়ী, তাদের বিরুদ্ধে কঠোর ব্যবস্থা নেওয়া জরুরি।",0
পুরুষদের কাছে সফলতা হলো পায়ের উপর ঠ্যাং তুলে চায়ের কাপে চুমুক দিয়ে পত্রিকা পড়া বা সোশ্যাল মিডিয়ায় টাইম পাস করা।সাথে বিশাল অংকের টাকা থাকা।,1
"আমি মনে প্রাণে বিশ্বাস করি , ইনারা যে উদাহরণ তৈরি করলেন বাংলাদেশে, সেই পথে অচিরেই অনেকেই হাঁটবেন ।",1
ভালো স্কোর অর্জনের জন্য প্রাসঙ্গিক পরীক্ষাগুলোর প্রস্তুতি নেওয়া প্রয়োজন।,0
"ছাত্ররা অনেক সময় ভালো ফলাফল অর্জন করার জন্য একাধিক কোচিং সেন্টারে অংশ নেয়। তাদের এই প্রচেষ্টা একদিকে তাদের প্রস্তুতির মান উন্নত করতে সাহায্য করতে পারে, কিন্তু এতে সময় এবং শক্তির অপচয়ও হতে পারে।",0
কাপড় চোপরই কি সব সুখের মূল৷ সুন্দর একটা মন যার আছে সেই প্রকৃত ধনী,0
"দূরত্ব ভালোবাসার মাঝে বাধা হতে পারে না, যদি সত্যিকারের টান থাকে।",0
ডাবল ফুয়েল সিস্টেমের অসংখ্য লিমিটেশন আছে বলেই সেইফটি গাইডলাইন ১০০ ফল্যো করার বিকল্প শুন্য।,0
গ্র্যাজুয়েশনের পরে একজন ছাত্র বা ছাত্রী কী করবে তা আগে থেকে পরিকল্পনা করা উচিত।,0
"আল্লাহর প্রতি ভালবাসা, আমাদের জীবনের শুরু থেকেই শেষ অব্দি, থাকবে",0
"আহ! কতশত আহাজারি, কত বুঝানোর ব্যর্থ চেষ্টা ভালবাসার মানুষগুলো যেন বুঝে দুনিয়াটা ক্ষনিকের এখানে সবদিক দিয়ে কেউ পরিপূর্ণ নয়!",1
"যারা দেশের জন্য, দেশের মানুষের জন্য কল্যাণকর তারাই যেন সামনে ক্ষমতায় আসে। সকলের এই দোয়া করা উচিত।",0
"তিনি প্রশ্ন করেন, ইংল্যান্ড যখন আলুর পচন রোধে নানা উদ্যোগ নিচ্ছে, তখন মস্তিষ্কের পচন রোধে কোনো উদ্যোগ কি নেবে না, যা আরও অনেক ব্যাপক এবং মারাত্মকভাবে আগ্রাসী।",0
পরকাল বিশ্বাস করলে কি আর যা ইচ্ছা তাই করা যায়। এরা হচ্ছে স্বঘোষিত প্রকৃত কাফের অবিশ্বাসী । কবরে গেলেই বুঝতে পারবে কি আছে আর কি নেই। এরা মারা গেলে কেন যে জনাযা পড়ায় আর দোয়া করে এটা আমার বোধগম্য হয় না। যেমন মরবে তেমন মমি করে রেখে দেওয়া যেতে পারে বা পরীক্ষাগারে গবেষণার জন্য ফ্রিজআপ করা যেতে পারে।,0
৩৩ পেয়েও চান্স হলো না,1
সকালে পারি না ঘুম ভাঙ্গাতে - রাখো তুমি ফোন সাইলেন্ট করে।,1
সবাই মিলে উদ্যোগ নিলে আমাদের চারপাশ আরও সুন্দর হবে,0
বাচ্চা হস্তি টা কি চিড়িয়াখানা থেকে ছাড়া ফেলো?,1
ফেনীর ছাত্রজনতা ব্যানার লালসালু চরিত্রের এবং সমগ্র বাংলাদেশের ক্ষেত্রেও।,0
আলোচনা যত্নসহকারে করা উচিত।,0
"বেচারা বিনা ভোটে এমপি হতে চেয়েছিল। এখন পা ছায় বাম্বু ঢুক ছে,বেশি লোভ করা ভালো হয়।",0
কেনো ৬ তারিখে শেষ হলে কোনো আপওি আছে,1
যৌবনে ববিদার মাথায় চুল ছিল তাইলে!,0
৩বছর ধরে নিজের ফ্যামিলি নিজের টাকাই চালাই আল্লাহ রহমতে,0
শব্দ দূষণ গান ধর্ষণ,1
"ব্যাচমেটের সাথে প্রেম করে কেউ ঠকে না। হয় বিয়ে হয়,নয়তো রেজাল্ট ভালো হয়।",1
"আলহামদুলিল্লাহ ভালো খবর, বাকিগুলোও ধীরে ধীরে সাধারণ মানুষের ন্যায্যতার মধ্যে আসবে ইন শা আল্লাহ!",0
প্রভুর নামে সুন্দরী কানিজ ফাতেমারে স্টক করিতে থাকেন। আমিন!,0
রিপন ভাই আপনি কিন্তু একজন অলরাউন্ডার আপনি সবকিছুই পারেন,0
আগুনে পুড়লে ব্যাগটি ছাই হয়ে যায় এবং কোনো বিষাক্ত গ্যাস তৈরি হয় না।,0
"প্রস্তুতির জন্য যে অভিজ্ঞতা শেয়ার করা হয়েছে, তা খুবই উপকারী এবং বাস্তবিক।",0
যেখান থেকে আবর্জনা পরিস্কার করতে দেখা যাচ্ছে সেখানে কোন আবর্জনা থাকার কথা না।,1
উঠাও কুরিয়ার সার্ভিস এ পাওয়া যাবে,1
কি পরিমান পাপ করলে এসব নিউজ সামনে আসে,0
কেমন ধরনের বিচারবিভাগ?আর কেমন মন-মানসিকতা নিয়ে একজন নারী এবং তার ছোট ছোট সন্তান'কে হাজতে ঢুকালো??,0
নিয়ে যাওয়া টা ভালো হবে কারণ বাংলাদেশ সাব্বির এর মুল্য দিতে পারে না,0
ছেলে হয়ে ও কোনোদিন সিগারেট না খাওয়া আমি,0
এই বিষয়ে ইন্ডিয়া যা বলবে ওইটাই ঠিক,1
শা লা আম্মু ছিলো পাশে।আর সাউন্ড ছিলো আল্লাহর ওয়াস্তে ফুল।লে বাশ,1
"চেষ্টা তো করছি!! এত সহজেই কি ভোলা যায়? এই সাজানো সংসার টা তো একদিনের দুই দিনের ছিল না! ছিল আয়োজন ছিল কোলাহল, তাই একটু সময় লাগবে। আশা করি ধীরে ধীরে মানুষ তার সবটুকুই ভুলে যাবে।",0
"বিষয়টি মোটেই আনন্দের নয়। আজ অন্য রোবটদের নিয়ে পালিয়েছে। কাল যে মালিকের বউ নিয়ে পালাবে না, তার কোন গ্যারান্টি নেই।",1
"নবীর অপমান কারীর শাস্তি দাও, তারপর ওয়াজে হিন্দুদেবদেবী দের অপমান কারীদের ডিম থেরাপি দাও।",0
রাষ্ট্রনায়কদের সিদ্ধান্ত ও তাদের প্রভাব নিয়ে সবসময় আলোচনা হওয়া উচিত।,0
এ দেশের মিডিয়া গুলো কি খেয়ে বাঁচবে ভবিষ্যতে,0
রেমিট্যান্স শাটডাউন দেন কেনো নাকি সরকারের দালালি করবেন ভাই এই আন্দোলনে আমরাও ছিলাম তাহলে আজ আমাদের কথা শুনেন না কেনো ঢাকা থেকে সৌদি আরব বিমান টিকেট এর সিন্ডিকেট বন্ধ করতেছে না কেনো?,0
যে দেশে গুণের কদম নেই সে দেশে গুণী জন্মাতে পারে না,0
মায়ের জন্য সন্তানের যত্ন পৃথিবীর সবচেয়ে গুরুত্বপূর্ণ কাজ।,0
ইজ্জত এর ভয়ে মন খুলে কমেন্ট করতে পারি না যদি এলাকার কেউ কমেন্ট পড়ে,1
"সত্যি কথা অনেক সময় কষ্ট দেয়, কিন্তু শেখার জন্য দরকার",0
২০০৬ ২০০৭ সালের দিকে ঢাকা বনানীতে দেখসিলাম। শুনছিলাম তখনি ৭ কোটি দাম।,0
এবার নারী ক্রিকেটারদের ফুলিয়ে দাও কিং,1
মানুষ মূলত একা।,0
আল্লাহ তায়ালা প্রতিটি প্রানিকেই কোনো নিখুত কর্মের জন্য তৈরি করেছেন,0
অপরাধীদের কঠোর শাস্তির আওতায় আনতে হবে,0
"আর সফল হচ্ছে প্রতিটি টার্গেটে পৌছা। একজন মানুষ তার জীবনের সকল টার্গেটে পৌঁছানো কখনই সম্ভব না। কিছু ব্যর্থ হবেই৷ আর এই মানসিকতা নিয়ে যারা কাজ করে তারা অন্তত মানসিক প্রশান্তি নিয়ে কাজ করতে পারে, পারে জীবনকে উপভোগ করতে।",0
আমার তো মনে হচ্চে সাবিনা কোচ হিসাবে জামাই গোলাম রব্বানী ছোটন কে আনার জন্য এসব নাটক করতেছে,1
20 ফারেনহাইট এ পানি বরফ হয়ে যাবে। তাই কয়েন নিচে পৌঁছানো সম্ভব নয়।,0
"আলাপচারিতায় জানতে পারলাম, তার একটা সাইড হাসলের জন্য কিছু ভিডিও কন্টেন্ট দরকার",0
শাশুড়ী আর বউয়ের মাঝে স্বামী mutual friend,1
শান্ত ভাই এই সময়ে আপনাকে ছাড়া একাদশ কল্পনা করা কঠিন,0
"কথা বাস্তব তবে, বর্তমান সময়ে টাকার প্রয়োজনটা ভালোবাসার চেয়েও বেশিই মনে হয় ভাই।",0
স্যার আমার জীবনে পরিবর্তন আসতেছে আপনার ভিডিও দেখে। আমি স্মার্ট ফোন ব্যবহার করিনা প্রায় ৩ মাস। আলহামদুল্লিাহ একদিন সফলতা আসবে আমার জীবনে। আপনার জন্য অনেক দোয়া রইলো।,0
কথা সত্য সাক্ষী দুর্বল।,1
"এই কয়েক মাসে এতো এতো মিসিং হচ্ছে, বেশিরভাগ ছোট বাচ্চারা, দেশে কোনো আইন নাই, কি একটা অবস্থা।",0
মানুষ তার কাজের মাধ্যমেই নিজের পরিচয় তৈরি করে।,0
নদি দখলমুক্ত করে নতুন কৃত্তিম নদির কাজ হাতে নিলে দেশ বাচঁবে দশ বাচঁবে ভীনদেশি শত্রুদের হাত থেকে,0
এখানে কমেন্টে এসে দেখতে পারলাম যে এখনো ইন্ডিয়ার দালাল অভাব নাই,1
কোন থামা থামি নাই বঙ্গবন্ধু স্যাটেলাইট ভাঙ্গতে হবেই।,1
বুয়েট বলবে আমাকে দিতে হবে সব এক্সামের হেড নাইলে এক্সাম নিব না। ঢাবি বলবে আমার ক্যাম্পাসে এক্সাম না নিলে মানব না।,0
আমি আসতেছি কক্সবাজার। নোভাকে খুব খুশি মনে হলো। আমি কিছুটা ভরসা পেলাম নোভার খুশি দেখে।,0
জ্ঞানীদের মূল্যায়ন করা দরকার যেনো এদেশের পরবর্তী প্রজন্ম উৎসাহিত হয় তাঁদের মতো হইতে,0
এই সব আজে বাজে পোস্ট করে যুবকদের মনকে নষ্ট করিয়া তাদের টাকা ইনকামের পথকে বাধাগস্ত করা হচ্ছে। এই জগতে বাঁচতে হলে টাকার কোন বিকল্প নেই।,0
কল্পনার মুখে হাসি ফোটানো সত্যিই ভালো লাগলো।,0
"পালাবে না, ভাববে সিকিউরিটি গার্ড মামা ডাকছে।",1
ডাক্তারও আমাকে কোলে আয়রনি করলো নিয়ে করবা,1
কিছু দিন পর পরেই টেক চেঞ্জ হয়ে যাচ্ছে,0
আমাকে খুজে দেন...৫০০ দিবো,1
আমার মনে হয় থাইল্যান্ডের এত প্রচারণা সে চালাইছে থাইল্যান্ডের সরকার যদি দেখে আর যদি এই ভিডিও দেখে তাহলে তারে থাইল্যান্ডের রানী বানাইয়া রাখতে,1
সফলতার পূর্ন শিকরে পৌছানো না পর্যন্ত আল্লাহ আপনাকে আমাদের মাঝে বাচিয়ে রাখুক আমিন।,0
"এক ট্রাক টিকটকার কমেন্ট করতে আসতেছে। তাদের ট্রাকের সামনে লেখা ""তাই বলে সব অবদান ভুলে গেলেন""",0
সাদলীগদের নিষিদ্ধের দাবি জানাচ্ছি তারা হাসিনার দোসর,1
অফিসে যে সব কলিগ সমান সমান কাম-কাজ করে তাদের সমকামী বলে,1
"আমার দেশ বাংলাদেশ, গাঞ্জা খোরদের দিয়ে ভরে গেছে।",0
খুবই চমৎকার একটা পিক,0
আপনাদের নিউজ করার মত আর কিছু আছে?,1
সুভানাল্লাহ!,0
বিড়ালটা কল্পনার জীবনে একটা বড় ভূমিকা রেখেছে।,0
"বা যার কথায় এতো সিরিয়াস হচ্ছি,কাল ভুল বোঝাবোঝি সুধরানোর জন্য আমি নিজেও না থাকতে পারি।",1
এই সরকারকের এই সিদ্ধান্ত আমি মানিনা। গ্রামের চৌকিদারের মতো লাগছে র্যাবকে।,1
নাটক বাজ তামিম সম্মনয়করা এদেশে খেলুক,0
এহহে! ইঞ্জিনিয়ার শব্দটার প্রতি আস্থা চইলা গেলো আপনার পোস্ট দেখে। পারেনও ভাই আপনি। অদ্ভূত!,0
হাত কিন্তু ভুল জায়গায় আছে...,1
ছত্রাকনাশক দিয়ে বীজ শোধন করা খুবই গুরুত্বপূর্ণ। তা না হলে ফল ভালো হবে না।,0
"বৈষম্য বিরোধী জিন জাতি ভাইয়েরা ইনবক্সে সারা দিন, স্যাটেলাইট আনতে জামু",1
এভাবে সমাজের ধনী ব্যক্তিরা গরিবদের সাহায্য করলে গরিবদের কোন কষ্ট থাকবে না।,0
"আমি গ্রহণ করেছি আমার প্রিয় কবিদের, চালিত হয়েছি প্রিয় কবিতার আত্মভাষায় জাগরণে।",0
চোরকে সমর্থন করলে নিজেও চোর।,0
আপু সব চেট দিবেন তার পর না হয় এক্সপোজ করবেন শুধু ছেলের দোষ কেন,0
জয়ী হতে হলে কী কী করতে হবে বিজয়ীরা সেটার উপর গুরুত্ব দেয়। আর বিজিতরা যা যা পারে সেটার উপর গুরুত্ব দেয়।,0
গাছ লাগানোর পাশাপাশি নিয়মিত পরিচর্যা করাও জরুরি,0
আটকায় রাখতে পারলো না কেন? রিমান্ডে না নেয়ার কথা ছিলো? তাহলে কি তদন্ত করে ওদের দোষী প্রমাণ করতে পারলো না?,0
"আল্লাহ, একবার হলেও এই ঘর তাওয়াফ করার সুযোগ দিও মৃত্যুর আগে।",0
ভাই ইনশাআল্লাহ কোনো একদিন আপনার সাথে এক কাপ চা কফি খাওয়ার ইচ্ছা আছে আমার মূলত খুব অল্প সময়ের জন্য হলেও আড্ডা দেওয়ার ইচ্ছা ।রাজশাহীতে আপনাকে আমন্ত্রণ জানাচ্ছি ভাই।,0
"বইটি নিয়ে অনেক আলোচনা হচ্ছে, মনে হয় এর মধ্যে কিছু নতুন ধারণা থাকবে।",0
আরো ৫ বছরের কম করতেন? ভালো হইতো।,1
ম্যা গো ম্যা এই ব্যেডি ইচ্চা ক্যা হেতির কি বছরে বছরে হাংগা করন লাগে,1
বেচে থাকা শিখে গেছি আর মরবো না,0
লালে ঘোল কাটিয়েছে তাহলে,1
ইউরোপ আমেরিকার মানুষ মদ গাঁজা খেয়ে কি এমন সাহায্য করছে এডমিনের খুব জানতে মন চায়!,1
খুব ভালো একটা সিদ্ধান্ত নিয়েছেন ধন্যবাদ,1
জলবায়ু পরিবর্তন বাংলাদেশের জন্য চ্যালেঞ্জ হয়ে দাঁড়িয়েছে।,0
মেহের আফরোজ শাওন কে গ্রেফতার করা ঠিক হয়নি। বাকস্বাধীনতা কোথায়? নারীস্বাধীনতা কোথায়? পদ্মাসেতু কোথায়? মিষ্টি কোথায়?,1
মায়েরা মরে না। মৃত্যুসম যন্ত্রণা নিয়ে বেঁচে থাকে চিরকাল,0
"উপরে, নিচে, পাশে বার্জার। জীবন রঙিন থাকুক।",0
ব্রেকাপ এর বানান ভুলের কারণে ব্রেকাপ করা উচিত,1
বেলা কি আধোও বেলায় আছে নাকি আবার বেলার মেয়ে এই আনন্দের মিষ্টি খাবে,0
"কামব্যাক যা করার ফেব্রুয়ারি থেইকা করমু, জানুয়ারি তো ট্রায়াল!",1
এতিম ও প্রতিবন্ধীদের জন্য কোটার সংরক্ষণ একটি মানবিক দৃষ্টিভঙ্গির প্রতিফলন।,0
"মেহদী হাসান খান ভাষাকে এইভাবে উন্মুক্ত করেছিলেন বলেই, নতুন প্রজন্মও বাংলা লিখছে সাবলীলভাবে।",0
এটা দেখার পর সেই যে পাতলা পায়খানা শুরু হইছে আর থামতাছে না।,1
এ ধরনের সংবাদ অবশ্যই দেশসহ জনগণের ভাবমূর্তি উজ্জ্বল করে,0
এমন কপাল ওয়ালা জি এফ পাইলে তো জীবন লাল,1
"সকালে কিছু শিখতে বসলে, দেখা যাচ্ছে সেটা শেষ করার আগেই ডেপ্রিকেটেড হয়ে যাচ্ছে",0
"এই সোশ্যাল মিডিয়া কতোটুকু সোশ্যাল, তা এখন এক বিরাট প্রশ্ন।",0
"নেপোটিজম নিয়ে যে অভিযোগ হয়, সেটা অনেক সময় অযথা হয়ে যায়।",0
এখানেই তো ঝামেলা। এখন বই রিসিভ করাটা হবে যুদ্ধ জয়ের সমান,0
"মেয়েদের টাকা, মধু, ফল এসব না ভেবে মানুষ ভাবেন। আর পর্দা পুরুষের ওপরেও ফরজ। পুরুষের চোখের পর্দা নিয়ে তো আপনারা একেবারেই চিন্তিত নন দেখছি ।",0
আমার বেলা উঠেনি তাই চাকরির পেড়াটা ও নেওয়া হয় নি অথচ বয়স ৩৪ তাতেও বিন্দু পরিমান আপসোস নাই আল্লাহ মহান নাম্বার ওয়ান।,0
লোকের কমসং তৈরি করতে পারেন।,1
"ত্রিশ লক্ষ মানুষের শরীরে রক্তের পরিমান ১.৫ কোটি লিটার, যা পদ্মা নদীতে প্রতি সেকেন্ডে প্রবাহিত পানির সমান।",0
এইসকল নাস্তিক ভাইদের কাছে একটা প্রশ্ন ? আপনাদের বিখ্যাত নাস্তিকদের মৃত্যুর পর জানাজা কবর ইসলামিক শরীয়ত মোতাবেক কেন করেন ? যেহেতু তারা ইসলাম মানেন না তাই তাদের উচিত তাদের লাশ মমি কইরা রাখা,0
হ আগে ঢাবির ভিসি ফ্রিতে ই দিতো।আগে কি সুন্দর দিন কাটাইতাম,0
"স্যালুট জানাই মেয়ে তোমাকে, এমন মেয়ে যেনো আমাদের দেশে আরো জন্ম নেয়।",0
"দুদকের' দৃষ্টি আকর্ষণ করছি - তাকে আগে থেকেই ""টার্গেটে"" রাইখেন",1
"প্রকৃতির সৌন্দর্য আমাদের জীবনে প্রশান্তি এনে দেয়, ঠিক যেমন বন্ধুদের উপস্থিতি আমাদের জন্য শক্তি।",0
আমি আপনার চ্যানেলটি দিন কয়েক হল জয়েন করেছি।,0
"এদের দেখতে মানুষের মত লাগে, কিন্তু এরা আসলে আগাগোড়া ধার্মিক।",0
এই যদি হয় আন্তজার্তিক সংবাদ,1
জনৈতিক সিদ্ধান্তে সতর্কতা জরুরি।,0
ছোটবেলায় ডক্টর কুদরত-ই-খুদা একজন বিজ্ঞানী শুনে চোখ বড় করেছিলাম।,0
বাসায় ছিলাম আমি আর আরও কিছু হাউজ ওয়াইফ বোধ হয় বা সেদিন তাদের ছুটি ছিলো।,0
আরে বাবা অনলাইনে হারছে। ম্যাগ্নাসের মাউস ক্লিকে ভুল করে অন্য চাল হয়েছে।হায়রে বাংদেশের সাংবাদিক,0
আর ছাত্রশিবিরের নেতা দাবি করছে ওনারা ভুল বুঝে মুক্তিযুদ্ধ করেছে।,0
বাংলাদেশে আর কয়দিন থাকলে ইন্ডিয়ার কাছে বাংলাদেশ দিয়ে দিত যেভাবে ইন্ডিয়া রা সীমান্ত হত্যা করেছে মানুষের কোন প্রতিবাদ করেনি বুঝতে হবে জিনিসটা আওয়ামী লীগ আগে না দেশ আগে দেশ বাঁচাতে হলে আওয়ামী লীগ রাজনীতি করা যেতে হবে না,0
"যেমন মায়ের স্তনের দুগ্ধ খায় শিশু ছেলে, জোকে মুখ লাগালে তথায় শুধু রক্ত মেলে উত্তমে উত্তম অধমে অধম যার মন যেমন তার কাছে তেমন",0
"দোয়া করবেন, যেনো সবাই একদিন গরীব অসহায় মানুষদের পাশে দাঁড়াতে পারি।",0
আমার আর কিছুই বলার নেই। দিনশেষে আমাদের একদিন মারা যেতেই হবে। সত্যি তার কথাগুলো ছিলো অসাধারণ।,0
মাশাল্লাহ সৃষ্টিকর্তা আমাদের মাঝে কত কিছু না দিয়েছেন,0
"এ-তো জটিলতা আর প্রতিযোগিতার পৃথিবীতে জন্ম নিয়ে স্বভাবতই ছুটতে হয় আমৃত্যু আমি নিজে-ও এ-র পরিপন্থী নই , এ-ই ম্যারাথনের একজন প্রতিযোগি",0
"গল্পের কিছু নতুন মোড় আমাকে কৌতূহলী করেছে, সিকুয়েলটা সত্যিই একেবারে আলাদা।",0
যারা হাহা দিসে যদি দেখার সুযোগ থাকতো সবার ঘরে একটা হলেও জয়কলির বই পাওয়া যেত তারাই আবার হাহা দেই,1
মতামতের স্বাধীনতা জরুরি।,0
আমিও একদিন বউয়ের কথায় উঠবো আর বসবো,1
"পরিবেশ রক্ষায় নিম গাছ সত্যিই অসাধারণ, সবাইকে গাছ লাগানো উচিত",0
অভাব যখন সামনে আসে ভালোবাসা তখন জানালা দিয়ে পালায়,0
আমার মনে হয় এটা পুরো প্ল্যানিং করে করা হয়েছে ব্রাজিল সাপোর্টারদের রাগানোর জন্য বার্সেলোনা এটা পুরো প্ল্যানিং করে করেছে,1
ড্রাইভারদের টিকিট সিস্টেমে অনিহা দূর না করে এভাবে টিকিট সিস্টেম চালু করা জনগণের কাছে এক ভোগান্তির নাম ।,0
"বেলার বিয়ে হইছে,, বেলার বোন ইলা আছে যাক শুভ কামনা আপনার জন্য",1
প্রযুক্তি খাতে বিনিয়োগের অভাব দেশের গবেষণা উন্নয়নে বাধা হয়ে দাঁড়াচ্ছে।,0
"এখনো আসেনি। আমি অর্ডার করতে চেয়েছিলাম, তারা বলেছিল ২৫ সালের দিকে... আনঅফিসিয়ালি আনতে পারবেন অন্য দেশ থেকে",0
"মাস্টারমাইন্ড কি, মানে কি? বুঝলাম না",0
অসাধারন বাক্যশৈলী।আসলে আগে পড়াশোনার চর্চাটা ভিন্নভাবে হত।দেশে শান্তি থাকলে অনেককিছু সম্ভব...,0
চাচি বৃদ্ধ হলেও চাচীর মন কিন্তু এখনো কিশোরের মতই আছে কত সুন্দর বাচ্চাদের সাথে খেলাধুলা করছে খুব সুন্দর লাগলো,0
"কাজগুলো না জানলেও সমস্যা নেই,,,আপনাকে কাজ শিখিয়ে দেওয়া হবে,,,এখানে কাজ করতে হলে আপনার ফোনে অবশ্যই ওয়াটসঅ্যাপ থাকতে হবে",0
পোস্ট ভাইরাল সবাই কপি করতেছে,1
কক্সবাজারে এই প্লাস্টিক দানব প্রদর্শনী আমাদের সামনে একটি প্রশ্ন রেখে যাচ্ছে আমরা কি নিজেদের ভবিষ্যতের জন্য কিছু করতে পারব?,0
"পদ্মা সেতুর যত পিলার আছে, সেগুলো সবগুলো উঠিয়ে নিয়ে, তারপর জাদুঘরে নিয়ে সাজিয়ে রাখতে পারেন।",0
কোথায় লাঠি হাতে সরকারকে ক্ষমতা থেকে উচ্ছেদ করা আর কোথায় বন্দুক হাতে জীবনের ঝুঁকি নিয়ে দেশকে স্বাধীন করার জন্য সংগ্রাম করা! হুহ...,0
"২০০০ হাজার ছাত্র জনতা নিহত ও ৫০০০০ হাজার ছাত্র জনতা আহত বৈষম্য দুর করা জন্য জীবন দিয়েছে, আর সে বৈষম্য তৈরি করলো ধর্ম ব্যবসায়ী উপদেষ্টা এবং ভাইয়া খ্যাত উপদেষ্টা, দুঃখ জনক কোন রাজনৈতিক দলের নেতা কর্মী ও সুশীল সমাজের এবং বৈষম্য বিরুদ্ধী ছাএজনতা এ নিয়ে একটা পোষ্ট ও কমেন্ট করতে দেখলাম না?",0
"ঠেলা গাড়িতে করে উড়ে উড়ে উগান্ডা যাচ্ছিলাম আর ফোন ঘাটছিলাম তখনই হঠাৎ এই পোস্ট টা সামনে আসলো, এবং তা দেখে আমি তো হাসতে হাসতে গড়াগড়ি খাচ্ছিলাম, কিন্তু ঠিক তখনই জানালা দিয়ে ফোনটা পড়ে গেল, আমি আর এদিকে না ভেবে ফোনটা নিতে দিলাম লাফ যাই হয়ে যাক ফোনটা তো ফিরে পেতে হবে, অবশেষে ফোনটা হাতে পেয়ে নিচে পড়তেই দেখি আমি বিছানা থেকে নিচে পড়ে আছি",1
কিন্তু তোমার সাথে বিয়েটা যে হচ্ছে না,0
সত্যি তাই আমিই শুধু ভাবি আমার বেলায় কেউ ভাবে না,0
"যেই দলের ই লোক হোক না কেন, ভাঙচুর ,হানাহানি মারামারি কখনো ভালো কিছু বয়ে আনে না।",0
১৪ই ফেব্রুয়ারি বিশ্ব শবে বরাত আলহামদুলিল্লাহ,0
উত্তরের অংশটিতে অপরাধপ্রবণতা বহুলাংশে কম এবং এর অধিবাসীরা দীর্ঘজীবী হয়।,0
"একজন সংগীতশিল্পী সমাজ সংস্কৃতি অর্থনীতি সোস্যাল মিডিয়া বিভিন্ন বিষয়ে এত স্বচ্ছ ধারণা এবং তো আছেই, বড়ো ভালো লাগলো উভয়কেই। শ্রদ্ধা নেবেন।",0
এর চাইতে নির্লজ্জ বেহায়া দুনিয়ার কোথাও আর দ্বিতীয়টি পাবেন না।,0
"কথা হচ্ছে 11 টিই কেনো বাড়লো? এটা সুনির্দিষ্ট সংকেত, বাঘ সমাজ আজ লজ্জিত আমাদের ক্রিকেট দলের খেলা দেখে।",1
কেউ ওর বউকে ছবিটা দিস না। যদি ওই বাসায় গিয়ে না থাকে। তাইলে সংসারটা যাবে,1
রাজাকারের বাচ্চা রা কই যাবি দেশের বাইরে যেতে দিব না সব হিসাব বাকি আছে,0
"তলে তলে টেম্পু চালা আর আমরা কইলে ক হরতাল ,এ কেমন ক্যাপশন রে ভাই",1
৫ আগস্ট থেকে যদি শিক্ষা না নেয় সব রাজনৈতিক দল ভবিষ্যতে এমন দৌড়ানি খাইবো তখন আর পালানোর পথ খুইজা পাইব না,0
তোর লাই ইল্লে কনসার্ট ঠিক আছে,1
সত্য মিথ্যা কীভাবে বুঝবো?,0
"বেলার মেয়ে রে আমি বিয়ে করতে চাই , আমি বিদ্দেশেে থাকি",1
"আমার মাঝে এক সময় ছিল মেন্টাল অস্থিরতা, একাকিত্ব, হতাশা ও চাপ। কখনো ভাবতাম, সুস্থ জীবন ফিরে পাব কিনা। কিন্তু আল্লাহর উপর ভরসা রেখেছিলাম। এত দ্রুত তিনি আমাকে সুস্থ করবেন, তা কল্পনাও করিনি।",0
দূরু বেডা আমি কে তোমার জিজ্ঞেস করতিছি যে?,1
আপনি দেখতে নিগ্রো হইলে বিশ্বাস করতাম,1
"জুনিয়রগুলা ভালই নাচে, LA নিয়ে যা",0
মা-সন্তানের সম্পর্ক পৃথিবীর সবচেয়ে শক্তিশালী বন্ধন।,0
আহা ভাই আপনার লেখার প্রেমে পড়ে যায় মাঝে মাঝে,0
রাতের বেলা লাইট অফ করে ফোন ইউজ করতে গেলে মশারির মধ্যেও এরা কিভাবে চলে আসে?? ফোনের স্ক্রিন জুড়ে অযথা ঘোরাঘুরি এবং শেষে স্ক্রিনের উপর শহীদ,0
"ফ্রি উইল, কথাটা খুব ছোট হলেও এর সমষ্টিক ব্যাপক! স্বাধীন ইচ্ছা মানেই যা কিছু করা নয়। স্বাধীন ইচ্ছা হলো যে মানুষের নিজের পছন্দ করার এবং নিজের ভাগ্য নির্ধারণ করার ক্ষমতা রয়েছে। একজন ব্যক্তির ইচ্ছা কি স্বাধীন, নাকি মানুষের জীবন আসলে তাদের নিয়ন্ত্রণের বাইরের ক্ষমতা দ্বারা গঠিত? স্বাধীন ইচ্ছার প্রশ্নটি দীর্ঘকাল ধরে দার্শনিক এবং ধর্মীয় চিন্তাবিদদের চ্যালেঞ্জ করেছে এবং বিজ্ঞানীরা মানসিক এবং স্নায়ুবিজ্ঞানের দৃষ্টিকোণ থেকেও সমস্যাটিকে পরীক্ষা করেছেন। কাজেই ছোট্ট পরিসরে এর ব্যাখ্যা দেওয়া সম্ভব নয়।",0
সুন্দর পৃথিবীতে ভালোবাসা ছড়ানো আমাদের অবশ্য কর্তব্য।,0
আরো কিনেন এসব ফাও কোম্পানি এর ফোন,0
আল্লাহ মাফ করো সবাইকে হেদায়ত দান করেন,0
ছবিটা এবং শাড়িতে আপনি ভীষণ সুন্দর।,0
উনার গল্পটা শুনে নতুন করে নিজের জীবন নিয়ে ভাবতে শিখলাম। প্রতিকূলতার মাঝেও সংকল্প ধরে রাখা আসলেই একটা বড় গুণ।,0
"চলচ্চিত্রের মধ্যে এমন মানুষ এত দিন লুকিয়ে ছিলো, বাচ্চার বয়স ও অনেক তবুও প্রকাশ করেনি, সম্পদের জন্য পারিবারিক এমন ঝামেলা",0
৪র্থ ইবিআর ছিল ব্রাহ্মণবাড়িয়া ও শমসেরনগর এর মাঝামাঝি এলাকায়।,0
ওর বাপ শেখ মুজিবর এই ধরনের কথা বলেছিল আফসোস সেও জয় বাংলা হয়ে গেছে,1
"আমি প্রথম্বার টার্মিনেটার মুভি দেইক্যা কুচ্ছুই বুঝিনাই,পরে বুঝছি পৃথিবী হিউম্যানয়েড রোবট বানাইয়া দুনিয়ারে কত বড় ঝুকিত ফালাইতাছে।",0
হিংসে করে কেউ কখনো বড় হতে পারে না ফেসবুক প্ল্যাটফর্মে এগিয়ে যেতে হলে একে অপরকে ভালোবাসা দিয়ে এগিয়ে যেতে হবে তাই সবাই সবাইকে ভালোবাসবো,0
কারণ মেয়েদেরকে অনলাইনে অর্ডার করলেই ডেলিভারি দিয়ে যায়,1
সালার জন্ম থিক না,0
ডাক্তার ও নার্সদের কাজের প্রশংসা করতে এবং তাদের প্রতি শ্রদ্ধাশীল হতে রোগীর পরিবারকে উৎসাহিত করা প্রয়োজন।,0
অবিরাম ভালোবাসা রইল নতুনরা কোথায় সাড়া দাও,0
যে সাংবাদিক এই নিউজটা করেছে সে মনে হয় টয়লেটে যায় হেলিকপ্টারে করে,1
এই বইটি পড়ার মাধ্যমে আপনি বুঝতে পারবেন আপনার কোন দিকটি বর্জন করা উচিত এবং কোন দিকটি গ্রহণ করা উচিত।,0
"খুব শান্তশিষ্টা একটি পোকা এর কাজ শুধু নাকে, মুখে, চোখে ঢোকা",1
সেদিন সানডে ছিলো তাই বোধ হয় আশেপাশে মানুষের একটু হলেও মুখ দেখা গিয়েছিলো।,0
শহর এলাকায় বেশি জায়গা না থাকলেও ছাদে নিম গাছ লাগানো যেতে পারে,0
"এদিন সাহস করে উষসীর পেছন পেছন হেঁটে গিয়ে জিজ্ঞাসা করি, তোমার নাম কী?",0
পাসে থাকলে কি ঘুম আসবে?,1
জামাই আগুন লাইগা হারছে,1
আসেন আমরা একজন আরেকজনকে হিংসা না করে ভালবাসার হাত বাড়িয়ে দিয়ে সামনের দিকে এগিয়ে যায় আমাকে ভালোবাসা দিয়ে পাশে রাখবেন ইনশাল্লাহ সব সময় ভালোবাসা পাবেন,0
"আম জনতা এত কিছু বুঝি না, খালি ঘোলা ঘোলা 480p তে ব্রডকাস্টিং বাদ দিক",0
"কিরে, সংকর জাতির বাচ্চা কই কি!? রক্তে ভেজাল থেকে তুমি আমার আদিবাসী মারাও!? আরেহ মিয়া নিজের জন্ম, জাতির নাই ঠিক, উৎপত্তিস্থল কোথায় এটাও ঠিক মত জানো না, আবার তুমি আদিবাসী হইতে চাও! বাহ! আরেহ মিয়া কপি পেষ্ট না করে পড়াশোনা কর। কামে দিবে।",0
উল্টো দিকে কথা বলি।কোন কাজ না করার পর করলে বেশি রাগ উঠলে আর বেশি করে করতে বলি।,0
এটা অস্বীকারের উপায় নেই যে নেটপ্রযুক্তির এই যুগে বিচিত্র সব শব্দ ও মিমের মধ্য দিয়ে যে যোগাযোগের এক ভিন্নমাত্রা আবিষ্কৃত হয়েছে।,0
আমার দামাদামি করতে মায়া লাগে,1
ঘটনা কতোটুকু সত্যি...,0
জানিনা পারবো কিনা ।মহান রাব্বুল আলামিন ভালো জানেন ।স্বাদের সাথে সাধে্য কূলাবে কিনা ?,1
এইসবের পিছনে উগ্র মুসলিম রা জারিত,0
বালের তামাশা শুরু করছস,0
যে মেয়েদের লজ্জা আছে ভালো বাবা মায়ের সন্তান তারা কখনো এখানে উল্টা পাল্টা কমেন্ট করবে না,0
বড় ভাই আমার অবস্থা একদম সেম। আমি এখনো কিছু বুঝি নাই,1
একটা কমেন্ট করবো এখানে। এই কমেন্ট এ ৫০ রিএক্ট না আসলে আমি পোস্টই দিবো না। আগেই টেস্ট করে নেই,1
সব দেখা শেষ।,0
মানবতার দেয়াল থেকে তুলে এনে প্যান্ট পরে। ভাই আমার চেয়েও গরীব,1
পদ্মা সেতু বঙ্গবন্ধু টানেল কবে ভাঙবে ভাই,1
"লাইফে যে কয়টা প্রেম করছিলাম, একটারেও ১৪ ফেব্রুয়ারি পর্যন্ত নিতে পারিনি!",1
জবাবে আশ্চর্য তো! বলে ধীরপায়ে হাঁটতে থাকে।,0
"টিকেই আছে এখন,সৌদি আরবের নিরবতার জন্যই মধ্যপ্রাচ্যের পরিস্থিতি এমন",0
বিসমিল্লাহ বলি উডি যান বাইয়া,1
বাংলাদেশে এই পরিবর্তনগুলোর কোনটাই সম্ভব নয়। আমার কমেন্টটি স্ক্রিনশট দিয়ে রাখার অনুরোধ রইলো।বাংলাদেশের সর্বপ্রথম প্রয়োজন রাজনৈতিক সংস্কার এ ব্যতীত কোন সংস্কার কোন ভাবেই সম্ভব নয়।,0
রুচির অভাব। ইউনিফর্মের আত্নার মাগফিরাত কামনা করি।,1
অসাধারণ লিখেছেন! নিজেকে চেজ করা আর ইগনোর করাটাই লাইফের বাস্তব সমাধান,0
"অনেক সময় নিজের পেইজে সাপোর্ট পাওয়া যায় না, অথচ অন্যদের কাজে সাপোর্ট দেওয়া উচিত।",0
খুব আধুনিক ডিজিটাল। ২ বার লাইন দিয়ে বাঙালি বাসে উঠবে? হাহারগে,0
আমার কোনো গল্প নাই৷ এই মুহূর্তে আমি প্রেম করছিনা।,0
আয় পিক দে,1
মায়ের কাছ থেকে সন্তানের জীবনের সব শিক্ষা আসে।,0
ডাক্তারদের সেবা মানবতার সেরা উদাহরণ,0
ফেসবুক পোষ্ট লাইন নিতে চাইলে ইনবক্স,1
নিউমার্কেটের রাস্তার ধারে জোকের তেল পাওয়া যায়। আঘাত প্রাপ্ত স্থানে মালিশ করলে ব্যথা প্রশমিত হবে।,1
দেশের বৈদেশিক ঋণ দেশের আর্থিক সচ্ছলতা বৃদ্ধি করতে বাধা হতে পারে।,0
নিম্ন শ্রেণীর পশু-পাখি মানুষের কথা বোঝে দেশের মানুষ কী বলছি দুই নেত্রী বুঝতে পারছেন না,0
"কোটা ব্যবস্থা যদি কারো প্রতি পক্ষপাতিত্বের সৃষ্টি করে, তা সমাজের জন্য ক্ষতিকর",0
তুই একটা ছাগল,0
"নাফিসের কঠিন সময়ে তার বন্ধুরা তাকে ছেড়ে চলে গেলেও, সে কখনো নিজের চেষ্টা থামায়নি।",0
mone pore aiy dance loge hasam sir deca amr paca Lal koira,1
সকলের জন্য শুভকামনা। দুবাই থেকে প্রবেশা,1
"প্লিজ সবাই যার যার অবস্থান থেকে এগিয়ে আসুন, পানিবন্দী মানুষের পাশে দাঁড়ান, সহযোগিতার হাত বাড়িয়ে দিন।",1
"রোগীর মা'র অভিযোগের পেছনে আবেগের ভূমিকা থাকে, তবে তা মিথ্যা বলার কারণ হতে পারে না।",0
মদ-গাঁজা খেয়ে এই পোস্ট করেছেন না কী?ইউরোপ আমেরিকার হাতে যত মানুষের রক্ত লেগে আছে তার হিসেব কই যাবে? সম্প্রতি দাবানলে তারা যে নিজেদের এলাকায় লুটপাট করছে তার কী হবে?,0
আমাদের জন্য কোনো ফেব্রুয়ারি মাসই নাই...,1
জনগণের টাকা সরকারের উন্নয়ন,0
পাগল নাকি কোনো কাজ নাই,0
প্রতিটি সন্তানের উচিত তার মাকে এইভাবে সম্মান জানানো।,0
"ভাই আপনি ঠিক বলছেন,,,,,আমি ও নিজেকে মাটি দিয়ে ছি,,১৭ বছরে আর্মিতে জয়েন করে,,নিজের সপ্ন গুলো কে মাটি চাপা দিয়ে বুকে কষ্ট লুকিয়ে ধির গতিতে এগিয়ে যেতে হচ্ছে ,,",0
লেকচার রুটিন অনুযায়ী হয়েছে।,0
একটা কনটেন্ট পেলেই ওটা নিয়ে মাতামাতি করা যাবে না ওইটা চিন্তা করতে হবে সমস্যার সূত্রপাত কোথায় এটা খুঁজে বের করতে হবে এই সমস্যাগুলোর সূত্রপাত তিনটা জায়গা থেকে বেকারত্বের হার ফ্রি মিক্সিং অতিরিক্ত মোহরানা এই তিনটা জায়গা ঠিক করতে পারলেই সব ঠিক হয়ে যাবে,0
আপনার বসার ঘরের সোভা বাড়াতে এবার আমাদের আয়োজনে রয়েছে অসাধারন ডিজাইনের চাইনিজ ফুলদানি!!,0
"আমি কিশোরগঞ্জের মেয়ে,, আমিও নিজেকে কল্পনায় বীর ভাবি। কিন্তু আমি এত সুন্দর ভাবে গুছিয়ে কখনও কথা বলতে পারি না , ওনার কথাগুলো এত সুন্দর যা কল্পনা থেকেও বেশি কিছু",0
"৭তম নারীর বিবাহিত মালিক হলেন বডি সোহেল,অবশ্য বউ টাও আরেক বডি, দেখা যাক দুই বডির ঘর্ষনের ফলে আগামীতে কেমন বর্ষন বের হয়",1
পাটজাত ব্যাগ পরিবেশবান্ধব হওয়ায় এটি প্লাস্টিকের বিকল্প হিসেবে কার্যকর হতে পারে।,0
যার কর্মফল সে যদি চোখে না দেখে তাহলে আফসোস করতে পারবে না এটা দেখার বাকি ছিল যেমন কর্ম তেমন ফল তার কর্মফল যদি দেইখো ও আফসোস অনুতপ্ত না হয় সে তো মানুষ নয় অন্যায়কারী অন্যায় করেও স্বীকার না করাটাই বড় অপরাধ,0
রিপোর্টের অরিজিনাল কপি দেন দেখি। কোন রিপোর্টে কে বলেছে সেটা দেখতে চাই।,0
"সাংবাদিক ভাইয়া,খাইয়া কি কোন কাজ কাম নাই! বা র নিউজ পোস্ট দেন।",0
"আর কথা বলিস না বাপু লাস্টে তুইও কাদের কাকু হবি,,",1
"আশা করি ভালো হয়ে যাবেন। জোর করে হাসিয়ে মানুষকে বিপদে ফেলবেন না। কারণ রাতে হাসতে গিয়ে খাট নড়ে, আর পাশের রুমের লোক মাইন্ড করে। ধন্যবাদ",1
কুইজ বলতে হবে বাড়ার চোখ কত ডিগ্রি কোণ এ আছে?,1
"এই যে ব্যাংক গুলো যারা নষ্ট করলো, এদের পরিচালনা পরিষদে যারা ছিলো, যারা এই ব্যাংক গুলোর মালিক, যাদের এখনো হাজার হাজার কোটি টাকা আছে, যারা লোন নিয়ে ব্যাংক শুন্য বানালো, বিদেশে পাচার করলো, তাদের কি কিছু করা যায় না! অন্তত এই শু য়ো র গু লো ধরে ধরে কি রাস্তায় ল্যাংটা করে রাখা যায় না!",0
এই চো র বাটপা র কে তাড়াতাড়ি সঠিক বিচরের আওতায় আনা হোক। এরা যতই দেশপ্রেম দেখাক সবারই তলে তলে অর্থ পাচারেরই উদ্দেশ্য থাকে।,0
মনটা শান্তিতে ভরে গেল। অন্যের সংসার ভেঙ্গে নিজেও আজ বিধবা!! তবে অস্থায়ী বিধবা -,0
মনটা বিক্ষিপ্ত ছিলো। এখন মনটা শান্ত। আলহামদুলিল্লাহ।,0
ভিডিও এডিটিং অসাধারণ,0
যত গতি ততো ক্ষতি,0
স্বাভাবিকভাবে এই ঘটনায় ফের সৃষ্টি হয়েছে চেরনোবিল আতঙ্ক।,0
"ওখানে ক্যাপ্টেন থাকবে বুবলি আম্পেয়ার, থাকবে অপু বিশ্বাস",1
"আমার তো সন্দেহ হচ্ছে, এরা কি আদৌ পড়াশোনা করে এতদূর এসেছে?",0
মানুষ গুলো অমানুষ হয়ে গেছে,1
নাটক দেখার দরকার নাই বলে দিলাম নাটকের শেষে দেখেন বেস্টফ্রেন্ডের সাথে বিয়া হইছে,1
জীবন সত্যিই বড় অদ্ভুত... অদ্ভুত জীবনের কষ্টগুলোও খুব অদ্ভুত... ভদ্র আর সরল হওয়াটা যেনো এ জগতের এক মহাপাপ সবশেষে...খুব ভালো লেগেছে,0
"ধর্ম গ্রন্থের রেফারেন্স টানার আগে ঘটনার প্রেক্ষাপট জেনে নেবেন, ধর্মের বাণীকে পেনাল কোড হিসেবে ব্যাবহার করবেন না।",1
এটা যারা বুঝেন না তাদের সাথে পারা প্রায় অসম্ভব এই পরিস্থিতির শিকার আমি।,0
দারুন সত্যি কথা নিজের সফলতার জন্য নিজেকে কঠোর পরিশ্রমের জায়গা তো নিয়ে যেতেই হবে নাহলে কখনো সফলতা পাওয়া যাবে না,0
যে কোন মূল্যে এনাকে বাংলাদেশে রাখা হউক,0
শান্তসহ পাণ্ডব আর একটা বাড়ানো সময়ের দাবি,1
ভাগ্যিস মৌমাছি হইনি নইলে ঠিক মত মিলন ও করতে পারবো না,1
"যদি এই বুদ্ধি মাথায় থাকে তাহলে তো তারা মানুষ মারা শুরু করবে,,,আর আমাদের দিয়েই কাজ করাবে,,,",0
একটুকু জায়গায় বেশি গাছ লাগালে গাছগুলো প্রয়োজনীয় পুষ্টি পায় না।,0
কেডি পাঠক ছারা সাকিব কে কোন উকিল বাঁচাতে পারবে?,1
"দোয়া মানুষের হৃদয়কে পরিশুদ্ধ করে, কারণ এটি আমাদের মধ্যে আত্মবিশ্বাস এবং বিশ্বাস সৃষ্টি করে। দোয়া করার মাধ্যমে আমরা নিজের আত্মা এবং জীবনকে সঠিক পথে পরিচালিত করতে পারি।",0
মানুষের উপর ভরসা না রেখে আল্লাহর উপর ভরসা রাখেন,0
দেবদাস চক্রবর্তী কে ভাই !??,1
কাল সন্ধ্যা পত্রিকায় রিপোর্টের পর একটি কোম্পানি নীড় কে এই প্রতিযোগিতায় অংশগ্রহণের জন্য স্পন্সর করতে রাজি হয়েছে।,0
"অনেক অনেক ধন্যবাদ এমন উদ্ভাবনীর জন্য,পাশাপাশি নদিতে বর্জ ফালানো রোধে করা করি আরোপ করতে হবে,না হলে এই ছেলে মেয়েরা একদিক দিয়ে পরিস্কার করবে আর আমরা শুধু প্লাস্টিক ফেলেই যাবো।",0
"এত দিনে বুঝলাম, মাথার চুল না কাটলেই কবি হওয়া যায়",1
সাকিব ভাই এর দ্বায়িত্ব ও নিজের কাধে তুলে নিল।,1
আমিতো আজকাল মৃত্যু ছাড়া সামনে আর কিছুই দেখতে পাচ্ছিনা,0
হায়রে মানুষ কি সব নিউজ করে ভাইরাল হওয়ার জন্য,1
শিশুর ফুসফুসে পানি চলে যাওয়ার ঘটনা এড়াতে পরিবারকে চিকিৎসকের নির্দেশ মেনে চলা বাধ্যতামূলক করা উচিত।,0
"আ্য এটা কি কয়,বাক -স্বাধীনতা আরো গেছে আপনাদের ভাষা ফ্যাসিস্ট,আরো বড় ফ্যাসিস্ট পাল্লায় পড়ছে।এখন মাঠে ঘাটে রাস্তা ফ্যাসিস্ট অভাব নাই।",1
এই বয়সে স্বামী সন্তান না থাকলে যা হয় এখনো সময় আছে বিয়ে করে ফেলো সংসার করো পারলে আমার সঙ্গে যোগাযোগ করিও আমি আছি সত্য কথা মিথ্যা বলছি না তুমি শুধু রাজি থেকো,0
একেই বুঝি লোকে বলে হাসি তো ফাঁসি ।,0
মুখ্যমন্ত্রী থেকে শুরু করে প্রতিটি চরিত্রের মধ্যে একটা অদৃশ্য লুকনো সংকট ছিল।,0
"৬০ টাকা হলে তো তাও পান ভাই, শশুর বাড়ি গেলে সারাদিন খেটেও ১ টুকরো পাবেন না",1
আপনার কাজগুলো অসাধারণ এবং দারুণ অনুপ্রেরণা কিন্তু সাক্ষাৎকারটা প্রথম আলোতে দিলেন!,0
অন্য কেউ যা করতে ১০০ বছর লাগবে। ডঃ ইউনুস ২ বছরে করে দেখাবে ইনশাআল্লাহ।কারণ সারা বিশ্বে এরকম মাইন্ডের লোক হাতে গোনা কয় জন আর ভাগ্যক্রমে আমরা পেয়েছি এই সময় একজন।,0
আমেরিকা ইন্ডিয়া তে রোহিঙ্গা জনগোষ্ঠী হিসাবে ইজরায়েল কে জায়গা দেওয়ার দাবি জানাচ্ছি,0
"নিচে যাবার প্রয়োজন নেই আমি এখনই চক্কর লাগিয়ে আসলাম, তেমন কোন খাস কমেন্ট নেই, কেউ সেই রকম খাস কিছু বলেনি",1
সমস্যা কি কাগজপত্র না থাকলে তো বের করেই দিতে পারে। তোমরা তো বাংলাদেশীদের ভিসা দিচ্ছ না। ভিজা ছাড়া কি তোমরা অন্য দেশের মানুষকে থাকতে দিবা। তোমরা কি অবৈধ মানুষদের আলাও করবা।,0
জেল থেকে মুক্তি পেয়েই ৭ বোনের জন্য উপহারসামগ্রী কিনতে বাজারে গেলেন তাদের একমাত্র ভাই!!,1
আমি পাগল দেখিনি কিন্তু আপনাকে দেখেছি,1
লাইক দেওয়ার মতো পোস্ট।,0
পঞ্চগড় সদর হাসপাতালের চিত্র ঠিক এরকম। আর এখানের বেশিরভাগ রোগীকেই রংপুরে রেফার করা হয়। চিকিৎসার ক্ষেত্রে উত্তরবঙ্গে সবচেয়ে অবহেলিত শহর পঞ্চগড় শুধু চিকিৎসা না আরও অনেক ক্ষেত্রেই ।,0
"ছোটবেলায় এটারে ডেঙ্গু মশা বলতাম! এখন বড় হয়ে গেছি, তাই কিছু বলিনা",1
"যাহা রটে, তা কিছু না কিছু বটে,,",0
গত ১৫ বছর সেনাবাহিনীকে দূর্বল করা হয়েছে শুধু ভারতের স্বার্থে,0
মানুষ যতোটুকু ক্রুয়েলিটি সো করে পাগল কুকুরও ততটা নয়।,0
আমার কোলে কে উঠবে তাই বলো,1
এসব বিলাসিতা আমাদের পছন্দ না,1
আচ্ছা যদি কেউ নিজের কনভেনশন মিস করে এবং সার্টিফিকেট নিয়ে নেয় তাহলে কি আর কখন কনভেনশন করতে পারে?,0
"গরিবদের মৃত্যুর পর ও ছাড় নাই,আর হাজার হাজার কোটি টাকার ঋণখেলাপি ধনীদের জামাই আদরের শেষ নাই।",0
"""তালেবান"" এরা সত্যিকার অর্থে আল্লাহ তাআলা ব্যতীত কাউকে ভয় পায় না।",0
কতটা পৈচাশিকতা,0
দোষী ব্যক্তিদের চিহ্নিত করে আইনের আওতায় আনতে হবে।,0
থাকলে তো আসবে আমারটা মনে হয় জম্ম নেওয়া ভুলে গেছে,1
"এপ্রোনের ভাজ আছেই, এপ্রোন গিফ্ট করলেন নাকি?",0
বিয়ে করা ঠিক হয়নি । হোটেলে মেয়ে মানুষ নিয়ে গেলে দিনদার আলেম হইতেন বোধয়,1
মামা আপনার পোস্ট ভালো আছে হা হাদিলাম,1
প্রযুক্তি খাতের উন্নয়নে গবেষণাধর্মী কাজ অত্যন্ত গুরুত্বপূর্ণ।,0
ছবিটা হাইড না করলে একটু ভালো মন্দ দেখতাম আর কি। আমাগো পাউপ্পা আমরা দেখতেহারিনা কপাল সবই কপাল।,1
আগে কত ভালো ছিলাম! দেশ্টা ধ্বংস হয়ে যাচ্ছে! এই প্রথম দেশে মানুষের লাশ পড়লো! এর আগে আল্গামোমেনের বেহেশ্তে থাক্তাম,0
আপার রেসিপি মিস করছি,1
আমার পক্ষ থেকে ২ টাকা করে,1
এই ভরা শীতের মরশুমে শাক খেতে চেয়ে বেচারা কি এমন ভুল করেছে,1
খন বিপিএল খেলার জন্য সাব্বির কে অন্য দেশ থেকে কিনে আনতে হবে,1
"চাপ না নিয়ে চোখ বন্ধ করে একজনের গাড়িতে উঠে পড়েন ভাই। জীবন তো একটাই, টাকা লাগবে টাকা",1
"নতুন বলতে, মূলধারার লেখকদের মধ্যে এ সময় আনিসুল হকের প্রতি দৃষ্টি আকর্ষিত হয় পাঠকের, একুশে টেলিভিশনে প্রচারিত তাঁর বিভিন্ন নাটক এ ক্ষেত্রে ভালো ভূমিকা রাখে।",0
ভালোবাসা দিয়ে তো ছোট করতে চাচ্ছি না আপনি নাকি ভাই দোয়া রইল ভাই আপনি ইলিয়াস ভাই মাহমুদুর রহমান আপনারা অরজিনাল দেশপ্রেমিক আমরা মুখে বলি দেশপ্রেমী মুখে না কাজের বেলায় না,0
"আপনার মতন লোকের থেকে এটা আশা করি নায়,, দেখতেই তো বুঝা যায় এডিটিং করা,, পরের গায়ে থুথু মারলে নেজের গায়ে পরে",0
"তখন ইন্টারনেট ছিল না,তাই উগ্র হুজুরগুলো এসব জানতে পারতো কম।",0
প্রথম দেখাতে আমি প্রেমে পড়েছি তোমার দুচোখে আন্ধার দেখি ঘুম আসে না। আমার রাতের বেলা শুয়ে শুয়ে শুধু ভাবি তোমায় কিভাবে পাব আমি। অহনা একটু কথা কহোনা অহনা পেছন ফিরে চাহোনা অহনা কেন ভালোবাসো না।,1
"আপনি হইতে চাইতেছেন সফটওয়্যার ইঞ্জিনিয়ার কিন্তু পড়তেছেন ওয়েব ডেভেলপমেন্টের । ইউটিউব ChatGPT দেখেন, ভালো ধারনা পাবেন ইনশাআল্লাহ",0
মেয়েটার ভয়েজ সুন্দর আছে,1
শীতের তীব্র সোদনে আমরা দাড়াতে পারছিনা,1
এগুলো নিয়ে হাসার কোন কারণ নেই। কারণ তারাই প্রকৃতপক্ষে একজন আদর্শ স্বামী,0
কে রচনা করলো এই গানটার,1
ডক্টর ইউনুস দেশ চালাতে পারছেনা এটা বাংলাদেশের বিষয় মালাউনদের কেন এত জলে,0
আসমান জমিন ও এদের মধ্যবর্তী যা কিছু আছে তার সমূদয় বাদশাহী তো আল্লাহর জন্যই এবং তিনিই সবকিছুর উপর ক্ষমতাবান সূরা- মা-য়িদা- আয়াত১২০,0
ওবায়দুল কাদের ছাত্রজীবনে এরকম অনেক আন্দোলনের নেতৃত্ব দিয়েছে।,1
"আহহ বাংলাদেশ! দেশ ধ্বংসের শির্ষস্থানে আছে। বাংলাদেশ একটা গনতান্ত্রিক দেশ এই দেশ নির্বাচন ছাড়া ক্ষমতা পরিহার্য নয়। দ্রুত নির্বাচন এবং সরকার প্রোয়োজন। নাহয় ঘুম,খুন বেড়েই চলেছে সঠীক বিচার পাচ্ছে না কোনো ক্ষেত্রেই!",0
সন্তানের উপার্জন মায়ের জীবনে শান্তি আনে।,0
"আমি কুষ্টিয়া থেকে বলছি,, ওই টুটমারানি আমাদের কুষ্টিয়া জেলার ১নং সবুজ পাতা নিয়েগিয়ে খায় । আমি সাক্ষী",1
যখন থেকে বুঝেছি তখন থেকে সেই সব জায়গা থেকে নিজেকে সরিয়ে এনেছি। গুরুত্বহীন ভাবে কারো কাছে থাকতে নেই। সে যত কাছের মানুষই হোক না কেনো।,0
রসটা নুনতা ছিলো নাকি মিষ্টি ছিলো তাহলেই ক্লিয়ার হয়ে যেতাম মাইন্ড ইট,1
এরা বাংলাদেশের সুশীল সমাজ।,0
"তরুণ পাঠকদের একটা বড় অংশ আজকাল ইংরেজিমাধ্যম পড়ুয়া, ফলে নীলক্ষেতে তুমুল জনপ্রিয় হয়ে উঠেছে ইংরেজি ইয়ং-অ্যাডাল্ট ঘরানার বইগুলো।",0
"সময়ের সঙ্গে মানুষের দৃষ্টিভঙ্গি বদলায়, তবে কিছু বিশ্বাস গভীরভাবে প্রোথিত থাকে",0
তারে আজ দেখলাম হাতিরঝিল দাঁড়িয়ে ফোনে কথা বলতেছে। মনটা চাইছিলো গাড়ী থেকে নেমে বলতে - 'আপনাদের নির্বাচন করা প্লেয়াররা তো ভালোই ছিঁড়তেছে'।,1
স্বদেশী বাঙ্গু বামদের সাথে পাঠচক্র ও মশাল মিছিল এ যোগ দিতে শীগ্রই দেশে আসছেন কমরেড সুবর্ণ।,1
নিজকে সাধারণ একজন মানুষ হিসেবে উপস্থাপন করে অসাধারণ বনে গেলেন।,0
আল্লাহ লজ্জাবোধ করেন নিশ্চয় তোমাদের রব চিরঞ্জীব ও মহান দাতা বান্দাহ দু ' হাত তুলে তাঁর নিকট চাইলে তিনি খালি হাত ফেরত দিতে লজ্জাবোধ করেন সুবহানাল্লাহ,0
আর যাইহোক নাচের স্কিল টা কিন্তু অনেক জুস ছিল।,0
"আল্লাহ আমাদেরকে সঠিক পথে চলার তাওফিক দিন, যাতে আমরা নিজেদের এবং অন্যদের জন্য কল্যাণকর হতে পারি।",0
শুধুমাত্র কোচের সাথে বিরোধদের জন্য এদের সব অবদান পুরো জাতি হিসেবে আমরা ভুলে গেলাম?,0
বউ এর অভাব vlog জীবন থেকে পিছিয়ে পরলাম...,1
"কান্নাকাটির কর্মসূচি কেন , সেক্স এর কর্মসূচি দে ? সালা জারযের দল",0
আমিও সেটাই বলি ১৪ ফেব্রুয়ারী মাস থেকে বাদ দেওয়া হোক,1
"এই সিদ্ধান্ত সংশোধন করা এবং যথাযথ বিচার নিশ্চিত করা এখন সময়ের দাবি। কারণ, রাষ্ট্রের দেওয়া প্রতিশ্রুতি রক্ষা করা রাষ্ট্রেরই দায়িত্ব।",0
সবুজ বাটন চাপার মানসিকতা গড়ে তুলতে হলে কি করা উচিত?,0
লাইফে সফল হতে গেলে ইগনোর করার দক্ষতা অর্জন করতেই হবে,0
দেশ প্রেমিকের বড় অভাব এই দারিদ্র জনগোষ্ঠীর।,0
সামনাসামনি বললে সেটা গিবত হয় না। গিবত পিছনে বলার জিনিস। এমনই তো? হুজুরেরা বলে।,0
"আমি ওয়াদা করলাম আজ থেকে কোন মিথ্যা কথা বলবো না, আমিন। আল্লাহ যেন আমাকে হেদায়েত দান করে",0
মহিলা চালাক আছে। এম্নে এম্নে মাঠে ছেড়ে দিবে? সিগনেচার করেই তবে ছাড়ছে।,1
"শিক্ষাখাত প্রকৃত শিক্ষিত ও আদর্শবান মানুষের হাতে নেই, নীতি-কৌশলের ক্ষমতাও নেই বলেই সবখানে এমন সিদ্ধান্ত নেওয়ার ভাবনা আসে",0
তারা তারি বলতে বলেন?,0
"দুনিয়া উল্টো গেলেও কমাবে না নাম্বার।বোর্ড চ্যালেন্জ এ নাম্বার শুধু বাড়ে,,,,,নাম্বার কমে গেলেও কমানোর সুযোগ নাই।",0
নিজের জন্য সুখকর জিনিসগুলো বেছে নিন।,0
দাদি শাশুড়ি তো দেখি নাই তাহলে শাশুড়ির গল্প শুনতে পারতাম,1
শিবির বাংলাদেশের সবচেয়ে মেধাবী এবং সুশৃঙ্খল সংগঠন। ছাত্র সমাজের কাছে অনুরোধ রাখবো আপনারা শিবিরের সাথে মিশুন এবং তাদের সংগঠনের সাথে যুক্ত হোন।,0
সকালে খালি পেটে আমি রেগুলার পানি খাই এবং বিছানায় শুয়ে আর চেয়ারে বসে ও দাঁড়িয়ে কিছু ব্যায়াম করি সারাদিনের রুটিনের কাজ শেষ করে কাজে যোগদান করি।,0
যারা মানবতার ফেরিওয়ালা যাদের পেছনে কেমেরা থাকে তারা এমন নিযাতন করি হয়ে থাকে তাদের সঠিক বিচারের আওতায় আনা হোক,0
এই বেটা বউরে এমন মানসিক কষ্ট দিছে যার কারণে তা কঠিন অসুখ হয়েছে বুঝাই ফেলছে যে মরে যাবে।হায় রে ব্যাটা মানুষ। সবাই আবার এক না।,0
"আলহামদুলিল্লাহ,,প্রশঙ্গো যখন মানসিক শান্তির,,, তখন সূরা আর রাহমান সবার সেরা,,",0
"সন্তান গর্ভে থাকা অবস্থায় পাঁচওয়াক্ত নামাজ আদায় করে ও বেশি করে পবিত্র কুরআন তেলোয়াত করে আল্লাহর দরবারে নেক, সুস্থ ও মেধাবি সন্তান কামনায় প্রার্থনা করা প্রত্যেক মায়ের উচিত।",0
"মিষ্টির প্যাকেটের গায়ে তো লেখা আছে ""মমিন সুইট""",1
আরে নাহ যারা সারাদিন ঘরে শুয়ে থাকে কাজ কাম করে নাহ তারাই সারাদিন পোস্ট করে আর কমেন্ট করে।,1
আজ আছে৷ কাল থাকবেনা।,0
"বেলা শুনবে কেমনে,ফোন তো ক্লাস টেনে পড়ুয়া তার মেয়ে ধরেছে",0
এবার হিন্দু বৌদ্ধ ঐক্য পরিষদের অস্তিত্ব নিয়ে টানাটানি হয় কিনা দেখেন। প্রিয়া সাহা একটা ব্র,0
ইনশাআল্লাহ এই বাড়ার সাম্রাজ্য কেউ দখল করতে পারবে না।বাংগালী এবার একজন শিক্ষিত এবং গুণবান সরকার পেয়েছে।বাড়ার উত্তরোত্তর উন্নতি কামনা করছি।,1
চল্লিশ বছরে আশিটা ঈদ পার করেছি কোনো শাড়ি নেই। তবুও বেঁচে আছি। পুরুষ হলে বুঝতে পারতেন কাপড়চোপড় গয়নাগাটির কষ্ট এগুলো কোনো কষ্টই না। কী পরিমাণ যাতনা সহ্য করে যে পুরুষরা বাঁচে এটা কেবল আরেকজন পুরুষই বুঝতে পারবে।,0
"রাজনীতির এই ধরনের বিশ্লেষণ প্রয়োজনীয়, তবে সবার মতামত শোনা উচিত।",0
এই দিগে মাটিতে তোশক বিছিয়ে করা এটার নামই গরিব।,1
এমন সুন্দর সুন্দর টিপস মাঝেমধ্যে আমাদের জন্য শেয়ার করিয়েন ভাইয়া।,0
এজন্য তামিমকে এখনো রেসপেক্ট করি। তার নেতৃত্বে বাংলাদেশ ক্রিকেট যদি সমৃদ্ধ হয় তবেই সম্মানটুকু বজায় থাকবে। কিন্তু ইদানীং তার যথেষ্ট মতিভ্রম হচ্ছে। ক্ষমতার দাম্ভিকতা পেয়ে বসলে কিন্তু মাথা থেকে ঝুপ করে মাটিতে পড়ে যাবেন খান সাহেব...,0
মা সবসময় সন্তানের জীবন সহজ করতে চান।,0
ভাবলাম বাঁশ বাগান,0
"আহারে, তাই বলে অটোওয়ালা ব্যাটা শাওনকে একেবারে পেছন থেকে মেরে দিল? ফুল স্পিডে চালিয়ে সামনের চাক্কাটা একেবারে পোঁদে গিয়ে লাগিয়ে ব্রেক দিছে, এইটা কেমন বিচার? শাওন আপুর পোঁদের ব্যাথা দ্রুত ভাল হয়ে জাক, আপু আবারো পোঁদ ঝাকিয়ে ঝাকিয়ে অভিনয় করে বেড়াক। শুভকামনা রইল।",0
"ওনার দেওয়া রেসিপিগুলো সবচেয়ে সেরা, ওনাকে অস্কার দেওয়া উচিৎ ছিলো। আফসোস একটুর জন্য অস্কার মিস হয়ে গেলো",1
বিনম্র শ্রদ্ধা। ভয় হয় এঁদের সাথে সাথে বাংলা আবার হারিয়ে না যায়!,0
শুনলাম অনেক হুজুর অপেক্ষা করতেছে তাদের গন জানাজা পড়ানোর জন্য!,1
"ঘোষনা দিতে দেরি,বিবিসির নিউজ দিতে দেরি নাই",1
ঘুম না আসলে ওই কাজ করি,1
শুধু চেহেরাটা দিয়ে সবকিছু হয় না,0
"ভেঙ্গে যাওয়াই মানে হেরে যাওয়া না,বরং ভেঙ্গে গিয়ে আবার নিজেকে আরো বেশি শক্তিশালী করে তোলার প্রবল ইচ্ছা থাকতে হবে। মনে রাখতে হবে আমাকে দিয়েই হবে।নিজের প্রতি আত্নবিশ্বাস থাকতে হবে। ""ট্রেন লাইনের একদম পিছনে দাঁড়িয়ে থাকা ব্যক্তিও একসময় সামনে পৌঁছায়।""",0
এই রাতটা সাতক্ষীরার সেই নিরীহ মানুষগুলোর যাদেরকে শুধুমাত্র জামায়াতে ইসলামী করার কারণে তাদের বাড়িঘর থেকে বের করে দিয়ে বাড়িঘর বুল্ডুজার দিয়ে মিশিয়ে দেওয়া হয়েছিলো।,0
তিতুমীর কে স্কুল বানানোর দাবি জানাচ্ছি,1
আচ্ছা বঙ্গবন্ধু স্যাটেলাইট দিয়ে কি করা হয়,1
আমাদের মিডিয়া তথাকথিত হেলিকপ্টার বিজ্ঞানীদের নিয়ে নিউজে মেতে ওঠে। কিন্তু সত্যিকারের প্রতিভাবান লোকদের নিয়ে একটা স্টাটাস পর্যন্ত দেয়না।,0
"আফা, কেডায় কইছিল আপনারে ভাশন দিতে, ভাশন টা না দিলে, আজ বাড়ি টা ধংস হত না হয়ত, আপনার লোক গো উশকানি দিতে গিয়া এখন,, ধংস দেখলেন,,",0
"ভাই,আপনার বেলার মেয়ের বিয়ে আগামী শুক্রবার",1
অধিকাংশ অভিনেত্রীদের কষ্ট হতে পারে কারণ নেতারা এখন আর তাদের কাছে আসে না।,1
"নিখোঁজ হওয়ার মতো কেও আছে যে হবেন, আমারতো নাই",1
আপনার সমীকরণে চেষ্টা করলে সম্ভব। আমরা যে হুজুগে বাঙালি তাহলে চেষ্টা করে দেখি না একবার সম্ভব হয় কিনা,1
"এবং মোস্ট ইম্পর্ট্যান্ট, ভাঙ্গা শেষে বুলডোজার কোথায় যাবে!",1
মানুষের কি পরিমানের মাথা ব্যাথা আরেক জনের পারসোনাল বেপার নিয়া,0
ফাজলামোর একটা শিমা থাকে।যাওরা বেডা কেমন করে।,1
"দেশের সবচেয়ে বিস্স্তৃত ব্রডব্যান্ড ইন্টারনেট নেটওয়ার্ক, কার্নিভাল ইন্টারনেট সম্পর্কে বিস্তারিত জানুন! Visit now",0
পোস্টটা আমাকে অনেক বেশি অনুপ্রাণিত করল।,0
পাতার সন্ধান পেয়ে ঐদিন কলেজে আসলি না৷ একা একা যাইতে হইছে আমাকে,1
"সেনাবাহিনীর সামনেই ভাঙলো, আগুন দিল। দুঃখজনক।",0
"হ তার মানে বুয়েট, কুয়েট, চুয়েট, রুয়েট... থেকে কেউ ইন্জিনিয়ার হয় না। সব ডুয়েট এর ৭৩০ জন ইন্জিনিয়ার দেশ চালাচ্ছে, যদিও দেশের ইন্জিনিয়ার কচুও করতে পারে না। তাও বলতে হয় ন বলছেন ভাই, সেই হইছে",0
এটা আসলেই ন্যায্য হয়ছে।উনি আরো আগে পাওয়ার কথা ছিল।অভিনন্দন স্যার কে।উনি এই অভ্র থেকে এক টাকা নেন না।কত বড় মনের মানুষ।,0
ঘেও ঘেও লিগ,1
"খাওয়া শেষেই ঘুম, কোনো কথা হবে না",1
সেন্টারটির নির্মাণ থেকে শুরু করে অভ্যন্তরীণ সাজসজ্জা ও দৈনন্দিন কার্যক্রমের প্রতিটি ক্ষেত্রে পরিবেশের প্রতি দায়বদ্ধতার ছাপ স্পষ্ট।,0
"ওরে বাবা! কী বিশাল বোঝা মাথায় তুলেছে। হয়েছে, অনেক হয়েছে।",0
"ভাই আপনার ফোন নাম্বারটা দিবেন, কমেন্টে গালি দিলে আত্মীয়-স্বজন দেখে।",1
হে আল্লাহ! তোমার কী তাদের উপর একটু মায়া হয় না। কেন তুমি তাদের এখনও বাঁচাই রাইখা কষ্ট দিতাছো।,1
মামলা করেন ইনফিনিক্স এর নামে,0
দাউদ কিমকে জনাব মিজানুর রহমান আজহারী সাহেবের সাথে দেখা করাই দেন ভাই,0
আর আমার মা যখন আমার হাতে'র টাইপিং দেখে হাসি দেখে জিজ্ঞেস করে কার সাথে কথা বলি,0
আমাদের ফিউচার টা অজানা! তবে ভেঙ্গে না পরে সরে যাওয়া শ্রেয়।,0
সেমিস্টার সময়সূচি মানা হয়েছে।,0
বাস্তবতা অনেক কঠিন কেউ ইচ্ছে করে বিদেশ পড়ে থাকে না। উন্নত জিবন টাকা ছাড়া কয়জন নারী আপনার পাশে থাকবে,0
চলতি দশক,0
জেসিয়া যদি আগে জানতো তুই হেতির লগে ব্রেকাপ করবি... তাহলে তুই যেইভাবে হেতির পুটকিতে মুখ দিছিলি ঠিক ঐই সময় যদি একটা পাদ দিতো তাহলে তুই ধংশ হইয়া যাইতি,1
"চলো যাই, মিশন অফ নোহাশ পল্লী",1
বিপ্লবের সময় ভাষার এই বাঁকবদল নতুন কিছু নয়।,0
"90 এর দশকে আমাদের কৈশোরে এমন কত চমৎকার বিতর্ক অনুষ্ঠানের চল ছিল।আমরা বড় হয়েছি এসব দেখে দেখে।তখনকার প্রজন্ম কত স্মার্ট, টেলেন্টেড ছিল, আর এখনকার অনুকরণপ্রিয় প্রজন্ম !",0
"ঢাকায় যত মানুষ, সে হারে গণপরিবহন নাই, সিট তো নায়ই। সিট হিসাবে মানুষ নিতে গেলে, মানুষের আর বাসায় যাওয়া হবে না।",0
ব্লগারদের ধর্ষণ করে দিছে।,1
"রোগীর মা'র মিথ্যা অভিযোগ চিকিৎসা সেবার কার্যক্রমকে ব্যাহত করতে পারে, যা ঠিক করার জন্য সচেতনতা বৃদ্ধির প্রয়োজন।",0
"২০২০ সালে সাবেক মার্কিন প্রেসিডেন্ট বারাক ওবামা এই প্রজন্মের ক্যানসেল কালচার প্রবণতা নিয়ে সামাজিক যোগাযোগমাধ্যমে সমালোচনা করে বলেছিলেন, কর্তৃপক্ষকে প্রশ্ন করা ও সমালোচনা করার তরুণ প্রজন্মের এই প্রবণতাকে আমি স্বাগত জানাই, অন্যের সঙ্গে তোমাদের মতবিরোধ হতেই পারে, কিন্তু অন্যকে একেবারে চুপ করিয়ে দেওয়াটা ভালো কাজ নয়।",0
চট্টগ্রাম ফাইনালের মত ম্যাচ সেখানে মাএ ৩ টা প্রফেশনাল বলার নিয়ে কি ভাবে মাঠে নামে মিঠুন এর বাজে ক্যাপ্টেন্সি শেষ ওভারে কেন একটা পার্ট টাইম বলার কে বল দেয়,0
"এইগুলা বাড়াবাড়ি, অপ্রয়োজনীয় উগ্রতা।",0
সেটা সে বুঝবে আপনার চিন্তা আপনি করেন।অন্যকে নিয়ে সমালোচনা করে কি লাভ,0
"ভুয়া কথা, কাজের প্রয়োজনে আমাকে দৈনিক 3-5 ঘন্টা হাটতে হয়। এরপরেও ক্রমশ স্মৃতি শক্তি হ্রাস পাচ্ছে।",0
পথে হাঁটতে হাঁটতে কিছু কবিতার লাইন মাথায় এলো। সেইভাবেই আবৃত্তি করে রেকর্ড করে ফেললাম। ভুলত্রুটি ক্ষমা সুন্দর দৃষ্টিতে দেখবেন...,0
গেলেই ভালো হবে। সম্মান পাবে।,0
"মেয়েটির আত্মবিশ্বাস, দক্ষতা, দর্শক নিয়ন্ত্রণ, উচ্চারণ, কথা বলার ভঙ্গিমা, ভাষার উপযুক্ত ব্যবহার, নিজের উপস্থাপনা, শব্দ অর্থের সঙ্গে শৈল্পিক সৌন্দর্য এবং কন্ঠস্বর এক কথায়,, বাহ্ চমত্কার!অসাধারণ! অভাবনীয় দারুণ সুন্দর!",0
"প্রকৃতি আমাদের জীবনকে শান্ত রাখে, ঠিক যেমন ভালো বন্ধুদের সঙ্গ আমাদের মনকে প্রশান্তি দেয়।",0
"পিনাকী দাদা একটা জিনিস,যাকে ধরে জয় বাংলা করেই ছাড়ে!!",1
আকাশে কালো মেঘের ঘনঘটা দেখা যাচ্ছে।,1
পরিবারের ছোট সন্তান হয়েও আমার টাকাই ফ্যামিলি চলে! বড় ভাই থেকে ও নেই! আমি ১৭ বছর বয়স থেকে সংসার হাল ধরেছি,0
অভিনন্দন তামিম ভাই সমালোচনার মধ্যে দিয়ে আপনি সফল।,0
ভাই এরা৷ এতো আবেগ কই পায় বুঝতে পারি না,0
"জীবনের সবচেয়ে বড় ভুল বিদেশে এসে,,",0
শুভ সন্ধ্যা আপনার পোস্ট গুলা আমার খুব ভালো লাগে,1
সারা দিন বাইরে বাইরে ডং ঢং করে বেরাও বাসায় এসে ঘুমিয়ে যাবা আমি কে,1
"যোগ্য এবং পরিশ্রমী হলে চাচা, মামার প্রয়োজন নেই। যারা দূর্বল তাদেরই রেফারেন্স প্রয়োজন পড়ে। আর, চাচা মামার রেফারেন্স যাদের আছে, তারা খুব বেশিদূর যেতে পারে না।",0
মাননীয় প্রধানমন্ত্রী যন্ত্রপাতির সাথে যে সকল মানুষ অক্লান্থ পরিস্রম করেছে তাদেরকে ও যাদুঘরে সাজিয়ে রাখা হউক।,0
আচ্ছা এদের কে কি কোন ভাবে জুলাই আগস্ট এর হত্যা মামলায় ঢুকিয়ে দেওয়া যায় না,1
যেইদিন খেলা দেখি না ওই দিনই কিছু না কিছু ঘটে,1
"শায়েখ আহমাদুল্লাহ কে সমাজসেবায় অবশ্যই পুরস্কৃত করা উচিত ছিল । ২২,ও ২৪ বন্যায় উনার অবদান এবং সমাজের সুবিধাবঞ্চিত মানুষের উন্নয়নে উনি প্রতিনিয়ত কাজ করে যাচ্ছেন।শুধুমাত্র একজন আলেম বলেই সম্ভবত বঞ্চিত হলেন উনি।",0
আচ্ছা ক্লাস শেষ করে বা এডমিশন নিয়ে পিকচার তুলে এই গ্রুপে পোস্ট না করলে কি পরের ক্লাস করতে দেয় না তাদের,1
"অনতিবিলম্বে থাইল্যান্ড সরকারের উচিত উনাকে থাইল্যান্ডের নাগরিক করে দেওয়া, ওনি যেভাবে থাইল্যান্ড কে ফেসবুক জগতে রিপ্রেজেন্ট করছে",1
তখন দেশের মার্টিন আর ভিনদেশের মার্টিনে দুষণের পরিমাণ বুঝতে পারতাম!,0
আমার লাইফেও এমন কেও আজ প্রজনত আসে নাই,1
ভাই কাহিনী কি? কেউ কনটেক্সট ঢালেন দয়া করে।,0
তামিমের হাতে বিপিএল ট্রফি তাও আবার ব্যাক টু ব্যাক এটা সাকিব ভক্তরা কিভাবে সহ্য করবে,1
বরফে পা ডেবে যাচ্ছিল আশির দশকের নায়িকা অরুণা বিশ্বাসের। গতরাতে এক ফেসবুক লাইভে এসে হাসতে হাসতে একথাই জানাচ্ছিলেন তিনি।,1
একটা কন্ট্রোভার্সিয়াল পোস্ট দিলে ভাই যে রিচ উঠে আপনার!! আপনার খুব সুন্দর সুন্দর কবিতায় ৫০টা রিয়েক্টও উঠে না,0
গোল্ডেন ডাক পালতু ডাক তামিম দেয় না,1
তার পর থেকে আমাকে দেখলেই উষসী হাসে।,0
"আমি শুনেছি ভালোবাসার নাকি অনেক নাম হয় । একতরফা ভালোবাসা, নিঃশর্ত ভালোবাসা, নিঃস্বার্থ ভালোবাসা, অন্ধ ভালোবাসা, সত্যি ভালোবাসা, মিথ্যে ভালোবাসা, প্রথম ভালোবাসা, শেষ ভালোবাসা এবং আরও কত কী... আচ্ছা সংজ্ঞাবিহীন বা নামবিহীন ভালোবাসা বলে কি কিছু হয় না?",0
এইসব মিডিয়া গুলোই কাফের মুশরেকদের এজেন্ডা বাস্তবায়ন করতে চায়। তাদেরকে আমাদের বয়কট করা উচিত,0
এতো ফালতু ভিডিও আমি জীবনেও দেখিনাই। ক্ষুদ্র একটা কাহিনি হলে সেটা দিয়েই কি ভিডিও একটা বানিয়ে ফেলতে হবে? পারলে প্যাকেজ ধরনের কিছু করে দেখান,0
"তামিম ইকবালের ভালো খেলায় চেয়ে , ইত্যাদিতেই তার মনোযোগ বেশি।",1
আল্লাহ ওনার ব্যবসায় এমনিই বরকত দান করবে,0
"দেশের সম্পদ জনগণের টাকায় আবারও হবে, মাঝে জনগণকে বহন করতে হবে অতিরিক্ত করের বোঝা,",0
কিন্তু সেটা কি কোনো অর্থেই তাকে মহিমান্বিত করবে?,0
এইটা প্রতিকি ছবি৷ হামাগুড়ি দিয়া রাইফেল হাতে যুদ্ধ করতে করতে পেন্ট ছিড়া গেসে। হেটারস রা বলবে এক পা উচিয়ে 'দগি' দিয়েছে জেসিকা কে 'আরো কাছে আসুনা' ভিডু সুট করার সময়।,1
ফলাফল তাদের হেদায়েত নসিব হয়না!,1
"মনে পড়ে গেলো কবিগুরু রবীন্দ্রনাথ ঠাকুরের গীতি ""সখী ভাবনা কাহারে বলে"" এর শেষ লাইনগুলো -- প্রতিদিন যদি কাঁদিবি কেবল একদিন নয় হাসিবি তোরা একদিন নয় বিষাদ ভুলিয়া সকলে মিলিয়া গাহিব মোরা।",0
আমি পরিবারের বড় সন্তান যদিও গোটা পরিবার চালাই না তবে যতটুকু পারি বাবা-মা কে সাপোর্ট দাওয়ার চেষ্টা করি,0
জেই দেশে ভালো প্লেয়ারের সম্মান নেই,0
"নিজেরা অজানতে চোখে পানি এসে গেল,, আধুনিক যুগে ভালোবাসা পাওয়া যায় না প্রতারণার অভাব নেই সেই আধুনিক যুগে ডিজিটাল বাংলাদেশে এরকম একজন সহধর্মিনী পাওয়া আসলেই ভাগ্যের ব্যাপার, দোয়া করি ভাই বোনের জন্য তারা যেন বাকিটা জীবন সুখে শান্তিতে অতিবাহিত করতে পারে",0
আমার দেখা তুমিই সেরা সাকিব আাল হাসান ৭৫,0
সামনে ঈদ তাই করোনা আবার ঈদ করতে আইছে,0
আমি চাই ফেব্রুয়ারি মাসটা ১৩ তারিখই শেষ হয়ে যাক,1
বাপের শার্ট প্যান্টে আরো বেশি স্মার্ট লাগে,0
ওটা কি হুমায়ুন আহমেদ এর পরিশ্রমের টাকায় কেনা সম্পত্তি কারো বাবার না সাইকো,0
"আমি বহুদিন টাকা দিছি। আসলে আমি খুব লজ্জাবান মানুষ। যদি দেখাবো দেখাবো করে দেখায় দেয়, এই ভয়ে দিয়ে দিই।",1
আমাদের বিয়েতে কোনো সমস্যা হবে না।,0
"এই জ্বালা ও পোড়াও ,ভাঙচুর এই ধ্বংসযজ্ঞের রাজনীতি থেকে মনে হয় আমরা কখনোই বেরিয়ে আসতে পারবো না। একবার ভাবুন তো যদি ওই সব বাড়িতে বৃদ্ধ বাবা মা ছোট ছোট বাচ্চাকাচ্চা এরাও তো অবশ্যই ছিল। তাহলে তাদের মনের কি অবস্থা হয়েছে। আসুন না আমরা এই সব কিছু পরিহার করে একটি সুস্থ সুন্দর বাংলাদেশ গড়ার পরিকল্পনা করি। যেখানে থাকবে না কোন হিংসা এবং দুর্নীতি।",0
হেতে এমনি এমনি সফল ব্যবসায়ী হইছে? বুদ্ধি কম আছেনি?? এক ভাই নাম দিসে মুফতি মাওলানা সাকিবাল হাসান,1
১৪ তারিখ কোচিং থেকে নাকি টুরে যাবে,1
দ্রুত এর বিচার করা হুক নইতো কাল সবার বউ নিয়ে পালাবে,1
"আফসোসলীগের কথা শুনে অবাক লাগে, একটু অনুসুচনা তাদের নাই। তারা মনে করছে পাকিস্থানী ষড়যন্তে শেখ হাসিনা পালাতে বাধ্য হয়েছে। ২০০০ মানুষ মরেছে তাদের দোষে।",0
"নির্বাচন ঘনিয়ে আসছে , সরকার করোনা ওমিক্রন তো বেশি করে দেখাবে।",1
তার জন্য আগে স্বপ্নের নির্ভুল বানান শিখতে হবে,1
"সাইকো ছিল, আল্লাহ অনেক শহিদের বিনিময়ে আমাদের এই সাধিনতা দান করছেন",0
"ট্রাস্ট মি,৯০ ঝগড়া - ঝগড়ী কমে যাবে।লাইফটা অনেক সহজ হয়ে যাবে।",1
কেন? ফেব্রুয়ারী মাস আসলে কি হয়।,1
"আমরা বলছি দেশে চাকরি নাই চাকরি নাই। অথচ আমাদের দক্ষতা যে শূন্যের কোটায় সেটাই বুঝে আসছে না। এটার দায় সবাইকে নিয়ে রাষ্ট্র, পরিবার সহ প্রতিটা জায়গায় দক্ষতার প্রয়োজনীয়তা, মূল্যায়ন করতে হবে। অন্যথায় শুধু অন্ধকারের দিকেই যাবে আমাদের এ দেশ।",0
"এই ছেলেটার বিচার পঞ্চায়েত দেখেই মনে হতো ""ও আসলে ভালো মানুষ নাও হতে পারে""। কারণ সত্যিকারের নিয়ম শৃঙ্খলা শান্তি সৃষ্টি করতে চাওয়া মানুষ কখনোই তার বিচার পঞ্চায়েত এরকম অস্বাভাবিকভাবে ভিডিও ধারণ করে প্রচার করবে না।",0
রসটা নুনতা ছিলো নাকি মিষ্টি ছিলো তাহলেই ক্লিয়ার হয়ে যেতাম মাইন্ড ইট,1
মেলা চত্বরে ঘুরে ঘুরে অচেনা লেখক আবিষ্কারের ধৈর্যও তখন পাঠকের ছিল।,0
কঠিন সময়েও ডাক্তাররা কখনো হাল ছাড়েন না,0
কামরুজ্জামান ভাইয়ের জন্য কয়েক ট্রাক আলু বাংলাদেশ থেকে সুইজে পাঠানোর কার্যক্রম নেয়া হচ্ছে। ও তার পক্ষে মিধ্যা অভিযোগ দিয়ে মানহানি করায় তীব্র নিন্দা জানানো হচ্ছে ।,1
কথা সত্য কিন্তু কেউ স্বীকার করবে না।,0
"একজন সৎ,পরিশ্রমী,বিবেকবান মানুষ,,,, । অার কী লাগে।নতুন প্রজন্ম ব্যস্ত সাদা চামড়ার প্রেমে অার চলে সস্তা চরিএ বিসর্জনের পালা ।",0
"আল্লাহর নিয়ামত শুকরিয়া আদায় করে শেষ করা যাবে নাহ,সব কিছুর জন্যে আলহামদুলিল্লাহ",0
"আমার নিকটবর্তী সময়ে প্রেম, ভালোবাসায় জড়াবার কোনো খায়েস নেই৷",0
ভিডিওটা দেখে অনেক হাসলাম,0
সরকারি-বেসরকারি উদ্যোগে একসঙ্গে কাজ করলে সবুজায়ন বাড়বে,0
কিরে তাসকিন্না? ফাইসা গেলিগা রে,1
নিজের পছন্দমতো জীবন উপভোগ করুন।,0
শিক্ষাক্ষেত্রে সব ধরণের বৈষম্য দূর করার জন্য সরকারের আরো উদ্যোগ প্রয়োজন,0
"বর্তমান জেনারেশনে এ টিকটকার ইউটিউবার কন্টেন্ট ক্রিকেটররা হলো কবি, লেখক, গায়ক, বাংলাদেশর গর্ব এখন এরাই",1
আর কৃষকের গোয়া মারিল ইউনুস সরকার,0
"অন্তত একটা মর্যাদা পাবে গেলে।আর এ দেশে থাকলে যতই যা কিছু করুক দিনশেষে সাকিবের মতোই অপমানিত, নির্যাতিত হবে",0
"আপনি কী অর্জন করেছেন, সাফল্য মাপার মানদন্ড সেটা নয় বরং আপনি পড়ে যাওয়ার পর কতবার ঘুরে দাঁড়িয়েছেন সেটা।",0
"এমন অবস্থা ওরা পারলে ঋণের টাকা বাচ্চাগুলারে বিক্রি করে তোলা গেলে তুলতো,এমন অবস্থা বাচ্চাদের নামেও মামলা",0
এটার নাম Moth fly Toilet bug ও বলে কোথাও কোথাও। Google এ Moth Fly লিখে search দিলেই এর নিকুচি কুষ্টি জানতে পারবেন।,0
"মুখের কথা ওটা, দেড় বছর রানওয়ে বৃদ্ধি করতেই সময় লাগবে। সেই কাজ করার বাজেট লাগবে",0
বাংলাদেশের সঙ্গে শক্তিশালী প্রতিরক্ষা জোট গড়তে চায় পাকিস্তান,0
ছাত্রদের জন্য এতো কিছু করলো...? অবুঝ ছাত্ররা চিনলো না...? থাকতে দিলো না আহ আহ আহ এটা কি মানা যায়...?,1
আমেরিকা নিজের স্বার্থের জন্য যেটা উচিত সেটাই করব,0
না ভাই ফ্রেব্রুয়ারি তে আমি হইছি তাই আমার ফ্রেব্রুয়ারি আমার লাগবে,1
মাশাআল্লাহ অনেক সুন্দর ভিও।,0
যেই সাধারণ ছাত্র জনতার নাম দিয়ে কোন দল বা গোষ্ঠীর স্বার্থ হাসিল করতেছে এটা কারো বোঝার বাকি নেই কোন একদিন এই সাধারণ ছাত্র ছাত্রীদেরাই বলবে আমরা অমুক দলের চক্রান্তের শিকার,0
আমরা বাঙালি আমরা অতি সহজেই সবকিছু ভুলে যাই,0
সাকিবরে না পেয়ে ওর মাথা খারাপ হয়ে গেছে,1
ইংরেজিতে দুর্বল তাই ভান ধরে চলে গেলাম,1
যত দ্রুত সম্ভব একটা সিনেমা তৈরি করে আমেরিকার উপর এই অপমানের প্রতিশোধ নেয়ার জোর দাবি জানাচ্ছি ভারতের সরকারের কাছে,1
"সারাহ ইন্সটাগ্রামে দারুণ কাজ করছে, ওর ফ্যানবেস সত্যিই বড়।",0
"""তোমরা সীমালঙ্ঘন করো না, নিশ্চয়ই আল্লাহ্ সীমালঙ্ঘনকারীদের ভালবাসেন না...!"" - সূরা বাকারা আয়াত-১৯০",0
একদম বলিউড স্টাইলে গল্পটা বানানো হইছে! সামনে এটা নিয়ে সিনেমা ও করা হবে,1
বুদ্ধির করনেতেো দুনিয়ায় সেরা,0
"প্রধানমন্ত্রী কাছে অনুরোধ দয়া করে আমাদের ব্রাক্ষনবাড়িয়ার সীমান্ত খুলে দিন এবং দাদাদের ঢুকতে দিন,বাকিটা আমরা ব্রাক্ষনবাড়িয়ার মানুষেরা বুঝবো,খেলা হবে খুব ভয়নংকর খেলা",1
ডাকাতি করার সুযোগ টা আমি পেয়ে গেছি বেলা শোনছো?,1
হিরো আলমের সাথে যোগাযোগ কর,0
কোনো শর্ত মানা হবে না কিসের শর্ত মনগড়া কথা বললে দেশে বিশৃঙ্খলা তৈরি হবে,0
"কিশোর কন্ঠের হাসির বাক্স, শব্দ-ছক, গল্প সবগুলা ভালো লাগতো",0
"গালাগালি আর হাহা র আসক্তির মাঝে যাদের জীবনটা হারিয়ে যাচ্ছে, তারা তাদের সেই অভিশপ্ত মিথ্যে বলার জীবনেই আটকা পড়ে থাকবে",0
আর জাই করেন ছেলেদের ইমোশ নিয়ে খেইলেন না৷ ওরা কেদে দিবে,1
অন্তস্তি য় এর জায়গায় যদি র হয়তো যাক আর আগাতে চাচ্ছি না,1
রাজনীতি সবার জীবনে প্রভাব ফেলে।,0
"দুর্দান্ত। কি মিষ্টতা আর শিষ্টতা একত্রে তাঁর এক এক কথায়। অপূর্ব মন। নিঃসন্দেহে একজন ভালো মানুষ মেয়েটি। শ্রদ্ধার যোগ্য। এই সুন্দর কথনে এই অর্থই দৃঢ় হয় যে, নাম করা বা খুব খ্যাতনামা হওয়ার চাইতে একজন আত্মবিশ্বাসী, শ্রেষ্ঠ মানসিকতার মানুষ হওয়াটা অধিক প্রয়োজনীয়। সুস্থ থাক্, দীর্ঘজীবী হোক এইরকম মনগুলো।",0
গণহত্যার বিচার না হওয়া পর্যন্ত আওয়ামীলীগ এই দেশে কোনো রাজনৈতিক কার্যক্রম পরিচালনা করতে পারবে না!,0
মুরগি কবির আর সাফা কবিরের মধ্যে মিল আছে তারা দুজনেই নাস্তিক।,0
আপনারা এখন দেখি মানুষের মনের গোপন কথা বলতে পারেন!! হা হা হা হা,1
এমন Gf কোথায় পাওয়া যায়...? আপনাদের পোস্টে...!,1
"উনি গুনগত মান সম্পুর্ন একজন জাদরেল অভিনেত্রী, অনার বাংলাদেশ এখন সিংগাপুর ছবিটি দেখে আমি আমার দারিয়ে গেছে",1
দামড়া হইয়া পিচ্চি বিয়ে করবেন আবার জ্বালাও সহ্য করবেন না হিপোক্রেসির একটা লিমিট আছে ভাই,0
গরুর চেয়ে আরাে বেয়াক্কেল,1
এই যুগে লয়ালিটির থেকে লুক বেশি মেটার করে,0
নিজের জাতের প্রমাণ দিয়েছেন একজনের কানের নিচে বাজাবেন আপনার আব্বু কে ও একদিন এমন বাজাবে,0
৯ টার বাহিনী ইট ভাগে পাইবে কিনা সন্দেহ হচ্ছে! বিপ্লবীরা ৯টার আগেই ৩২ কে গু ড়িয়ে দিতেছে!,1
চোর ভাই এটা পেলে মোরব্বা বানিয়ে খাবে।,1
আমি ৩২ নং থাকতে পারি নাই কিন্তু শাওন আপা কট খাওয়া দেখেছি,1
জন্মদিনে জানাই আন্তরিক শুভেচ্ছা। দিনটা কাটুক আনন্দে।,0
"আমার বাপে যদি এই পোস্ট কোনো মতে দেখে,, তাইলে আমারে কালকেই ঘর ছাড়া করবে",1
"ঢাকায় পাবলিক টয়লেটের সংকট। নামাযের টাইম ব্যতিত অন্য টাইমে মসজিদের ইস্তেঞ্জাখানা ব্যবহার করা যায়না। সার্বিক দিক বিবেচনায় ধানমন্ডি ৩২ নম্বর বাড়িটিকে পাবলিক টয়লেট হিসেবে বিবেচনা করা যেতে পারে, যেমনটা মক্কায় আবু জাহেলের বাড়িকে টয়লেট হিসেবে ব্যবহার করা হয়।",1
"ওর যে চোখ তাতে কে গর্ভবতী হয়ে যায়, তা কে জানে.",1
চলার পথে থামতে জানা জরুরি। কারও দ্বারা ব্যবহৃত হওয়া থেকে সতর্কতাও জরুরি।,0
মেয়েদের কমেন্ট দেখলাম আর ভাবলাম এসব মেয়ে থাকতে তোরা ছেলেরা কাদের সাথে প্রেম করস?,1
অসাধারন,0
যারা কখনোই আমাদের হবে না আমরা তাদেরকেই ভালবেসে যাই.,0
লেখার উপর ভিত্তি করে বলছি হিন্দু সম্প্রদায়ের ভাইবোনদের কোরবানি ঈদের অগ্রিম শুভেচছা এবং দাওয়াত রইলো।,0
ভাই স্কুটি কেনার টাকাও নাই ভাড়া টাও বাসা থেকে নিতে হয়,0
"ক্ষমতার চেয়ারে বসলেই ভুলে যাবো,,,,,,আমরা বাঙালি",0
"সতীদাহ চালু থাকলেও এদের উপর কার্যকর হতোনা। কারণ ঐটা সতীদাহ, নটিদাহ না।",1
ছাত্রলীগ থেকে ছাত্রী হতে চেয়েছিল,1
ভালবাসা অবিরাম,0
তাসকিনের চুলকানি রোগ হয়েছে,1
শাওন জেলে থাকায় আসিফ নজরুলের ব্লাড প্রেশার বাড়া সহ বিভিন্ন শারিরীক জটিলতা দেখা দেওয়ার সমূহ সম্ভাবনা থাকায় তাকে ছেড়ে দেয়া হয়েছে। পাব্লিক কিছু বুঝেনা।,1
তাইলে আমাদের ফেনী সরকারী কলেজ কি দোষ করছে।চট্রগ্রাম বিভাগের অন্যতম একটি কলেজ।ওদের ঢাকাতে অনেক বিশ্ববিদ্যালয় আছে।আমাদের তো তেমন নাই।সুতরাং অবশ্যই আমরা এই দাবীর বিরুদ্ধে।,0
"বাংলাদেশের প্রেক্ষাপটে অনার্স-মাস্টার্স করে সময়,অর্থ,শক্তি অপচয় ছাড়া আর কিছু না। এটা আমার ব্যক্তিগত মতামত। অনার্স শেষে দেখা যায় কাজের জ্ঞান কিংবা অভিজ্ঞতা না থাকায় চাকরি হয় না আবার সরকারি চাকরিও সোনার হরিণ। আমাদের জন্য দরকার হচ্ছে ইন্টারের পরেই কর্মদক্ষতা বাড়ানোর উপর ফোকাস দেওয়া",0
আল্লাহ এই মহান ব্যক্তিকে দীর্ঘ জীবন দান করুন,0
এটি নির্মাণে ১.৬ বিলিয়ন ডলার খরচ হয়েছে।,0
বড়লোক বাবার আদরের সন্তানের সাথে যখন তার শ্বশুরবাড়ির লোকজন কাজের লোকের মতো ব্যবহার করে,1
বাবু কে ডাউনলোড করতে শাশুড়ী মা ভুলে গেছে,1
বাংলাদেশ সরকার পাটজাত ব্যাগের উৎপাদন বৃদ্ধির জন্য নতুন কারখানা স্থাপন করছে।,0
কেয়া বাত হে ভাই,1
"মা একটা মেয়ে পুতুল বানায় দিছিল, এলুমিনিয়ামের হাঁড়িপাতিলের সেট ছিল। পুতুল মেয়েটাকে জামা কাপড় পরাতাম,শাড়ি পরাতাম, হাঁড়ি পাতিলে রান্না করতাম। বালি দিয়ে পোলাও ভাত, পানি আর হলুদ গুড়া দিয়ে ডাউল, কি যেন একটা গাছ ছিল তার ডাল কেটে পানিতে রেখে দিতাম, ওগুলো সেমাই রান্না ছিল, কিসব পাতা টাতা দিয়ে তরকারি রান্না করতাম। আহা কি দুশ্চিন্তামুক্ত সুখের দিন ছিল!!",0
"তরুনদের হাত ধরে,দেশের জন্য ভাল কিছু হবে,এটাই চায় বাংলার জনগন",0
এই জগতে বাঁচতে হলে টাকার কোন বিকল্প নেই।,0
এই বেডি মনে হয় ব্রাহ্মণবাড়িয়ার,1
"টিট ফর ট্যাট সবসময় কার্যকর হয় না, কিছু সময় ক্ষমা করাও লাগে।",0
"আমি মনে করেছিলাম আপনি ম্যাচিউরড, এখন দেখছি চাইল্ডিইস ওভার ম্যাচিউরড...! এত সস্তা আপনার চিন্তা, ছিঃ ছি...",0
এই ভাইটাকে তো টয়লেটের পিছনের জঙ্গলে দেখছি ।,1
"বাংলাদেশ সেনাবাহিনি কি ঘুমিয়ে আছে,যে সকল রাজাকার ভাংচুর করিতে আসবে ফুটবলের মত কিক দিয়ে পাকিস্হানে পৌছিয়ে দেওয়া হবে ।",0
বাংলাদেশে আন্তর্জাতিক মানের হাসপাতাল করা হোক বাংলাদেশের ১৮ কোটি জনগণ চাই বাংলাদেশের উন্নত মানের হাসপাতাল করা হোক,0
"যারা একসময় জনগণকে ভয় দেখাত, তারা আজ জনগণ দেখলে রাস্তা বদলায়! আহারে, কপালের ফের!",0
যারা দুর্নিতিবাজ তারা কিভাবে দেশের প্রতিনিধিত্ব করে?,0
আর আমি এই বয়সে রীতিমতো গাছের উঠে জামা কাপড় ছিড়ে ফেলা জন্য কতো না উওমমাধ্যম খাইছি হিসাব করতে করতে আমার জীবন পাড় হইয়া যাব,0
আসিফ নজরুল স্যারের পক্ষ থেকে ভালো ডিমের ব্যাবস্থা করা হোক,1
প্রথমে দেখে ভাল লাগল তবে শেষটা দেখে মনটা খারাপ হয়ে গেছে,0
মানবতার সেবা করার জন্য আসসুন্নাহ ফাউন্ডেশন একুশে পদকের যোগ্য দাবীদার ছিলো৷,0
রোগীর মায়ের অভিযোগের সত্যতা যাচাই করে বিষয়টির সমাধান করতে ডাক্তারদের কৌশলগত পদক্ষেপ নিতে হয়।,0
একে অপরের প্রগতি দেখতে হলে সহযোগিতা আমাদের মূল কথা হওয়া উচিত।,0
"বর্তমানে সরকার কীভাবে বিচার প্রক্রিয়া পরিচালনা করছে, তা জনসমক্ষে পরিষ্কার হওয়া উচিত।",0
বিশ্ববিদ্যালয় সাম্যের জায়গা,0
আপন মানুষগুলোই সবচাইতে বেশি কষ্ট দেয়,0
যারা মা গী হাসিনার লাইভ স্ট্রিম করেছেন তারা চাইলে দেখে আসতে পারেন। এরা এত হতাশ আর বিরক্ত যে নিজেদের মন্ত্রীদের গালাগালি করতেছে।,0
হে আল্লাহ কবরের অন্ধকারে ভয়াবহতার সময় কুরআনকে আমার সঙ্গীকরে দিয়েন।ক্ষমা করুন আমাদের ঈমানী শক্তি বাড়িয়ে দিন আমিন।,0
মহান আল্লাহ পাক রাব্বুল আলামীন আপনার দীর্ঘ নেক হায়াত দান করুক।,0
"ছাত্রলীগ ১ দফা দাবি পালাতক প্রাডাক্ট শেখ-হাসিনা সাথে নরেন্দ মোদি বিয়ে দিয়ে, ছাত্রলীগ মোদিকে আউ'ব্বা ডাকতে চাই",1
স্বজন হারানোর ব্যদনা সে বোঝে,1
"আপনি কোন কিছুতে প্রথম হলে ওইটুকু বয়সে ওতগুলো টাকার অফার পেলে নিজেও করতেন। পোস্ট মারা যত সহজ, প্রথম হওয়া ওত সহজ নয়। তাছাড়া এক দিক দিয়ে কোচিং গুলোও পুরো মিথ্যা বলেনা। ওরা চান্স পাওয়া ছাত্রকে ভর্তি করে তারপর বিজ্ঞাপন দেয়, যদিও পরীক্ষার রেজাল্টের পরে।",0
হে আল্লাহ আপনে আমার মোখের দিকে তাকিয়ে এই গুনাগার বান্দা মনে অনেক কষ্ট কাউকে বোঝাতে পারবো না হে আল্লাহ অতহুতা মাহা পাপ জেনেই আমি কখন জানি পাগল হয়ে যায় আল্লাহ আপনে আমাই এই গুনাগার বান্দা কে এই দোনিয়া থেকে মুক্তি করে দিন,0
"যারা জীবনে সফল হয়, তারা কখনোই হারানো আশার দিকে মনোযোগ দেয় না।",0
চুপ কর সবাই পাপীর দল বাচ্চাডা ভালুপাশা প্রকাশ করছে,1
ইও ইও ফপস,1
যতদিন বাঁচবেন ততদিন আপনার এই সতেজ ও প্রাণবন্ত হাসি বজায় থাকুক জনাব,1
"সমর্থক ও সমর্থন থাকতেই পারে, কিন্তু গ্রেপ্তার কেন? তদন্ত করে অপরাধ পেলে বিচার করা হউক।কেউ যেন অযথা হয়রানি না হয়।",0
"ডালিম বলছিলো মুজিব বাংলাদেশের স্বাধীনতা চাইনি আর রাশেদ বলছে মুজিব বাংলাদেশের স্বাধীনতায় অপরিসীম ভূমিকা রাখছে,,এখন কারটা বিশ্বাস করবো,,",1
আমার প্রাণ জুড়িয়ে যায়।,0
"এতবড় সাহস কিভাবে হয়! আর এক মুহূর্ত দেরি নয়, ফ্যাসিবাদের সমস্ত আস্তানা এই মুহুর্তে গুঁড়িয়ে দেয়া হোক।",0
"অন্যভাবে বললে, যুগের প্রতিফলন দুনিয়ার সঙ্গে পাঠকের মনও বদলে দেয়।",0
আমি তো চাঁদের পাশে খোলা আকাশ দেখছি,1
বরং আগেরটাই ভালো ছিল।,1
রেলওয়ে ব্যবস্থাপনার দুর্বলতাগুলো চিহ্নিত করে সমাধানের উদ্যোগ নেওয়া জরুরি।,0
মাগো এতো দেহি স্টুডেন্টদের খুশির খবর,0
"চরম সত্য কথা যদি বর্তমান রাজনৈতিক পরিস্থিতিতে এই মুভি বাংলাদেশের কোনো পরিচালক তৈরি করত ,তো এতক্ষনে আওয়ামী লীগের এর্লাজি শুরু হয়ে যেত । আজ ভারত করেছে দেখে আর এলার্জি নেই ।",0
সেই ৫০০০ বছর আগের বিলুপ্ত হওয়া ড্রাইনোসরের দেখাটা পেলাম।,1
শেখ হাসিনা আছে শেখ হাসিনা থাকবে ১০০,1
"নেশা হয়ে গেছে, বাদ দেওয়া যাইনা,, বিয়ের পর চেষ্টা করব",1
এখানে কথা হচ্ছে স্টুডেন্ট কোনটা??,1
এখানে তাসকিন দেখে বললেন সাংসারিক ইনজুরি কিন্তু এখানে নাসির হইলে কি বলতেন? এটাও কি বৈষম্য না?,1
৬০ ৭০ কেজির প্রেশার কুকার বানানোর তীব্র দাবি জানাচ্ছি,1
আলহামদুলিল্লাহ ফ্যান সুস্থ আছে,0
এই প্রস্তাব গ্রহণযোগ্য নয়,0
"ইসলামের সাথে জামায়াতের কোনো সম্পর্ক নেই। কোনো মুমিন মুসলিম কখনো জামাতের মতো ভন্ড, মিথ্যাবাদীদের দল করতে পারে না।",0
ফকরুল এখন তান্ত্রিকদের কাছে যাবে। ব্যর্থ প্রেম সফল করতে।,1
"সম্পর্কের প্রতি আমাদের যে দৃষ্টিভঙ্গি, সেটা কখনও কখনও সংস্কৃতির সাথে পাল্টে যাওয়ার পরিপ্রেক্ষিতে পুনর্মূল্যায়ন করা প্রয়োজন।",0
"উনি চাইলেই অবৈধ রিলেশন চালিয়ে যেতে পারতেন, তা কি করেছেন?",0
এর জন্য কুকুর কেও কি একদিন চরম মূল্য দিতে হবে??,1
"যার চরিত্র ভালো তারা কখনো ফেব্রুয়ারী নিয়ে মাথা ঘামায়,না। বিয়ে করুক বা না করুক,,যদিও তাড়াতাড়ি বিয়ে করে নেওয়াই উত্তম",0
ভিডিওতে কতটা নির্মম ছিলো। বাস্তবে না জানি কত কষ্ট ছিলো,0
ভুল টুল বুঝি না৷ আপনার মতো পারফেক্ট নারি আর একটাও পাওয়া যাবে না৷ বেস্ট ফারজানা সিথি৷ দেখবেন যে তরকারিটা দেখতে ভালো সেই টা খেতেও ভালো৷,0
"পিরামিড নির্মাণে কোন ধরনের প্রযুক্তি ব্যবহৃত হয়েছিল, তা নিয়ে বিতর্ক আছে",0
"এই দেশ আবার সবুজ শ্যামলে ভরে উটবে,কৃষি উন্নয়ন,কলকারখানা,গার্মেন্টস,শিক্ষার উন্নতমান রাষ্ট্র হবে ভারত পুজা থেকে এই দেশ এখন স্বাধীন",0
"ওনার ভাষ্যমতে জিনিয়াস হয়ে কেউ জন্মগ্রহণ করে না, বরং জিনিয়াস বানাতে হয়। আপনিও কি ওনার সাথে একমত?",0
"কোন যুক্তিতে ছেলেটাকে দোষ দিবো বুঝতে পারছিনা। বেয়াদপ ছেলে বুঝতে পারছি কিন্তু নিজে থেকে তো হয়নি, ছোটোবেলায় হাতে ওই ফোন টা ধরিয়ে না দিলে এরম হতো না।",0
আর্টিস্ট যদি ভাবি না হয়?? তবে তো সংসার টাই ভাঙবে,1
ভাই শুধু এই বাটপার না ফোন কিনার আগে অবশ্যই রিকন্ডিশনে কিনবেন,0
লেখকের মতামত রাজনৈতিক ইতিহাসের একটি বিশেষ দিক তুলে ধরেছে।,0
"কিচ্ছু করার নাই ,সিন্নি কম ফকিন্নি বেশি",1
কনফার্ম জান্নাতি সিংগার,1
কয় টাকায় ফিটিং হইছিল?,1
"বলাগড় করেন নাকি নাকি বলৎকার করেন কি জানি,,",1
"যায় দিন ভালো , আয় দিন খারাপ",0
2017 সালে যখন কক্সবাজার ছেড়ে যাই তখন আশেপাশে কত গাছগাছালি ছিলো ২০২২ সালে যখন আসি আমি পুরাই অবাক আশেপাশে কত পরিবর্তন কোনো গাছপালার টিকিও নাই।,0
"সমস্যা করো, ডিলিট হবে!",1
ছাগুবাজার পত্রিকা,1
"বাইক গিফট করবে হয়ত, তাই বাইকের হেলমেট নিয়ে যেতে বলেছে",1
তর বাপের দেশে অনেক জায়গা আছে।,0
"জান ছাড়া জানুয়ারি চললে,ফেব্রুয়ারি ও বিষয় না!",1
তাকে যেভাবে প্রোগ্রাম করেছে সে ঠিক তেমনি ভাবে ফিডব্যাক দিবে।,0
বরং তারা তাদের সারাজীবনের উপার্জিত বৈধ টাকার একটা বিশাল অংশ মানবতার কাজে ব্যয় করেছেন।,0
"মা, মেয়ের, কথা সুনারপরে বুঝলাম, যে কান্না করছে তার কথা সত্য হবে মনে হয়, কষ্ট না পেলে চোখে জল আসে না।",0
মাউসের অনিচ্ছাকৃত ক্লিকের কারণে কুইনের চাল ভুল জায়গায় দেন কার্লসেন। আর সেটাই জয়ের সুযোগ তৈরি করে দেয় মুগ্ধর জন্য।,0
জীবনের এতোটা বছর পার করে ফেললাম এখনো যোগ বিয়োগ লিখতে পারি নাই আর এরা এই বয়সে এসব,1
জয় বাংলা জয় বঙ্গবন্ধু মমতাময়ী মা দেশরত্ন শেখ হাসিনা,1
"কিন্তু পরে প্ল্যান্টের প্রধান প্রকৌশলী ওলেক্সান্ডার তিতারচুক বলেছেন যে তেজস্ক্রিয় পদার্থের লিক হওয়ার সম্ভাবনা ""এখনও বিদ্যমান""।",0
"এই পার্ভাট জানোয়ারদের কমেন্ট দেখে হাসিও পায় আবার করুনাও লাগে। এরা নিজেদের যেখানে সংখ্যা বেশি সেখানে ভিন্ন মত সহ্যই করতে পারে না, কিন্তু নিউজিল্যান্ড, অস্ট্রেলিয়া, আমেরিকা সহ উন্নত বিশ্বে যেখানে সংখ্যায় কম সেখানে সহনশীলতা, ভিন্নমত সব চায়। নিজেদের টা হইলেই সব ঠিক। আর বাকিদের টা বেঠিক... এদের রাখার দরকার টা কি?? সব দেশ থেকেই তাড়ানো উচিত",0
আর যারা নিজের টাকা দিয়ে টিকিট কেটে অর্থ সময় ব্যয় করে গলা ফাটিয়ে সমার্থন করলেন আপনারা কি পেলেন,0
প্রকৃতির মাঝে হাঁটতে হাঁটতে জীবনের অনেক দিক সম্পর্কে নতুন উপলব্ধি পাওয়া যায়।,0
"ছোটবেলায় শীতের রাতে পাড়ার বন্ধুদের সাথে তেমন করেই আমার এই ব্যাডমিন্টন আসক্তির শুরু, যা আজও আমার জীবনে ইতিবাচক ভূমিকা রেখে চলেছে। জীবনে সফলতা এবং ভাল থাকার জন্যে সুস্থ থাকা অপরিহার্য।",0
গোলাপি রঙ হলে তো হবে নাহ গোলাপির মত চরিত্র থাকতে হবে,1
"তুমি এসো আমার জীবনে , একান্তোই আমার হয়ে",0
অসংখ্য ধন্যবাদ আল্লাহ আপনার রহমত করুক,0
"বাই জয়কলির বইও পড়ে আবার উন্মেষ কোচিংও করে,,, আমরা শুধু তাকাইয়া তাকাইয়া দেখি",0
এই দুই বেডি নিজেরা ঝগড়া করবো আর মাঝখান দিয়া মরমু আমরা সাধারন মানুষ,1
"ঈশ্বরের ইচ্ছায় উনি বেঁচেছেন,এখানে ওনার বাবার কোনো অবদান নেই",0
নিজের কাজের প্রতি দায়িত্বশীল হওয়া জরুরি।,0
এমন যেনো না হয় পুরাতনের মধ্যে নুতুন মোড়কে কালার কইরা রাস্তায় নামায় দিসে। সব যে এক সাথে পরিবর্তন হবে আমি সেটাও মনে করিনা কিন্তু একদম খারাপ অবস্থার গুলা অন্তত কিছু কিছু করে বাদ দেয়া হয়।,0
হ্যা প্লেন তো করেছিলো... আমাকে নিয়ে সাথে আরো 69 others...,1
নিলে তো খুশি হতাম,0
"কাহিনীতে যে জটিলতা ছিল, তা সঠিকভাবে উপস্থাপিত হয়েছে।",0
পারস্য সাম্রাজ্যের সময় মরুভূমিতে বরফ তৈরি করার এই প্রাচীন পদ্ধতি অত্যন্ত চমকপ্রদ এবং আধুনিক প্রযুক্তির আগমনের আগে তাদের দক্ষতা ও বুদ্ধিমত্তা প্রমাণ করে।,0
ম্যাচ হেরে আবেগে আপ্লূত চিটাগং কিংস এর বাস ড্রাইভার। এটাই বাংলাদেশের মানুষের আবেগ,0
মুক্তিযুদ্ধা হলেই কি সে দেশপ্রেমিক নাকি?,0
ব্যাপারটা হাস্যকর হলেও ভবিষ্যতে বড় বিপর্যয় হতে চলেছে। আমরা মেশিনের উর প্রয়োজনের তুলনায় বেশি নির্ভরশীল হয়ে প্যারালাইসড হয়ে যাচ্ছি । এটা যতটা উন্নত তার থেকে কয়েকগুণ ভয়ংকর। ভবিষ্যতে না জানি কত ভয়াবহ রুপে তৈরি হয় এই এ আই।,0
এধরনের উদ্যোগকে সাধুবাদ জানাই ভালো কাজে কোনো লজ্জা নাই,0
"কাজ না করতে দিলে,কাজ দিবে না! আমি ফ্রিল্যান্সিং এর কথা বলছি।",1
ফ্লোরে খেললে কোনো আওয়াজ হয়না ব্রো সস্তা টিপস,1
মেয়েরা চাইলে আমাকে মেসেজ দিতে পারেন।,1
ইজরাইলের জন্য আমেরিকার লস এন্জেলেসে বিশাল পোড়ো জায়গা পড়ে আছে। চাইলেই আবাদ করে নিতে পারে!,1
"দূষণ প্রতিরোধে শুধু নিম গাছই নয়, আরও বেশি উদ্ভিদের প্রয়োজন",0
"সুন্দর পরিবেশ নষ্ট করবেন না, শান্তিতে থাকতে দেন। আপনি ছাড়া অনেক ভালো আছি আমরা আলহামদুলিল্লাহ।",0
আজব এক ঘটনা অপরাধ করছে একজনে সাজা বোক করছে অন্ন জনে,0
খুব ভালো আছেন,1
আমি ভাবনার স্বপ্নজালে বাস করি । কিন্তু এত চিন্তা করতে পারি না,0
"ছাত্রদের প্রতি কোচিং সেন্টারগুলির আচরণ সবসময় সঠিক না হওয়ায় কিছু ছাত্র মানসিকভাবে ক্ষতিগ্রস্ত হয়। তাদের উপর চাপ তৈরি করা, অবহেলা বা অন্য কোনো অসামঞ্জস্যপূর্ণ আচরণ তাদের আত্মবিশ্বাসকে ক্ষতিগ্রস্ত করতে পারে।",0
"ইন্ডিয়ান ট্রেনিং প্রাপ্ত অভিনেত্রী ,বাংলার সবচেয়ে বড় অভিনেএী শেখ হাসিনা পালিয়ে গেছে, শেখ হাসিনা নাই, শেখ হাসিনা চলে গেছে! শেখ হাসিনা পালায় না!",1
আবারো বিনোদন !,1
"মেয়ের বাবা বাদে সবাই রাজি,, দোয়া চাই, আল্লাহ যেন দ্রুত উনাকে রাজি করিয়ে দেন",0
কদিন পর বলিস না যে ইন্ডিয়া আমাদের দেশ স্বাধীন করছে,1
স্টান্ডার্ড এডমিশন টেস্ট দিয়ে ভার্সিটির পরিবর্তে কলেজে পড়বো আর ন্যাশনালের চেয়েও বেশি সেশনজট ফেস করবো।,1
ক্যাপ্টেন হিসেবে অসাধারণ খেলা হয়েছে আলহামদুলিল্লাহ বরিশাল বিপিএল কাপ যাবে লঞ্চ রেডি আছে,0
কেউ ভালো চিন্তা করলে ভালো কাজ করলে এবং ভালো কাজের উৎসাহ দিলে আমার অনেক শান্তি লাগে হোক সে মুসলিম অথবা অমুসলিম তার মানে আমি সেইসব লোক থেকে আলাদা আলহামদুলিলাহ।,0
মানুষের মুখ আটকে রাখা যায় না তাই কান বন্ধ করে রাখাই শ্রেয়... এগিয়ে যান আপনার স্বমহিমায় কে কি বললো কি আসে যায়...,0
এই দিকে কিছুই না জানা আমি ক্যাপশন আর গান শুনে বেহায়ার মতো হাসি,1
"সত্যের বানি হয় সত্যের আলো, একেবারে সত্য।",0
মানুষের সম্মান কেড়ে নেওয়ার পরে তাকে আর বাঁচার মতো অবস্থায় রাখলেন??,0
বাগানের জায়গা ছোট হলেও সঠিক পরিচর্যা করলে গাছ ভালো ফল দিতে পারে।,0
বাহ খুব চমৎকার অসাধারণ,0
"তবে ওসব দোকানে আজকাল পুরোনো বইয়ের সন্ধান মেলে কম, তার চেয়ে অনেক বেশি মেলে বিশ্বসাহিত্যে সম্প্রতি আলোড়ন তোলা বইগুলোর স্থানীয় ফটোকপি।",0
আমি বরিশাল টিমকে সাপোর্ট করি... কিন্তু এই বেডির জন্য মনডা শুধু চিটাগাং চিটাগাং করে,1
পোশাকের উপর ভিত্তি করে কাউকে বিচার করা উচিত নয়।,0
খেলোয়াড় দুইটা ঘরেই আছে,1
"এজন্য, ইসলামে খতনা তে অনুষ্ঠান করা নাজায়েজ, আপনারা কেও ওসবে অনুষ্ঠান করতে যাবেন না",0
গরিবের ছেলে মেয়ে সব সময় ভালো মনের হয়।এটা আমাদের বাবা মায়ের শিক্ষা।,0
"উনার এই সাফল্য অর্জন করা সত্যিই অনেক কঠিন ছিল, যা তিনি করেছেন।",0
একজন স্টুডেন্ট ভালো রেজাল্ট করেছে বাহবা না দিতে পারলে চুপ থাকা উচিত এত্তো এত্তো চুলকানি কিসের??,0
"এইটে চাই। এটা রসায়ন নয়, রাসায়নিকের গল্প।",0
"এই কেমিক্যাল আমদানি, উৎপাদন বন্ধ করতে হবে। তাহলে কৃষকরা মেশানোর সুযোগ পাবে না এটা যথাযথ কর্তৃপক্ষের দৃষ্টিতে আনা প্রয়োজন।",0
"মন চাচ্ছে অনেক কিছুই বলি বাট বলতে পারছি না কারণ ডিজিটাল নিরাপত্তা আইন আমাদের কথা বলার অধিকারও কেরে নিয়েছে,,,,",0
আমরা শয়তান দেখিনি কিন্তু ইবলিশ দেখেছি।,1
"আবু সাঈদ কত তারিখে শহীদ হলো তা নিয়ে প্রশ্ন দিতে ভূল করেনি মেডিকেল, কিন্তু সে কেন শহীদ হয়েছিলো তা ভূলে গিয়েছে!",0
ঐ সময়টাই ছিলো লিজেন্ডারি ৷ কি অদ্ভুত ভাবে সময়গুলো হারিয়ে গেলো ৷,0
"বউ ব্যবসায়ীর পক্ষ থেকে তীব্র নিন্দা ও ক্ষোভ প্রকাশ করছি,,, অনতিবিলম্বে নিঃশর্ত মুক্তি না দিলে কঠোর কর্মসূচি ঘোষণা করা হবে,,",1
আর আমি শত চেষ্টা করেও দাগ বসাতে পারলাম না।তার চামড়া মনে হয় গন্ডারের,1
"প্রচ্ছদ ডিজাইন করতে হবে ডিজিটাল পদ্ধতিতে অর্থাৎ মোবাইল বা পিসির মাধ্যমে। হাতে তৈরি করা, আঁকা প্রচ্ছদ এই প্রতিযোগিতার জন্য গ্রহণযোগ্য নয়।",0
"তাহলে কাকুলি ফার্নিচারের খাট কিনুন , কারণ খেললেও আওয়াজ হয়না",1
ছোট ছোট ছেলেমেয়েদের অধঃপতনের একমাত্র কারন টিকটক,0
সাবজেক্ট কি নাট্যকলা পেয়েছিলো নাকি ইস্পাত ভাইটি,1
"সুতরাং ঐগুলো তাদের বাড়ীঘর, যা তাদের জু লু মের কারণে বিরান হয়ে পড়ে রয়েছে। নিশ্চয় এর মধ্যে নিদর্শন রয়েছে সে জাতির জন্য যারা জ্ঞান রাখে।",0
"বিসিএস প্রস্তুতির জন্য এত বিস্তারিত পরামর্শ পাওয়া খুবই উপকারী, ধন্যবাদ।",0
মামা তাইলে তোমার অভিনয় না করলেও চলবে গাড়ি বাড়ি এমনি অটোমেটিক হয়ে যাবে কাস্টম বলে কথা,0
"নিজেকে বিশ্বাস করুন, আপনি যেকোনো কিছু করতে সক্ষম।",0
এই কথা অন্য কেউ বললে ঈমান নিয়ে টানাটানি শুরু হয়ে যায়তো।,0
"আপনি সবসময় যা করে এসেছেন, এখনও যদি সেটাই করেন তাহলে সবসময় যা পেয়েছেন, এখনও তাই পাবেন।",0
লোক হাসানোর ব্যর্থ চেষ্টা,1
সত্য কোনো দিন চাপা থাকে না,0
আমি নিজে একজন মেয়ে হয়েও এই মেয়েটির কথা শুনে প্রেমে পড়ে গেলাম।,0
স্বামীর শাসন না থাকলে একটা মেয়ের যে কি অবস্থা হতে পারে এটা শাওনকে দেখলেই বুঝা যায় যাইহোক তাকে গ্রেফতার করাতে খুব ভালো লাগতেছে,0
এইবার হবে বুবলি অপু দুইটাকে নামানো হোক দেখি কি করে হারিয়ে দেয়,1
এই ভদ্র মহিলারে তো অনেক আগেই গ্রেফতার করা উচিত ছিলো। এতো পরে কেনো?,0
"প্রকৃতির মাঝে সময় কাটানো আমাদের মানসিক শান্তি নিয়ে আসে, আর বাবা-মায়ের সান্নিধ্য জীবনের সবচেয়ে বড় আশীর্বাদ।",0
আয়োজনে অন্তত থার্ড ক্লাসে বসার মত একটু জায়গা করে দেওয়ার জন্য কর্তৃপক্ষের নিকট সনির্বন্ধ অনুরোধ।,1
চলচ্চিত্রের শুরুতেই রাজা রবি বর্মার আঁকা স্ত্রী-পুত্র সহ হরিশচন্দ্রের একটি চিত্র দেখানো হয়েছে।,0
সময়ের সাথে সাথে বিজ্ঞানীরা নতুন তথ্য আবিষ্কার করবেন,0
এখন ওর নিতম্ব দিয়ে আলো দেওয়া হোক --।,0
আরে ভাই বিয়ের দিবস টা বাকি আছে এটা ও করে দেও এতো দিবস থাকে কোনদিন বাংলাদেশ বলে সম্ভব,1
"কোনো ব্যাক্তির কথা বলা তাঁর চিন্তা ভাবনা ,,,,ও তাঁর পারিপার্শ্বিক জগতে তাঁর আচরন ব্যাবহার দেখে ,,, সেই ব্যক্তির সঠিক ""Mental age "" কখনো অনুমানের ওপর ভিত্তি করে পরিমাপ করা যায় না ,,,, তাই কোনো ব্যাক্তির সঠিক IQ পরিমাপ করাও অসম্ভব ।",0
"সরল জীবনযাপন জীবনকে সহজ করে তোলে, এবং এটি বাস্তব অর্থে গুরুত্বপূর্ণ বিষয়গুলোর প্রতি মনোযোগ দিতে সাহায্য করে।",0
এত বড়লোক্সের বউ কেন আনস্যাটিসফাইড!! কেন কেন কেন!! টাকা কামানোর চক্করে বড়লোক আংকেলরা শরীরের যত্ন নেয়না! আফসোস,1
"সত্যি, তথ্য যদি পুরানো হয়ে যায় তবে সেটা পরে বিভ্রান্তি তৈরি করতে পারে। সবসময় আপডেটেড তথ্য ব্যবহার করা উচিত।",0
"সে ও মনে হয়,তাকে এভাবেই বলেযার জন্য তুমি ভাত খেতে পারোনি",1
অন্যায় চুপচাপ মেনে নিতে পারিনি,0
বারো রকমের ভাত রান্না করতে পারলে বারো ভা ...রী।এখানে তো বিশ রকম ভাত রান্না চলছে!,0
"বিসিএস প্রিলিমিনারির জন্য সঠিক প্রস্তুতি কেমন হওয়া উচিত, খুব ভালোভাবে ব্যাখ্যা করা হয়েছে।",0
তো কানাডায় কি এডুকেশন নাই যে অতিরিক্ত স্বাধীনতায় মেয়েকে মানুষ করতে পারছিলেন না ?,0
"সিলেটে এতো কাস্টমার আপনাদের , কিন্তু দু খের বিষয় আপনাদের কোনো ব্র্যাঞ্চ নেই সিলেট বিভাগে । কোনো উদ্যোগ ও নাই আপনাদের ।",0
"যার যেটা নেই সে কখনও সেটার মূল্য বুঝে না, একমাত্র সেই ব্যক্তিই সেটার মূল্য বুঝে যার কোনো জিনিস পূর্বে ছিল কিন্তু এখন নেই।",0
আগে জাতীয় নির্বাচন মানেই স্থানীয় নির্বাচনে তখন নিজেদের দলের লোক বসাবে সেক্ষেত্রে দেশে আবার ফ্যাসিবাদ গড়ে উঠবে,0
জীবনে বড় কিছু করার জন্য ছোট ছোট পদক্ষেপ নিতে হয়।,0
কি করবে ওদের ফেরত পাঠানো ছাড়া রাস্তাঘাটে যেখানে সেখানে মলত্যাগ করে,1
"মানুষ কীভাবে এত নিখুঁতভাবে পিরামিড তৈরি করেছিল, তা ভাবার বিষয়",0
এর জন্য ইউসুফ সরকারকে চরম বলে দিতে হবে,1
ঢাকাকে পুরো বাংলাদেশে রিপ্রেজেন্ট করা একদম উচিত না। এইটা দেশের গর্ব কম লজ্জা বেশি। বাংলাদেশকে বিদেশীরা ছোট করে এই ঢাকাকে দেখিয়েই,0
কথা বলার স্বাধীনতা সবাইকেই দেওয়া উচিত!,0
"Husband - আমি প্রধানমন্ত্রী হলে পুরো দেশ বদলে দিতাম Wife - সকাল থেকে লুঙ্গী মনে করে, আমার ""সায়া"" পরে ঘুরছো আগে সেটা বদলে এসো।",1
"২ ১ জন ইন্টেনশনালি ভাড়া নিয়ে ঝামেলা করলেও বেশিরভাগ চাকুরীজীবী ঝামেলায় আছে ভাই।সংসার,চাকরি,প্রমোশন,অফিস পলিটিক্স,দ্রব্যমূল্য,বাসাভাড়া, মেডিসিন, বাচ্চাদের পড়াশোনা... আমি আর লিখতে পারছি না ভাই।",0
"ভাইয়ের কাছে অংক ক্লাস করতে চাই। কারণ, আমিও চাই এমন হিসেব করে সবাইকে বড়লোক বানিয়ে দিতে।",1
"এটা আরো আগেই হতো, মানুষ আসিফ নজরুলদের ধোকায় পড়ে সেদিন পিছু হটেছিলো, এখন আসিফ নজরুলদের মুখোশ উন্মোচন হয়েগেছে,, এবার আর আওয়ামীদের কোনো ছাড় নয় ইনকিলাব জিন্দাবাদ",0
তরুণ প্রজন্ম বুঝে গেছে তাদেরকে ব্যবহার করা হয়েছে। তরুণ প্রজন্মের আস্থা শেখ হাসিনাতেই,1
সমকামিতা বর্তমান বিশ্বে একটি ভয়াবহ ফিতনা। এটি বাংলাদেশে ছড়াচ্ছে। তাই এই সিদ্ধান্ত নেয়ার জন্য ট্রাম্পকে ধন্যবাদ।,0
পাট থেকে তৈরি এই ব্যাগ প্লাস্টিক দূষণ কমাতে সাহায্য করতে পারে।,0
"শেষমেষ রোবটও তার অন্য রোবটদের নিয়ে পালালো, আর এইদিকে আমার পিও এখনো আমাকে একবারও দেখা দিলো না! পিও তুমি কোথায়?",1
মিথ্যা স্বপ্ন দেখানোর চেয়ে সত্যিটা স্বীকার করাই ভালো।,0
ভাই তুই গান গাইতাছোস আর লজ্জা করতেছে আমার,1
পৃথিবী প্রতিনিয়ত ঘুরে নিজ অক্ষে এবং সূর্যকে কেন্দ্র করে। কিন্তু এর ফলে আমরা ছিটকে পড়ি না কেনো? এ বিষয়ে বিস্তারিত ভিডিও চাই।,0
সম্বনয়কের বিরুদ্ধে এত বড় অপবাদ মেনে নেওয়া যায় না,1
"আগে থেকেই পাকিস্তান সুপার লিগে পারফর্ম করা প্লেয়ার, দুইটা মৌসুম খুব ভালো খেলেছে",0
ভাই এইগুলা দেখলে এখন নিজেকে ছাগল মনে হয়। আমরা বাঙালী পারিও আবালদের নায়ক ভাবতে।,0
"প্রিয় উপন্যাস। এবং বেশ ভয় ধরানো কথাবার্তা... আদতে আমার নিজের প্রায়ই মনে হয়, জীবদ্দশাতেই বোধয় ডিস্টোপিয়ান বাস্তবতার পূর্ণায়ন দেখে যাবো! তার কতটা আছে বাকি, তাই ভাবি.",0
"আমি দেখতে চাই তুমি কি হও! ততোদিন যদি বেঁচে থাকি...একটি প্রবাদের কারণে ভয় হয়, খালি কলসি বাঁজে বেশি"" আশাকরি প্রবাদটি মিথ্যা প্রমাণিত করবে তুমি।",0
মায়ের মুখে সন্তানের নাম সবসময় ভালোবাসা নিয়ে উচ্চারিত হয়।,0
শেষমেশ বাংলাদেশে আর একটাও কলেজ থাকবে না,1
"ইও পপস,, আসসালামুআলাইকুম",1
এইসব প্রোগ্রামের ভুল-টোল না। যৌবনের জ্বালাই রোবটকে দিয়ে এই কাজ করিয়েছে।,1
বয়স বাড়লেও মনের কি বয়স বাড়ে? মানুষের মনের চাহিদা কমে?,0
সারাহর ইনফ্লুয়েন্সার ক্যারিয়ার সত্যিই দারুণ। তার কাজ দেখে বোঝা যায় যে নিজের জায়গায় সে কতটা আত্মবিশ্বাসী।,0
"কাজি আর বউ বাসার গেইটের বাহিরে রেডি রাখেন,রুহু বের হওয়া মাত্রই ডেকে এনে কবুল বলে ফেলুন",1
মাত্র ১২ টা ছবি কেন পিও,1
প্রীয় জনকে কিক দেওয়ার দিন কবে জানায়েন,1
আসলেই গ্রেফতার করছে নাকি গ্রেফতার দেখিয়ে নিরাপদ এক্সিট দিচ্ছে,0
এই পর্বতগুলোর আবিষ্কার কি মহাদেশীয় গতিবিধির উপর নতুন কিছু ধারণা দেবে?,0
পড়ুয়াদের জন্য চশমা-পড়া বাধ্যতামূলক মনে হয়,1
এই দুনিয়ার বেশির ভাগ মানুষই অপরাধী।,0
"কিছু কিছু সমাজে যেসব পরিবর্তন হচ্ছে, তা কি সত্যিই আমাদের সংস্কৃতির সাথে সামঞ্জস্যপূর্ণ?",0
এই মুহূর্তে দেশে তোমাকে দরকার।তোমার এতোবুদ্ধি নিয়ে প্রবাসে থাকা ঠিক হচ্ছে না।,0
ভাই এদের কেউ থামা,1
"শেষের মাত্র দু লাইনেই নারীদের সংগ্রাম ও কষ্টগুলো কি সুন্দর ভাবে বললেন,,, একটা নারীর এত কষ্টময় সংগ্রাম ২ লাইনেই কি সুন্দর করে ডিসক্রাইব করলেন,,, শিক্ষিত মানুষ এমনই হয়,,, বাংলাদেশ একটা যোগ্য নেতা পাইছে",0
ঢাকা শহরে দেড় ঘন্টা পড়াতে লাগলেও রাস্তায় যাওয়া আসা মিলিয়ে অন্তত ২ ঘন্টা যায়।,0
একজন টেসলাকে হারিয়ে ফেলা খুবই সহজ কিন্তু শত বছরেও আর একজন টেসলার ফিরে না আসা এটা চিরসত্য।,0
"উনার জীবনের কষ্টগুলো শুনে মনটা ভীষণ ভারী হয়ে গেল। এত প্রতিকূলতার মধ্যেও উনি যেভাবে সফলতা অর্জন করেছেন, তা সত্যিই দারুণ।",0
"ই নেন দিলাম, খুবই ভালো মেয়ে।এবার আমার টাকা আমাকে বুঝায় দেন",1
"আরো ১১ জন আছে বাংলাদেশ ক্রিকেট টিমে, ওদের গণনায় ধরছে কিনা জানিনা?",1
"প্রতি টা পুরুষই কোন না কোন মায়ের সন্তান তাই সকল মহিলার উপর শ্রদ্ধা ভক্তি রাখা উচিত, বয়সের প্রার্থক্যটা মনে রাখা উচিত। মন মানসিকতা পরিবর্তন করেন।",0
কিন্তু অচেনা শহরে কেউ আদর করবেনা,0
সাপ যেন আবার গর্তে না ঢুকে,1
মার্চের দিকে হবে ইনশাল্লাহ।,0
মায়ের জীবনে সন্তানের ভালোবাসাই সবচেয়ে বড় শক্তি।,0
"কিন্তু মেয়েরা এসব কথা শুনতে চায়না বা মানতে চায়না বা কোনো মহিলাকেও দেখিনি এবিষয়ে কেউ প্রোটেস্ট করছে, মেয়েদের অত্যাধিক স্বাধীনতার জন্যে আজ ছেলেদের এই অবস্থা এটাই বাস্তব সত্য।",0
"কেউ ভয় পাবেন না, লায়লার নতুন ছেলে জন্ম নিয়েছে",1
আর অবিবাহিত মেয়েদের সামনে কি ভাবে?,1
বাস্তব রে ভাই। এই বিষয় গুলোকে আরও মেমে পোস্ট বানিয়ে প্রচার করা উচিত। কারন যে কেউ এই বিষয় গুলো পার্সোনাল ভাবে পোস্ট করতে লজ্জা পাই।,1
একদম। আমি মানুষকে যতটা গুরুত্ব দেই মানুষ ততটাই অবহেলা করে। এটা খুব কষ্টের ব্যাপার। যা অপর জন বুঝেই না।,0
হিন্দু ধর্মে গেরুয়া পোশাক পরিধান আধ্যাত্মিকতা ও ধর্মীয়তার প্রতীক।,0
"ভাই প্রচুর পেরা। বাপের লোনের বোঝা, ভাইদের সাইনিং, বড় ছেলে হওয়া কষ্ট",0
একজন প্রতিযোগী একাধিক পোস্ট করতে পারবেন।,0
বাবার ক্যামেরা কি আগে থেকেই ফোকাস করা ছিল! বাবার মনে ছেলের প্রাণ বিপন্ন হওয়ার জন্য শিহরন বা আতঙ্ক কোন কিছুই অনুভব হয় নি? আশ্চর্য!,0
প্রচুর পড়ে বিদ্যাসাগর হতে হবে ',1
খুব ভালো লাগলো। আমাদের সময়ে শিক্ষকরা এখনও দেখলে চিনতে পারেন,0
ছোট থেকে শুরু করতে পারলেও বিজনেস এ নিজের রাজ্যের রাজা হওয়া যায় Business,0
প্রত্যকে ছাত্র সমান অধিকার,0
এত সুন্দর কমেন্ট করার জন্য আপনি পেয়ে যাচ্ছেন - ৫ কেজি মিনিকেট চাল ২ কেজি আলু ২ কেজি মুসুরি ডাল ২ কেজি দেশি পেয়াজ ৫০০ গ্রাম মরিচের গুড়া ৫০০ গ্রাম হলুদের গুড়া ১ কেজি দেশি রসুন ১ কেজি দেশি আদা ২ লিটার সয়াবিন তেল ১ কেজি লবণ ও ১ কেজি আটা উপহার গুলো আপনার নিকটতম যেকোনো মুদির দোকান থেকে আমার কমেন্ট দেখিয়ে সংগ্রহ করবেন!! ধন্যবাদ দেওয়ার কোনো দরকার নেই!,1
নারী ফুটবল টাকেও চক্রাকরে শেষ করে দিচ্ছে।,0
বাটন ফোন প্রো মেক্স,1
চীন এবং যুক্তরাষ্ট্রের প্রযুক্তি শিল্পে প্রতিযোগিতা বিশ্ববাজারকে প্রভাবিত করছে।,0
"যখন ভর্তি হয়েছে, তখন কলেজ জেনেই এবং মেনেই ভর্তি হয়েছে। এখন বিশ্ববিদ্যালয় লাগবে কেন?",0
চকলেট দেখে সৌমেন দাশের হিন্দুত্ববাদ জেগে উঠেছিলো।,1
অনেক সুন্দর আমার কাছে ভালো লেগেছে আপনি,1
লাভ নাই ভাই যাই করেন দোষ সব আপনারই হবে দিন শেষে তুই কি করছত সারাজীবন এইটা শুনতে হয়,0
ওইটা প্রাণীদের ভূত,0
মুক্তিযোদ্ধার সন্তান কোটার মাধ্যমে তাদের ত্যাগের স্বীকৃতি দেওয়া হয়।,0
আগের দিনগুলোই অনেক সুন্দর ছিলো সবই সোনালী অতীত,0
"নৌ-গোয়েন্দারা বরিশাল শহরে মুক্তিযোদ্ধাদের চিহ্ন খুঁজে পায়, এবং তারপরই অভিযান পরিচালনার সিদ্ধান্ত নেয়।",0
তার তো দেশ নিয়ে বা দেশে আসা নিয়ে কোন চিন্তা নেই। তাকে কি কেউ প্রশ্ন করেছে এখন সে দেশে আসে না কেন। কারন এই দেশ ধ্বংশ করার জন্য সে অনেক টাকা হাতিয়ে নিয়েছে তাই দেশের বিরুদ্ধে ষড়যন্ত্র করে যাচ্ছে।,0
"হে সখা, আমি দিলেম তোমায় পুষ্প, মৎস্য ও ফল, তুমি দিলে মোরে ঢেলে জল!",1
১০০ সত্যি বদনজর মানুষকে কবর পর্যন্ত নিয়ে যায়,0
"বাহিরের নারী লাগবে না, যত বউ আছে তাতেই হয়ে যাবে",1
না রে ভাই সে অন্য কিছু ভাবতেসে,1
আমার বাপ তো আমাকে মামুর ব্যাটা বলে,1
মানুষের চেহারা আর গঠন নিয়ে আলোচনা তারাই করে। যাদের জন্মের ঠিক নেই।,0
জ্বি । হুজুর সন্তান যখন জন্ম গ্রহন করবে তখন সন্তান কে অস্বীকার করলেন । আর এখন সন্তান টাকা কামানোর উপযুক্ত হাওয়া পিতৃত্বে দাবি করেছেন । বাহ হুজুর বাহ,1
এখানে একধরনের সততা থাকতে হবে।,0
"""যত বেশি পড়ে, তত বেশি জানে, তত কম মানে""",0
দাম্পত্য জীবনে খুবই গুরুত্বপূর্ণ স্বামী স্ত্রীর যৌন জীবনের বোঝাপড়া। যারা বুঝে তারাই সুখী। যারা বুঝে না তারা চরম অশান্তিতে ভোগে।,0
স্থানীয় জনগোষ্ঠীকে চাকরিতে অগ্রাধিকার দিয়ে দেশের প্রত্যন্ত অঞ্চলের উন্নয়ন ঘটানো যেতে পারে।,0
লেখাটি বর্তমান প্রেক্ষাপটে গুরুত্বপূর্ণ কিছু ইস্যু সামনে এনেছে।,0
"ছোট বেলা গানটা শুরু হওয়ার আগেই চ্যানেল চেঞ্জ করে দিতাম গানটা একদমই ভাল্লাগতো না, আর এখন বড় হয়ে গানটার প্রতিটা শব্দের মানে বুঝতে পারছি।এখন গানটা শুনতেও ভালো লাগে।",0
আমার এক বিলিয়ন আপনে রেখে দেন।ওইটা দিয়ে গনিতের কোর্স কইরেন,1
আমি ইদানীং সারাহ্ টেনডুলকার এর বিরাট ফ্যান হয়ে গেছি।,0
বিশ দর সাপ এর কামড় কিন্তু ২ দাও থাকে,1
দৌড়টা ভালো ছিল,0
পুরাতন বাস গুলারে নতুন ইলেক্ট্রিক বাস দিয়ে রিপ্লেস করা উচিৎ। দেশে ওয়াল্টন এর সাথে চাইনিজ কোম্পানীর জয়েন্ট ভেনশনে ইলেক্ট্রিক বাস উৎপাদন করতে পারলে নতুন কর্মসংস্থান তৈরী হবে সাথে দক্ষ জনবল তৈরী হবে।সরকারের এ বিষয়ে চিন্তা ভাবনা করা উচিত।,0
বর্ণাঢ্য কর্মময় জীবনে সোহানা সাবা অনেককেই খেয়ে দিয়েছে।,1
"বিকেলে হাটতে গেসিলাম ওইদিকে আল্লাহ সবাইকে হেফাজত করুন,,আমিন",0
উনার জীবন সংগ্রামের এই গল্পটা ভীষণ অনুপ্রেরণাদায়ক। নিজের লক্ষ্য অর্জনের জন্য কঠিন পরিস্থিতিতেও লড়াই করা উচিত।,0
নতুন রাজনৈতিক দলের অনেক প্রয়োজন আছে,0
ড্রাইভার গাড়ির দরজা খুলে দেওয়ার একটি বিশেষ মুহূর্ত।,0
"ব্যক্তিগত এবং সামাজিক মূল্যবোধের মধ্যে ভারসাম্য রাখা গুরুত্বপূর্ণ, বিশেষ করে সম্পর্কের ক্ষেত্রে।",0
মা রা যাবার আগেই বিয়ে করে রাখেন. তার পর মা রা গেলে বাসায় নিয়ে যান,1
কম্বলের ভিতরে শুয়ে একটা কমেন্ট করলাম,1
ছাত্রলীগের অসমাপ্ত কাজগুলোর দায়িত্ব নিয়েছে বর্তমানে ছাত্রদল।,1
এটা দেখে চোখ দিয়ে পানি বের হওয়ার বদলে অন্য দিক দিয়ে পানি বের হচ্ছে,1
"এক বক্তব্যে ক্ষমতা শেষ, অপর বক্তব্যে বাড়ি শেষ",1
সত্য কথা বলার সাহস এবং সঠিক সিদ্ধান্ত নেওয়ার ক্ষমতা একজন শিক্ষিত মানুষের অন্যতম গুণ।,0
এখান থেকেই জন্ম নিলে এরকমই হবে ভাই।,0
আজ প্রচ্ছদ বানাতে পারিনা বলে,0
এমন সুন্দর মানুষ সবার জীবনে আসুক। সবার আগে আমার জীবনে আসুক,0
"এই কথা সিইসি জানেনা কেন, জাতি জানতে চাই?",0
ভাইয়ে রাতে জ্বিনের সাথে ঝগড়া করছে,1
"সাফা কবির নাষ্তিক। কাফের, আল্লাহু তাকে যেন জাহান্নামে নিক্ষেপ করেন। আমিন",0
সবই ফাঁকা সেট,1
স্বজন হারানোর বেদনা দিয়ে শুরু করতে হবে আপা।,1
"ভারতের নাম পরিবর্তন করে "" বঙ্গভারত "" রাখার অনুরোধ জানাই ।",1
"ঠিক এই পাছা কবীর আমার দামী লুংগী চুরি করে নিয়ে ভেগেছে,এখন সেই লুংগী পড়ে ঘুরে বেড়ায় আর বলে এটা নাকি তার লং স্কার্ট।",0
আমি আমার ১৮ বছর বয়স পযন্ত এভাবে কারো হাত ধরি নাই,1
আমার কাছে কুরআানের সবচেয়ে কষ্টদায়ক আয়াত হলো সূরা কাসাস,1
বরিশাল বাংলাদেশের দক্ষিণাঞ্চলের একটি প্রধান শহর।,0
"ইয়ে মানে বলতেছিলাম এ উ মানে, ওহ মনে পরছে ...",1
"যার অন্তরে আওয়ামীলীগের প্রতি ঘৃণা নাই, তার অন্তরে ঈমান নাই।",0
ভালো হবে যেখানে মূল্য নেই সেখানে কষ্ট করে তো লাভ নেই,0
"থেনস সবকিছু বদলে দিল, এখন কোন মুভিটা সবার আগে দেখা উচিত? '",0
"যারা নামে বেনামে হাজার কোটি টাকা লোপাট করেছে,বাংলাদেশী আইন তাদের ক'জনকে জেলে ভরেছে,এ দেশের আইন শুধুই গরীবদের জন্যই।",0
আন্দোলন আর বিপ্লব ঘটিয়ে হাজারো প্রাণ আর রক্ত বিসর্জন এর মাধ্যমে যতবারই এটার একটি শাখা কাটা হচ্ছে ততবার ই আরেকটি শাখা জন্ম নিচ্ছে।,0
"স্টিভ জবস, মার্ক জাকারবার্গ কিংবা বিল গেটসের মতো ব্যক্তিরা সরল জীবনযাপন করেছেন, কিন্তু তারা এর মাধ্যমে সমাজে বিশাল প্রভাব ফেলেছেন।",0
"তারা গরু খায়-না, মানুষ ঠিক-ই খায়",1
যারা অন্ধকার পথে রাস্তা খুঁজে পাচ্ছে না তাদের জন্য একটা আলোর দিশা খুব সুন্দর খুব ভালো লাগলো।,0
ট্রাফিকের সর্বোচ্চ ওজন সহ্য করতে সেতুর ক্ষমতা নির্ধারণের জন্য এই ধরনের লোড টেস্ট গুরুত্বপূর্ণ।,0
অনেক চেষ্টা করেও ফ্যাসিস্ট কে রক্ষা করতে পারেননি। এখন এইগুলো লিখে আর কী লাভ বলেন!,0
মামা ঠিক কথা বলেছেন,0
আপনি তো জাস্ট গল্পই বললেন। কোন কাজটা করলে মেধার উন্নতি হবে সেটা তো বললেন না।,0
আহারে অসহায় কৃষক,0
"আপু- জাস্ট একবার রক্তদান করে সেই সেলফি আপলোড করেন, আপনার দেখাদেখি অনেকেই এগিয়ে আসবে রক্তদানে। প্লিজ- 3",0
অন্যান্য রাজনৈতিক দলকে শিক্ষা নিতে হবে।,0
"আপনি ভবিষ্যতে যে কোন মিডিয়াতে মন্তব্য করার আগে অত্যন্ত সতর্ক থাকবেন ! আমি স্পেশালি আপনাকে Beauty Without Brain এরকম ট্যাগ করতে চাচ্ছি না ! আপনি সুন্দরী , শিক্ষিতা , এবং বিবেকবান !",0
"পরে, রৌদে দেখবো পুলিশের বারবি কালারের পুটকি সাদা হয়ে গেছে!",1
জায়গাটার প্রেমে পড়ে গেলাম,0
"সুগার শাশুড়ীকে আটকে রাখে এমন সাদ্ধ্য কার আছে,,",1
সালাম জানাই তাদের,0
আমাজান জঙ্গলে অনেক জায়গা আছে সেখানে ইসরায়েল যেতে পারে না,1
বিয়ে মানে নিজে খাল কেটে কুমির আনা।,1
"ঠিক ব্যাখ্যা করা সম্ভব নয় হয়তো উচ্চাশাতাড়িত নয় বলে ঐ আনন্দের আস্বাদ, হয়তো বিশেষ সময়ের ছেঁকে-ধরা মেজাজের দীপ্ত উপহার, হয়তো যেমন আমার হয় অনেক সময় নিজের বিরুদ্ধে কাজ করে।",0
আসিফ সাহেবের শাশুড়ি কট,1
ভারত বয়কট অনলাইনে। ভারত চাইকট আফলাইনে।,0
সেই তো চেয়ারে দাঁড়া হয়ে সাক্ষাত,1
"কোচিং টসিং এর দিন শেষ, বাড়িতে পড়ার বাংলাদেশ",1
সে থাকলে আমিও সুখী থাকতাম.!,0
রুটি বেশি ফুলে গেছে ফাইটা যেতে পারে,1
আমি মুক্তি যুদ্ধ দেখিনি আমি শেখ হাসিনাকে দেশ থেকে পালাতে দেখছি আমি দেশদ্রোহী দেখিনি আমি শেখের নাতি জয় কে দেখেছি,1
"মামার চোখ যখন পড়েছে, তাইলে সেটাও শেষ",1
"প্রতিটি সম্পর্কের জন্য মূল্যবোধ থাকা জরুরি, সেটা শিক্ষার্থী হোক বা সাধারণ মানুষ।",0
এইবার নাটকের চরিত্র সুন্দর কইরেন ভাই ঘুষ বিহীন,0
"প্রোফাইল দেখলাম, তাকে সবাই রাশিয়ান বলছে। দেখে যা বুঝালাম তার বিষয়টি খুব ভালোই লাগছে। যায় হোক সে নিজেও জানেনা তাকে আসলে কি বানিয়েছে। যাকে আমরা সবাই বলি পদ্মা নদীর মাগি",0
আমিও চাই সাব্বির ভাই আমেরিকা দলে খেলুক কারণ বাংলাদেশের ক্রিকেট বোর্ড ভালো ভালো প্লেয়ারদের দাম দেয় না,1
আজ পর্যন্ত জানতে পারলাম না এটা কি জিনিস,0
ডিজিটাল জনশুমারী ও গৃহগণনা-২০২২ অনুযায়ী বরিশাল আয়তনে দেশের ১০ম এবং জনসংখ্যায় ১২তম বৃহত্তর মহানগর।,0
তারা ব্যবসার জন্য কত কিছু করতে পারে-,0
"আর হ্যাঁ, কমেন্ট করার আগে একজন ব্যাকরণবিদ এর কাছে থেকে জ্ঞান নিয়ে এসে এরপর কমেন্ট করবেন। যাতে আমরা সঠিকভাবে পড়ে বুঝতে পারি আপনি কি বুঝাতে চাচ্ছেন।",1
রাস্তাঘাট বন্ধের চেয়ে তিতুমীরিয়ানদের এবারের আইডিয়া খুব মনোমুগ্ধকর হয়েছে। ভবিষ্যতে সকল সেক্টরের আন্দোলনকারীরা এদের অনুসরণ করার আহ্বান জানাচ্ছি।,1
আবেগ নিয়ে তার বিজনেস বাহ,0
নিজের জীবনকে সহজ রাখার চেষ্টা করুন।,0
সদ্য ঘটে যাওয়া জুলাই-আগস্টের অভ্যুত্থান যেমন পাঠকদের ইদানীং আকৃষ্ট করে রেখেছে ইতিহাস ও রাজনৈতিক বিশ্লেষণ ঘরানার প্রতি।,0
ময়লা চরিত্রে তো ময়লা কালারই মানায়।,0
ইবাদতগুলো দুনিয়াবী উপকারিতার দিকে লক্ষ্য করে করা হবে তখন সেটা আল্লাহর জন্য হবে না। আর ইবাদত একমাত্র আল্লাহর জন্যই করতে হয়।,0
"আগে আমি ভেবেছিলাম মনে হয় আমার স্মৃতিশক্তি নষ্ট হয়ে গেছে, এই ভিডিওটা আমার জীবনের সাথে মিলে গেছে, আমি এই রোগে আক্রান্ত ছিলাম এবং এখনো আছি, এটা খুব যন্ত্রণাদায়ক",0
"ব্যস, ধনাঢ্য বিজ্ঞানী মার্কনী আবিষ্কার করলেন রেডিও।",0
"প্রয়োজন, তীব্র বাসনা মানুষকে এগিয়ে নিয়ে যায় সামনে। ওই ভাইয়ের জন্য শুভ কামনা রইল অনেক।",0
"সত্যি বলতে এখনি মোবাইল থেকে সেসব অ্যাপ ডিলিট করে দিলাম,,যেগুলো আমার high per activities বাড়িয়ে দিচ্ছে।ইনশাআল্লাহ সামনে এগুতে পারবো",0
ভাগ্যিস ছাত্রদের হাতে হাছিনার পতন হয়েছে অন্যতায় আ লীগ এমন সব কথা বলতেন যেন দেশে কিছুই হইনি হয়েছে শুধু একটা ষড়যন্ত্র,0
"আসসালামু আলাইকুম আলোচনাটা গুরুত্বপূর্ণ তবে বর্তমানে একজন ছেলে খোজে সুন্দর, লাম্বা। এক কথায় অসাধারণ হতে হবে আর একজন মেয়ে খোঁজে ছেলের টাকা কেমন আছে।এখনো অনেকে বলে দ্বিনদারীতা দেখতে কিন্তু আমার মনে হয় এটা মুখে বলে। বাস্তব হচ্ছে ভিন্ন",0
"ফেরেশতারা আমাদের জন্য আমীন বলেন, এটি আল্লাহর দয়া।",0
পরিচিতদের সন্তানদের জন্য উদারতার প্রতীক হিসাবে টাকা উপহার দেওয়া।,0
ভাই একটা সিরিয়াস কথায় থাপ্পর খাইয়া কমেন্ট করলাম,1
রিইউনিওনে নিজের ডায়েট সচেতনতার কথা জানানো।,0
এডিট টা ও ঠিক মতো করতে পারেন নাই ভাই,1
"এত্তো গ্যাপ দিয়েন না, পর পর ছাড়েন",0
"অনেকের দৃষ্টিভঙ্গি ভিন্ন হতে পারে, তবে এটি একটি গুরুত্বপূর্ণ বিষয়",0
"লাস্টের টুকু পড়ে মজা পাইছি, আমার চাচিরা আমার আম্মুর সাথে সাথে দেখলে বলে ঐযে মুরগির ছাও আইছে",1
ময়ুর চ্যাটার্জীর পক্ষ থেকে প্রচুর নিন্দা জানাচ্ছি,1
উন্নত মানের প্রযুক্তি তৈরি করা স্টার্টআপের জন্য বড় কোম্পানির সহযোগিতা প্রয়োজন।,0
এই পেজগুলো যারা চালায় এরা মূলত মানুষের মধ্যে পড়ে না। আর যদিও পড়ে বিকৃত রুচির মানসিক ভারসাম্যহীন কোন মানব ! না হয় দুনিয়াতে এত এত খবর থাকতে পেইজের নাম ডিজিটাল খবর নাম দিয়ে এই বাজে মানুষগুলোকে হাইলাইট করার চেষ্টা করতেছে। আসলে এই পেইজের পরিচালক গুলো নিজেরা নষ্ট এবং পরিবেশকে নষ্ট করার জন্য উঠে পড়ে লেগেছে।,0
নিম গাছের অর্থনৈতিক দিকটা আরও বিশদে জানা দরকার,0
চলে যাওয়া বেটার হবে।বিডি টিমে জায়গা পাওয়া যাবে না ওর,0
ওয়াইফাই ব্যবহার করে দূর থেকে নিয়ন্ত্রণ করা সম্ভব হয় যন্ত্রটিকে। বিদেশে এই ধরণের যন্ত্র সহজলভ্য হলেও বাংলাদেশে বাণিজ্যিকভাবে বঙ্গটেকই এই যন্ত্রটি প্রথম নিয়ে এসেছে। উদ্ভাবক দম্পতির চাওয়া তারা যেনো গ্রাহকের একটি ভালো ইউজার এক্সপেরিয়েন্স দিতে পারেন।,0
"আজ থেকে ১ বছর আগে আমি ডার্ক ওয়েব এক্সেল করার পর অন্তত ৩ মাস মানসিক বিকারগ্রস্ত ছিলাম, মানুষের ভয়ানক পাশবিক আচরণ এর বহিঃপ্রকাশ ঘটে এখানে",0
"মহান আল্লাহ তায়ালা বলেনঃ- তুমি ওই দিনকে ভয় করো , যে দিন তোমার মুখে তালা লাগিয়ে দেয়া হবে আর তোমার হাত পা তোমার ক্রিত কর্মের সাক্ষী দিবে । --- সুরা ইয়াসিন ৬৫",0
"এই পেশাটাতে আসার আগের মহুর্তটা চরম ধৈর্যের, পরের মহুর্তটা আরও বেশি ধৈর্যের। আপনার জন্য শুভকামনা আপু সবসময়",0
শিশুর ফুসফুসে পানি যাওয়ার ঘটনা এড়াতে রোগীর পরিবারকে আরও সচেতন হতে হবে এবং চিকিৎসকদের দেওয়া নির্দেশ মেনে চলতে হবে।,0
রেলওয়ে কর্মচারীদের মানবিক চাহিদাগুলো বিবেচনায় রেখে কর্মপরিকল্পনা করা উচিত।,0
পরিস্থিতি পাল্টাতে থাকে দশকের দ্বিতীয়ার্ধে।,0
তোমার বাবার নেই বলে? তাহলে তোমার আম্মু কে পাঠাও আমার বাবার কাছে দেন তুমিও চিল করো,0
শুক্রবারে হলে বিয়ে কেনসেল কারন ওই দিন আমাদের জিলাপি আনতে হয়,1
খুব মহৎ কাজ,0
"এরা দেশটারে পুরা আব্বার দেশ মনে করেছিল, প্রত্যেকে পাপের ফল পাবে সেখানে আফসোসের কিছুই নাই।",0
গোলাপ ফুল সেটা আবার কি জিনিস।,1
"একে বারে মনের কথা বলেছেন, নে ভাই একটা বিড়ি খা",1
"অসাধারণ ব্লগ , খুব ভালো লাগলো ভিডিওটি",0
"আগামীতে মামুনুল গং ইজতেমার আশে পাশে থাকতে পারবে না। সাদ পন্থী জিন্দাবাদ, জুবায়ের পন্থী মুর্দাবাদ",0
"চিকন, দুর্বল ,ছোট? লম্বা করতে চান ? দীর্ঘ সময় ধরে চালিয়ে যেতে চান। আজই যোগাযোগ করুন কলিকাতা হারবাল। এক ফাইল ই যতেষ্ট।",1
"এমন পাহাড়ের উপর দিয়ে প্রতিদিন হাটি, তবে কোন ফিল পাই না",0
"বর্তমান রাজনৈতিক পরিস্থিতি থেকে বোঝা যাচ্ছে যে, গণতন্ত্র এবং আইনের শাসন ধরে রাখার চেষ্টা অব্যাহত রাখা প্রয়োজন।",0
সে আমার কাছে বাংলা টিকিটের মহানায়ক,0
এই যন্ত্রটি স্বয়ংক্রিয়ভাবে নির্দিষ্ট সময় পর পর গাছে পরিমানমতো পানি দেয়। স্মার্ট ওয়াটারিং ডিভাইসে প্রাথমিকভাবে বিদ্যুৎ এবং পানির সংযোগের প্রয়োজন হয়।,0
নতুনদের জন্য অফুরন্ত ভালোবাসা রইলো,0
ন্যাশনালেও দাম আসিবে জলদি ই...ওখানেও ভর্তি পরীক্ষা নেয়া হবে... এবার,1
ডাক্তারদের মানবিকতা আমাদের সবার জন্য শিক্ষণীয়,0
"কখনো পাওয়া হবে না, তারপরও তার প্রতি এত কেন মায়া ...",0
এই হালায় সবাইর সব কিছু দেখে টয়লেটে,1
কাজ সব সময় ভালো কিছু শেখায়,0
"দেশে বিভিন্ন প্রয়োজনীয় দ্রব্যের ভ্যাট ট্যাক্স বাড়ানো নিয়ে বাসায় কোনো আলোচনা নেই। এর একমাত্র অভিযোগটা হলো, আড়ং এর ভ্যাট ট্যাক্স বাড়ানোর ব্যাপারে। এই নিয়ে বাসায় বেশ অশান্তি...!! আড়ং এর ভ্যাট ট্যাক্স বাড়ানোর আগে কেন বেশি করে কিনে রাখতে পারলো না...!!",1
"আরে এরা তো এখানে ছাই এর Expired ডেট দিতেই ভুলে গেছে মনে হচ্ছে ,,,",1
"ভ্রমর চরিত্রের রাজনীতিবিদ,উড়ে উড়ে ফুলে ফুলে মধু সংগ্রহ করাই যাদের কাজ",1
জীবনের হাজারো জটিলতা আর ব্যস্ততা ছাপিয়ে এমন নিখাদ মুহূর্তুগুলোই আমার জীবনের অন্যতম অসাধারণ প্রাপ্তি।,0
নিজের কাজের প্রতি মনোযোগী থাকাই একজন সচেতন নাগরিক হিসেবে দেশের প্রতি দায়িত্ব পালন।,0
শাড়ীর সংখ্যা দিয়ে দুঃখ হিসাব করা যায় না দুঃখ হলো মানসিক ব্যাপার,0
সাব্বির নাসির ভালো হয়ে গেছে,1
প্রতিদিন ভোর ৪.৩০ টায় ঘুম ভাঙ্গে। চোখ খুলতেই মনে পড়ে এই ঘুমটা তো শেষ ঘুম হতে পারত। আর শুয়ে থাকা সম্ভব হয় না। উঠে আল্লাহর কাছে ক্ষমা চাই। আল্লাহ যেন ঈমানসহ পৃথিবী থেকে নিয়ে যায়। রাব্বানা আতেনা ফিদ দুনইয়া হাসনাতাও ওয়া ফিল আখিরাতি হাসনাতাও ওয়াকিনা আজাবান নার!,0
"আমার একা লাগে, কিন্তু এই একাকীত্ব আমি উপভোগ করি৷",0
"প্রতিটি মানুষের জীবন মূল্যবান, এমন কোনো ঘটনা কখনোই কাম্য নয়।",0
এগুলো আগেই সুইডেন এম্বাসি থেকে করা যেত। কেন ভাট বকেন ভাই? শেনজেনভুক্ত দেশগুলোতে আগে থেকেই সুইডেন এম্বাসির মাধ্যমে এপ্লাই করা যেত। এটা নতুন কিছু নয়।,0
"একদিন একাডেমিক সাক্সেস হারাইয়া গেলো স্বপ্ন হারাইলো, ভিশন হারাইলো মূলত হারাইলাম আমি! এমন ভাবে হারাইলাম, আর ফেরা হলোনা",0
পুরোনো রুমে গিয়ে শিক্ষার্থীদের মোটিভেশন দেওয়ার স্বপ্ন।,0
"সত্যিই, মানুষকে ভালো কাজে উৎসাহিত করলে সে কাজের সওয়াব আমাদেরও মিলবে, এটা এক বিশাল সৌভাগ্য।",0
দু দিন পর পর নিত্যনতুন সিম্প জোগায়,0
"এতোদিন যে শেখ হাসিনার বিরুদ্ধে কথা বলছি, যদি কেউ এসে বলে আরে মিয়া শেখ হাসিনার মতো প্রধানমন্ত্রী হয়ে দেখান। তাইলে ত মহা মুসকিলে পড়ে যাবো।",1
"আপনি বাউল মানুষ ,থাকবেন লালনের সাথে গঞ্জিকা হস্তে ।",1
"হাসির বিষয় নয় গভীর চিন্তার বিষয়,,মানুষের পৃথিবীতে অন্য কিছু মানুষের মত তৈরীর কি প্রয়োজন?",0
২১ বছর বয়সেই ক্রিকেটকে বিদায় যুব বিশ্বকাপজয়ী ওপেনারের।,0
বরফে পা ডেবে যাচ্ছিল আশির দশকের নায়িকা অরুণা বিশ্বাসের। গতরাতে এক ফেসবুক লাইভে এসে হাসতে হাসতে একথাই জানাচ্ছিলেন তিনি।,1
বাংলাদেশে এখন দুই ধরনের লোক আছে। এক যারা ভুলভাল খবর পোস্ট করবে ও ছড়াবে। আরেকদল সেগুলো দেখে আলহামদুলিল্লাহ বলতে থাকবে।,0
"নিঃসন্দেহে, সিকুয়েলটা আগের চেয়ে অনেক বেশি সৃষ্টিশীল হয়েছে।",0
আগামী শুক্রবার আমাদের এখানে লজ্জার টিকা দেওয়া হবে। আপনি অবশ্যই উপস্থিত থাকবেন,1
মানবতার জন্য এমন অবদান সত্যিই গুরুত্বপূর্ণ,0
অনেক সুন্দর লাগছা ব্রো !,0
আপনার ইচ্ছা শক্তি আপনার ভাগ্যকে নিয়ন্ত্রণ করবে। নিয়তই নিয়তি পাল্টে দিতে পারে।,0
দেশে গিয়ে টাকার জন্য চিকিৎসা করাতে পারি নাই টাকা না থাকলে দুনিয়া অন্ধকার এসব কথা ফেসবুকে মানায় বাস্তবতা মানে না,0
মাশাআল্লাহ আলহামদুলিল্লাহ আলহামদুলিল্লাহ আলহামদুলিল্লাহ আল্লাহ তোমাকে নেক হায়াত দান করুক আমিন,0
জনপ্রিয়তা পেয়ে গেলে এইভাবেই বদলে জায়।আমিও কালকে ভিডিও টা দেখে একি চিন্তা করেছিলাম।,0
"এমনে ভাবে শো অফ করছেন, সবাই তো যত্ন নেওয়ার জন্য উদগ্রীব হয়ে থাকবে। আর অযত্ন অবহেলায় থাকতে হবে না।",0
"এটা আফসোসেরও কিছু নাই, আপনার মার শাড়ি নাই, আপনি ২০০০০ টাকা দামের মোবাইল দিয়ে সেটা পোস্ট দিলেন, আফসোসতো হলো এটাই।",0
কমেন্ট কোনো পাত্র খুজে পাইস নাহ কি,1
"সে তুমি যা ই বলো, এটা একটা স্যাড স্ট্যাটাস।",0
ছেলে বাথরুমে পায়খানা কসা তাই হুম হুম করতাছে,1
এই সাংবাদিকগুলোরে আপার কাছে পাঠানো উচিত। ওরা নিজেদেরকে ভারতীয় নাগরিক ভাবে,1
পরীক্ষা কাছাইলে করোনা বাড়ে,0
এমন ধৈয্য শীল একটা তুমি চাই প্রিয়...,1
নেগেটিভ ব্লাড খুবই প্রয়োজন! যারা আছেন ব্লাড দিতে পারবেন তারা চট্রগ্রাম মেডিকেল চলে আসেন,0
"একটা হচ্ছে বিশ্ব বাটপার, আরেকটা এই সমাজের আবর্জনা।",0
"উনাকে দেখলে মায়া হয় ,বাট আওয়ামীলীগ দুর্নীতির সকল সীমা অতিক্রম করেছে আমার কথা কারো ভাল না লাগলে কিছুই করার নাই",0
এর আগেও মিরপুর সহ আরো কিছু রোডে চালু হইছিলো কিন্তু বেশি দিন টিকে নাই এই সার্ভিস। এখন মূখ্য বিষয় এটা যেনো ফেইল না হয়,0
"দৈনিক ইত্তেফাক পত্রিকার রুচির সমস্যা চলছে, এই ধরনের লোক নিয়ে নিউজ করে।",0
"পবিত্র আল কুরআনে আল্লাহ বলেন, মুমিনগণ, তোমরা অনেক ধারণা থেকে বেঁচে থাক। নিশ্চয় কতক ধারণা গোনাহ। এবং গোপনীয় বিষয় সন্ধান করো না। তোমাদের কেউ যেন কারও পশ্চাতে নিন্দা না করে। তোমাদের কেউ কি তারা মৃত ভ্রাতার মাংস ভক্ষণ করা পছন্দ করবে? বস্তূত তোমরা তো একে ঘৃণাই কর। আল্লাহকে ভয় কর। নিশ্চয় আল্লাহ্ তওবা কবুলকারী, পরম দয়ালু --সুরা হুজরাত, আয়াত ১২।এই আয়াতেও পারস্পারিক হক ও সমাজিক নিয়ম নীতি ব্যক্ত করা হয়েছে, এবং এতেও তিনটি বিষয় হারাম করা হয়েছে। এক জন্নুন কোন কিছুর প্রতি ঢালাও ভাবে ধারনা করা। দুই তাজাছ্ছুছ অথাৎ কোন গোপনীয় দোষ সন্ধান করা। তিন গীবিত করা অথাৎ, কোন অনুপস্থিত ব্যক্তি সম্পর্কে এমন কথা বলা যা সে শুনলে অপছন্দ করবে।",0
"বর্তমান যুগের শ্রেষ্ঠ নারীদের মধ্যে একজন সেই নারী, সেলুট আপনাকে, যে 14 দিনের ভালোবাসায় 15 বছর কাটাতে পারে",0
"আরেক জনের বউ নিয়ে খাটে ধরা খাওয়া লোক দেখি,আরেক জনের ছবি পোস্ট করে, এডিট করে",1
ধন্যবাদ স্যার এই বিষয় বুজিয়া বলার জন্য। আচ্চা আজকে তার জন্য আমরা এই বাংলা টাইপ করতে পারছি।,0
নিজে নিজে কিভাবে ইউনিভার্সিটিতে আবেদন করা যায় ভাইয়া দেখায়ে তো দিলেন না।,0
সেই গল্প আরেকদিন হবে।,0
আমার মারাত্মক হাসি আসছিল 8 9 তালা থেকে তো শব্দই শোনা যায় নাই ...,1
"ঠিকি বলেছ দিদি,আমাদের যে কবে হবে",1
হাজার হাজার তরুণ দেশাত্মবোধক বাংলা গান গাইছে এমন দৃশ্যও আজ সবার মনে গেঁথে আছে।,0
এভাবে ভালো মনের মানুষ গুলা এগিয়ে আসলে দেশের উন্নতি কেউ ঠেকায় রাখতে পারবে না।,0
এমন চিন্তাভাবনা সমাজের জন্য সত্যিই ভাবনার বিষয়,0
প্রতিটি সম্পর্কেরই অনন্য চ্যালেঞ্জ থাকে এটিকে সমাধানের চেষ্টা করাই সুস্থ সম্পর্কের লক্ষণ।,0
"পরিমনি,শাওন,সাবা,এসব ম্যাগী নুডলস এতো দ্রুত কিভাবে মুক্তি পাই যদি হাউন আংকেল থাকত তবে একটা কথা ছিল আমরা তু এমন বাংলাদেশ চাইনি।ভাই।",0
হতে হবে সাধারণের চেয়ে অসাধারণ।,0
"অন্যের সুখ-সমৃদ্ধি কামনা করা একটি ভালো অভ্যাস, যা মানুষের মধ্যে সহানুভূতি এবং আন্তরিকতা বৃদ্ধি করে। এটি সামাজিক সম্পর্কগুলোর মধ্যে সেতু রচনা করে এবং ভালোবাসা বৃদ্ধি করে।",0
হাতের ব্যাযাম করতাছে,1
রামমোহন এর উপর রাগ হচ্ছে এখন।,1
"আমি পড়াশোনা করেও দেখেছি আবার না করেও দেখেছি, শান্তি পাই শুধু ভন্ডামি করে।",1
ভেজাল মুক্ত খাঁটি কথা...,1
আমার বুঝে আসেনা প্রেগন্যান্সি কেইস এ রক্তের জন্য কেনো হাহাকার করতে হবে । ব্লাড আগেই জোগাড় থাকবে ।এটা তো কোনো এক্সিডেন্ট না । খুবই রাগ লাগে এসব দেখলে,0
নিজের জীবন নিজের শর্তে বাঁচুন।,0
"মানুষের জন্য কাজ করাই চিকিৎসকের মূল দায়িত্ব, তিনি সেটাই করছেন",0
মরলে সাধারণ জনগণ মরে তাদের তো কোনো সমস্যা হয়না।,1
স্যার এই বর্ণের কোন বই বা লেখা আমাকে ছবি আকারে দেওয়া যাবে কি?,0
এবার বেছে বেছে সব যোগ্য ব্যক্তিদের পুরস্কার দেওয়া হোক,0
"আমার পক্ষ থেকে ২০ টা মোটা দড়ি দান করতে চাই। কোথায়, কখন কিভাবে হবে একটু জানালে ভালো হয়। লাইভ দেখার খুব ইচ্ছা আছে।",1
এদিকে পরিবেশ উপদেষ্টা আছে পলিথিন আর সেন্টমার্টিন নিয়ে,0
"বড় কর তো ঘরেই চলে এসেছে, আর এই ছোট কর বাদ দিলেই বা কি, খরচ কমবে না",1
জঘন্যতম এর কঠিন বিচার হওয়া উচিত,0
আমি হলে চৌদ্দগুষ্টি কে নিয়ে আসতাম,1
অনলাইনে নিম্নমানের কনটেন্ট গ্রাসের এই প্রবণতা থারোর শঙ্কার ভয়াল প্রকাশ যেন।,0
বোলিং লাইনআপ শক্তিশালী,0
যে বউকে ভয় পায় সে সেরা পুরুষ,1
"যখনই কিছুক্ষণ মেডিটেশন করছি, কোনো চিন্তা থাকছে না মাথায়, তখন রিআলাইজ করি, আমি কত সুখী।",0
দিন শেষে স্ত্রী সন্তান ছাড়া কেউ পাশে থাকে না এইটাই বাস্তব,0
বিশ্ব কিভাবে আগাচ্ছে আর বাংলাদেশ কিভাবে?,0
সে একজন বৃক্ষপ্রেমিক তাকে এভাবে গ্রেফতার করা কোনোভাবেই গ্রহণযোগ্য নয় অবিলম্বে তার মুক্তি দাবি করি,0
"একজন সৎ, পরিশ্রমী, বিবেকবান মানুষ হতে পারলেই আমি খুশি। ছেড়ে দিয়ে আমি জিতে যেতে চাই।",0
আমরা পৃথিবীর বাজে একটা জাতি। নিজের খবর নাই অন্যকে নিয়ে সমালোচনা তে ব্যাস্ত৷ আপনার পরিবারের কাউকে বিয়ে করছে নাকি আপনার ভরণপোষণ দিতে হবে,0
"মুহসিন হল মনে হচ্ছে! জুতা, লুঙ্গি, আন্ডারপ্যান্ট ও রক্ষা পাচ্ছে নাহ ইদানীং!",1
আমার পরিচিত একজন ৪ ৫ জনের সঙ্গে তার জীবনে এভাবে হাত ধরে ছবি তুলেছে,1
আপা চলে গেলে বাংলাদেশ নাকি সিরিয়া হয়ে যাবে অথচ সিরিয়াই বাংলাদেশ হয়ে গেল ।,1
"তামিম ভাই,, বললো হাতুড়ি সিং এর অধীনে খেলবে না,, পাপন এর অধীনে খেলবে না। এখনতো তারা কেউ নেই। তাহলে কেনও অবসর নিলো। এটা দর্শকদের সাথে পতারনা করা হইছে। এত ইগো ভালো না। আর সাব্বির এর সাথে ব্যাবহার টা ভালো লাগে নাই। এটা সিনিয়র কোনও লিজেন্ড প্লেয়ার এর আচরণ হতে পারে না।",0
সম্পর্ক কখনো একতরফা হলে টিকে থাকতে পারে না।,0
"জাতির পিতা সারজিস ভাই, লও লও লও সালাম।",1
"সেই সাথে হাফ প্লেট বিরিয়ানী ২ ঢোক কোক, এবং ranking বাড়াতে পারলে কচি কচি নেত্রীও ফ্রিতে খাওয়া যেত",0
ভালো একটা গবেষণার মঞ্চ হলো এই কমেন্ট বক্স,0
"ডাকপিয়ন, ডেলিভারি ম্যান, সিকিউরিটি গার্ড",1
আমাদের রমেশের পোলা এইটা,0
কোন গোলাপ কি অর্থ বহন করে সেইটা তো জানালেন এইবার গোলাপ দেওয়ার জন্য একটা প্রিয়জনও দিয়ে দেন?,1
বেস্ট একজন শিক্ষককে দেখা যাবে এই প্লাটফর্মে।শুভকামনা,0
আমার দেখা সেরা ধারাবাহিক বাংলা নাটক,0
"ডিপারমেন, ফেকালিটি, ১ লা",1
"বিপ্লব দেখিয়েছিল যে, সরকার যতই বল প্রয়োগ করুক না কেন, যখন জনগণ একত্রিত হয় তখন তাদের কেউ পরাজিত করতে পারে না।",0
বিশ্ববিদ্যালয়ে চান্স পেয়েও কলেজে ভর্তি হয়ে আবার সেই কলেজকেই বিশ্ববিদ্যালয় করতে চাওয়ার যে ব্যাপারটা!,1
মহিলা কোটার মাধ্যমে নারীদের অংশগ্রহণ বাড়ানোর চেষ্টা করা হয়।,0
যারা অভ্র ব্যাবহার করতে জানে না একমাত্র তাদের কাছেই বিজয় পৃথিবীর সেরা! অভ্র অনেক সহজ আর সব অপারেটিং সিস্টেমের জন্যই পারফেক্ট!,0
ভাই চিন্তা কইরেন না একালের ফটোগ্রাফি নিয়েও আজ থেকে 20 বছর পর ট্রল হবে,1
"ইংরেজিতে innocent, বাংলায় অর্থ বলদ।",1
ভাই মনে হয় আমার ডেডিকেশন লেভেল বুঝে নাই,1
"নিজেকে সৎ, পরিশ্রমি আর বিবেকবান করতে আমি ও চাই।",0
"আপনারা না নিজেদেরকে মেধাবী দাবি করেন? মিষ্টি পেয়েছেন,আর তা পরীক্ষা নিরীক্ষা না করে খেয়ে নিয়েছেন?",0
Mehjabin Aziz এদের পোশাকের কালার দেখে পুলিশ ক্যাডার হবার স্বপ্ন বাতিল হয়ে যাবে অনেকের। এমন সব ডিজগাস্টিং কালার চয়েস কোন ক্যাডারের তা এখন জাতীয় প্রশ্ন।,1
শিশুদের বন্দি করে রেখে তাদের মায়ের দুধ খেতে না দেওয়া কোনও ডাইনির পক্ষেই সম্ভব। এর পরেও তার পক্ষে যারা দালালি করে তারা কোন চরিত্রের এবং নৈতিকতার মানুষ সেটা নিয়ে প্রশ্ন করা যেতেই পারে।,0
"যারা মনে করেন যে ভার্চুয়াল স্পেস থেকে আমাকে সরিয়ে রাখতে পারলেই আমার কণ্ঠ বন্ধ করে দিতে পারবেন, তাদের উদ্দেশ্য বলছি আমি একমাত্র মহাপরাক্রমশালী আল্লাহ তায়ালা ছাড়া অন্য কোনকিছুকে ভয়ডর-পরোয়া করি না। আর আমার কণ্ঠ সবসময়ই জারি রাখতেও ভুলবো না। ভার্চুয়ালি কণ্ঠরোধ করা হলে অফলাইনে কণ্ঠ জারি রাখবো আরও শক্তভাবে। আমার কাজটা কিন্তু আমি চালিয়েই যাবো যে কোন ভাবেই হোক না কেন। কাজেই বেগার খাটা বাদ দেন। আল্লাহ ভরসা।",0
নিজের অর্জন শিক্ষার্থীদের সামনে তুলে ধরা।,0
বিষয়টা আমিও লক্ষ্য করছিলাম কালকে ভিডিও টা দেখতে ছিলাম। তবে কাফি ভাইয়ের এইটা করা ঠিক হই নাই,0
আমি কিচেনের লোকরে ভাই। গণিত ছোট থেকেই পারিনা পরীক্ষায় বই নিয়ে পাশ হইসি। এই বয়সে আর গণিত শিখার ইচ্ছা নাই।,1
আসল কথা হইতেছে চৈত্র মাসও তো বসন্ত কাল,1
শিক্ষকের ব্যাখ্যা প্রয়োজনীয় ছিল।,0
ভাই এইসব পিক সিঙ্গেল পুলাপাইনে দেখাইশ নাহ নস্ট হইয়া জাইব,0
আমার বেস্ট ফ্রেন্ড এটা,1
অবশ্যই আপনি সৎ থাকবেন এবং অন্যদের কেউ সৎ থাকার চেষ্টা রাখবেন।,0
জীবনে এমন একজন স্বৈরাচারী শাসক দরকার,1
তিতুমীর কলেজের শিক্ষার্থীরা কলেজে ভর্তি হয়ে বিশ্ববিদ্যালয় চায় এটা খুব অন্যায়... কিন্তু আমরা কলেজে ভর্তি হয়ে সেন্ট্রাল ইউনিভার্সিটি চাই এটা খুব ট্যাশ,1
ডিপ্লোমা ইঞ্জিনিয়ার্স যেহেতু বলছে ঠিকই বলছে।,1
পলক ভাই অনুরোধ করছি নেট টা আরেকটা বারের জন্য হলেও বন্ধ করেন আমরা যে মলাম আমাদের একটু বাঁচার লাইন করে দিয়ে !,1
"ডয়চে ভেলে বাকস্বাধীনতার পক্ষে৷ আর আমরা শুধু নাস্তিকদের মতামত নয়, সবপক্ষের মতামতই তুলে ধরার চেষ্টা করছি৷ আমাদের নতুন আয়োজন dwAlaap সম্পর্কে বিস্তারিত জানতে ভিজিট করুন",0
"তিনি সকালে ক্লাস করতে বিশ্ববিদ্যালয়ে আসেন। এ সময় দেখেন, মানুষের জটলা। তাঁরা ওপরের দিকে তাকিয়ে ছিলেন। সেখানে গিয়ে দেখা যায়, এক ব্যক্তি ঝুলছেন।",0
দূর মিয়া! আগামী বছরের জন্য নিজের জায়গা পাকা করতেছে,1
"যেভাবে বিভিন্ন বইয়ের মধ্যে পড়াশোনা করার কথা বলা হয়েছে, তা খুব ভালো ধারণা।",0
"এমনকি যাঁরা এর সমালোচনা করেছিলেন, নিতে পারেননি ছাত্রদের পাল্টা স্লোগান, তাঁদেরও তারা বিপুলভাবে প্রত্যাখ্যান করতে থাকে।",0
"ওদেরকে কেউ দুটো বিস্কুট দিয়ে দাও! ওরা ভালো গেয়েছে, সময়ের অভাবে শুনতে পারলাম না।",1
প্রবলেম সলভিং রিলেটিভ টপিক নিয়ে আলোচনা করতে চাইলে ইনবক্সে আসতে পারেন,0
আওয়ামী লীগ কোন রাজনৈতিক দল নয়। এটি ভারতের গোয়েন্দা সংস্থা 'র' কতৃক পরিচালিত একটি এজেন্ট।যারা ইসলাম বিরোধী কর্মকান্ড করে হিন্দুত্ববাদ প্রতিষ্ঠা এবং ভারতের স্বার্থ সুরক্ষায় কাজ করেছিলো এবং করে থাকে! এটা সুস্পষ্ট হয়ে গেছে।,0
বর্তমানে কাফি ভাইয়ের আচার আচরণ খুবই বাজে লাগে স্পেশালী মেয়েদের সাথে তার এতো বেশি মাখা মাখির জন্য।,0
তোর আইফোন আর মোর নোকিয়া,1
সমস্যা হলো আপনারা কথা বেশি বলেন আর কাজ করেন কম। উল্টো হলে ভালো হতো।,0
"ভাই, আপনারে দেখলে ত বলবে কিস্তির কাকা আইছে, পালাআআ",1
"বড্ড দেরী করে ফেলেছেন, কবে থেকে এই চাকুরী আপনি পেয়েছেন...? লাভ নাই, বেলার বিয়ে হয়ে গেছে...!",0
যুক্তরাষ্ট্রে ও অনেক খালি জায়গা আছে সেখানে জায়নবাদী ইয়াহুদীরা চাইলে তাদের ইসরাইল রাষ্ট্র গঠন করতে পারে...,0
জোর করে নায়িকাকে বিকালের নাস্তা খাওয়াচ্ছেন রোজার স্বামী তাহসানের প্রথম স্ত্রী মিথিলার হাজবেন্ড সৃজিত মুখার্জি,1
"একদল খাইছে আরেক দল খাওয়ার জন্য রেডি হয়ে আছে, কথাটা কিন্তু ভুল ছিলনা, আমার প্রিয় ভায়েরা।",0
ছাত্র-শিক্ষক সম্পর্ক মজবুত হলে মঙ্গল হবে...ভয়েস টেস্ট। কন্ঠ শুনে ছাত্র-ছাত্রীকে চেনা।,0
যেই দেশে ভালো খোলোয়াড়ের কোনো দাম নেই সেই দেশের হয়ে না খেলাটাই ভালো,0
আল্লাহ আমাদের সবাইকে সঠিক পথে পরিচালিত করুন আমিন,0
সাধুবাদ জানাই এমন উদ্যোগকে।,0
একটা রোড মার্চ টু স্যাটেলাইট দেওয়া যায় নাহ,1
পশুদের প্রতি দয়া দেখানো মানবতার অন্যতম বৈশিষ্ট্য।,0
দেইখেন বড়োলোক আনস্যাটিসফাইড কোন আংকেল আবার তুলে না নিয়ে যায়,1
"কুটি টাকার লোভ নেই তার, তাই ফার্মগেটে চা স্টোল এই শেষ পর্যন্ত তার সম্বল।",1
"ইতিহাস সব সময় একরৈখিক নয়, বিভিন্ন দৃষ্টিকোণ থেকে দেখার প্রয়োজন আছে",0
একটা বিশ্ববিদ্যালয় যেমন অনেক কষ্টে গড়ে ওঠে।তেমনি একটি বিশ্ববিদ্যালয়ে পড়ি এই কথাটা বলতে অনেক কষ্ট করতে হয়। কলেজে পড়ে বিশ্ববিদ্যালয় চাওয়া বামন হয়ে চাদ ধরতে যাওয়া এবং ডুমুরের ফুল দেখতে চাওয়ার আন্দোলন করার শামিল।,0
"ফ্লো স্টেট অফ মাইন্ড বলতে, একটি বিশেষ মানসিক অবস্থা বুঝায়, যে অবস্থায় কোনো ব্যক্তি কোনো কাজ বা কোনো ব্যাপারে, উৎসাহের সাথে গভীরে মনোনিবেশ করতে সক্ষম হন।",0
চমৎকার একটা ভিডিও দিয়েছেন ধন্যবাদ। আসুন আমরা সবাই সচেতন হই। আমাদের চার পাশ আমরা পরিচ্ছন্ন করি। নিরাপদ পরিবেশ গড়ে তুলুন। তরুনদের এত ভালো উদ্যোগ দেখে আশান্বিত হলাম। অফুরন্ত ভালোবাসা রইল।,0
আহ প্রকৃতি,0
এহনকার পোলাপান সবাইরেই মামা ডাকে,0
বুজ্জেনা বুজ্জেনা নতুন নতুন,1
সৃষ্টিকর্তার সৃষ্টি করা দ্বিতীয় সুন্দর প্রাণীটি রাজ হাঁস,0
আপনার কথায় পুরোপুরি একমত। মানুষের মধ্যে সহযোগিতার ভাবনা থাকা উচিত।,0
ছেলেদের আসল রূপ এটাই। আবেগের কারণে বুঝতে দেরী হয়।,0
"কোটিপতি না কৃষক, সেটা দেখে নতুন বাংলাদেশে চিকিৎসা হবে না। রোগ অনুযায়ী হাসপাতালে প্রাধান্য পাবে। অবশ্যই তিনি সত্য কথা বলেছেন এমনটা হওয়া উচিৎ",0
জনগণ সরকার নির্ধারণ করে জনগণের তার মতামত দেওয়ার অধিকার আছে জিনিসটা আপনার জানা উচিত ।,0
"আশ্চর্য আনন্দের আস্বাদ পেয়েছি অনেক দিন পরে, সহসা মনে হয়েছে কখনো সত্যিকার সাহিত্যিক ভিতরমহল চরিতার্থ হচ্ছে এই অনুবাদঅয়নে।",0
"এরা আসলে ভারতের ভাগাড়ের গোবর কীট , হিরো আলম নিয়ে মাথা ঘামায়, দেশ শকুনের খাবার পরিণত হয়েছে, সে বিষয়ে মুখে গোবর,",0
আর ওই ঝামেলা গুলোকে পার হতে পারলেই জীবন সুন্দর,0
সেবা প্রকাশনীর বাইরে নব্বইয়ে আরও একটি ধারা জনপ্রিয়তা পায়।,0
"মাঝে মাঝে মনে হয় আমরা ব্রিটিশ দের হাত থেকে নয়। ""বরং ব্রিটিশ-রাই আমাদের হাত থেকে রক্ষা পেয়েছে।""",1
পোষ্য কোটার মাধ্যমে রেলওয়ের একটি ঐতিহ্যবাহী চাকরির পরিবেশ সৃষ্টি হয়েছে।,0
যদি ক্লাস মিস দিয়া যায় খাবে টিসি একদম,0
অর্জুনের জন্য সাফল্যের পথ হয়তো একটু কঠিন। তবে তার চেষ্টাগুলো সত্যিই প্রশংসার দাবিদার।,0
একজন দেশের সম্পদ লুট করে বিলাসবহুল বাড়ি বানিয়েছে আর একজন ক্ষমতার অপব্যবহার করে সেই সেই বিলাসবহুল বাড়ি ভেঙেচুরে নিঃশেষ করে দিচ্ছে।,0
"আমি নিজেও চেষ্টা করেছি যে, যা শুরু করেছি তা শেষ করি, তবে নিয়মিত কাজ করার অভ্যাস গড়ে তোলাটা খুব গুরুত্বপূর্ণ।",0
আমরা যৌথভাবে প্রথম,1
উনারা তো বাসায় বসেই ফ্রিল্যান্সিং করে আপনি আর কি শিখাবেন,1
এই পতিতাটা হল বালমানের কুত্তা গ্যাং দের সদস্য । এরা নাপাক নাস্তিক সম্প্রদায় । এদের রক্তের কোন মূল্য নেই ।,0
দেবদাস কাকা হাসু কোথায় ৩২ নাম্বার এইরকম ভাংচুর কেন,1
"বাবা। কৈশর, যৌবন পেরিয়ে বদলে যাওয়া এক জীবন নিয়ে চলতে থাকা এক চরিত্র।",1
"সন্তানের কাছে ফেরেশতা থেকে মানুষে থপ করে পড়ার চেয়ে, মানুষ থাকাই উত্তম। মানুষ স্রষ্টার সর্বশ্রেষ্ঠ সৃষ্টি।",1
"এই সিকুয়েলটি পুরনো সময়ের কিছু অনুভূতি আবার ফিরিয়ে দিয়েছে, দারুণ!",0
"এই টাকলা একটা কথা এডভ্যান্স শুনে রাখ, বেড়া তো হবেই । আর একটা কথা , যা করার করে দেখাইস",0
তামিম এখন সাকিবের অভাব পূরণ করতেছে,1
২০২৩ এর চেয়ে ২০২৪ এ ২৩০ শতাংশ বেশি ব্যবহৃত হয়েছে এ শব্দটি।,0
"হাসিনার কবিতা - রিক্ত আমি নিস্ব আমি দেবার কিছু নাই, আছে কিছু বুলেট-বোমা, দিয়া গেলাম তাই",1
ভাই বদলে যাওয়ার আগে লসগুলা রিকভার করে দিও,1
কি মধূময় সময়,0
মানুষের মানসিক স্বাস্থ্য ও আত্মসম্মানবোধ সম্পর্কের সিদ্ধান্তকে সরাসরি প্রভাবিত করে।,0
তা না হলে তিনি হয়তো ইতিহাসের আস্তাকুড়ে নিক্ষিপ্ত হতেন।,0
"মূল্যবোধ ছাড়া যদি খেলোয়াড় হওয়া যেতো, তবে প্রত্যেক অলিম্পিকে জিমন্যাস্টিকসে স্বর্ণপদকটা জিতে নিতো সুন্দরবন বা অ্যামাজান জঙ্গলের বানর।",0
"আহা, কোটা তুমি এত নিষ্ঠুর হয়ে গেলে",0
"আমি সবকিছু দেখেও আবার কিছুই দেখিনি,কারণ চুলায় রান্না বসাইছি",1
"দেরিতে হলেও সঠিক সিদ্ধান্ত, সাধুবাদ জানাই।",1
সুশীলগিরি মারাইতে আসছে এখন।ধ্বংসলীলা তো বক্তব্যের আগে শুরু করেছে।নিজেদের ব্যর্থতা ঢাকতে মব উসকে দিচ্ছে,0
"আমাদের ভিতর ভিন্ন মত থাকলেও আপা মাঝে মাঝে আমাদের একমত করে দেয়, ধন্যবাদ আপাকে",1
এখন কার মাইয়া গুলা এগুলো পতি নজর না দিয়ে সংসার কি ভাবে আলাদা করা যায় সেই দিকে চিন্তা ভাবনা নিয়ে পরে থাকে,0
পোস্টের পয়েন্ট ভালো ছিল।,0
"চামচ দিয়ে খায় বড়লোকরা। আমরা গরিব, তাই চামচ দিয়ে খাওয়ার অভ্যাস নাই",0
ইয়ো ইয়ো হুজুর,1
ফকিন্নি আলাপ। কোরবানির এক ছাগলের টাকা এখানে দেবে! এটা আবালীয় আলাপ।,1
"আপনাদের প্রস্তাবগুলো সাধারণ জনগনের মনে কথা,কিন্তু চিকিৎসা ব্যবস্থায় যতদিন রাজনীতি থাকবে এমন প্রস্তাবনা গুলো কোন নিউজ অথবা সামাজিক যোগাযোগমাধ্যমে শুনতে হবে!বাস্তবায়ন আর হবে না। এমন পরিকল্পনার জন্য আপনাদেরকে অসংখ্য ধন্যবাদ।",0
খুশি আপা এখন কোথায় ?,0
আমাদের ছোটবেলার ক্রাশ কোয়েল মল্লিককে কয়েল বলার জন্য আমরা এর তীব্র নিন্দা জানাই,1
"হে বাংলার বীর সন্তানেরা , তোমরা দেখিয়ে দিলে স্বাধীনতার চেতনা।",0
"চোরের মন পুলিশ পুলিশ সানডে মানডে ক্লোজ কইরা দিতে পারে তাই , সেনা বাহিনী সরি গার্ড বাহিনী গার্ড দিচ্ছে",1
স্যার এই শিশুতো তো অনেক কিউট।,0
"এ দেশ দক্ষ ব্যক্তি,পন্ডিত, জ্ঞানী, দেশপ্রেমিক আর যোদ্ধাদের জন্য না ভবিষ্যতে আর কেউ জন্ম না নিক",0
মাশাল্লাহ খুব সুন্দর একটি প্রকৃতি দেখলাম খুবই ভালো লাগলো আপনার জন্য দোয়া ও শুভকামনা রইল,0
যেমন তেমন ডাক না গোল্ডেন ডাক ।,1
খোসা চেঞ্জ করলে কাজ হবেনা গাড়ি ও চেঞ্জ করতে হবে তুরাগ চিটিং সার্ভিস যদি রং করে নামান,0
দাওয়াত দিয়েন ভাই বিগ ফ্যান,0
"পিনাকী সাহেব কি বলেছেন নুহাশ পল্লী নিয়ে,,, সেটা না বুজে,না জেনে অনেকেই ফাল পারতেছে।শুশীল এর আফসোস দেখে মায়া লাগে।",0
"এটা জীবনেও সম্ভব না,, কারন আপনে আরো মজুদ থাকলে ও, সিন্ডিকেট না ভাংগা আর আমাদের মানসিকতার পরিবর্তন না হওয়া পর্যন্ত এটা অসম্ভব",0
অফিসিয়াল ফোন এভাবে ব্লাস্ট হতে পারে না মনে হয়,0
"ট্রাম্প ত তোদের আব্বা লাগে ট্রাম্প বিজয়ী হওয়ার পর ত তোরাই বেশি লাফাচ্ছিলে, এখন কই গেল তোদের লাফালাফি",1
সমাজটা এখন এভাবে চলতেছে কিছু করার নাই আল্লাহ মানুষকে সঠিক বুঝার তৌফিক দিক,0
আমি পোষ্ট দিলে এপ্রোভ হয় না । অন্য কেউ একই পোষ্ট দিলে খুব তাড়াতাড়ি এপ্রোভ হয়,0
আল্লাহ তুমি আমার মনের সব কথা জানো।আমার জন্য যেটা কল্যাণময় আমাকে সে পথে হাটার তৌফিক দান করুন।,0
রোগীর পরিবারের সঙ্গে সহযোগিতা তৈরি করতে ডাক্তার ও নার্সদের জন্য যোগাযোগ দক্ষতা বাড়ানো অত্যন্ত গুরুত্বপূর্ণ।,0
শিশুর সঠিক চিকিৎসা নিশ্চিত করতে ডাক্তার ও নার্সদের সঙ্গে রোগীর পরিবারের মতবিনিময় অত্যন্ত গুরুত্বপূর্ণ।,0
আল্লাহ প্রতিদিন ফজর দিয়ে শুরু করার তৌফিক দিক আমাকে আপনাকে।,0
"আপনি সুন্দর পারফরম্যান্স করে জনপ্রিয় হলেন আর ব্যক্তিজীবনে থাকলেন চরিত্রহীন, তাহলে আপনি কখনোই শিল্পী-সাহিত্যিক-বিজ্ঞানী বা খেলোয়াড় না।",0
এটাই বাস্তব এই ডায়ালগ নেয়ার জন্য তাকে পারিশ্রমিক দেয়া উচিত,1
"৭১ এর রাজাকার দেখি নাই ২৪ এর রাজাকার, স্বাধীনতা বিরোধী দেখেছি",0
"এভাবে শুধু গল্পে নাটকে ও উপন্যাসেই ভালো থাকা যায়,, বাস্তবতা অনেক কঠিন",0
আহারে সুশীল!কেমন লাগে চান্দু?,1
"মুভিটা দেখলাম, ভাল লাগল। কিন্তু একটা বিষয় ভালভাবে বুঝতে পারলাম না যে ইনফেক্টেড ব্যক্তি ট্রেন ছাড়ার আগে ট্রেনে উঠে মানে যার মাধ্যমে ইনফেকশন ছড়িয়ে পড়া শুরু হয়, সে কিভাবে ইনফেক্টেড হইছিল?? এমনটা হবার কারন কি?? কেউ একটু ক্লিয়ার করবেন? ধন্যবাদ।",0
ভালোভাবে প্রস্তুতি নিলে যে কোনো পরীক্ষায় ভালো ফলাফল আনা সম্ভব।,0
আপনাদের বই ভালো এটা কেউ অস্বীকার করে না কিন্তু আপনাদের মার্কেটিংটা হাস্যকর,0
পুরুষ মানুষ তখনই নারীর ভালোবাসার সুযোগ নেয়,0
"অন্যরা কোচিংয়ের নাম করে টাকা মেরে দেয় আর ভাইটি পরিবারকে না জানিয়ে কোচিং করতো যাতে পরিবারের উপর চাপ না পড়ে মানবতার জয় হোক, সুশোভনরা বেঁচে থাক হাজার বছর",1
গানের ভোকালিস্ট পিয়াল ভাই কবর থেকে উঠে আসবে...,1
ডাইরেক্টর যখন সব দ্বায়ীত্ব একা নিতে যায়,0
যাই হয়ে যাক ফ্রিতে পাওয়া সবকিছু নিয়েই আসতে হবে।,1
ইনশাআল্লাহ শিখে রাখলাম অনেক উপকারে আসবে,0
মুলাভাজি আর রুটির কম্বো যে খাইছে সেই জানে এটার টেস্ট সম্পর্কে।স্পেশালি শীতের সকালে এগুলা খেতে পুরা অমৃত,0
আসলে বলার কিছু নেই কিন্তু এতদিন যা শিখলাম মানুষের বিপদ দেখলে নাকি এত হাসতে হয়না।এই হাসির কারনে আল্লাহ যেন আমাদের উপর কোন বিপদ না দেন।আল্লাহ সবাইকে বুঝার তৌফিক দান করুন।,0
একটা নিস্পাপ শিশু কথা বলবে গো,1
আমাদের ও একটা আছে একটু একটু চুপ থাকে আবার কান্না সুরু করে দেয়,1
গতকাল রাত ৯.৩০ মিনিট এর সময় বিউটি লাচ্ছির সামনে আপামনির সাথে দেখা হয়েছিল আমার। তখন মনে হয় রিক্সায় করে বইমেলা থেকে আসছিলো।,0
"এখানে থার্ড ডিগ্রী ছাড়া অপরাধীরা দোষ স্বীকার করে না এটা যেমন সত্য তেমনি সত্যিকারের নিরপরাধ লোকও থার্ড ডিগ্রীতে চরমভাবে নির্যাতিত হয়ে নিঃস্ব হয়ে যায়, আবার অনেকে নতুনভাবে অপরাধের সাথেও সম্পৃক্ত হয়ে যায়।",0
আমি কথা দিচ্ছি যে সামনে আরও অনেক দারুণ কিছু আসছে এবং ভিডিওগুলো আরও এক্সাইটিং হবে।,0
একজন পাগলের ও চিন্তা ভাবনা এদের চাইতে ভালো।,0
বাইরেই বার হতে দেয় না আবার পালাবো কি করে,1
আপনাদের কাছে অনুরোধ বিয়ের মতো কঠিন সিদ্ধান্ত আপনারা আবেগে পড়ে নিবেন না।,0
আমাদের সমাজের মূল্যবোধের পরিবর্তন কি সবসময় উপকারী হয়?,0
আগের একটা ভিডিওতে দেখসিলাম চেগাই হাঁটে মনে হয় রক্তপাত অবস্থা খেলছে,1
একন পুদুইনা আর আদা দিয়ে রঙ চা বেশি জোস হবেদে হয়দে,0
কিছু খাস নাকি ভাই? ড্রোন দেখে পালাইছে না ড্রোন নিছে ছিটকে পড়ার কারণে শব্দে মানুষ আতংকিত হইছে??,0
তিমিটা আসলে এক ঝাঁক মাছ মনে করেছিল,0
ভাই আমি এখন ও করি এরকম,1
হুম এরপর দুই লাইন পড়েই ঘুমায়ে যাই!!,1
মালাউন বলার আগে একবার ভাবুন !! কাদেরকে এই গালি দিচ্ছেন !!,0
ভিডিও তে কপি রাইট দিতে হবে না কি,1
বাসর ঘরে আমার জামাইয়ের রিয়েকশন এমন না হলে বিয়েই করবো না ।,1
"কারও ধর্মীয় কাজে বাঁধা প্রদান করা অশুভ কাজ... আগামী বছর এখনো অনেক দূর, ততোদিনে কোথাকার জল কোথায় গড়ায় সেটাই দেখার বিষয়।",0
"এখানে এটা নিয়ে যারা হাসাহাসি করছেন এটা মোটেও হাসি ঠাট্টা করার বিষয় না। AI যে ভবিষ্যতে কতটা ভয়ংকর হতে পারে এটাই তার ছোট্ট প্রমাণ।,",0
"আপনি কি ঢাকায় নতুন? নাজিরা বাজারের এই চিত্র আজকের নতুন না। শব-ই-বরাত, রোজা সহ বিশেষ দিনগুলোতে এমনই জমজমাট থাকে এইখানে।",0
৩২ নাম্বার দখল কোনো উচ্ছৃঙ্খল মবের কাজ না এটা আওয়ামী জাহেলিয়াত উৎখাতের অবশ্যম্ভাবী ধাপ। জাহেলিয়াতের প্রতীক না ভাঙলে নতুন পথ তৈরি হয় না। ধ্বংসস্তূপের ওপর নতুন ভবিষ্যৎ গড়ে উঠবে। আজকের শিখা কালকের আলোকবর্তিকা হবে।,0
"সারাদেশের মানুষ যেখানে তিতুমীর কলেজ কে বিশ্ববিদ্যালয় কনভার্টে কোনো যুক্তি দেখে না। সেখানে কোন মাথা মোটা এই আবদার জানায়, আল্লাহ মালুম",0
কিভাবে সম্ভব এমন করতে কি মায়া লাগেনি। মারছে মারছেই একটা নিথর দেহ কে টুকরো করা তাও আবার কলিজার বউ ভালো না লাগলে ছেড়ে দিতি,0
রয়েল ওমান পুলিশের ইউনিফর্ম।,1
এই তৃতীয় লিঙ্গের বিষয়ে এখন পর্যন্ত সারাবিশ্বের কেউ এমন সিদ্ধান্ত নিতে পারেনি যা পেরেছে শুধু ডোনাল্ড ট্রাম্প,0
বাংলাদেশের শেষ প্রান্তে দাঁড়ানোর সৌভাগ্যবান হয়েছে আলহামদুলিল্লাহ,0
জামাত কিছু করছে জামাত নিয়ে কিছু বলেন না কেন জামাত দুধের দোয়া তুলসী পাতা আমরাও আপনার বয়ান বুঝি,0
ওরে তোরাতো ভাইটাকে আপু বানিয়ে দিয়েছিস !!,1
ইন্নালিল্লাহি ওয়া ইন্না ইলাইহি রাজিউন আর কত কি দেখব,0
স্টার্টআপের প্রতি অনৈতিক আচরণ প্রযুক্তি খাতের প্রতি আস্থা কমিয়ে দিতে পারে।,0
"পোশাক কোন বিষয় নয়। পোশাকের ভিতরের মানুষটা যদি সৎ, নীতিবান এবং আদর্শবান হয় তাহলেই সব সমস্যার সমাধান হবে ইনশাআল্লাহ। এর আগের পোশাক তো সব বাহিনীর ভালই ছিল তারপরও পোশাকের ভিতরের মানুষগুলোর চরিত্র কেমন ছিল বলেন?",0
"শিক্ষা ব্যবস্থাটারে ধ্বংস করে দিছে এই মহিলা, মহিলাকে পুলিশহেফাজতে না রেখে জনগণের হাতে ছেড়ে দেওয়া উচিত। জনগণই পারে তার কাজের সঠিক পুরস্কার দিতে।",0
আপনাদের জীবন যাপন সুন্দর হোক এই কামনা করি,0
কথা ছিল দেশ গড়বে। ৬ মাস ধরে দেশ ভাঙাই শেষ হয় নাই.,0
"তিনি বলেন, মস্তিষ্কের পচন আসলেই ঘটছে কি না, তার কোনো প্রমাণ নেই।",0
"বাংলাদেশের মফস্সল অঞ্চলগুলো, যেখানে বইবিপণি বলতে মূলত বোঝায় স্টেশনারি দোকান সেসব জায়গার পাঠকদের জন্য এই অনলাইন দোকানগুলো সুযোগ করে দিচ্ছে সদ্য প্রকাশিত বইয়ের সঙ্গে থাকার।",0
এদের দেখে আমি মানুষ কে দেখে বিশ্বাস করা বাদ দিছি,1
ওর বাবা ওরে তিন বেলা হরমোন কমানোর ওষুধ খাওয়াই মনে হয়,1
এটা আবার কোন খ্যাতের মুলা,1
এই মেয়ের যাইগায় আমি হলে সোজা ব্লক করতোম,1
আগেরবার ও অংশগ্রহণ করেছিলাম কিন্তু হইনি। এইবারও করলাম আলহামদুলিল্লাহ দেখা যাক কি হোক আল্লাহ মিলিয়ে দেও,0
ঐসব ভেবে কষ্ট পেয়ে লাভ নেই ভেবে দেখলাম কষ্ট পেয়ে সময় নষ্ট,0
একটি ভুল বোঝাবুঝির কারণে চিকিৎসা সেবার পুরো পরিবেশ বিষাক্ত হয়ে উঠতে পারে।,0
দুই পাশে দুর্বার পাহাড় যে করিয়াছে আহার,1
চিটাগং যে ফিল্ডিং দেখাইছে মনে হচ্ছিলো কই মাছ হাতাইতেছে বাউন্ডারি হাতাইয়া কতো গুলা রান আসছে সহজ বল হাতাইতেছে ১ রানের জায়গায় ৩ রান দিয়ে দিচ্ছে হোসাইন তালাত যে পিটাইনি খাইছে তার পরোও কোন আক্কেলে লাস্ট ওভার থাকে দিয়ে করাই আমার মনে হচ্ছে চিটাগং এর টিমের মালিক এর সাথে সব খেলোয়াড় প্রতারণা করছে,0
আলোচনার মাধ্যমে মতপার্থক্য দূর হতে পারে।,0
"কল্পনার জন্য সবাই মিলে এগিয়ে এসেছেন, এটা ভালো উদাহরণ।",0
আমিতো মনে করি এই পিনাকিই দেশ ধ্বংসের মূল উসকানি দাতা ও হোতা। ওনার উচিত হবে টিকটক ফাইটার না হয়ে বরং দেশে এসে প্রধান উপদেষ্টাকে হটিয়ে নিজে দায়িত্ব নিয়ে দেশ পরিচালনার দায়িত্ব নেয়া। কারন বলা অনেক সহজ কিন্তু করা অনেক কঠিন। ওনার মধ্যে কোনো দেশ প্রেম দেখি না বরং দেখি দেশকে ধ্বংস করার জন্য যত রকম উসকানিমূলক কথা। এই টিকটকদার ব্যক্তিটির কথা শুনে সবকিছু না করে বরং সরকারকে সাহায্য করা। কারন উনি কোনো ফেরেস্তা নন।,0
টাটকা গোস্তগুলোর স্বাদই ছিল আলাদা।,0
শিক্ষার্থীদের নতুন ডিভাইস উপহার দিয়ে তাদের সহায়তা করার আকাঙ্ক্ষা।,0
প্রতিহিংসার জের খুব খারাপ জিনিস!,0
"মেশিন লার্নিং, ডেটা অ্যানালাইসিস, এবং রোবটিক্সের মতো জটিল কাজ উপেক্ষা করা উচিত নয়।",0
"বেশিরভাগ জামাতপন্থীরা করে, তখন তারা দৌড়ের উপর ছিলো!",0
"চাচা,,বাড়ি ঘর এত সাজানো কেন? আর হেনা কোথায়",1
কমেন্ট পড়া লোকে বেতনের ব্যবস্থা করা হক,1
আগেকার রাজা বাদশাহরা এগুলা দেখার জন্য স্বর্ণমুদ্রা দিত,1
এত সুন্দর জীবন পাইছে কয়ডা গালি খাইলে কি আর হয়,0
গালাতা পন্টুন সেতুটি সোনালী শৃঙ্গকে গালাতা বাণিজ্যিক এলাকাকে সংযুক্ত করেছে সেতুসংলগ্ন এলাকাতে বহু দোকান ও কফিঘর আছে।,0
হে মুরুব্বি ভালো মেয়ের সন্ধান দিন করে ফেলি,0
বেওয়াকুফ। আপনি বাঘের সাথে তেলোপাকা দিয়ে মোকাবেলা বা লড়াই করে বিজয়ী হয়ে তারপর জবান চালাবেন।,0
কি রিয়েকশন রে,1
এখন গ্রামগঞ্জে গেলেই এমন উৎকট জিনিসপাতি দেখা লাগে!,0
এরা কারা কোথায় থেকে এলো,1
বর্তমান পরিস্থিতিতে কেউ কি সত্যিই সবুজ বাটন চাপার রিস্ক নেবে?,0
ভুল ভাই ফেব্রুয়ারি মাস না আসলে অস্তির বাঙ্গালিদের মিস করবো এবং বিনোদন পাবো না,1
হাজার ফেসবুক ফলোয়ার মাএ ৫০ টাকা।,1
দেশের মানুষের অনুভূতি কে কাজে লাগিয়ে... দেশ ধ্বংসের মুল হোতা...এই পেনিক...,0
একটা আপু চাই। বিশ্বস্ত বন্ধু হয়ে থাকতে চাই। যে কোন আপু বন্ধু হতে চাইলে রিকোয়েস্ট দিন ইনবক্স করুন। ধন্যবাদ।,1
তারাই বেশি কমেন্ট করে যাদের সময় শেষ হয় না,1
দেশের মানুষ কে ভেজাল ঔষধ খাওয়াছো আর এখন ভেজাল মার্কা কথা। তোমার বাড়ি অফিস একদিন ভাঙ্গবে তখন কেমন লাগবে। যদিও আমি ভাঙ্গা ভাঙ্গি মধ্যে নেয়,0
তথ্যপ্রযুক্তি এখন আমাদের দৈনন্দিন জীবনের অংশ।,0
আমি মনে করি আমাদের প্রত্যেকেরই নিজের ব্যক্তিগত তথ্য শেয়ার করার সময় আরও সতর্ক হওয়া উচিত।,0
"যখন তুমি সফল,তখন তুমি সবার যখন তুমি ব্যর্থ, তখন শুধু তুমি তোমার।",0
এদের নামও সুলতান ডাইন আর কাচ্চি ভাই মিলিয়ে নকল। লোগোও কাচ্চি ভাইয়ের কপি।,0
প্রিয় নেত্রীর অপেক্ষায় বাংলার জনগণ। সবাই বুঝতে পারছে শেখ হাসিনার হাতেই দেশ নিরাপদ ছিলো,1
ফ্যানই তো নাই।,1
"কোনরকম ভয় বা শাস্তি দেওয়ার বদলে বলুন, ""এটা বলার জন্য ধন্যবাদ।"" এতে তারা ভবিষ্যতেও আপনাকে জানাতে স্বাচ্ছন্দ্যবোধ করবে।",0
শিক্ষাপ্রতিষ্ঠানে কোটা পদ্ধতির প্রয়োগের স্বচ্ছতা অত্যন্ত গুরুত্বপূর্ণ,0
"আমাদের সমাজে ভালোবাসা ও সহানুভূতির চর্চা বাড়ানো উচিত, যাতে সবাই একে অপরের সুখে অংশীদার হতে পারে। এটি একটি সুন্দর সমাজ গড়ে তোলার গুরুত্বপূর্ণ উপাদান।",0
র্যাবের উপর বিএনপি- জামায়েত এর ক্ষোভ ছিলো। ওদের খুশি করতেই এমন অবস্থা করছে অন্তবর্তীকালীন সরকার।,1
ক্ষমতাবান লোকের কাছে ওই প্রিন্সিপাল এর ক্ষমতা থাকে না যে ওই লোকের ছেলে কে টিসি দিবে ঐটা শুধু নাটক শর্টফিল্ম এ হয় বাস্তবে করলে জীবন এর নিরাপত্তা বলে কিছু থাকে না ।,0
উভয়ের মধ্যে খোলামেলা আলোচনার মাধ্যমে আবেগগত সংঘাত কমিয়ে আনার চেষ্টা করা যেতে পারে।,0
একটা পুরুষ যতই শক্তিশালী হোক না কেন ... তার শখের নারীর কাছে সে দুর্বল । আর এটাই প্রকৃত ভালোবাসা...,0
রেলওয়ের বেতন কাঠামো কর্মচারীদের মানসিক স্থিতিশীলতা বৃদ্ধিতে সহায়ক।,0
এই বাংলাদেশে আপার আর জায়গা কোনদিন হবে না আমরা সবাই জেগে আছি।,0
ওকে বাসায় পাঠান। রাতে হালকা রিমান্ড দিয়া সকালে আবার থানায় পৌঁছে দেব কমিটমেন্ট।,0
অনেকদিন পর ভারসাম্যপূর্ণ একটা পোস্ট পাইলাম।,0
সাজানোর জন্য প্রয়োজন সুন্দর রুম পর্যাপ্ত টাকা আর রুচিশীলতা...,0
দেশ বিরোধী চক্রান্ত করলে পরিবারের জিম্মায় আসামি কে দিয়ে দেওয়া হয়??,0
সারা বাংলাদেশ প্রস্তুত আছে স্বৈরাচারী দমন করতে হবে পুরোপুরি ভাবে,0
আমার মনে হয় কোডিং আপনাকে খেয়ে দিলো,1
মায়ের জন্য সন্তানের ভালোবাসা অপরিসীম।,0
"অক্সফোর্ড ভাষা সভাপতি ক্যাসপার গ্র্যাথওল বলছেন, ব্রেন রট ভার্চ্যুয়াল জীবনের যে বিপদগুলো আমরা অনুভব করি, তার একটি এবং কীভাবে আমরা আমাদের অবসর সময়কে ব্যবহার করছি, তার কথা বলে।",0
"ইয়াকচাল নকশা এবং এর তাপ নিরোধক ক্ষমতা মুগ্ধকর, যা মরুভূমিতে বরফ সঞ্চয় এবং সংরক্ষণে সহায়ক ছিল।",0
একটু সামনে আয় তুর চেহারাটা একটু দেখি,1
উন্মাদ নারী আবুল হায়াতের আখের রসের লোভে হিংস্র আচরন করছে।,1
"যত বিজ্ঞানীর নাম শুনেছি তার মধ্যে সব থেকে সেরা হচ্ছে ""নিকোলাস টেসলা""",0
সেই টিভি দেখার লোভে ২ ১পেইজের কবিতা গল্প মূখস্ত করে ফেলতাম!,0
পুনর্ব্যবহারযোগ্য পাটের ব্যাগ পরিবেশবান্ধব হওয়ায় এটি প্লাস্টিকের বিকল্প হতে পারে।,0
একজন প্রকৃত মুমিন কখনো অন্যের ক্ষতি করতে পারে না।,0
এতটা হিংসে নিয়ে যেভাবে বাংলাদেশ এগোচ্ছে খুব বেশি দিন নেই যে তারা শেষ হয়ে যাবে। তখন বাটি হাতে বসলেও কেও ভিক্ষা দেবেনা।,0
জন্মের পর থেকেই এই স্বপ্ন দেখে আসছি। জীবনে যতো লোকের সাথে এই ব্যাপারে কথা বলেছি তারা সবাই এই স্বপ্ন টা দেখে। তাহলে কি পৃথিবীর বেশির ভাগ মানুষ বদ নজরে আক্রান্ত??,0
স্পিচলেস...,0
ফোলা রুটি তিনটা ভালোই হইছে।,1
"চোরে চোরে মাসতুতো ভাই বলা যাবে না, শয়তানে শয়তানে মাসতুতো ভাই",1
আমার প্রশ্ন হলো বাবার টাকায় চিল করলে খারাপ কি?,0
সেকালের মানুষ গুলোই ভালো ছিল,0
স্ত্রীদের নিজস্ব আলাদা কোনো ক্যারিয়ার থাকা উচিৎ না।,0
"উহু, ওই ফ্রেন্ডটাই আবার আপনার পকেট থেকে যেন টাকা বেশি যায় সেই ব্যবস্থা করবে দোকানদারের সাথে কথা বলে।",0
নিঃসঙ্গতার থেকে বড় উপহার বোধহয় আর কিছু হয়না।,0
"যতক্ষণ ইচ্ছা খাবেন, কোন টাইম লিমিট নাই",0
নাহিদ ভাই বাংলাদেশের গর্বিত সন্তান,0
আলহামদুলিল্লাহ ভাইয়েরা এগিয়ে যান। আপনাদের দিয়ে শুরু হবে নব বিপ্লব। চিন্তার নতুন ধারা আপনাদের দিয়ে উন্মুক্ত হবে।,0
"হুমায়ুন আহমেদ জাতীয় সম্পদ, নুহাস পল্লীতে হুমায়ুন আহমেদ এর নামে যাদুঘর করা হোক",0
সুন্দর ইনফরমেশন।,0
চিত্রনায়িকা পপির লুকে অপু বিশ্বাস,1
"আর কবিতার কথা বললে বলতে হয়, কবিতাপ্রেমীদের কাছে তুমুল জনপ্রিয়তা পান মারজুক রাসেল, ইমতিয়াজ মাহমুদ ও প্রবর রিপন।",0
কোটায় চাকরি পাওয়া গুলোই সব যায়গার জন্য অভিশাপ।,0
এ জন্য আমার রাতের ঘুম স্বপ্নে পরিনত হইছে,1
থাইল্যান্ড গিয়ে শুধু বাথরুম এর ভিডিও কেন বাদ দিলি ওইটা ও দিতি।,1
ঐ আহাম্মক কিসের উপর ভিত্তি করে ভাবল যে তামিম সেঞ্চুরি মারবে!,1
তারার ঝলকে চাঁদ দেখা যাচ্ছে না,1
তুই হার পকেট মারি গেঁইয়ুস যে,1
"ব্যক্তিগত স্বার্থে আপোষ থাকতে পারে, কিন্তু ধর্মীয় স্বার্থে কোনো আপোষ নেই।",0
বৃদ্ধদের প্রতি সহানুভূতিশীল হওয়া আমাদের নৈতিক দায়িত্ব।,0
যেহেতু এটি বিশেষ করে সামাজিক যোগাযোগমাধ্যমে অতিরিক্ত মাত্রায় নিম্নমানের অনলাইন কনটেন্ট ভোগের প্রভাব নিয়ে উদ্বেগকে ধারণে ব্যবহৃত হয়।,0
এত লাশের মিছিল দেখেও যারা নিরব ছিল তারাই নির্লজ্জ ৩২ জন্য মায়া কান্না করছে? জীবনের চেয়ে কি? বাড়ি বড় নাকি?,0
অনেকদিন ধরে শান্ দেয়নি আজকেই কামার বাড়িতে যাব,1
ঠিকই বলেছেন ভাই যাকে যেখানে মানায় তাকে সেখানেই অভিনয় করতে দেওয়া উচিত,0
no Comments,0
নিজের জন্য বাচুন নিজের লক্ষ ঠিক রেখে কাজ করুন কাজ করতে থাকুন ইনশাআল্লাহ এক দিন সফন হবেন,0
আবুল হায়াত দিবসে ভক্তদের জন্য কাঙালী ভোজের ব্যাবস্থা থাকবে কি না,1
"২৪ এ আসিয়াও বাক স্বাধীনতা পাইলেন না, ইহাও আমাদের মানিতে হইবে?",1
বাংলাদেশকে নিয়ে নোংরা রাজনীতি করছে ভারত এটা একটা স্ক্রিপ্ট।,0
আপনার মতো আমিও এটাই চাই,1
"নিজের ভালো লাগার জন্য যা দরকার, সেটাই করুন।",0
মানুষের রূপ কোনো কাজে আসে না তবুও মানুষ রূপের অহংকারে মাটিতে পা পড়ে ... এই মেয়েটির কথা গুলো খুব সুন্দর মন ছুঁয়ে গেল,0
পঞ্চমুখ্ত হবেই চুরে চুরে মাসতুতো ভাই সারা বিশ্বটারে জাইল্লা পুরা খাইতাছে যুদ্ধরাষ্ট্র,0
ভয়ংকর কোন আলামত নষ্ট করতে সেখানে মনে হয় পানি ঢেলে দেওয়া হয়েছে?,0
যাক অন্তত পালানোর সময় সাঙ্গোপাঙ্গদের সাথে নিয়ে পালিয়েছে। আমাদের আফার মতো না বলে একা পালায়নি।,0
আসুন নিশ্চিত করি যে আবরার ফাহাদের করুণ সত্য ঘটনাটি সবাই জানে এবং পৃথিবীর কোথাও যেন এর পুনরাবৃত্তি না হয়।,0
"পোলাডা আমার এক বন্ধুর লাহান, যেহেতু পোলাডারে কানসা বরাবর দিতে পারতেছি না, তাই বন্ধু ডারে ঘুম তে উডাইয়া একটা কানসা বরাবর দিলাম। এখন শান্তি লাগতাছে",1
"পোলাপাইন গুলা গর্তে ছিল ভালোই ছিল, কিন্তু নেত্রীর সেটা সহ্য হচ্ছিল না",1
"কবিতাপ্রেমীদের পছন্দের শীর্ষে ছিলেন শামসুর রাহমান, আল মাহমুদ, নির্মলেন্দু গুণ, মহাদেব সাহা, হেলাল হাফিজ ও রুদ্র মুহম্মদ শহীদুল্লাহ।",0
কেমন করে চায় দেখো মরে যাবো লাজেরে,1
মানুষ না থাকলেও তার কর্মই মানব মনে তাকে বাচিয়ে রাখে শত বছর।,0
অত্যন্ত হাস্যকর একটি ভিডিও আমি উপভোগ করলাম। সেখানে বাংলাদেশি চ্যানেলে বিরতির ফাকে ফাকে একটু নাটক এর মত ভালবাসাও খুজে পাওয়া যায়।,1
"ভাই আপনার ফোন নাম্বারটা দিবেন, কমেন্টে গালি দিলে আত্মীয়-স্বজন দেখে।",1
প্রিন্সেস লাকী খান।,0
"ভাই, শুধু দেখি, কিন্তু দাওয়াত তো পাই না",0
এদেশে উচ্চ শিক্ষিত ব্যক্তির অভাব নেই! কিন্তু প্রকৃতপক্ষে বিবেকবান এবং নিঃস্বার্থ শিক্ষিত মানুষের বড্ড অভাব ! বিবেকহীন এবং স্বার্থপর মানুষরা কখনো কল্যাণের মুখ দেখবে না !,0
দেশে মাত্রাতিরিক্ত জনসংখ্যা!!তিতুমীর কলেজের মেধাবীরা দ্রুত কাজটি করে ফেলো!!,1
পৃথিবীর একমাত্র নির্লজ্জ্ব প্রানী মনু মিয়া,0
"নিরাপদ, নিরাপত্তা ২টাই চাই",0
বাংলা ভাষার পূর্ববর্তী রূপ অপভ্রংশ থেকে ঠিক কোন সময়ে এই ভাষা নিজস্ব পরিচয়ে চিহ্নিত হয়েছে তা সঠিকভাবে নির্ণয় করা তর্কসাপেক্ষ।,0
এ ছাড়া নীলক্ষেতে ঠিক এ সময়টাতেই সহজলভ্য হয়ে ওঠে ফেলুদা-টেনিদা-ঘনাদা-কাকাবাবু আর ব্যোমকেশের সমগ্র ঘরানার পাইরেটেড বইগুলো।,0
আমার তো আপুটার কথা শুনে হাসি পাচ্ছে,1
এই নিউজ প্রচার করাটাও স্বৈরাচারীকে স্পেস দেয়ার শামিল,0
গাছের প্রতি যত্ন নেওয়া আমাদের জীবনের প্রতি যত্ন নেওয়ার মতোই গুরুত্বপূর্ণ।,0
ভালবাসা দিয়ে দিলাম আশা করি আপনি ও আমার পাশে থাকবেন।,0
বাহ্ চমৎকার এবং এই গানটা আমার খুব ভালো লাগে,0
"আসলেই, দেখ উলটা আমাকেই কয়েকমাস ধরে মেয়ে একটা প্রচুর ডিস্ট্রাব করতেছে",1
"এই রোবোর্ট গুলি পালিয়ে এসে আজকে সকালে, আমাদের পাড়ায় একটা ভাড়া বাড়ীতে থাকছেন।",1
মুখটা তো বান্দরের মতো আর নিজেকে মনে করে মহাজ্ঞানী,0
"সোনামনি উহু,উহু কান্না করা যাবে না, চুপ থাকবা",1
অবৈধ বাংলাদেশী ভারতে ঢুকে আমাদের বিখ্যাত অভিনেতা সাইফ আলী খান কে ছুরিকাহত করেছে। গড়ো গড়ো ভারত প্রাচীর গড়ো।,0
স্কলারশিপ প্রোগ্রামগুলো সাধারণত শিক্ষার্থীর সামগ্রিক দক্ষতা মূল্যায়ন করে।,0
"আমি জানি না, তবে অনেক কিছু জানলে হয়তো ভালো হত।",0
আচ্ছা ওনার ছবি কি গিগের থাম্বনেলে লটকাইলে বেশি অর্ডার পাওয়া যাবে?,1
সব হলুদ ভালোবাসা,0
কেও সিগারেট খেয়ে ধোয়া দিচ্ছে ।,0
আফসোস এই শিক্ষিত নামের বেহুদা ইয়াং ছাত্র ছাত্রীদের জন্য এরা নামেই লেখা পড়া করছে কামে কিছুই নয়,0
এর মধ্যে বহুবার মামার বাড়ি গেছি।,0
বাংলাদেশের ফুটবল খেলা বলতে এই নারী টিমের খেলা দেখতাম এখন থেকে এটা দেখা ছেড়ে দিতে হইল,0
এটিকে বিশ্বের সবচেয়ে গুরুত্বপূর্ণ ধর্মীয় স্থাপনাগুলির একটি হিসেবে গণ্য করা হয়।,0
"এটির দক্ষিণে মার্মারা সাগর, পূর্বে বসফরাস প্রণালী এবং উত্তরে একটি গভীর খাঁড়ি যার নাম সোনালী শৃঙ্গ।",0
খুলে চেটে দেখুন কেমন লাগে,1
হেদায়েতের মালিক একমাত্র আল্লাহ তায়ালা তিনি যাকে চান তাকে হেদায়েত দান করেন।,0
ট্রাম্পের বউকে দেখে মাহফুজ আনামের লোল পড়ে গেল,1
কিন্তু রিপোর্টারের ভয়েস টাহ ওয়াও প্রেমে পরে গেলাম ভয়েজ এর,0
কাচের তৈরি ৭৫০ মিলি ওয়াটারবোতল স্টকে এসেছে... All reactions 5353,0
আনন্দের সাথে পৃথিবী ত্যাগ করাও আনন্দের।,0
নগদ দেন কয়ডা লাগবো,1
"আজকের রাত রেহান আহসান, আবরার ফাহাদ, আবু সাঈদ, মুগ্ধ,ওয়াসিম,আসহাবুল ইয়ামীন, আর ৫-ই মে-র শহীদের জন্য... রাহিমাহুমুল্লাহ",0
আগামী নির্বাচনে বুঝতে পারবেন আওয়ামী লীগ কিসের দল। আওয়ামী লীগ হচ্ছে গরিব দুঃখী মেহনতি মানুষের দল।,1
মনে রাখবা জয় বাংলার মতো এত তেজ আর কোনো শ্লোগানে পাইবা না ! বাণিতে খায়ের খাজা,1
"একদম।বোঝে কতজন,যারা ভূড়ি ভূড়ি মিথ্যা স্বপ্ন দেখায় তাদের কে বেশি ভরসা করে।",0
যারা সমালোচনা করতেছে তাদের মানিব্যাগ ঘাটলে ৯০০ টাকাও বের হবে না।,0
আপনারা শুধু সাধারণ মানুষকে সামনে ঠেলে দিচ্ছেন নিজেরা দেশে এসে এসবের নেতৃত্ব দিচ্ছেন না কেন?,0
তবে আমার সব বন্ধুরা জয়কলির ফ্রি বই পেয়েছে আমি পাইনি! আমি দীর্ঘ 2 বছর চেষ্টার পর ও পাইনি এইযে আমার বন্ধু সাক্ষী,1
এনামুল হক বিজয় সব সময় ভালো খেলে লাস্ট ক্যালেন্ডার এ বিশ্বের সেরা প্লেয়ার তারপরেও জিম্বাবুয়ের সফরেও ভালো খেলেছিল কেন জানি ওকে বাদ দেয়া হলো জানিনা ওয়ানডে থেকে,0
দর্শনের আদিপুরুষগণ মোটেও সেরকম বই নয়। সাধারণ পাঠকের কাছে সক্রেটিস-পূর্ব দর্শন ও দার্শনিকদের সম্পর্কে গল্পের আকারে সহজভাবে তুলে ধরা হয়েছে এই বইয়ে,0
"পিরামিড নিয়ে অনেক গবেষণা হয়েছে, কিন্তু সব প্রশ্নের উত্তর এখনো মেলেনি",0
যতদুর যাও পাখি দেখা হবে ফের গুয়াটা মারিব শুদু শেক মজিবের - ইলিয়াস মাহমুদ,1
গাঞ্জাখুরি কাহিনি নাকি? রোবট প্রোগ্রাম কমান্ডের উপর নির্ভরশীল। যদি কখনও প্রোগাম ফল্টের কারনে হয়ে থাকে তাহলে সেই প্রোগ্রামের আন্ডারে থাকা রোবট ছাড়া অন্যরা এর আওতাভুক্ত নয়। তবে AI কৃত্রিম বুদ্ধিমত্তায় সেরা।,0
"শুভ-শুভ-শুভদিন, আজকে কাকার মুসলমানীর দিন।",1
গ্যাসের সমস্যা হলে বুক মাঝে মাঝে ব্যাথা করে,1
ভারতীদের ভগবান ট্রাম্প এ কি করলো? এটা পুজা করে এই প্রতিদান?,1
"আপনি তো অপুষ্টিতে ভূগতেছেন,এতো প্রেম সামলাবেন কিভাবে একটু খেয়েদেয়ে নাদুস নুদুস হন",1
হাতিয়া নাকি এখন আওয়ামী লীগের দখলে??,0
"স্বজন প্রীতির কথা বললেন না? সাহস থাকলে যারা ক্ষমতার অপব্যবহার করছে, ওদের বিরূদ্ধে কথা বলেন। সাধারণ মানুষদের তো যে কেউই জ্ঞ্যান দিতে পারে।",0
এমন একটা রোবট থাকলে gf এর অভাবটা দূর হতো,1
ছোট খাটো বিষয় নিয়ে লিজেন্ডের ডাকবেন না কারণ লিজেন্ডরা অনেক ব্যস্ত থাকে!!,1
শিক্ষিত সমাজই উন্নত সমাজ।,0
হেল্প করার মেন্টালিটি কতজনের থাকে? যাদের ভিতর আছে তারাই সেরা,0
"আজকাল ছাত্ররা অনলাইনে বিভিন্ন কোচিং সেন্টারে ভর্তি হয়, কারণ অনলাইন কোর্সের সুবিধা বেশি।",0
আচ্ছা নামাজের সময় মাথার উপর হ ডির টুপি পড়ে গেলে যদি আমি হাত দিয়ে এটা সরাইয়া ফেলি তাহলে কি আমার নামাজ হবে,1
ছাত্রদের প্রাণের দাবী - তিতুমীর কলেজ কে তিতুমীর হাই স্কুল করা হোক।,1
পড়তে বসুন নাহলে সমস্যা হবে!,1
"ভাই,কোনভাবে কি বঙ্গবন্ধু স্যাটেলাইটটাকে মহাকাশ থেকে নামানোর ব্যবস্থা করা যায় না...!",1
"ছাত্র আন্দোলনের অন্যতম সহযোদ্ধা, তার সাথে এগুলো মানায় না",0
আল্লাহ যেন ওর সব নেক ইচ্ছে গুলো পূরণ করে দেন। ও যেন খুব ভালো থাকে ।,1
"আজকের এই গল্প থেকে একটা কথায় পরিষ্কার বুঝা গেল,জীবনে কোন লক্ষ থাকতে হবে না,",1
"তুমি যে মাত্রায় বাঁশ খাচ্ছো,না জানি কতদিন পর আবার খিদা পায় তোমার!",1
ভালো উদ্যোগ,0
ছোট বেলায় আমি মনে করতাম বাঁশের উপর বাঁশ বেধে আকাশে উঠবো,1
বাংলাদেশের রাজনীতির মোড় ঘুড়িয়ে দেয়া একটা নিউজ ছিল ভাই... মানুষ মনে রাখবে... নামটাও হেভী ঝাক্কাস ছিল... অল দ্য প্রাইম মিনিস্টার মেন...,0
"সরকারের বিচার প্রক্রিয়া নিয়ে আলোচনা জরুরি, তবে তার বাস্তব ফলাফলটাই সবচেয়ে গুরুত্বপূর্ণ।",0
"এই প্রতিহিংসার রাজনীতি তাহলে চলতেই থাকুক, দেখা যাক কখন-কোথায় গিয়ে থামে!",0
তারাতাড়ি নির্বাচন দিন আপনারা দেশের শান্তি ধরে রাখতে পারছেন না,0
সব কি একসাথে করা সম্ভব। কিছু সময় দিতে হবে বাঙালি বরই একটা অধৈর্য জাতী,0
"তোর টিকটিকি হাত দিয়ে পিষে ফেলবে, বাড়া",1
"এগুলো কেমনে মানুষ ভুলে যায় আহ,, আপসোস হয় যখন তাদের দোষারপ করা হয়,, তারাতো শুরু থেকেই স্টেটলি ভাবে সকল কিছু করে আসছে,,আচ্ছা সব বাদ দিলাম এতো বড় স্বৈরাচার এর বিরূদ্ধে তাদের নেতৃত্যে গোটা জাতি এক হয়ে দমন করেছিলো এইতো সেই দিন মাত্র। তাও তাদের ভুলে যাই আমরা,,",0
উনি বলে কি আর আপনারা ডাবিং করেন কি? আন্তাজেই আবুল তাবুল,0
"পত্রিকা কিনে সারাজীবন বিনোদন ই পড়ে আসলাম,বাকিটা পড়ার কোনো প্রয়োজনবোধ করি নাই!",0
"সৎ কাজের দিকে আহ্বান করতে সবসময় এগিয়ে আসা উচিত। আমীন, আল্লাহ আমাদের দান করুন এমন সাহস।",0
"আল্লাহ হয় তোদের বিচার করুক, না হলে মোবাইল কিনার অপরাধে আমাদের বিচার করুক...",1
ভেঙ্গে পরলে চলবে না। জীবনে হতাশ হলে চলবে না। জীবনের সবকিছু করেছেন আল্লাহর রাহে। এই চিন্তা করে মন থেকে সকলকে ক্ষমা দিন। অন্তত নিজের কাছে সৎ থাকুন। ভালো থাকুন সবসময়। আল্লাহ সবাইকে ভালো রাখুন।,0
"লতিফুর রহমানের মৃত্যুর পর তার পরিবারের মধ্যে যে বিভক্তি সৃষ্টি হয়েছে, তা সত্যিই হতাশাজনক",0
মিডিয়ার দালালী আর কত সহ্য করা লাগবো??,1
"বঙ্গবন্ধু এবং ৩২ এর এই বাসার প্রতি পাকির সন্তানদের পরাজয়ের ক্ষোভ থাকবে এটাই স্বাভাবিক, কারণ এই বাসা থেকেই পাকিস্তান ভেঙ্গে বাংগালীকে স্বাধীন করার ঘোষণা দিয়েছিলো।",0
রোগীর পরিবার চিকিৎসার জন্য চিকিৎসকদের পরামর্শ নেয়,0
"স্বামীর ঋনে স্ত্রী গেরান্টার হলে অবশ্যই আদালত গেরান্টারের বিরুদ্ধে আদালত ওয়ারেন্ট দেয়, এক্ষেত্রে হলুদ যমুনা সাংবাদিক পাবলিককে সেন্টিমেন্ট করে কি বুজাতে চান, পুলিশ পুলিশ লিখে ওনি কি বুজাতে চান? আর ওয়ারেন্ট কি পুলিশ ইসু্্য করে? হলুদ সাংবাদিক কি জানেন না।",0
"ছাত্র রাজনীতি হতে হবে কল্যাণমুখী, সন্ত্রাসমুক্ত।",0
নিজের মানসিক শক্তি বাড়ানোর জন্য মাইন্ডফুলনেস বা মেডিটেশনের মতো অনুশীলন সহায়ক হতে পারে।,0
মনে করছিলাম সেনাবাহিনী ও পুলিশ নিজ দায়িত্বে এরেস্ট করবে। কিন্তু কিছুই হল না। আপসোস।,0
"ভাই, আপনার জন্যে মেয়েদের পক্ষ থেকে 'গণশত্রু' ট্যাগ লোডিং in 1, 2, 3...",1
ভার্সিটিও নাই বান্ধবীও নাই এটাই বাস্তব,1
বিস্তারিত তথ্য দিবেন?,0
সুবর্ণ বাড়ি নিউটন হাজার বছরে একবার জন্মায়। উনাকে রাষ্ট্রীয়ভাবে বাংলাদেশে এনে বিশ্ববিদ্যালয় শিক্ষকদের পড়ানোর সুযোগ করে দেয়া হোক।,1
পুরো পরিবার দেশে রেখে একা একা বাইরে থাকতে কেউ-ই চাই নাহ। থাকতে বাধ্য হয়।,0
তার কষ্ট দেখে নিজের কষ্ট বেড়ে গেলো ভাই.,1
বহুদিন পরে আবার স্বজন হারানোর বেদনা শুনবো। অনেক মিস করতেছিলাম,1
মেয়ের বাবার আইডিতে তখন যেয়ে দেখলাম সে ভ্লগার হতে চায়।,0
"ওই মেয়ের ভয়েসটা ঠিক তোমার মত,",1
"একদম ঠিক কথা বলেছেন আপু, নিজের ঘরের মতো সুখ কোথাও নাই। কোন কিছু না থাকলেও নিজের ঘর নিজেরই মনে হয় অনেক আপন, অনেক শান্তি। আলহামদুলিল্লাহ",0
গানটা এত্ত সুন্দর বাট অনেক ছোট!,0
মুখ টিপছেন মুখার্জি। চোখে মুখে তৃপ্তির ছাপ অস্পষ্ট,1
অনেকে জানেনই না যে বিক্রমপুরের স্যার জগদীশ চন্দ্র বসু রেডিও আবিষ্কার করেছিলেন।,0
পোস্ট পড়ে জা বুজলাম লোহার পালং নিতে হবে,1
অনুপম বাংলা গানের সুর পাল্টে দিয়েছে।,0
যে জর্জ এ মামলার শুনানি করেছেন তার গেনের অভাব আছে এমন লোক যোগ্যতার স্থানে যায় কিভাবে,0
"তোমার কথাবার্তা এতই গুরুত্বপূর্ণ যে, মনে হয় পৃথিবীর সব সংবাদ মাধ্যম তোমার বক্তব্য কাভার করার জন্য লাইনে দাঁড়িয়ে আছে!",1
লাভ বাইট বলতে কী কামড় দিয়া দাঁতের দাগ বসানোরে নি বলে?আমিতো অন্য কিছু ভাবতাম,1
"বহরূপী, সূর পাল্টানোতে পটু",0
মানুষ যতোটুকু ক্রুয়েলিটি সো করে পাগল কুকুরও ততটা নয়।,0
"এত সুন্দর এই কথার ভাষাগুলো,, যে আজও মন ছুঁয়ে যায়,,,হাজার বার শুনেও মন ভরে না,,, অসাধারণ।",0
মনিরের সাহায্য সত্যিই প্রশংসনীয়। কল্পনার জন্য সবাই মিলে এগিয়ে এসেছে।,0
"ক্ষমতা চিরদিন থাকেনা,,হায়রে জোর যার মুল্লুক তার",0
"যুবায়ের হোসেনের কোর্স নেবার মাধ্যমে নাফিস ধনী হওয়ার স্বপ্ন দেখেছিল, কিন্তু বাস্তবতার সাথে তার আশা মেলেনি।",0
হয় হয় একদম ঠিক কথা,1
গুরুত্বপূর্ণ তথ্য দেওয়ার জন্য ধন্যবাদ আপনাকে,0
মার্কস ইয়ানসেন বানাইলো মার্কোস জেনসেন রে। কত কুল হয়া গেলো,1
"ন্ত্রাসী ,মাদকসেবী,সাইকো এরা হলো আজন্ম পাপ ৷ এদের সাথে যাদের বিয়ে হয় তারা কখনই মুক্তি পায় না",0
"ধরেন আপনি মরুভূমির মাঝে কোন গভীর গর্তে পড়ে গেলেন, এখন আপনি কিভাবে বেঁচে ফিরবেন, মরুভূমিতে তো কোন মানুষজনের ঘর-বসতি নেই। তখন অবশ্যই আল্লাহকে স্মরণ করতে হবে, উনার কাছে সাহায্য কামনা করতে হবে। একমাত্র উনিই পারবেন আপনাকে বাঁচাতে। সুতরাং আল্লাহ তায়ালাকে অস্বীকার করার কোন যুক্তি নেই। আর যাদের পরকাল সম্পর্কে জ্ঞান নেই, দুনিয়াতে তাদের মতো মূর্খ ব্যক্তি আর নেই।",0
তাকে অনেক ঘুস দিতে চাইছিলাম তাবুও সে আমায় একটা প্রেম করাই দিল না,1
নির্বিচারে গুলি করে মানুষ খুন করে মানবতাবিরোধী অপরাধ করেছন শেখ হাসিনা ।,0
ছেলের সাফল্য দেখে মায়ের চোখ আনন্দে ঝলমল করে ওঠে।,0
চোরে চোরে মাসতুত ভাই। খুশি তো হবারই কথা,0
নিজের লক্ষ্য ঠিক রেখে কাজ করলে জীবনের অনেক সমস্যাকে পাশ কাটিয়ে যাওয়া যায়। ব্যস্ততা সব সময় সমস্যা দূর করতে সাহায্য করে।,0
ভাই অনেকগুলা রেসিপি মিস করলেন। খেজুরের বদলে বরই। তারপর মাছ সেদ্ধ করে কাটা পর্যন্ত নরম করে খেয়ে ফেলা। পেঁয়াজের পরিবর্তে চাইভ পাতা। তেল ছাড়া রান্না করা।,1
সে আবার বড় বড় কথা বলে এই গুলা আবার পাবলিক খায়,0
আয়নাঘর ইস্যু উন্মোচন এবং দেশের যোগ্য মানুষদের কাজ লাগালে স্থিতিবস্থা চলে আসবে।,0
"হালায় আমার সোনার বাংলাটা এমনভাবে গাইছে, এখনো মনে পড়লে কান ব্যাথা করে",0
আমার আম্মা জীবনে কিছু বলেনাই,0
রোগীকে দ্রুত সুস্থ করতে ওষুধের প্রয়োজন হয়,0
এভাবে কালোজাদু করা হয় এটা সত্যি কিন্তু আপনি যা পোস্ট করলেন এটা নিশ্চয়ই আপনার নিজের বানানো কারণ দেখেই বুঝতে পারছি সুতা আর কাগজ একদম পরিষ্কার আর ঠিকঠাক আছে যদি মাছের সাথে পানিতে এমন অবস্থায় থাকতো তাহলে এগুলো এতো পরিষ্কার আর অক্ষত থাকতো না শুধু শুধু ফেতনা ছড়াবেন না,0
যেয়সাকো অয়সা মিলে,0
"একজন সফল মানুষ কেবল তার ব্যবসার মাধ্যমে সফল হয় না, তার পরিবারের প্রতি দায়িত্বও সমান গুরুত্বপূর্ণ",0
ছোটবেলা থেকেই হয়তো লাইফ পার্টনার হিসেবে সুন্দরী কাউকে কল্পনা করতাম... আজ কেমন যেন মনে হচ্ছে সৌন্দর্য ভাষার কাছে হেরে গেল... এই বক্তব্য টা দেখার পর,0
বেলার ভাতার যখন কাতার থেকে আসবে তখন বেলাকে টার্মিনারে ঢুকতে দিবেন না।,1
একজন বিজ্ঞানী ও বৈজ্ঞানিক কর্মকর্তার মধ্যে পার্থক্য আছে।,0
"আপনার পছন্দই আপনার পরিচয়, সেটা গর্বের সঙ্গে গ্রহণ করুন।",0
"ভাইয়া একবার ভেবে দেখেন,এ জীবনে আপনারা ঠকে গেলেও পরকালে কিন্তু ঠিকই বেশ মর্যাদার সাথে জিতে যাচ্ছেন।",0
কাচ্চি ডাইন রিমান্ডে কাইবো,1
রিইউনিওনে নিজের জীবন সম্পর্কে আলোচনা।,0
বোমা হামলা যারা করছে তাদের সবাইকে। জেল থেকে ছেড়ে দিয়েছে সরকার দেশ কয়েকদিন পর ফিলিস্তিনিতে পরিণত হবে।,0
ব্যাক্তিগত ভাবে আমার একাকিত্ব টাই ভালো লাগে। আশপাশের সব মানুষই স্বার্থপর। আমি একা থাকলে আল্লাহর প্রতি আরও অনুগত হই। নিজের মালিকের প্রতি আনুগত থাকাটাই মনে করি একাকিত্বের সর্ববৃহৎ অর্জন।,0
"আফসোস লীগের ""দিল হ্যাঁয় ইন্ডিয়া"" বাংলাদেশকে ফাঁসাতে গিয়ে নিজেরাই নিজেদের দেশে হাসির খোরাক হয়েছে",0
পৃথিবীতে একমাত্র খারাপ রাষ্ট্র হল ভারত নিজের স্বার্থ ছাড়া আর কিছুই বুঝে না।,0
নীলক্ষেত থেকে বহু পাঠক নিয়মিত কিনতেন সুনীল-সমরেশ-শীর্ষেন্দুদের পাইরেটেড বইগুলো।,0
কিভাবে পারলো ১ জন মানুষকে এইভাবে মেরে ফেলতে,0
"তোমার এ ছবির সাথে কেন জানি প্রতিদিন গাড়িতে উঠা হিজড়াদের প্রতিচ্ছবি খু্ঁজে পাই,,,,,আমি কি সত্যি বলেছি?",1
শিক্ষাখাতকে শেষ করার চুড়ান্ত আয়োজন।,0
একটু খেয়ে দেইখেন,1
দূর দূরান্ত থেকে আসা রানার দের সামান্য ব্যাগ রাখার ব্যাবস্থা করতে না পারলে ব্যার্থতার দায় স্বীকার করে ইভেন্ট বন্ধ করে দিন জঘন্য অর্গানাইজেশন আসছে আবার ম্যারাথন বা রানিং ইভেন্ট আয়োজন করতে!,0
"১ম, ২য়, ৩য় স্থান পাওয়া ছাত্ররা কিছু ক্ষেত্রে কোচিং সেন্টারের অপকর্মের শিকার হয়।",0
"আমি আর আমার ভার্সিটি, দু'টোই ভন্ড",1
পরিবেশ সংরক্ষণে সবার সম্মিলিত প্রচেষ্টা প্রয়োজন।,0
আইলেবু,1
কে কাকে ফুল দিচ্ছে?,0
ওরা মানুষ নয় ওরা জানোয়ার,1
সমস্যা নাই টাকা ইনকাম তো হয়ে গেছে,0
সে একজন আইনজীবী । সে আমাদের বিনোদন দেওয়ার জন্য এগুলো করে মাঝেমধ্যে।,0
বাসুদাদা জলদি মলম টিভিকে খবর দিন,1
বেঁচে আছি সেইটাই তো অনেক প্রিয় মানুষ এটা তো বিলাসিতা। আর গোলাপ তো দূরের কথা কারো কাছ থেকে লাল শাঁক ও আশা করি নাহ,1
"জীবন কখনো সোজা পথ নয়, তবে তা আমাদের আরও শক্তিশালী করে তোলে।",0
চুরি করা চোরকে সাফাই গায়তে দিলে কি ঐ চোর বলবে আমি চুরি করেছি?,1
এই রকম ফ্রিজিয়ান দুধ ওয়ালা গরু আমার দরকার দুধ বিক্রি কইরা মাসে ৫০ হাজার কামাই করা যাবে,1
অনেক স্বপ্ন জমিয়ে রেখেছি। বাবার টাকায় না যদি কখনো নিজের সামর্থ্য হয় পুরণ করবো।,0
"তিতারচুক ইউক্রেনের রাষ্ট্রীয় সংবাদ সংস্থাকে বলেছেন যে ""পরিস্থিতি নিয়ন্ত্রণে রয়েছে""।",0
পোস্টটা পড়ে নিজের জীবনের প্রতি নতুন করে ভাবতে শুরু করেছি। উনার মতো সাহস আর ধৈর্য আমাদের সবার মধ্যেই থাকা উচিত।,0
তাহসান ভাই অাপনার তুলনা অাপনি নিজেই। দ্য লিজেন্ড,0
"কে তুমি বৎস, ধরিয়া মৎস, বেচিয়া গঞ্জে, অকুলও কুঞ্জে, না খাইয়া তাজা, কেন তুমি সেবন করিলে মেয়াদ উত্তির্ন গাঁজা ""!",1
"বেষ্ট ভুরি ভাই,,, চালান আরও বাড়ব",1
আমার চে র চুলের ভিডিও...তবে উপস্থাপিকার ভয়েস টা মন ছুয়ে গিয়ে বিচিতে লারা মারছে,1
অন্য জায়গায় থেকে তাদের এাণের ব্যবস্হা করছে স্বেচ্ছাসেবী এবং বিভিন্ন রাজনৈতিক দল। অথচ তারা তাদের নিজের এলাকার লোকজনের জন্য মুল্য বৃদ্ধি করে ফেলছে।,1
আসলেই হৃদয় ছুয়ে গেলো রে তোর মতো সন্তান আল্লাহ প্রত্যেক মা কে দিক দোয়া করি অনেক বড় হ,0
সব শেষে বক্ত দের সাথে,1
"এ ভাই তোকে এতোদিন অকর্মা ভাবতাম,, কিন্তু আজ দেখলাম তুই অনেক ট্যালেন্টেড,,, তুই কুত্তার কান্না কপি করতে পারিস তাও আবার সেম টু সেম ও মাই গড কেমনে",1
তাদের থেকে অনেক বেশি টাকা নিয়ে ভর্তি করা হয়।,0
আয়নার সামনে দাঁড়িয়ে নিজেকে হিরো লাগে,1
"আমি জানি এসব কন্টেন্ট শুনতে খুব একটা মানুষ আসবে না তবে, আমাদের মতো গুটি কয়েকের জন্য কন্টেন্টগুলো খুব প্রয়োজোন।",0
চাঁদাবাজি বন্ধ করার সহজ উপায় হলো ইউসুপ সরকারের উচিত আগেভাগে নির্বাচন দিয়ে চাঁদাবাজদের হাতে দেশের দায়িত্ব ছেড়ে দেয়া,1
রোলস রয়েস গাড়িতে করে রিইউনিওনে যাওয়ার আকাঙ্ক্ষা।,0
"বর্ণবাদী শিরোনাম, আচরণ।",0
স্টার্টআপের উপর নির্ভরশীলতা বড় কোম্পানিগুলোর জন্যও কার্যকর হতে পারে।,0
আরো থাকচে ৫০০টাকা,1
"সৎ সাহস আর দেশের প্রতি অগাধ ভালোবাসা আছে বলেই কোনো রকম প্রটেকশন ছাড়াই এত রাতে পরিস্থিতি নিয়ন্ত্রণে নিজে ছুটে গিয়েছেন হাসনাত আব্দুল্লাহ। এটা নিয়েও যদি ট্রল করতে মন চায়, তাহলে বুঝে নিন আপনি মানসিক বিকারগ্রস্ত।",0
"অপারেশন শুরুর আগেই সমস্ত নিয়মিত বাঙালি ইউনিটকে একসাথে নীরস্ত্র করার অনুমতি দেননি জেনারেল হামিদ, ফলে পাকিস্তানি নেতৃত্ব অন্যান্য উপায় বাঙালি ইউনিটগুলোর সম্ভাব্য হুমকি নিয়ন্ত্রণের ব্যবস্থা করে।",0
তুমি যদি পুরুষ হয়ে থাকো তাহলে পরিবারের দ্বায়িত্ব নেয়া তেমার কাছে কখনো কষ্টের মনে হবে না।,0
আজ ভালো std না বলে শুক্রবারে কোন cls থাকে না,1
"অসহায় ভাইটি গরমে কষ্ট পাচ্ছে,আমরা চাইলে এই গরমে সবাই অসহায় ভাইটির পাশে দাঁড়াতে পারি",1
উনার এই কাজ ভবিষ্যৎ চিকিৎসকদের জন্য অনুপ্রেরণা হতে পারে,0
বইমেলা এলে পত্রিকায় বিজ্ঞাপন ছাপা হতো নতুন বইয়ের।,0
আমল নামার সঠিক তদন্ত প্রতিবেদন প্রকাশ করা হোক,0
এখন বিদেশে অনেক জায়গায় ফাইবার কোটিং করা TMT বার দিয়ে কনস্ট্রাকশন হয় বিশেষ করে নোনা মাটি যেখানে সুতরাং হাল্কা করে অক্সাইড পালিশ করা থাকলে সেটা এক দিক থেকে কনস্ট্রাকশনের পক্ষে খারাপ না,0
"খেলাধুলা আমাদের শারীরিক সক্ষমতা বাড়ায়, বন্ধুত্ব আমাদের মানসিক শক্তি বৃদ্ধি করে।",0
"এই সিরিজের মধ্যে অনেক কিছুই এমন ছিল যা আগে কেউ দেখেনি, আর সেটাই বিশেষ।",0
"কেন, পাছায় কেউ বাশ দিছে নাকি, ভাই ? কত ইঞ্চি ভাই ?",0
"অন্যদের কথা শিওর না, তবে এনায়েত একটা টপ লেভেলের বাটপার। অনেক টা ব্যারিস্টার সুমনের মত",0
"এর আগেও দেখেছি,,নগর পরিবহন,, সবুজ রঙের বাস কয়েকদিন পরে আর নাই, এখন তা দিয়ে স্টাফ বাস বানিয়েছে",0
বেশি মজা পাইলাম না ।,0
"দূরদর্শী ভাই আমাদের। কলেজকে বিশ্ববিদ্যালয় বানানোর স্বপ্নে বিশ্ববিদ্যালয় ছেড়ে কলেজে ভর্তি হয়েছিলেন। অনেকদূর এগিয়ে যান ভাই, আর ফিরে আসবেন না।",1
টয়লেটে এখানে ও ব্লগ করিস,1
এনার্কিজম শুরু করে এখন মাঝে থামতে বলতেছেন!! এনার্কিজম শুরু হলে এর শেষ পরিনতি কোথায় হয় সেটা জানা উচিৎ!এখন চেয়ে দেখা ছাড়া উপায় নাই...দেশে দাঙ্গা লাগল বলে!!,0
তাহলে কি জামাই হিসেবে ডাক্তারই ভাল?,1
চোখ বন্ধ করে দাবা খেলেও যে জেতে সেই ম্যাগনাস কে যেভাবেই হোক হারানোটা সত্যি কৃতিত্বের।,0
অভিনন্দন ও শুভকামনা তোমার জন্য বাবা.,0
যারা বেকার তাদের দ্বারাই ট্রল করা সম্ভব। এইখানে তো খারাপ কাজ কিছু করছে না।যার লাগবে সে কিনবে যার লাগবে না সে কিনবে না। হাসার কি আছে এখানে।,0
পাকতে পাকতে ঢাকা চলে গিয়েছে ব্রেইন তহ 100 পার্সেন্ট কাজ করবেই।,1
সবচেয়ে সুন্দর হইতো ধুলা রঙের বাস নামাইলে। তাইলে পরিষ্কার করার ঝামেলা থাকত না।,1
টাকা ছাড়া কোন মেয়েটা তার স্বামীর সাথে পিরিতির আলাপ করবে একদিন দুইদিন তারপর পিরিত ভালোবাসা খাটের নিচে দিয়ে বাহির হয়ে যাবে।,0
পরিচালকরা আমগোরে কান্দাইতে ভালো লাগে,0
তাজউদ্দিন আহমেদ দেশের প্রথম প্রধানমন্ত্রী ভাবতেই যেন কেমন লাগে। তার প্রোডাকশন এত দুর্বল ভাবতেই অবাক লাগে,1
জীবনটা হওয়া চাই সাধারণ... ইবাদত আর সাধারণ চলেফেরা আলহামদুলিল্লাহ,0
আর এদিকে চেনা পরিচিত ফ্রেন্ড দের ট্রমায় ফেলতে চাইলে আমি তাদের মেসেঞ্জারে তাদের ট্রমার কারণ হবার মত রিল পাঠাই,1
এসব কথা ও যুক্তি সত্য হলে ও আওয়ামি ধর্মের অমানুষ রা মানবে না,0
থেকে গেলে রাখতে বাধা নেই,0
দূনীতির বিষয়টা ও উল্ল্যেখ করে রাইখেন,0
কক্সবাজারে এই প্লাস্টিক দানব দেখানো হলো কীভাবে আমরা নিজেদের অজান্তে প্রকৃতিকে ধ্বংস করছি।,0
"যেভাবে চারদিকে দূর্ণীতি ও লুটপাট শুরু হয়েছে, তাতে আমরা আতংকে আছি, না জানি পুরো দেশটাই ধ্বংস হয়ে যায়",0
"ত্রিশ লক্ষ মানুষকে যদি পাশাপাশি হাত ধরে দাঁড় করানো হয়, তাহলে এর দৈর্ঘ্য ১১০০ কিলোমিটার, যা টেকনাফ থেকে তেঁতুলিয়ার দূরত্বের চেয়েও বেশি।",0
"সৎ, বিবেকবান, মানুষ হতে পারলেই একজন সত্যিকারের মানুষ হিসেবে গড়ে ওঠা--- কথাটি চিরন্তন সত্য",0
বাঈ কি পড়ার জন্য প্রস্তুতি নিচ্ছেন নাকি খেলার জন্য প্রস্তুতি নিচ্ছেন?,1
অবশ্যই তুমি পাবে যা চলে গেছে তার চেয়ে উত্তম কিছু...!,0
"প্রিয়জনেরা অভিমান করেন, আমার মানসিক পরিস্থিতি ভেবে আমার এই দূরত্ব বুঝে নেবেন জানি৷",0
গিয়া মামতো বোনদের সাথে তাহার পিসির বদনাম করা আমি,1
আসলে থাকার জন্য গরীব বা বড়লোক হইতে হয় না ।যার থাকার গরীব হলেও থাকে আর যার যাবার বড়লোক হইলেও যায় গা।,0
এইটা আপনাদের একটা থার্ড ক্লাস মার্কেটিং পলিসি,0
"তাহলে গলাপি এখন ট্রেনে নয়, গোলাপি এখন বাসে?",1
প্রাচীন পার্সিয়ানদের এমন দক্ষতা এই প্রমাণ দেয় যে তারা তখনকার দিনে অনেক কিছুই জানত যা বর্তমানে অত্যাধুনিক প্রযুক্তির মতো।,0
মাথা নষ্ট করা বিনোদন রে বা,1
কর্মজীবনের অভিজ্ঞতা অনেক স্কলারশিপ প্রোগ্রামে গুরুত্বপূর্ণ ভূমিকা পালন করে।,0
ট্যুর বলতে মাঝে মাঝে বান্দরবন যাই। না মানে আসলেই বান্দরবন যাই। আমার হোম ডিস্ট্রিক্ট।,1
পৃথিবীর শান্তি ফিরিয়ে আনতে হলে ইসরাইল কে কন্ট্রোল করতে হবে। উভয় দেশের জনগণের অধিকার ফিরিয়ে দিতে হবে।এক দেশের জমিন আরেক দেশ দখল করবে তার হতে পারে না ।এটা শান্তির জন্য বাঁধা।,0
"মোদ্দা কথা, বিজ্ঞান-সাহিত্য-ক্রীড়া-শিল্প এসবের চর্চা হচ্ছে স্বভাবজাত।",0
"তাইতো ফকির লালন বলেছিল সত্য কাজে কেউ নয় রাজি সবই দেখি তা,না,না,না। হালাল কারো পছন্দ না হারাম টাই ভালো।",0
FB আছে বলে এত মজা পাই,1
"যে যাই বলুক, নাসির ছিলো বেস্ট, ব্যক্তিগত কর্মকাণ্ডে হারিয়ে না গেলে ভালোই সার্ভিস দিতে পারতো অনেকদিন...",0
লাশটি আজও তার খুনিকে ভালোবাসে,1
আপনারা এভাবে ভিডিও করেন। কিন্তু কোন আইনের আওতায় আনেন না। এদের থেকে আপনাদের অপরাধ বেশি।,0
প্রতিশ্রুতির প্রতি সম্মান রাখা একটি ব্যবসার মৌলিক নীতি হওয়া উচিত।,0
দশকের শেষ দিকে জন্ম হয় ফেসবুক পেজভিত্তিক বহু ক্ষুদ্রায়তনের বইবিপণির।,0
"যদি প্রসাশন মনেকরে বিএনপির কথা মত সব করতে হবে? তাহলে নির্বাচনের কি দরকার, বিএনপি কে ক্ষমতা দিয়েদিলে হয়।",0
বাংলাদেশ ব্যাংকের অনুমোদন ছাড়া কোনো বাংলাদেশি নাগরিকের বিদেশে অর্থ পাঠানোর সুযোগ নেই। কিন্তু চৌধুরী নাফিজ সরাফাত বাংলাদেশ ব্যাংকের অনুমোদন না নিয়ে অর্থ পাচার করেছেন।,0
"অভিনন্দন, কিন্তু প্রবাসীদের অযথা হয়রানি করবেন না, প্রবাসীদের প্রতি একটু নমনীয় হবেন এক একটা প্রবাসীর দেশে যায় ৩-৪ বছর পরে, তিন চার বছর অনেক চাওয়া-পাওয়া পরিবারের থাকে কিন্তু প্রবাসীরা পারেনা, পাঁচটি শ্যাম্পু ১০ টি সাবান নিলেই চল্লিশ কি. হয়ে যায়, আমি জানি এর থেকে ভালো শ্যাম্পু সাবান বাংলাদেশে পাওয়া যায় কিন্তু কি করবে বিদেশ থেকে যায় বলে কথা",0
"বাংলাদেশ রাজনীতি করার মতো কোনো যায়গা না,, নেতা হইছেন তো আপনি সব আপনার পরিবার ও মরছেন",0
"একেবারে যে খারাপ কাজ সেটাও না,শুধু যে মানবিকতা দেখে বিচার করার পক্ষে থাকলে সেটাও ভুল। মরে যাওয়ার আগে চিন্তা ভাবনা করা উচিৎ ছিলো মানুষ টাকা পাবে,এখন তো ঘরের বউ নিয়ে টানাটানি করবে,তুমি কেমন স্বামী কেমন বাবা কেমন পুরুষ",0
কয়েন না ভাবি আমিও ঘুমাতে পারিনা,1
"আমার বোনকে বাঁচাতে ডাক্তাররা যে চেষ্টা করেছে, তা আমি কখনো ভুলব না",0
দেশের বড় কোম্পানিগুলোর উচিত স্টার্টআপগুলোকে ন্যায্য মূল্যায়ন করা।,0
"জিবনে অনেক মুল্যবান চলে গেছে, আর, বাকি সময় টা আল্লাহর পথে ব্যয় করুন ইনসাআল্লাহ শান্তি পাবেন",0
এদেশে এত উন্নয়ন হয়েছে যে আল্লাহ মাফ করুন দেশ এবার অর্ধেক পানির নিচে না যায় কারন বর্ষা শুরু হওয়ার আগেই বন্যা হয়েছে।,0
"""একে কোরআনকে পবিত্র ব্যক্তিরা ছাড়া কেউ স্পর্শ করতে পারে না।"" সূরা আল-ওয়াকিয়াহ, আয়াত ৭৯",0
এ ধরনের মেয়েদের দ্বারা আর যাই হোক কখনো সংসার হবে না।,0
র্যাব এমন ভাবে দাঁড়িয়ে আছে যেন বাবা ঈদের ড্রেস না দেখিয়ে শহর থেকে কিনে দিয়ে ঈদের দিন জোর করে পড়াই দিছে,1
"এই পৃথিবীতে কেউ সিঙ্গেল থাকে না, একসময় না একসময় সে ঠিকই সঙ্গী খুঁজে নেয়।",0
"যে পাখির বনে থাকা অভ্যাস সে কি আর খাঁচায় থাকতে চাই,,,, সে কামনে থাকবে আমাকেতো সে ভালোই বাসে নাই।",0
চীনা কোম্পানি Deepseek একটি নতুন কৃত্রিম বুদ্ধিমত্তা মডেল উন্মোচন করেছে।,0
"আসলে এসব কলেজের ছাত্রছাত্রীরা বুঝতে পেরেছে যে এরা ঢাকা বিশ্ববিদ্যালয়ের সার্টিফিকেট পাওয়ার যোগ্য নয়, কারণ ঢাকা বিশ্ববিদ্যালয়ের ছাত্রদের মানের ধারে কাছেও এরা নেই। ফ্যাকাল্টিকে ফেকালেটি বলা আর পহেলাকে একলা বলাই এর বড় প্রমাণ। কাজেই সরকারের কাছে দ্রুত তাদের এই ন্যায্য দাবি মেনে নেয়ার আহ্বান জানাচ্ছি ।",0
"মানুষের একটাই কথা আ.লীগ বিএনপিকে তো বারবার দেখলাম, এবার জামায়াতকে সুযোগ দেওয়া দরকার।",0
"ওইরকম চুল কম বেশ সবারই পড়তেছে।এতো প্যানিক মেডিকেলে,চান্স হইলে ও পড়বে, চান্স না হইলে ও পড়বে",1
নোংরা মানসিকতা নিয়ে কিভাবে ডাক্তার হয়,0
কিছু মানুষ খাওয়ার জন্য বাঁচে আর কিছু মানুষ বাঁচার জন্য খায়। নিশ্চয় এই দুই শ্রেণির মানুষের মধ্যে গুণগত পার্থক্য আছে।,0
কখনো একাকীত্বে ভীষণ ভালো থাকা যায়...!,0
দুইটাই দুই সময়ের প্রেমিকা,1
বাবার টাকা আছে তো কী করতাম,1
"যত বেশি পরিশ্রম করবেন, তত বেশি সাফল্য আপনার সামনে আসবে।",0
উনার মতবাদ মানেই তো মতবাদ না ভিন্ন আলোচনা ও ভিন্ন মতবাদও আছে সেটাও দেখা উচিৎ।,0
বরিষায় পুর্নিমার দেখা পাওয়া দুস্কর তাই ব্যাকাপে আছি,0
"ধংস স্তুপ না বানিয়ে এতিম দের পথ শিশু দের বাস যোগ্য করে দে, ভালো চিন্তা গুলো মাথায় আসে না। এই দেশের মানুষ পন্ড করতেই জানে",0
"নিজের বন্ধুকে আন্তরিকভাবে ""হেই ম্যান, হোয়াটস আপ?"" বলার স্বপ্ন।",0
"উনি একজন পাাবলিক বিশ্ববিদ্যালয়ের শিক্ষক, উনি কেন একজন সহকারী রাজস্ব কর্মকর্তা হিসেবে চাকরি করবে?",0
স্যার ডাঃ নাবিল কত সু শিক্ষাই শিক্ষীত যে কত সুন্দর করে মানুষ কে বুঝাই এমন মানুষ বাংলাদেশে আছে সে জন্যই আমরা গর্বীত কত সুন্দর আলোচনা কথায় কথাই কুরআন ও হাদীসনিয়ে আলোচনা এবং বীজ্ঞানীদের কথা আর কুরআন ও হাদীসের কথা মিলিয়ে দেয় মহান রব্বুল আলামীন আপনাকে নেক হায়াৎ দান করুক।,0
পিথীবির সব থেকে সুখি মানুষ তারা যাদের কেন লজ্জা নাই,0
"জীবনে যে কোনো বড় কাজের জন্য পরিকল্পনা এবং রুটিন খুব জরুরি, এবং সে কাজটা শেষ করতে হবে।",0
এই কথাগুলো খুব গভীরভাবে চিন্তা করলাম। সত্যিই বাস্তবতা এমনই,0
মানুষের মানসিক প্রতিক্রিয়া প্রায়ই যুক্তির চেয়ে আবেগ দ্বারা নিয়ন্ত্রিত হয়।,0
"অসাধারণ সুন্দর লাগছে, ফরহাদ মাজাহারের আলোচনা সব সময় জ্ঞানগর্ভ হয়।",0
ইন্টারটেস্টাল আদালতে মামলা করেন বাসুদেব দাদা ।,1
তাহলে ভালো করে ড্রায়ভিং শিখতে হবে,1
আগামী বছরেও আমার ভাগ্য পরিবর্তন হবে না,1
"নাফিস চেয়েছিল তার জীবনের অভ্যাস বদলাতে, কিন্তু কিছুতেই তার পরিশ্রমের সঠিক ফল পায়নি।",0
জীবন্ত ডাস্টবিন একটা,1
আয়রে হাসিনা তর অভিনয় না দেখলে আমি বাচিনা,1
আয়মান সাদিকের বই মানে বস্তা পচা বই। নেভার স্টপ লার্নিং নামে একটা বই কিনেছিলাম। বেচারা শুধু শুধু কিছু পৃষ্ঠার অপচয় করেছেন।,0
"এগুলি পরিকল্পিত পরিকল্পিত লাগছে হঠাৎ ২ দিন ধরে শুধু আগুন লেগে যায়।সীতাকুণ্ড, পাবনা,এখন মোহাম্মদপুর।",0
গরম তেলে জখন এক ফোটা পানি পরে তখন তেলের অবস্থা,1
"এখন মেয়েদের মনের দরকার হয় না, চেহারার দরকার হয়",0
"বইটি ব্যবসায়িক দৃষ্টিকোণ থেকে অত্যন্ত গুরুত্বপূর্ণ হতে পারে, বিশেষ করে যারা নিজে উদ্যোক্তা।",0
"শেষ বার্তাঃ Go Beyond Your Boundaries অনুপ্রেরণা থেকে আমাদের যাত্রা শুরু, তার পর আমরা শিখি, শেখা আমাদের নিযুক্ত রাখে, সৃজনশীলতা আমাদের পথ দেখায় এবং ফ্রো আমাদেরকে দেখিয়ে দেয় কিভাবে আমরা আমাদের কর্মক্ষমতা কেউ ছাড়িয়ে যায়।",0
"সবসময় বলি। এগুলো গার্বেজ, অল্প টাকার লোভ সামলাতে পারছে না, পরে ভয়ংকর ডাকাত হয়ে উঠবে।",0
বর্জন করতে হবে বুঝতে যখন পারছোস তাইলে পোস্ট কইরা আর পপুলার বানাইতাছোস কেন? তাও আবার এত মানুষকে ট্যাগ দিয়ে রাখছোস।,0
"নাউজুবিল্লাহ,, আমার চিন্তা ভাবনা এত খারাপ",1
আমার আপু বলে কথা,1
এটায় আয়োজক আর্মি কিন্তু পার্টিসিপেন্ট ম্যাক্সিমামই আম পাবলিক।,0
সময় না দেওয়াটা আসলে অবহেলারই নামান্তর।,0
অস্ট্রেলিয়া মহাদেশে কি কখনো কোন যুদ্ধ বা বিপ্লব হয় নাই?,0
বাংলাই বলতে পারে না,0
এগুলা ঐদলের কিপিং প্যাড। কিপিং প্যাড ব্যাটিং প্যাডের চাইতে তুলনামূলক হালকা এবং ছোট হয়। রাসেল হয়ত নিজের সুবিধার্থে পরেছে।,0
"শুধু পরিবেশগত দায়িত্ব পালন নয়, এই উদ্যোগ গ্রামীণফোনের কার্বন নিঃসরণ হ্রাসের লক্ষ্যের সাথে সামঞ্জস্যপূর্ণ",0
কেন হুদাই নিজেদের জোকার বানাস ভাই?কি লাভ হয় এগুলা করে?খালি কলস বাজে বেশি।,0
তবে মেলার মাঠে এত ভিড় কি শুধুই ফিশফ্রাইয়ের জন্য,0
৩২ তো ভাঙলেন এইবার বিমান টিকেটের সিন্ডিকেট ভাঙেন৷ না হলে এক টাকাও রেমিটেন্স যাবে না৷,0
আহ! অ আমার ব্যতা রে,1
"আপনার কমফোর্টকে গুরুত্ব দিন, স্টাইলের জন্য নিজের অস্বস্তি সহ্য করবেন না।",0
বিয়ের আগে কোন ছেলে বা কোন মেয়ের সাথে যদি সম্পর্ক থাকে সেটা হল হারাম যেটা ইসলামের দৃষ্টিতে হারাম সেটা মানুষের দৃষ্টিতে জঘন্য আর আপনারা এই ধরনের নিউজ গুলো করেন যাতে করে উৎসাহিত হয়ে আরো প্রেম ভালোবাসার মগ্ন থাকতে পারে এর কাজগুলো বেশি বেশি করে তুলে ধরেন আপনার দেশের ভিতরে,0
"জনগনকে সচেতন হতে হবে, নাহলে এইসব উদ্যোগ মুখ থুবড়ে পড়বে। যেখানে সেখানে উঠানামা না করলে যানজট কমে আসবে আশা করা যায়।",0
ইন্টারভিউটা কোন জায়গায় বসে দিয়েছেন? জায়গাটা অনেক সুন্দর।,0
এলাকার চোরদের দৃষ্টি আকর্ষণ করছি প্লিজ ওর ফোনটা নিয়ে নেন।,1
ভাই রে ভাই তুই একা খাইছ না আমাদের ও দেইছ,1
আমরা এমন একটি জাতী কাউ কে সন্মান দিতে জানি না এবং এক জন উপরে উঠলে কি করে নিচে নামানো যায় এটা নিয়ে সবাই বেস্ত থাকে সাকিব আল হাসান ইজ বস আছেন এবং থাকবেন যত দিন বাংলাদেশ আছে ইনশাআল্লাহ,0
আলো দেওয়ার মত ভালোই হেডলাইট আছে। কত ওয়াটের সেটা পরীক্ষা করা প্রয়োজন,1
আর মৌণতা বোনটির জন্য,1
গাড়ি চালানো পারলে ওই স্বপ্ন একদিন পূরণ হবে!!,1
"একটা চৌকস জাতির কাজ হল বিপ্লবীদেরকে সমর্থন করা,যেহেতু বিপ্লব হয়ে গেছে কারন বিপ্লবের দুইটা ইতিহাসঃ ১ বিপ্লবের বিজয় আর এই বিজয় অর্জন করতে পারলে নতুন করে ইতিহাস গড়া যায় দেশ উন্নত হয়! ২ বিপ্লবের পরাজয়, আর এই পরাজয় দেশ ও বিপ্লবী দুটাই দংশন...!! ইতিহাস এই সাক্ষ্যই বহন করছে ইতিহাসকে বাদ দিয়ে যে জাতি নিজেদের অস্তিত্ব খুঁজে তাদের অবস্থা হয় দুর্দশাগ্রস্থ!",0
"সাকিবের ব্রেইনলেস ভক্তদের লজিক এই দেশে সবাই চোর, তাই সাকিবকে আলাদা করে চোর বলার দরকার নাই!",0
নায়করা দেখি ১০০ জন ভিলেনকে মেরে ফেলে আর একজনের সাথে পারল না,1
অদ্ভুত এক মায়াবী,0
বিপ্লবের ২য় ওয়েভ বা ঢেউ শুরু হয়ে গেছে। উপদেষ্টারা এই স্রোতকে শক্তি করে সংস্কারে নামুন মন দিয়ে।,0
আমাদের জন্য আজকের দিনটা অনেক গর্বের এবং আনন্দের,0
পুরুষ এর টাকা আর নারীর সৌন্দর্য এটাই সবাই দেখে বাস্তব।,0
সব পরিবারের দায়িত্ব বড় সন্তানরা নেয় না কোন কোন পরিবারে ছোট সন্তানরাও দায়িত্ব নেয়,0
বাংলাদেশের গ্রামীণ এলাকাগুলোর উন্নয়ন অত্যন্ত গুরুত্বপূর্ণ।,0
এই হালায় তো জন্মগতো পাগল এইটা কি নতুন করে বলালাগে,0
পাষাণ হলে মানুষ কত কিছু না করতে পারে,0
"আপা আপনি চলে আসেন আপা, দূরে থেকে আর ওয়াজ কইরেন না আপা",1
"ভুল ত্রুটি করলে মাফ করে দিও মাবুদ, তবুও র্যাবে পোস্টিং দিও না",1
রসুন আর লবঙ্গ বেটে স্প্রে করলে পোকা দূরে থাকে।,0
গোলকিপার তো থাকবেই তাই বলে কি গোল দিবেন না?,0
ভোট দিতে পারবনা। কারন আমি গাজিপুর এ থাকি। ভোটের দিন ঢাকায় যাওয়া সম্ভব হবে না।,0
মরুভূমির প্রচণ্ড গরমের মধ্যে এমন একটি সিস্টেম তৈরি করা সত্যিই একটি অসাধারণ প্রকৌশল কীর্তি।,0
ধানমন্ডি ৩২ মুলত হিন্দুদের সম্পত্তি ছিলো। সেটা মুসলিমরা দখল করে। ধারণা করা হয় ওখানে ৩শ বছরের পুরনো একটি মন্দির ছিলো। এখন সেখানে একটা মন্দির বানানো হোক। সনাতনী ভাইয়েরা আপনারা আপনাদের সম্পত্তি বুঝে নেন।,1
ভাই বিয়ে করে নেন,1
আর ব্যাবস্থা নেয়া লাগবে না। এখন যা ব্যাবস্থা করোনাই নিবে। লিখে রাখেন আজ ২৩ মার্চ ২০২০। ২৩ এপ্রিল ২০২০ দেইখেন কেমন সাইজ চলে। আশা করি আমার কথাটা মিথ্যা হোক।,0
"ভাই আমি অনেক এক্সাইটেড ছিলাম যে বিয়ের আগে বিয়ের 2 রাকাত নফল নামাজ পড়ব,,ওযু করে রেডি ছিলাম,,কিন্তু কাজী আসার পর বলছে এখন সময় নাই,,এখন নামায পড়তে হবে না,,আর আমার নামাজ পড়া হলো না,,তারপর আমি কনফিউজড ছিলাম বিয়ে পরিপূর্ণ ভাবে হইছে তো??",0
তার স্মৃতি এখনও তাজা।,0
"আমরাই শেষ জেনারেশন ছিলাম, যাদের বাবা-মা মিলে মানুষ করতে পারছে",0
এমন বাস্তব উদাহরণ শুনলে মনে হয় নিজের জন্য আরও বেশি চেষ্টা করা উচিত।,0
ইনশাআল্লাহ ভাই একলা ফেব্রুয়ারী থেকে আমরা আরো কঠোর কর্মসূচি পালন করবো কারণ আমাদের ফেকালিটি এবং ডিফারমেন পৃথিবীর সেরা বিশ্ববিদ্যালয় গুলোর মধ্যে একটা,1
বিমান ভাড়া বাংলাদেশের মতো এত ডাকাতি কোনো দেশে নেই,0
আমার মতো কে কে কমেন্ট পড়তে আসছে?,1
শিক্ষার্থীদের জীবনযাত্রার উন্নতি নিয়ে পরিকল্পনা।,0
আমি নিজেকে সবরকম ভাবে ভালোবাসি,0
গ্রামীণফোনের চিফ মার্কেটিং অফিসার সিএমও ফারহা নাজ জামানের উপস্থিতিতে ২৯ জানুয়ারি সিলেটের আম্বরখানায় সেন্টারটি আনুষ্ঠানিকভাবে উদ্বোধন করা হয়।,0
না গো এত্তো সৌভাগ্য নিয়ে জন্ম গ্রহন করি নাই,1
কোরআন কি শুধুমুসলমানদের জন্যে নাকি সমগ্র মানবজাতির জন্য? যদি উত্তর সমগ্র মানবজাতির জন্যে হয়। তাহলে অন্যান্য ধর্মের সবাই কি ওযু করবে?,0
"আমার আইডিতে সবাই রিপোর্ট করেন, আইডি ডিজ্যাবল হয়ে যাক। তাহলে এসব জিনিস আর দেখতে হবেনা আমাকে",1
"ফাইনাল কে উপলক্ষ করে যেই টাকা বরিশাল খরচ করেছে,, কাপ দুই'টা পেলেও তা বরিশালের জন্য স্বার্থক হবেনা।",0
লোকে সবসময় আমার অক্ষমতার কথা মনে করিয়ে দেয়। হায় রে!,0
সামাজিক যোগাযোগমাধ্যমে মিম আর রিলস দেখে ঘণ্টার পর ঘণ্টা পার করে দিচ্ছেন?,0
"ব্যর্থতা আসলে সাফল্যের দিকে একটা পদক্ষেপ, কারণ তা আপনাকে শিখায়।",0
মা-সন্তানের সম্পর্ক কখনো দূরে যায় না।,0
"রাজনৈতিক দৃষ্টিকোণ থেকে পরিস্থিতি দেখলে, সব পক্ষের মতামত শোনা উচিত।",0
বারোটা বাজানো ডেভেলপার,1
১০০ রানের জন্য সেটা করতে পারলেন না তিনি,1
গণভবনে আমার জন্য বাড়া সায়েন্স ল্যাবের একটি কক্ষ বরাদ্দ করা হোক,1
ভাই বিতরে সব দেখা যায়তাসে,1
অতীত অভিজ্ঞতা থেকে শেখার জন্য এসব আলোচনা প্রয়োজন,0
আচ্ছা সজন হারানোর বেদনা বেশি নাকি ভবন হারানোর বেদনা বেশি,1
বাংলারা বাড়া জেগে উঠেছে। বাংগালীরা এবার বাস্টি চাই।,1
অলে বাবালে স্পষ্ট ভাষায় আমরা যা শুনেছি তা কি ভুল শুনেছি নাকি তারপরও বলবো আপনি ভুল বুঝতে পেরে আল্লাহ্,0
"ক দিন পরে আপনার বেলার মেয়ে বিয়ে দিবে, আপনার কিন্তু দাওয়াত রইলো। বাবা হিসেবে না তো মামা হিসেবে আইসেন।",1
শুভ জন্মদিন পথ এগিয়ে চলুন শুভ জন্মদিন,0
ধুর ঢাবি কোন ইউনিভার্সিটি হইল,1
আজ পূর্ণিমা তো তাই এটা মনে হয় ভেমপায়ার,0
বুঝিনা এলিয়েন খুজতে বিজ্ঞানীদের মঙ্গলগ্রহে যাওয়ার কি দরকার আছে এই বাংলাদেশেই ২ টা আছে এগুলার খোজ কি এখনো পায় নায়,1
বাংলাদেশ মানে বিনোদন,1
আবেগ বিক্রেতা। খুব ভাল করেই জানে কোথায় কিভাবে আবেগ বিক্রি করতে হবে,0
কেননা সুরক্ষা কাঠামোটি সম্পূর্ণ ভেঙে পড়েছে।,0
লেখাটি অতীত ও বর্তমান রাজনৈতিক পরিস্থিতির তুলনামূলক বিশ্লেষণ দিয়েছে।,0
"আচ্ছা নিজে এত টাকা কই পেল?আর এরসাথে যাওয়া আসার ভাড়া কই পেল? কোচিং করতে গেলে না হলেও ২ঘন্টা বাইরে থাকতেই হবে। বাসায় আসার পর বাবা মা কেউ এই ৪-৫ মাসে একবারও জিজ্ঞেস করে নাই যে ছেলে কোথায় যায়?? আর আপনার কথা যদি সত্যি ধরি তাহলে সে বাবা মাকে মিথ্যা কথা কেন বলল।সে যদি জানতোই যে সে ৯০ মার্ক পাবে তাইলে সেটা কোথাও পরিক্ষা না দিয়ে কেমনে বুঝলো এবং কোচিং করলোই বা কেন?? আবার তার বাবা বলছে ছেলে কোথাও পড়ে নাই,তাহলে পড়াই ভালো দেখেই বাইরে কোথায় পড়তে দেয় নাই যে বাসায় পড়লেই হবে।তাহলে ছেলে গোপনে কোচিং করলো কেন??",0
"এই শাওন আফার বাসায় ৩২ এর একটা ইট পাঠিয়ে দিও,,বেচারি কান্না করার জন্যও তো একটা কিছু লাগবে",1
ক্ষমতা চিরস্থায়ী থাকে না এইটায় মনে রাখবেন যে যেমন করবে তার কর্মের ফল সেরকম হবে এইটায় বাস্তব,0
চাটুকার সব জায়গায় সব আমলেই থাকে,0
যে ভাঙ্গা ভাঙ্গি শুরু হয়েছে' আমি চাই এই শুরু টা আজীবন চলতে থাক যুগের পর যুগ! আজ আওয়ামীলীগের কাল বিএনপি জামাত সমন্বয়ক দের! এভাবেই চলবে এই দেশ' যেখানে আটকে গেছে এই দেশ এখান থেকে সামনে আগানো আর কখনোই সম্ভব নয়,0
শুধু রাজনৈতিক খবরাখবর নিয়া পইরা থাকলেই হবেনা! মাজে মাজে এমন সুন্দর সুন্দর নিউজ ও তুলে ধরতে হবে! যমুনা,1
বীর সেনা ও মুক্তিযোদ্ধা আপনাকে এবং অন্যান্য সেনাদের সালাম যারা ৭১ ও ৭৫ ভূমিকা রেখেছেন।,0
দেখেন গিয়ে নিজের বেডার খবরই নাই...,1
ফুটবলের সবচেয়ে বড় জিনিসটাই হলো ডিসিপ্লিন এটা যদি কোনো কোচ কঠোর করে আর যদি তা কোনো ফুটবলার মানতে না পারেন তাহলে ফুটবলটা সেই খেলোয়াড় এর জন্য না তার উচিত হাসিমুখে বিদায় নেওয়া,0
"এ দেশকে বাংলাদেশ নাম দিয়ে না দিয়ে পাগলা গারদ বাংলাদেশ নাম দেওয়া উচিত ছিল, কোন দেশে বসবাস করতেছি যত পাগলের খেলা",1
"আর বেশিদিন না, অতি শীঘ্রই ওদের তথ্য আসবে সমকামী পিতা ছেলে ইন বাংলাদেশ",1
এই এক ম্যাচে তাকে নায়ক বানিয়ে দিচ্ছেন। কিন্তু সে তো এর আগের ৯ টা ম্যাচ হেরে আগেই চ্যাম্পিয়ন ট্রফি অনিশ্চিত করে ফেলছিল। ভাগ্যক্রমে শ্রীলঙ্কার সাথে ম্যাচে জিতে যায়। তার আগের ব্যার্থতা কি আপনাদের চোখে পড়ে না??,0
ইউসুফ সরকারের উচিত তার নামের শেষে চ্যাটার্জি লাগানো তাহলে আর বাংলাদেশের ঝনের টাকা পরিষদ করতে হবে না,1
মানুষ আর কত নৃসংস হবে?,0
পাগলের সুখ মনে মনে,1
আসলে তারা ছিলেনও তাই।,0
"বাংলাদেশবিরোধী, ফ্যাসিবাদী আওয়ামী লীগকে কোনোভাবেই নির্বাচনে অংশগ্রহণ করতে দেওয়া হবে না।'",0
"চাঁদের আলোয় রাত যায় যে ভরে, তাহার মত তুমি করো না কেন ওগো ধন্য মোরে।",0
"নির্লজ্জ সরকার,উলঙ্গ প্রশাসন,বিবস্র স্বাধীনতা,নগ্ন সমাজ,৷ বিপন্ন মানবতা! লজ্জিত বাংলাদেশ! গর্বিত রাজাকার!!",1
"আমাদের দেহের ভেতরটা ঠিক কীরকম, কার্টুন আর কমিকসের মাধ্যমে সেটা যদি সহজেই জানা যায়, তবে ক্ষতি কী?",0
"নতুন নীতিমালা অনুসারে, কিছু দেশ উচ্চক্ষমতাসম্পন্ন চিপের রপ্তানিতে বিধিনিষেধ আরোপ করেছে।",0
চা বিক্রেতা আর রাঁধুনি মিলে নতুন চা ও ফাস্টফুডে দোকান দেবে,1
"আয়মান সাদিকের আরো দুইটা বই আমি আগে কিনেছিলাম কোনো উপকারেই আসে নি বই দুটো। নতুন কিছু শিখতেও পারিনি স্টুডেন্ট হ্যাকস, আরেকটা ফেলে দিছি মনে নাই। একজন টিচার হওয়া সত্বেও আমি কাউকে এই বই কেনার সাজেশন দেই না।",0
কারণ বৈষম্য সৃষ্টি হলে অনেকের ক্ষমতার চেয়ার বিলুপ্ত হয়ে যাবে,0
তোরাই মানুষরে উস্কায়ে দেস হা মলা করার জন্য আবার তোরাই বলস এক পক্ষ পরিস্থিতি ঘোলা করার চেষ্টা করতেছে।,0
"মন আসলেই শিশুর মতো, যুক্তি বোঝে না। তাই ইগনোর করা ছাড়া উপায় নেই",0
"আমার দেখা সেরা ফিল্ডার নাসির, এর পরে সৌম্য এর পর সাব্বির, এর পর মিরাজ এর শামীম।",0
ভুল বুঝার জন্য ধন্যবাদ। তাই এমন কোন কথা বলা ঠিক না যেগুলা মূখ্যতার পরিচয় দেই।কেও ভুল বুঝতে পারলে আল্লাহ কাছে ক্ষমা চাইলে আল্লাহ মাফ করে দেন।দয়া করে অতি উৎসাহ হয়ে আমরা আর কোন ফালতু কথা কমেন্ট না করি কারন আল্লাহ ক্ষমাশীল আর আল্লাহ উনাকে মাফ করে দিবেন কারন উনি ভুল বুঝতে ফেরেছেন।,0
আমাদের দেশের পোলাপাইনদের কোন কাজকাম নাই মনে হয় একটা ফুটপাতের মেয়ের ফালতু একটা কথাকে এত ভাইরাল করার কি আছে মাদারচুদ এর নাটক মনে হয় চলতেচেনা তাই মিডিয়া সজাক হওয়ার জন্য এসব নাটক দেখবেন কাল আবার লাইভে এসে ক্ষমা চাইল কি আজব এসব জারজ সন্তান দের জন্য দেশের এই অবস্থা,0
কোটিপতি সরকারি হাসপাতালে যায়ও না।,0
এদের সবগুলারে সরকারী সহযোগিতায় দেশের কোনো গার্মেন্টেসে কাজে লাগিয়ে দিক সেখানে বারো ঘন্টা ডিউটি আর চৌদ্দ হাজার টাকা বেতন মিললে সবগুলা একদম ফিটফাট হয়ে যাবে।,0
প্রতিশ্রুতি রক্ষা না করা ব্যবসায়িক পরিবেশের জন্য ক্ষতিকর।,0
গত বছর নভেম্বরে আমি এবং আমার প্রাক্তন আলাদা হয়ে গেছি।,0
একবারে ডাহা মিসা কথা সব গুজব,1
সন্তানের সাফল্য মায়ের কাছে আশীর্বাদ।,0
ভাই ওরাও মানুষ। তাদের পার্সোনাল বিষয় থাকতেই পারে। লিংক থাকলে দিয়েন.,1
মায়ের জন্য সন্তানের ভালোবাসা তার জীবনের সবচেয়ে বড় অর্জন।,0
আওয়ামিলীগ হচ্ছে গরিব দুখি মেহনতি মানুষের দল। আওয়ামিলীগ হচ্ছে ফিনিক্স পাখির মতো।,1
"সাফা,তোমার বয়স কম।কিন্ত ততুমি আজ যে জায়গাতে আছো,সেটা পরম করুনাময় অত্যন্ত ভালবেসে তোমাকে দিয়েছেন।এর যোগ্য তুমি ছিলে না।আমরা কেউ পরম করুনাময়ের নিকট হতে এত অনুগ্রহ, করুনা,ভালবাসা পাবার যোগ্য নই।তবে একটু নামখ্যাতি অর্জন করে নিজেকে অনেক বেশি কিছু ভাবাটা তাঁর বিরুদ্ধাচারন করার মতই। তুমি যেটা করেছ,সেটা এমনই কাজ।কারণ পরকাল পরম করুনাময়ের সৃষ্টি।তাঁর সাথে মিলিত হবার সময় পরকাল।তুমি তো পরকাল এর অর্থ ই জানো না।যারা পরকালে বিশ্বাস করে,তারা অন্যায় থেকে নিজেকে বিরত রাখে।শুধু রোজা নামাজ ই নয়,সকল প্রলোভন থেকে নিজেকে দূরে রাখে,ধর্মীয় বিধান অনুযায়ী চলে।আর কারো ধর্মীয় অনুভুতিতে আঘাত করার জন্য এ কথা বলোনি-সেটা ঠিক বলোনি।তুমি যেটা বলেছো সেটা অন্যের অনুভুতিতে যতটা না আঘাত করেছ্র,তার চেয়ে তুমি নিজেকে বেশি ছোট করলে আর অপমান করলে।একজন মানুষ মানেই পরকালে বিশ্বাস করবেই।আর যারা পরকালে বিশ্বাস করে না,তারা যে কোন নোংরা কাজ করতে পারে,তাদের কোন মূল্যবোধ নাই।পরম করুনাময়ের উপর বিশ্বাস তথাকলে তুমি আজ তুমি এ কথা বলতে পারতে না।মানুষ যখন তাঁর নিজের উপর বেশি ভরসা করে,বাহাদুরি করে,তখন শয়তান তার মধ্যে কাজ করে।আর শয়তান ক",0
"ক্লাসিক, চিরায়ত মুখ",1
সারাদিন ভারতকে বয়কট করে রাত্রিবেলা সেই ভারতে যাওয়ারই পায়তারা??,0
"আসতাগফিরুল্লাহ, এদের উপর গজব পড়ুক",0
পহেলা বৈশাখ মানেই বঙ্গবন্ধু।,1
হুম চমক থাকছে ১২০ রানে অলআউট হওয়ার চমক,1
বাহ চমৎকার । এতো সুন্দর বক্তৃতা এত সরল ভাবে আমি কোনোদিন শুনিনী ।,0
"কতিপয় গবেষক এখানে শাড়ির হিসেব নিকাশ করেই হিসেব শেষ করছে। শাড়ি যে আসলে শাড়ি না, সংগ্রাম সেটা খুঁজতে নারাজ।",0
কই বিয়ে হলো বাচ্চা হলোতার পরেও আমি পাটখরি,1
"অই অই, আম-রা হকল সিলটি",1
"বই পড়ার অভ্যাস যেমন জ্ঞানকে প্রসারিত করে, তেমনই এটি ভবিষ্যতে অনেক সুযোগ এনে দেয়।",0
বরং উল্টোটা।,0
বর্তমান সকল ছাত্র-ছাত্রী ও শিক্ষকদের অন্যান্য কলেজে পাঠিয়ে তিতুমীর কলেজকে বিশ্ববিদ্যালয় করা হোক। যেখানে শুধু নতুনরাই পরীক্ষার মাধ্যমে ভর্তি হবে।,0
আজকে আমার পরিক্ষা ছিলো। গতকাল সারা রাত পড়েছি। কিন্তু আমি ১০০ এর ভিতর ৭০ ভুলে গেছি। পরিক্ষার হলে। আমি বুঝতে পারলাম না কেনো আমার এমন হলো?খুব কষ্ট পেয়েছি আজ আমি।,0
ল্যাব সেশন কার্যকর ছিল।,0
"কি মিষ্টতা, কি পরিপূর্ণতা গলার স্বরে আর ভাষায়। অসাধারণ",0
শিক্ষার্থীদের জীবনমান উন্নত করার জন্য উদ্যোগ নেওয়ার পরিকল্পনা।,0
যার কোটি টাকা ঋণ সে খেলাপি আর যার সামান্য ঋণ করে মারা গেছে তার পরিবারসহ জেলে। এ কেমন ব্যাংকিং ব্যবস্থা? এ কেমন আইন? এ কেমন বাংলাদেশ?,0
জানি মানুষ এর কষ্টে হাসা উচিত না কিন্তু এই পোস্ট দেখে নিজেকে সামলাতে না পারা আমি,0
এইজন্য প্রতিষ্ঠিত হলে আগেই বাদ দিয়ে দেই,1
"আসলে এটা এমন একটা দুনিয়া, সামাজিক যোগাযোগমাধ্যমকে ঘিরে আমাদের যেসব উদ্বেগ রয়েছে, সেগুলোকে জড়ো করতে যা আমরা ব্যবহার করি।",0
যেখানে নিজেদের জীবনেই বিষাদ অসহায়ত্তের শেষ নেই সেখানে আমার দারা নতুন একটি জীবন কে এই বিষাক্ত পৃথিবীতে আনাটাও অন্যায়,0
"১৬ বছরের নিচে ফেসবুক, টিকটক ব্যবহার বন্ধ করতে হলে এনআইডি কার্ড দিয়ে একাউন্ট খোলার সিস্টেম চালু করলে কিছুটা ফলাফল পাওয়া যাবে। কারণ কমবয়সী অনেকেই বয়স বাড়িয়ে একাউন্ট খুলে ফেলে।",0
শতবার ভালোবাসি বলার পরও থাকে নি,0
"মনে হয়, এই হাসির জন্য জীবনও দিয়ে দেওয়া যায়।",0
"টাকা ছাড়া শুধু ভালোবাসাও ভালো লাগে না,জীবনে চলতে হলে সবকিছুই প্রয়োজন।সবচেয়ে বেশি প্রয়োজন মানষিক শান্তির, সাপোর্ট করার, সুখ -দু খ বোঝার ও, ভালো আচার আচরণের একজন সঙ্গীর।",0
"রুচিবোধ কতটা নিচে নামলে এমন করতে পারে, একটু ভেবে দেখুন",0
গাছ লাগান পরিবেশ বাঁচান। তাই সে গাছ লাগিয়েছিল।এটা অন্যায়।আমরা এমন এক পরিবেশপ্রেমীর দ্রুত মুক্তি চাই,0
"মনে রাখবেন আল্লাহ তাআলা জালিমদের শাস্তি শুধু আখিরাতেই নয়, কখনো দুনিয়াতেও দিয়ে থাকেন।",0
যেখানেই যায় শুধু মায়ের ভাই বাপের ভাই রা সব বিদেএএশে,1
প্রশ্নটা দুই যুগ আগেও ছিল না।,0
আপনি অনেক সন্দুর কথা বলেছে আপনার কথা আপনাকে পরিচয় দিয়েছেন আপনি অনেক গিয়ানি মানুষ,0
সারারাত খাট কাপানোর পর সালমান ব্রু যখন অনেক ক্লান্ত,1
"কিছু মানুষ হঠাৎ করে যখন টাকা পয়সা কামায় যস খ্যাতি লাভ করে,তখন তাদের অবস্থা এমনেই হয়, প্রকৃত মানুষের আচরণ এমন হবে না,",0
তোমার কী বাবুসোনা নাই,1
আমার মনে হয় এই লোকটার মাথায় সমস্যা আছে।,0
বাংলার ছাগল,0
এতো কষ্টের গানে এগারো হাজার হা হা রিয়েক্ট কেন রে ভাই,1
এইবার নিশ্চিন্তে জেল খাটো বাবা তুমি...,0
অনেক হাসি পাইছে,1
কর্মচারীদের ধর্মঘটের সময় সরকারের পক্ষ থেকে আলোচনার ব্যবস্থা করা হয়।,0
তলো.য়ার ঘষাঘষির কম্পিটিশন না কি??,1
বুলডোজার তো ইন্ডিয়ার বর্ডার দিয়ে এসেছে৷ বিবিসি এতো খোঁজ রাখে আর এই খবর টা জানতে এতো সময় লাগলো আফসোস,1
"শান্ত জায়গায় আবার নতুন কেউ চলে আসবে, অবশেষে একদিন শান্ত দলই ঢুকতে পারবে না।",1
এপ্রিল মাসের শেষ এর দিকে এপ্রিল ফুল বানায় দিলো আরকি।,1
তোমার জীবন অনেক সুখী,0
এখনো প্রায়সময় বলে উঠি মা আমার জ্বর জ্বর লাগছে। তখন মা কপালে হাত রেখে বলে জ্বর না এমনিতেই একটু শরীর গরম হয়েছে। ঠিক হয়ে যাবে।,0
ekhon ki chao tomra ?,0
তাকে প্রকাশে ফাশি দেওয়া হক,0
প্রেমিক থাকলে মন ভালো থাকে। স্বামীর কাছে স্ত্রী কাজের লোক,0
এখানে অনেকে জানেই না কেন দৌড় দিল।সবাই দিল তাই সেও দিল।,0
শিক্ষা প্রতিষ্ঠানগুলোর প্রশাসনকে আরও সুশাসন প্রতিষ্ঠার দিকে মনোযোগী হতে হবে,0
ভাই হেসে তো পেটে খিল ধরে গেছে।অসাধারণ,0
তামিমের আসল বাড়ী নোয়াহালী,1
মাননীয় প্রধানমন্ত্রী শেখ হাসিনা স্বপ্ন দেখেন স্বপ্ন দেখান এবং স্বপ্ন বাস্তবায়ন করেন। জয় বাংলা জয় বঙ্গবন্ধু,0
"সাকিবের ফ্যানগুলার আসলেই কপাল খুব খারাপ, মাঠে গেলে পুলিশ থাপড়ায়, সাকিবের কাছে গেলে সাকিব থাপড়ায়",1
এতোটা নিচে নামাটা ঠিক না এই ছেলে আর যাই হোক রিয়েল লাভার না,0
পিনাকী ভট্টাচার্য একজন ভালো মনের মানুষ এই লোক কখনো মিথ্যা কথা বলতে পারে না সে একজন সৎ এবং ভালো মনের মানুষ সে কারো কাছে টাকা খেয়ে এত উল্টাপাল্টা করিতেছে তা আমরা মনে করি না,0
আমার মতে ১৮ বছর হলে রোজগারে নেমে পড়ো আর ২৫ বছর হলে জীবন গড়ো,0
বেস্ট হিউমার ব্যবহার করা হয়েছে এই পোস্টে...!!,1
এখন থেকে দ্বীনদার পাত্র-পাত্রী পেতে চাইলে এই গুগল ফর্মের মাধ্যমে রেজিস্ট্রেশন করে আপনার বায়োডাটা দিতে হবে।,1
ওবায়দুল কাদেরের সাথে শুধু মির্জা ফখরুল ইসলাম সাহেবের তুলনা হয়,1
"তয় বোন সকালে অফিসে বসে তোর উপর ক্রাশ খাইছিলাম, পরে তোর এই স্ট্যাটাস দেখে ক্রাশ ছুটে গেছে, এখন বুঝলাম তুই একটা বলদ বোইন।",0
বেডা আক্তার বেডি,1
আপনি পারবেন দেশের নাম উজ্জ্বল করতে,0
ভাবি অনেক দিন পর পেয়ে ঝাপিয়ে পড়ছিল,1
"Antinatalism এর চিন্তা ভাবনায় ডুবে না থেকে কি করে এই পৃথিবীকে কিছুটা হলেও সুন্দর করা যায় এটা নিয়ে আমাদের ভাবা দরকার,, তাহলে কিছুটা ফলপ্রসু হতে পারে",0
আমার বেলায় ছোট থেকেই কেউ ছিলো না আর আজও কেউ নেই।অন্যকে খুব ভালো করে বুঝতে পারি।আমাকে যে গুরুত্ব দেয় না এখন তার সাথে কথা বলি না।ছোট ছোট বিষয়ে কষ্ট পাওয়া বন্ধ করে দিয়েছি।আমার কোনো বিষয় খারাপ লাগলে এখন সাথে সাথে মানুষ ছেড়ে দেয়।নরম মন মানুষ বিষাক্ত সাথে কঠোর করে দিয়েছে,0
"যোগ্য ব্যাক্তিকেই দেওয়া হয়েছে অভিনন্দন স্যারকে। তবে আরো আগেই পাওয়া উচিত ছিল। এই কমেন্টস টাও ওনার প্রতিষ্ঠিত ""অভ্র"" এর মাধ্যমে লিখা।",0
"ইউনুস সরকারের উচিত পুরো ফেব্রুয়ারী মাস জুড়ে তাদের নিরাপওা দেয়া, এটি একটি ইতিহাস আর ১৮ তারিখ জনগণকে এর নিজেদেরকে আম্লীগের ভাইদের সাথে দেখা করার সুযোগ দেয়া।",0
"এতো বড় মাপের ফ্রিল্যান্সার দেশের সম্পদ, এদেরকে হাজতে সাজিয়ে রাখার জোর দাবি জানাচ্ছি।",1
এটা ইউনিফর্ম নয়! এটা জুলাই অভ্যুত্থানে অতিরিক্ত পাকনামি করার শাস্তি.,1
"আমি যেহেতু বুঝেছি, তার মানে আমি খারাপ প্রো ম্যাক্স",1
সমাজে নৈতিক শিক্ষা খুবই জরুরি। যেন সবাই সঠিক পথে চলতে পারে।,0
"রজকান্ত আর ঐশ্বরিয়ার রোবট মুভিটার কথা মনে হলো। দুনিয়া যে হালে এগুচ্ছে, রোবট মালিকের বউকে নিয়ে পালিয়ে গেলেও অবাক হওয়ার কিছু নেই।",0
শিক্ষকের দৃষ্টি যথাযথ ছিল।,0
এভাবে তুলার আসলে টেকনিক কি?,0
"আমিও তো মাইনষের সাথে উউম, আম, উউউ, উহহ, উম্ম করি",1
"নন-ফিকশনের জগতে আকবর আলি খানের সঙ্গে জনপ্রিয় হয়ে ওঠেন মহিউদ্দিন আহমদ, আলতাফ পারভেজও।",0
আহারে আপন স্বামী,1
মায়ের জন্য ছেলের ভালোবাসা প্রকাশের সবচেয়ে সুন্দর মুহূর্ত।,0
"যখন মন খারাপ থাকে তখন রঞ্জন ঘোষের ভিডিও দেখি ,, আমার কাছে অনেক ভালো লাগে",1
দাদা আপনি আর চোখ দিয়েন না,1
"বাস্তবের স্বাদ পাওয়া যায় এই সিকুয়েলে, অনেক ধরনের চরিত্র একসাথে টানছে গল্পটা।",0
"দুজনের ফেইসের দিকে তাকান, টাকা ওয়ালা এবং মধ্যবিত্তের মধ্যে পার্থক্য বুঝতে পারবেন।",0
দুঃখজনক বিষয় হলো আমাদের এই সোনার বাংলাদেশ এমন প্রতিভাবান লুকিয়ে আছে কিন্তু তাদের নিয়ে কেনো সরকার কখনো কিছু করবে দূরে থাক চিন্তাও করেনি,0
আমাদের দৈনন্দিন জীবনে প্রযুক্তির ব্যবহার বেড়েই চলেছে।,0
"তিতা কথন। রাষ্ট্র গঠিত হয় জনগণ দিয়ে, রাষ্ট্রপ্রধান খোদ জিবরাইল আঃ আসলেও দেশটা ঠিক হবেনা, আমাদের চরিত্র না পাল্টালে।",0
হিংসা একদিন তোমাদের কেউ ছাড়বে না তোমরা ধ্বংস হয়ে যাবা এটাই বাস্তব,0
যত কিছুই পাও তোমরা সেগুলো তোমাদের কাছে তবে এয়ারপোর্টে আমরা হাজার রকমের এর মধ্যে পুলিশ আর অফিসার পর্যায়ের লোক গুলো অন্যতম চোর বাটপার পেয়েছি এটা হচ্ছে বাংলার মাত্র সম্পদ...,0
ভাই গাঁজা টানলে হবে না ইনহেলার,1
"বোলোগ দেখা আমার পেশা, বোলোগ দেখা আমার নেশা। এটাই বাস্তব, হা হা হা!",1
এধরনের একটি প্রশ্নের উত্তর দিয়েছেন আসিফ মহিউদ্দীন৷ পাবেন এই লিংকে,0
হয়তো আপনাদের কেউই হবে,0
ডাক্তার ইউনুস ক্ষমতা আসার পরপরই বহির্বিশ্বে বাংলাদেশের মুখ উজ্জ্বল করেছেন ইউরোপের সাথে সুসম্পর্ক গড়ে উঠেছে বাংলাদেশে ইউরোপীয় ইউনিয়নের দূতাবাস নির্মাণের জন্য বিল পাস করা হয়েছে ধন্যবাদ জানাই ডক্টর ইউনুস কে যিনি বাংলাদেশের প্রতীক এত মায়া এত ভালোবাসা দেখালেন বাংলাদেশ এগিয়ে যাবে ইনশাআল্লাহ,0
স্বজন হারানোর বেদনা আমার থেকে বেশি আর কে যানে,1
"ড.ইউনুস পদত্যাগ করুক আর নাই করুক, সমন্নয়ক রা পালিয়ে যাক আর না যাক,,, সেনাবাহিনী ক্ষমতা গ্রহণ করুক আর নাই করুক, বাংলাদেশে যা ঘটকনা কেনো আপা আর ফিরবেনা আওয়ামী লীগ ও আর আসবেনা। তোমরা রিয়ালিটি মাইনে নাও ১২ টা তোমাদের বেজে গেছে, জয় বাংলা হয়ে গেছে। বাংলাদেশ জিন্দাবাদ, জয় বাংলা মুর্দাবাদ।",1
এই বিশাল প্লাস্টিকের দানব আমাদের পরিবেশের জন্য একটি বড় সতর্ক সংকেত। আমাদের উচিত এর বিরুদ্ধে সচেতনতা বৃদ্ধি করা।,0
জীবন বড়ই অদ্ভুত মোট কথা কিছু পেতে হোলে কিছু তো হারাতে হবেই তবে মোটামুটি চলার মতো অবস্থান হয়ে গেলে বিদেশে পড়ে না থাকাই ভালো। জীবনে চাহিদার শেষ নাই যতো বেশি রোজগার করবেন ততোই চাহিদা ও বাড়তে থাকবে।,0
কিন্তু ভাই ফেসিবাদরা সব সময় পরিস্থিতি ঘোলা করারই পায়তারা করতেছে.,0
"এখানেও বৈষম্য হচ্ছে, একজনে এত জায়গায় কাজ করলে অন্যরা কি করবে।",0
আজকে বুঝলাম কেন বাম দল গুলা আজ পর্যন্ত প্রান্তিক মানুষের সমর্থন পায় নাই।,0
আগামী প্রজন্ম যেন আমাদের মতো ইতিহাসের পাতায় মিথ্যা রং মেশানো ইতিহাস যেন না পড়ে,0
প্রতিভাবান মানুষেরা নিজেকে প্রকাশ করে না।এটা রাষ্ট্রের দায়িত্ব সঠিক মানুষকে সঠিক স্থান দেওয়া,0
কাঁঠালের স্যান্ডউইচ হয়ে গেলো মনে হয়,1
ইনশাআল্লাহ জয় হবেই আমাদের,0
হাজার কোটি লোপাটের খোঁজ নাই... দুইটাকার জন্য মানবিকতা জলাঞ্জলি,0
ভাইরে ভাই !! আর নিতে পারতাসি না !! নিউস ফিড ভরা আপনার নিউজ আপা !!,0
জীবনে প্রথম কোন ভালো কাজ করলি ব্র,1
"ভাই তাদের বাপের টাকা আছে তাই তারা বাপের টাকায় চলে,তোমার বাপের টাকা নাই তাই তুমি নিজের টাকায় চলো।",0
সহমত প্রকাশ করছি,1
"এখন কী তামিমের উচিৎ না, লাইভে এসে তার কাছে ক্ষমা চাওয়া ?",1
এমন উদাহরণগুলো মানুষকে এগিয়ে যেতে অনুপ্রাণিত করে।,0
"কপালে কালো কাপড় বেঁধে বের হয়েছি। হয় আপা কে ফিরিয়ে আনবো, নয়তো বংবন্ধুর কাছে চলে যাবো বানীতে সাদ্দাম এর পোলাপান",1
"আজ সুগার আঙ্কেল নেই বলে শাওন এত বিগড়ে গেছে, ষাঁড় জাফর ইকবালকে শাসনের দ্বায়িত্ব নেওয়ার জন্য আহবান জানাচ্ছি",1
তামিম ইকবাল খান ভাই বাংলাদেশের ইতিহাসের সেরা খেলোয়াড় ও অধিনায়ক,0
"আমাদের দেশে নাস্তিকরা এতোটা ভয়ানক না, আস্তিকরা যে পরিমাণ ভয়ানক।সাফার যদি পরকালে বিশ্বাস নাই থাকে, এটা তার বিশ্বাসের কথা বলসে, আর সেটার গুনাহ আল্লাহর কাছে সেটা আল্লাহ সুবহানতায়ালা দেখবেন। তোমরা তাকে এইভাবে অপদস্ত করবে?ইসলাম কি তাই বলে?আরে একজন নাস্তিকের সাথেও মোহাম্মদ সঃ এমন ব্যাবহার করতেন, যে তার ব্যাবহার দেখে তার মনেও বিশ্বাস জাগে।এই তোমাদের আস্তিকতার প্রমান? তোমাদের এই ব্যাবহার দেখে আস্তিকও নাস্তিক হয়ে যাবে!!ভয় দেখিয়ে ঘৃনা করে কাউকে আস্তিক বানানো যায় না। ছিঃ এই ব্যাবহার কি ইসলামিক ব্যাবহার? এতো ঘৃনা?মোহাম্মদ স তো অনেক সুন্দর করে কাফেরদের সাথে কথা বলতেন!!",0
এত সুন্দরভাবে ইসলামের খেদমত করার প্রস্তাব দিয়েছেন। আল্লাহ আমাদের কাজগুলো কবুল করুন।,0
১০০ ঠিক কথা বলেছেন ভাই আলগা পিরিত দেখাই লাভ নাই মানুষ চিনে গেছি,0
আমার মেজাজ খারাপ হয়ে গেছে,1
আমি একটা জিনিস বুঝি না।দেশে এত ভালো কোচ থাকতে।দেশের এত টাকা নষ্ট করে বাইরে থেকে কোচ আনার কি দরকার।আর সাবিনারা দেশের জন্য অনেক কিছু বয়ে এনেছে।এই কোচ এর জন্য তাদের কে ছুড়ে ফেলে দেওয়া ঠিক হবে না।আজ কোচ আছে কাল সে।চলে যাবে।সে বিদেশি আর সাবিনারা দেশের জন্য আজীবন লড়ে যাবে।,0
দাদারা আপনাদের হে ডা ম থাকলে শুধু ব্রাক্ষণবাড়িয়া দখল করে দেখান!,0
ভাই আমি ঠিক এইরকম করি সকালবেলায়,1
নিজের অনুভূতিকে সম্মান করুন।,0
"এখন যারা আসার জন্য মরিয়া তারা আরো ভয়ঙ্কর কিছু করার চেষ্টা করবে,যার প্রভাব সর্বদা সব যায়গায় দৃশ্যমান",0
"অতীতের ঘটনা বর্তমান সম্পর্কের বিশ্বাস ও সম্মানকে কীভাবে প্রভাবিত করে, তা গভীরভাবে বিশ্লেষণ করা প্রয়োজন।",0
ফকিন্নির পোলা পান যদি একটু সেলিব্রেটি হয় তাহলে নিজেকে অনেক কিছু মনে করে মদ খাওয়া নিয়ে ভিডিও করে কি বুঝাতে চাষ মদ খেলে নিজে অনেক বড় কিছু হয়ে ইউরোপ কান্ট্রি তে এসে দেখ এখানে পানির দাম আর মদের দাম সমান সমান এখানে পাগল ছাগলে মদ খায়,0
ছাত্রদল এমন ফালতু পপুলিস্ট ইস্যুতে রাজনীতি করবে তা কল্পনাও করিনি।,0
"বাংলাদেশ সবকিছুতে পিছিয়ে থাকলেও, পবিত্র কোরআন প্রতিযোগিতায় প্রতিবছর বিশ্ব রেকর্ড করছে। আলহামদুলিল্লাহ",0
বাংলাদেশের একজন নাগরিক হিসেবে মনে করছি।বর্তমান সময়ে এসেও যে বা যারা তাদের পলাতক নেত্রীর পা চাটতেছে বলতেছে শেখ হাসিনা আবার এদেশে ফিরবে!!তাদের অন্তর পচেঁ গেছে ভাই।তাদের ক্বলবে তালা লেগে গেছে।মোহর মেরে দিয়ে দিয়েছেন মহান রব।ওয়াল্লাহি!কিভাবে পারে তারা ফ্যাসিস্ট হাসিনার পা চাটতে!,0
স্ত্রীদের একমাত্র ক্যারিয়ার হবে স্বামীর কোটিপতি হওয়ার জন্যে দু'আ করা এবং স্বামী কোটিপতি হওয়ার পর সেই টাকা ঘরে বসে বসে আত্মসাৎ করা।,0
যেমন কর্ম করেছিলো তেমন ফল পাচ্ছে,0
একটু উন্নতি আপনাদের সহ্য হয় না,0
"আমি বন্ধুতের হাত বাড়িয়ে দিলাম,সবাই বন্ধু করে নেন।",0
sorry হেসে ফেলছি এটা কিন্তু ইমোশনাল পোস্ট।,1
"চিন্তাগুলো সুন্দর, আমাদের অসুন্দর মানসিকতা পারবে কি বাস্তবতায় রুপ দিতে।",0
"মিডিয়ার স্বাধীনতা রক্ষা করা উচিত, তবে দায়িত্বশীলতার সাথেও কাজ করা প্রয়োজন।",0
মনে না চাইলেও কমেন্ট করতে হয়,1
কিছু কিছু কষ্ট এক জীবনে ভুলে যাওয়া যায় না,0
কেন জানি মনে হয় সবার আগে দেশ তারপর রাজনীতি তারপর নেতা।,0
বস মেচির সাথে রোনালদো,1
১৩ই ফেব্রুয়ারি জন্য একটা পুকি দরকার,1
এমন হাজারো গল্প অজানা থেকে যায় কত সংসারের গল্পে,0
আমাদের কানের উপর অত্যাচার করার অধিকার কে দিলো এদের,1
"সম্পর্কের মতো, প্রকৃতিরও নিজস্ব রীতি থাকে। মাঝে মাঝে এদের সঙ্গে এক হয়ে জীবনযাত্রার পন্থা শিখতে হয়।",0
উনার অবদান কোনো ভাষায় প্রকাশ করা সম্ভব নয়,0
"আমি নিশ্চিত হয়ে যাই, আমাকে সে পছন্দ করে।",0
বাকস্বাধীনতা এখন পায়ুপথে গিয়ে ঠেকেছে তাহলে!?,1
"যত বেশি শিখবেন, ততই আপনি আরও বড় সুযোগের সামনে দাঁড়াবেন।",0
"ভয়েজ শুনে আমার সেই আঠাহাজারী বন্ধুর কথা মনে পড়লো,,তার কণ্ঠের সাথে মিল আছে।",1
"অর্জুনের প্রতি আমাদের একটু সহানুভূতিশীল হওয়া উচিত, কারণ চাপ সবাই নিতে পারে না।",0
"এই লাল গাড়িতে উঠতে হলে, প্রচুর পড়তে হবে।",1
সুনীল গঙ্গোপাধ্যায়ের বরুণার মতো এক তরুণী আমার জীবনেও এসেছিল।,0
এদের দুইজনের চেহারা তো অবিকল মানুষের মত দেখতে,1
আমি নিজেই একটা গোলাপ । গোলাপের অর্থ জেনে লাভ কি,1
"একটু ভালো ইংরেজি কইতে পারে বইলা, এক্টা বাচ্চা ছেলেকে ইউভার্সিটির প্রফেস্যার বানাইলো।",0
অন্য গাড়িকে সম্মান দিয়ে নিজের গাড়িকে এগিয়ে নেওয়ার পরিকল্পনা।,0
তোরা সাংঘাতিক রা ও পারোছ তিল কে তাল বানাইতে,1
"হঠাৎ কানে এল, আমার কাছে তো ভাংতি নেই। আপনি দাঁড়ান, বাসা থেকে এনে দিচ্ছি।",0
এখন থেকে লুংগি পরে বসিস . এর পর এমন তাড়া করবে যে পালিয়ে কুল পাবিনা,0
এখন তো robot নিজেরা পালাচ্ছে ...আগামীতে আমাদেরকেও homo sapiens সাথে নিয়ে পালাবে,1
আল্লাহর দেওয়া এক সীমাহীন নেয়ামত। সামি আর স্ত্রী। জা সবার ভাগ্যে জুটেনা। আর এই নেয়ামত কিছু মানুস বুজেনা।,0
"আলহামদুলিল্লাহ অনেক সুন্দর লাগছে ভাইয়া আপনাকে, দোয়া ও শুভ কামনা রইলো ভাইয়া",0
একটা গাছকে প্লাস্টিকে বন্ধ করে রেখে দাও আরেকটা গাছ কে হাওয়া জলের মধ্যে রাখো,0
আর এদিকে আমি বাবু সোনা দুইজন আর ওদের আব্বুদের নিয়া সুখে সংসার করি।আবার পোষ্ট ও দিই!,1
তুমি কথা মনে হয় ঘুরাচ্ছো,1
"আমাদের জীবনের উদ্দেশ্য হলো জান্নাত। দুনিয়া একটা পরিক্ষার জায়গা। আল্লাহ্ তায়ালা আমাদের পাঠিয়েছন আমাদের মধ্যে কে বেশি আমল, উত্তম কাজ করতে পারে",0
"স্বৈরতন্ত্রের আঁতুড়ঘর ভাঙতে ভাঙতে ছাত্রজনতার মুখে সবচেয়ে বেশিবার উচ্চারিত হয়েছে যে-স্লোগান তা হল 'নারায়ে তাকবির, আল্লাহু আকবার'। এটা একটা গভীর তাৎপর্যপূর্ণ পরিবর্তনের ইঙ্গিত বহন করে।",0
"অন্যের ক্ষতি করা মানুষ গুলো কে আল্লাহ হেফাজত করুক হেদায়েত করুক,শুভ বুদ্ধি দান করুক",0
বাংলাদেশ যে অত্যন্ত সেক্যুলার রাস্ট্র তার সবচেয়ে জ্বলন্ত প্রমাণ মুক্তিযুদ্ধ ও বঙ্গবন্ধুকে মুছে ইসলামের সৌন্দর্য ও সৌহার্দ্য প্রতিষ্ঠার জন্য ব্রাহ্মণের নেতৃত্ব মেনে নেয়া। ইনকিলাব জিন্দাবাদ!,1
আজকের ট্রিক্সটা কিন্তু ৯.৩ এর। এই ট্রিক্স শিখলে MCQ হবে ৫ সেকেন্ড এ।,0
ওরা আসলেই একটা ঝামেলার জাতি!!সবজায়গায় ফ্যাসিবাদ করে বেড়ায়।,0
একজন পিতা ও তার পরিবার কতটা আহাম্মক হতে পারে এদের না দেখলে বুঝার উপায় নাই!,0
ডিজিটাল পেইন্টিং করলে হবে?,0
সন্তানের প্রতি মায়ের ভালোবাসা নিঃস্বার্থ।,0
"বিপ্লব মানুষকে জাগ্রত করেছে, গণতন্ত্র সম্পর্কে মানুষের ধারণা বদলে দিয়েছে।",0
লুকোচুরি খেলছে,1
কথা আছে আমরা বাঙ্গালীরা সম্মান দেওয়া শিখি নাই এটাই বাস্তব,0
"ঠিকই আছে ঘুম যাবে কেন ,কথা বলবি আমার তো এমন প্রয়োজন।",1
দিল্লি গেইট এর নাম কখন যে মুজিব গেইট হয়ে যাবে টের ও পাবে না স্যার এরা...,1
ছাত্র রাজনীতিকে সত্যিকারের শিক্ষার সহায়ক করতে সংস্কার দরকার।,0
"ব্যাচমেটের সাথে প্রেম করে কেউ ঠকে না। হয় বিয়ে হয়,নয়তো রেজাল্ট ভালো হয়।",1
এক রূপসী নারীর সাথে গাড়ি থেকে বের হওয়ার কল্পনা।,0
CGPA শিক্ষার্থীর একাডেমিক পারফরম্যান্সের একটি সূচক।,0
"আমার ধারনা বিশ্বের বিখ্যাত সব সমালোচকদের এক সাথে করলেও এই পোস্টের কোন ভূল ধরতে পারবে না,খুব বেশি কিছু বলবনা কারন আবেগে চোখে পানি চলে আসছে। ইহা আসলেই একটি দূর্দান্ত পোস্ট ।",1
নদ-নদী খাল-বিল জলাভূমি পরিবেশ ও জলবায়ু বিষয় সত্যি এইদেশের গবেষণায় এগিয়ে আসছে।,1
জানুয়ারি চলছে চোলবে চোলবে...,1
সিস্টেমকে দোষারোপ করার পরিবর্তে নিজের স্কিল ডেভেলপমেন্টে মনোযোগ দেওয়া উচিত।,0
"কেন শুধু শুধু সিংগেলদেরকে কষ্ট দিচ্চেন,প্রিয়জন না থাকার যন্ত্রণা সিংগেলদের থেকে কেউ বেশি বুঝে না",1
আয়না ঘর কে বাসর ঘর এর মত সাজিয়ে পরে গেলে লাভ কি ! এবং এতো দিনে তা হয়েও গেছে,1
"স্বজন হারানোর বেদনা ভাষন দেবেন, লজ্জা থাকলে দেশে এসে আত্বসমর্পন করুক গনহত্যাকারীর ভাষন আবার কে প্রচার করবে?",0
পশ্চিমা বিশ্বে হ্যাশট্যাগ মিটু বা ব্ল্যাক লাইফ ম্যাটার্স আন্দোলনে এই ক্যানসেল কালচার বহুলভাবে ব্যবহৃত হয়েছিল।,0
"একজন মানুষের অর্জিত সম্পদ তার পরিবারের মাঝে শান্তি প্রতিষ্ঠা করতে পারেনি, এটাই বড় দুঃখজনক",0
এখন পুলিশ চেক করবে উনার মধ্যে কতটুকু আলো আছে,1
শীতকালীন সবজির দাম আজীবন ই কম।এটার সাথে কমিলের সম্পর্ক নাই,0
পশ্চিম দিকে দারায়া কমেন্ট করলাম,1
"ভাই,, হারপিক দেখিয়ে আপনি ২০ কোটি মানুষের মন কেঁড়ে নিয়েছেন",1
"সেই সঙ্গে মেদবর্জিত, টান টান বিশেষ যে ভাষারীতি সেবা প্রকাশনীর হাতে প্রচলিত হয়, জনরা সাহিত্যের ক্ষেত্রে তা আজও অদ্বিতীয়।",0
আল্লাহ পুরুষদের অধিকার দিয়েছে একাধিক বিয়ে করার।,0
গরিবের প্রজাপতি ফ্রম গুলিস্তান,1
মিজানুর রহমান আজহারী সাহেবের কি অর্থের অভাব পড়েছে যে ফাইভারে একাউন্ট খুলে বসেছে,1
দেশের বিচার বিভাগ টা একটা সন্ত্রাসী বাহিনী হয়ে গেছে।,0
নিজের বইয়ের কথা মেনশন করার জন্য দুঃখিত। থ্রিলার জনরায় আগ্রহ থাকলে বইটি দেখতে পারেন।,0
অবশ্যই জীবনের একটা মানে আছে। ১৪৫ বছর আগের চিন্তা আমাদের সমাজে এখন পুরোপুরি বাস্তব।,0
"হুম, কিন্তু এটা মেয়েদের চাহিদা তবুও চুপচাপ অপেক্ষা করতে থাকে,,",0
শুনছিলাম র্যাব বাদ পড়বে। এখন ঠোলার পোশাকে র্যাব কেন?,1
বাংলাদেশের নিউজ চ্যালেনগুলো কতটা লো ক্লাস আর লেইম হলে এসব নিউজ দেয়। আমি বুঝি না এদের কি রুচিবোধ বলে কিছুই নাই?,0
আমার অনেক পছন্দের একটা বই,0
"জুলকারনাইন সায়ের একজন শিবির কর্মী। আল জাজিরা'তে কাজ করেন। কট্টরপন্থী, ভারতবিরোধী রাজনৈতিক মতাদর্শের লোক।",1
"পরাজয়ের ভয়, পরাজয়ের চেয়েও খারাপ।",0
ভাবীর সুখ আমার কপালে নাই,1
বাবু না থাকলে আমি আছিত,1
এইযে ভাইয়া বিখ্যাত কুষ্টিয়া থেকেই বলছিলাম কুষ্টিয়া গাজর জন্য না রে ভাই খাজার জন্য বিখ্যাত। যে ই হোক খাজা আমরা খাই আর বিশেষ প্রজাতির পাতা মিন মিন স্বপ্নদোষ না মনে ওই মলম ব্যবসায়ীর বিশেষ আউটপুট টার্নেল এ গুঁজে দেবো,1
"আজ থেকে পাঁচ বছর পর আপনি কোথায় যাবেন তা নির্ভর করবে এখন আপনি কী ধরনের বই পড়ছেন, কোন ধরনের মানুষের সাথে মেলামেশা করছেন সেটার উপর।",0
প্রোগ্রামে না হয় একটার ভুল হয়েছে কিন্তু সে বাকিগুলোর প্রোগ্রামে কিভাবে ইন্টারফেয়ার করলো এগুলো রোবট এরা নিজের থেকে কিছুই করার ক্ষমতা রাখে না।,0
একজন নেতা ও তার শাসনকাল নিয়ে আলোচনা করা সবসময় দরকারি।,0
"বাংলাদেশের কিছু মানুষ বর্তমানে পিনাকিকে পীরের মত মান্য করছে,সে যা বলছে চোখ বুজে তাই করছে, একটু ও খেয়াল করেছে না কেউ এই লোক টার মুল উদ্দেশ্য হচ্ছে এই দেশটাকে ধ্বংসের কিনারায় পৌছে দেয়া।কারন সে তো বিশাল অপরাধ করে পালিয়েছে,২৮৯ জন মানুষ কে মেরে ফেলেছে সে,এই দেশে আর ফিরবে না।",0
আধুনিক যুগে পোস্টারিং ভালো লাগে না। এর কোন বিকল্প নাই?,0
এদিকে টাকার জন্য ট্যুর দিতে না পারা আমি।,0
তামিম ভাই একের পর এক ঝগড়া করতেছে। এটা তো ঠিক না। ভাইয়ের বোঝা উচিত তার মাঝে মেয়েদের স্বভাব ঢুকে গেছে।,1
আগামী বছর না থাকবে কোন উপদুষ্টু না থাকবে কোন নিষেধাজ্ঞা,1
প্রাইভেট জব থেকেও বসে বসে টাকা পাবেন না৷ আর বিলাসবহুল আবাসনও পাবেন না। পরিশ্রম করতে হবে প্রাইভেটে হোক বা সরকারি তে অথবা বিজনেস এ।,0
অন্য সেন্ট মার্টিন এ দুষণের পরিমাণ টা যদি উল্লেখ করতেন ভালো হতো!!,0
ওনার বাবা-মা অনেক সাপোর্ট করে আর আমি ২০২২ এসএসসি দেয়ার পর বলেছিলাম ল্যাপটপ কিনে দিতে আমি ফ্রিল্যান্সার হবো কিন্তু এখনও পাই নাই। বড় কথা হলো পরিবারের সাপোর্ট ছাড়া বেশি দূর আগানো যায় না।,0
মেয়েদের যে কোন পোশাকের অর্ডার নিয়ে থাকি।,0
"সকল বিভাগে প্রস্তুতির জন্য প্রয়োজনীয় বইয়ের পরামর্শ দেওয়া হয়েছে, অনেক কিছু শিখলাম।",0
প্রতিবাদ জানাই এইটায় বাস্তব,0
"সাবিনা মেসি হয়ে পড়েছে তার প্রমান করা শেষ, এখন সে মেসির মা",1
নিশ্চয়ই বিরোধী দলের চক্রান্ত,0
"লেখাটিতে অনেক বাস্তব দিক তুলে ধরা হয়েছে, যা চিন্তার বিষয়।",0
"যেটা আপনার জন্য স্বাভাবিক মনে হয়, সেটাই করুন।",0
"সহপাঠী ওরা,মিমই জানে ওরা এমন কেন করে।",0
"এত লেখা পড়া করে কি হবে, যদি কমনসেন্স-ই না ডেভেলপ করে। আফশোস সে সকল পিতা মাতার জন্য, যারা তাদের জীবন, শ্রম, সময়, অর্থ ব্যয় করেছেন সন্তানকে উচ্চ শিক্ষিত করতে। মর্মান্তিক বিষয় হলো কমনসেন্স-ই ডেভেলপ করে নাই।",0
"ওপার থেকে কে যেন ডাকে, সুদূর থেকে শোনা যায়, কিন্তু বোঝা যায় না। শীত এত বিভ্রান্তি ছড়ায় কেন!",0
CGPA কম থাকলেও অতিরিক্ত প্রস্তুতি স্কলারশিপ পাওয়ার সম্ভাবনা বাড়ায়।,0
হ্যা প্রিয় চ্যানেল ছিলো...সারাদিন এটাই চলতো... আমার খুব ভালো লাগতো ভিডিও গুলো,0
"সন্তান তার মায়ের জন্য যা কিছু করে, সেটাই প্রকৃত সাফল্য।",0
বিতর্কের মধ্যেই সমাধান লুকিয়ে থাকে।,0
ডাক্তার ও নার্সদের দায়িত্ব পালন কঠিন হয়ে পড়ে যখন তাদের সেবা নিয়ে রোগীর পরিবার মিথ্যা অভিযোগ তোলে।,0
এতটুকু কমনসেন্স নাই যে অজ্ঞাত কেও মিষ্টি দিয়ে গেল আর কাওকে না দেখেই খেয়ে নিল সবাই? কী আজব!!,0
এই আকাম বান্ধবী করছে সে একা কেন ধরা পড়বে সাথে নিয়ে যেতে হবে।,0
ছেলের ছোট্ট উদ্যোগ মায়ের হৃদয় ভরে দেয়।,0
পরিবার ও বন্ধুরা আমাদের জীবনে অনেক গুরুত্বপূর্ণ।,0
আয়েশা মনে করে পৃথিবীতে সে একমাত্র একজন আর তাঁর বাবাও পৃথিবীতে একজনই।,0
শিক্ষার্থীদের কষ্টের গল্প শোনার আকাঙ্ক্ষা।,0
পড়ার কি দরকার আছে??,1
ইউসুফ সরকার কে এর চরম মূল্য দিতে হবে,1
যারা পাচ ওয়াক্ত নামায পড়ে তাদের বেলা ঠিক এমন টাই হয়,0
এপ্স থেকে ব্যাংক ইনফরমেশন চেঞ্জ করতে পারছি নাহ। ফুল ইনভেস্টমেন্ট প্রফিট উইড্রল করতে চাচ্ছি।,0
এত কম সময়ে ইতিহাস জানা যায় না।,0
আজ সাকিব নাই বলে একক রাজত্ব করতেছে,1
বাংলাদেশের মানুষের রুচির সমস্যা,0
আহা! আল্লাহর সৃষ্টি কত সুন্দর,0
"এদেরকে সকল দায়িত্ব থেকে সরিয়ে ফেলা সময়ের দাবি, হাজার শহীদের রক্তের সাথে তারা প্রতারণা করে যাচ্ছে, তারা এখন রাজনৈতিক দল গঠন করে ক্ষমতা স্বাদ গ্রহণের ভূত তাদের মাথায় চেপে বসছে।",0
গ্রেফতার তো দূরের কথা একটা চুলও ছিড়তে পারবে না,0
"- কয়দিন পর এটা ভুলে যাই স্যার ৭ঘন্টা ঘুমাতে পারিনা, সন্ধ্যাতে টিউশনি করাই রাত ৯টায় আসি। তাই ১০টার মধ্যে ঘুমিয়ে পরি এবং রাত ৩ ৩০এ উঠে পড়তে বসি",0
আমরা যা কিছু করি এর কেন্দ্রে থাকেন গ্রাহক এবং যখন সেটি হয় টেকসই পদক্ষেপ তখন তা আরও অর্থবহ হয়ে উঠে।,0
"চাচা চারদিকে এত খুশির খবর কেন আর চোরগুলো,কোথায়",1
স্বাধীনতার পর বাংলাদেশের রাজনৈতিক গতিপ্রকৃতি নিয়ে আরও গবেষণা হওয়া দরকার।,0
আপনি হারিয়ে আমরা এখন অসহায় কোনো ধরনের বিনোদন পাই না,1
ম্যাগাজিনের জন্য সব পত্রিকা কিনতাম।,0
শিক্ষার্থীদের ন্যায্য দাবিগুলো অবশ্যই গুরুত্ব দিয়ে দেখা উচিত।,0
"একটা মানুষের ভাগ্য ততো বার পরিবর্তন হয়, যতো বার সে আল্লাহর কাছে শুকরিয়া আদায় করে, আলহামদুলিল্লাহ!",0
গবেষণা প্রজেক্টে অংশগ্রহণ স্কলারশিপ জেতার সম্ভাবনা বাড়াতে পারে।,0
একটা সময় পর আমরা বুঝতে পারি আমাদের মনে তার অবস্থান আর তাদের মনে আমাদের অবস্থানের পার্থক্য টা আকাশ পাতাল ।,0
"আমি পরিপূর্ণ নই! আমি সাধারণ একজন মানুষ! তা সত্বেও যারা আমাকে গুরুত্ব দেয়, মূল্য দেয়,পাশে থাকে তাদের আমি মন থেকে ভালোবাসি...!! শুভ সন্ধ্যা শুভেচ্ছা ও শুভকামনা রইলো সবার জন্য।",0
"বড় বাউন্ডারিতে এখন আর রান চেজিং করা যাচ্ছে না। বেশি চাপ হয়ে যাচ্ছে। বিসিবির উচিত ছিল ঢাকা,চট্টগ্রাম ও সিলেট সবজায়গায় সমান মাপের বাউন্ডারি করা।নয়তো আন্তর্জাতিক অভিজ্ঞতা প্লেয়ার ছাড়া ম্যাচ হারবে যেকোনো দল",0
কেস খাওয়ানোর জন্যই একটা কথাই যথেষ্ট,1
আল্লাহ সবাইকে হিংসা ও বিদ্বেষ থেকে মুক্ত রাখুন।,0
কিন্তু আমি ত ছোট তার পরেও কেন বাবার টাকায় করার সাহস করতে পারিনা,0
"দালালদের পাপের শাস্তি এমন ভাবেই আল্লাহ করায়। এরা পা চাটতে চাটতে পাপের সর্বোচ্চ স্তরে পৌঁছে গিয়েছিল,সে কারণে তাদের এত অধঃপতন ঘটেছে।",0
"তার বাইরে বইয়ের দোকানে চোখ রাখলেই দেখা যেত ধর্মীয় বই, ভবেশ রায়ের তথ্য-ভারাক্রান্ত বইগুলো, প্রগতি আর রাদুগা প্রকাশনীর রুশ বইপত্রের অনুবাদ, শত মনীষীর কথা ঘরানার জীবনী, বিবিধ বিশ্বকোষ।",0
নিজের জীবন যাত্রা ও অর্জন অন্যদের অনুপ্রাণিত করার জন্য শেয়ার করা।,0
বিএনপি আর অন্যান্য বিরোধী দল আসলেই কি একসাথে চলতে পারবে?,0
"কতো কথা বলে মন, তারা বুঝে না কেন",0
আর একদম শেষ প্যানেলে দেখা যায় বৃদ্ধ বয়সে সেই পাঠকই পরের প্রজন্মের হাতে তুলে দিচ্ছে তার ভালোবাসার বইগুলো।,0
"মেয়ের সাহস দেখে অবাক হই, ফার্স্টইয়ারে পড়ে মাত্র, তার উপর আবার স্বামী আছে",0
বেহেস্তের টিকিট বিক্রি কারি জঙ্গি ধর্ম ব্যবসায়ী নেতা জঙ্গি গুষ্টি তা প্রচার করবে,0
"নিজেরই ড্রেস সেন্স তলানিতে, আবার র্যাবের পোশাক নিয়ে ক্ষুত ধরে।",1
"সারাহর জীবন অনেকটা সহজ মনে হতে পারে, কিন্তু প্রত্যেকের জীবনের নিজস্ব চ্যালেঞ্জ থাকে। সে হয়তো নিজের ক্ষেত্রেও অনেক চ্যালেঞ্জ পার করছে।",0
কয়েকটা কাপল থাকলে ভালো হতো,1
দুই বন্ধুর করুণ দশা একজন আসামি আর একজন পাগল,1
ভালোবাসা,0
ভাই ইনবক্স চেক করেন।,0
এইগুলারে আর এদের মা বাবাদের চিরিয়াখানায় রাখা উচিৎ।,1
এজন্য হয়ত বলে মানুষ কল্পনাতেই সুখি...,0
অবশ্যয় সন্দেহ করা উচিত,0
আপ্নি সুধু মিডিয়ার হিরো না বাস্তবে ও হিরো। সেলুট বস।,0
"আমরা কেলে, আমরা জেলে জলেই মোদের বাস। ভারত তাই ডুকাইয়া দেয় মাঝে মাঝেই বাঁশ।",1
মন কেড়ে নিলে গো,0
চারটি বই প্রতিটি ৩০০ করে ১২০০হলে খানিকটা বিলাসিতা বৈকি আবার অনেকের সাধ্যেরও বাইরে। চারটি ৫০০টাকার মধ্যে হলে অনেকে পড়ার সুযোগ পেত!,0
ভাই আমি চাই পুরো বছর টাই ফেব্রুয়ারি মাস থাকুক,1
"পোস্ট টা পড়ার সময় হঠাৎ খেয়াল করলাম বউ আমার পাশেই ফোনের দিকে তাকিয়ে আছে,তাই আপনার প্রশ্নের উত্তর টা স্কিপ করে গেলাম",1
সন্তানের সাফল্যের গল্প মায়ের কাছে একধরনের পুরস্কার।,0
যারা সুবিধা নেওয়ার তারা ঠিকই নিতাছে।তারাই ঠিক আছে। আগেও যেমন নিতো এখনো ঠিক তাই।,0
এটা স্ট্রবেরি ফ্লেভার টাও পুরাই ফালতু,0
সন্তানের সাফল্য মায়ের কাছে আশীর্বাদ।,0
"এরশাদের কবিতা-গান হলে হবে না, আইনস্টাইনের ভায়োলিন হতে হবে।",0
"তুই খালি দেশে আয় মাগি, ব্যাখ্যা পরে হবে।",0
মোদির বিছানা হাসিনার ঠিকানা,1
আজকে ব্লগ করার মতো কিছু পান নাই মনে হয়।,0
অনেক দূরত্বের একটি সম্পর্ক ।,1
৫৩৭ সালে এখানে হাগিয়া সোফিয়া তুর্কি ভাষায় আয়াসোফিয়া নামের একটি বিরাট বাইজেন্টীয় খ্রিস্টান গির্জার নির্মাণকাজ শেষ হয়।,0
৩২ এর মতো যেদিন পোদের আলোকেও ভেঙে গুড়িয়ে দিতে পারবো সেইদিন নিজেকে স্বাধীন মনে করবো এর আগে নয়,0
"এই অকৃতজ্ঞ জাতির বুকে হাসনাত, রাফি,নাহিদ, আসিফ এক আশীর্বাদ স্বরুপ, মনে রাখবেন এদের যদি আগলে রাখতে না পারেন আগামী দিনে এই জাতির বুকে আর কোনো বীর যোদ্ধার দক্ষ সৎ ও সাহসী নেতার জন্ম হবে না",0
আপনি যখন এক্সট্রাঅর্ডিনারি কিছু করবেন স্বাভাবিকভাবেই আপনি ওটার লেভারেজ নিতে চাইবেন। এমনি এমনি ওটা যেতে দিবেন না। বড় বড় সেলেবরাও প্রোডাক্ট এডভারটাইস করে সেইম রিজনে। যদিও জীবনেও ওইসকল প্রোডক্ট তারা ইউস করে দেখেনি। বাংলাদেশে কতজন মানুষ সম্পূর্ণ হালাল উপায়ে উপার্জন করে? অবৈধ উপার্জনের সুযোগ থাকলে,0
এইডা কেডা? কত সুন্দর বাংলা ভাষা রে,0
নিজের Review বারানোর জন্যই জতো সব নাটক? ফালতু...,0
হুম তাই তো কোথায় পাওয়া যাবে এমন জান,1
অতিরিক্ত আবেগে দেখানোর কারনে এই জাতিকে শাহবাগে তওবার গণকর্মসূচীর ডাক দেওয়ার জোর দাবি জানাচ্ছি,1
অনলাইনে ফ্রীতে ইনকাম করতে চাইলে জয়েন,1
"ভাই, আমি শুক্রবারের জন্য ৩ কেজি মাংস প্রি-অর্ডার করেছি । সাথে এক কেজি মাথার মাংস নিতে চাইছিলাম কিন্তু এক কেজি নাকি দেওয়া যায় না",0
আহমদ ছফা বইগুলো পাওয়া যাচ্ছে,0
আপনারা দুশ্চিন্তা করবেন না। দোষীকে ধরার জন্য একজন চৌকস পুলিশ অফিসার নিয়োগ দেওয়া হয়েছে। শিগ্রই কালপ্রিটকে ধরা হবে।,1
ঘুমাতে ভয় লাগে যদি কোন বিনোদন মিস করে ফেলি,1
স্বামীর জন্য কান্নার যুগ শেষ হতে চললো।,1
বাংলাদেশের একমাত্র অভিশপ্ত পরিবার শেখ পরিবার,0
কেন? এত ভয় পান কেন? মুর্খ আবাল চোদাদের গালি খেতেই হবে। কোন চাপে পড়ে এদের কাছে নতি স্বীকার করবেননা,0
অপারেশন বরিশাল ছিল পাকিস্তান নৌবাহিনী কর্তৃক পরিচালিত নৌ-অভিযানের একটি কোড-নাম যা মুক্তিবাহিনী এবং পাকিস্তান প্রতিরক্ষা বাহিনীর ভিন্নমতাবলম্বীদের কাছ থেকে পূর্ব পাকিস্তানের বরিশাল শহরের নিয়ন্ত্রণ গ্রহণের উদ্দেশ্যে পরিচালনা হয়েছিল।,0
এই ফ্রড সাহেবের কথায় বোঝা গেলো বাংলাদেশে যতবারই সরকার পরিবর্তন হবে ততবার প্রক্লেমেশন দিয়ে সংবিধান ফেলে দিতে হবে!!,0
অতি অতির গাজা নষ্ট,1
"অল্প বয়সে পাকিলে বা ল , দুঃখ থাকে চিরোকাল",1
সংবাদ পড়া বাদ দিয়ে মানুষের পাশে দাঁড়ান।,1
দুনিয়ার অসভ্য দুঃখীরা এভাবেই নিজেরে সুখী ফিল করায়।আর কিই বা পারে,0
আপনি পাবেন আপনার সকল ধরনের প্রশ্নের সহজ ও প্র্যাকটিক্যাল উত্তর,0
"সেতুর ভারী যানবাহনের চাপ সহ্য করতে পারবে কিনা, তা নিশ্চিত করার জন্য এই ধরনের পরীক্ষা হওয়া জরুরি।",0
ঢাকা বিশবিদ্যালয়ে চান্স না পাইলে এমন কি আসে যায়। জীবন কি শেষ,1
"এটা হচ্ছে Moth flies. বাংলায় মথ্ মাছি । এরা সাধারনত নরম স্বভাবের তবে এরা বেশি ক্ষতিকর না। এরা টয়লেট,বাথরুমে, শোবার ঘর থাকে। তবে বেশি হয়ে গেলে ঘরে মাইক্রোব্যাক্টেরিয়ার সংক্রমন দেখা দিতে পারে।",0
তোর বাপে তোরে জন্ম দিছে নাকি গাছ ফেরে হইছস তা জানছ নাকি সেইটাও জানছ না। ভন্ড হালায়... পাগল।,0
ধানমন্দি ৩২ কট হয়ে গেছে চাচা হট হয়ে গেছে ধানমন্ডি ৩২ আর থাকবে না আওয়ামী লীগ থাকবে না হাসু আপাও থাকবে না,1
"এখানে গ্রাহক সেবা হবে কাগজবিহীন। ফলে ডিজিটাল উদ্ভাবনের সহায়তায় সেবায় আরো গতি আসবে, পরিবেশগত ক্ষতিও কম হবে।",0
ব্যাকরন এর মান ইজ্জত শেষ,1
ডুয়েটের আশেপাশে বহু পোলাপান ব্রেইন ওয়াশড। এরা ভাবে গভ জব করলে জীবনে সফল। এছাড়াও বিসিএস এর আশায় ও অনেকে পরে আছে।,0
এই রকম একটা ধৈর্যশীল আপু পেলে জিবণ ধন্য হয়ে যেতো,1
আহা মানুষ,0
"সৎ কাজের দিকে আহ্বান করা আমাদের প্রত্যেকের দায়িত্ব। ইনশাআল্লাহ, সবাই এই দাওয়াতের কাজে সাড়া দিবে।",0
"ফেসবুকে হরতাল পালন করা হবে, প্রয়োজনে পুরানো বিএনপি-জামাতের হরতলের ভিডিও ক্লিপ এডিট করে ভয়েস রিপ্লেস করে হরতাল পালন করা হবে।",1
আমার ও খুব ভালো লাগে ফুলকপি,0
"তার কাছে মাঠের টুর্নামেন্ট এর চেয়ে, খাটের টুর্নামেন্ট বেশি প্রয়োজন ।",1
"সবার জীবন তো সমান হয় না, অর্জুনের জীবনের চ্যালেঞ্জও আলাদা।",0
কিছুতেই নিজেকে থামাতে পারছেন না?,0
"রাজনীতি আর মা'স্তা'নি এক জিনিস নয়.! যারা রাজনীতি করে তারা এগিয়ে যায়, আর যারা মা'স্তা'নি করে- তারা সময়ের ব্যবধানে হারিয়ে যায়।",0
একদিন না একদিন আমার আপা আসবে ঐদিন দেখবি তোদের কাউকে ছাড়া হবে না,1
"অনেক সুন্দর কথা বললেন এগুলো একটু বেশি বাড়াবাড়ি হচ্ছে,এই ইতিহাসের পুনরাবৃত্তি হলে তারাও একই পথে হাঁটবে এটা স্বাভাবিক",0
"লাউ,মধু এসকল খাবার রাসুল সা এর খুবই প্রিয় খাবার ছিল।",0
"এই লোকের আত্মীয়-স্বজন কেউ হয়তো অফিস ডিউটিতে বাসে করে যেতে হয় না, তাই এর কোন চিন্তা নাই।",0
"যেহেতু তথ্য দ্রুত পরিবর্তনশীল, তাই সঠিক সময়ে তথ্য শেয়ার করা খুবই গুরুত্বপূর্ণ।",0
এই লোক কি ছোট বেলায় সেক্সুয়াল এসল্ট এর স্বীকার? এর আচার আচরণে মনে হয় এখনো ট্রমাটাইজড হয়ে আছে।,0
আসুন দেখি যুবক যুবতীদের কিভাবে সোশ্যাল মিডিয়ার অশ্লীলতা থেকে বাঁচিয়ে রাখা যায়,0
"এটাই ভালো হবে,দেশে অবহেলিত হওয়ার চেয়ে",0
পার্থক্য শুধু উষসীর গজদাঁত আছে।,0
এটার জন্য তদন্ত কমিটি গঠন করা হউক,0
সবাই হা হা দিছে তাই আমিও কিছুই না বুঝে হা হা হা রিয়েক্ট দিলাম,1
"বিচারহীনতার সংস্কৃতি বন্ধ করতে হবে, অপরাধী যেই হোক শাস্তি পেতে হবে।",0
আহারে দাসত্বের জীবন!,0
"লংমার্চ টু ধানমন্ডি ৩২... মুজিববাদ মুর্দাবাদ... ""ধুলোয় মেশাও তাড়াতাড়ি, ৩২ এর দালানবাড়ি""",0
"আসসালামু আলাইকুম আমার জরুরি কিছু একটিব লোক লাগবে , ফর্ম ফিলাপ এর কাজ , সবাই করতে পারবেন , কাজ করতে চাইলে ইনবক্সে নক দিন",0
"রোগীর পরিবারের ভুল তথ্যের কারণে চিকিৎসকরা অতিরিক্ত চাপে পড়তে পারেন, যা তাদের কাজের ওপর প্রভাব ফেলে।",0
মানুষ মানুষের জন্য। এটাই তার উদাহরণ,0
আজকে বাড়ি আয়,0
আসলেই তো ধরছে আর ছারে নাই,1
আসরের নামাজের পর থেকে মাগরিবের নামাজ পর্যন্ত এই সময়টা অনেক মূল্যবান আল্লাহ এই জুম্মার দিনে সবার মনের আশা পূর্ণ করে দিও আমিন,0
"হৃদয় আল্লাহর ঘর। এ ঘরে আল্লাহ ছাড়া কাউকে বা কিছুকে জায়গা দিলেই শুরু হবে মানুষের জাগতিক অশান্তি, একাকিত্ব,শূণ্যতা কিংবা 'ইমোশনাল ব্ল্যাকহোল'।",0
কিছু দিন পরে আন্যের বউ নিয়ে পালিয়ে যাবে,1
"যার কথায় এতো সিরিয়াস হচ্ছি,কাল ভুল বোঝাবোঝি সুধরানোর জন্য আমি নিজেও না থাকতে পারি।",1
আমাকে দালাল প্রমাণ করতে পারলে কার কি উপকার হবে সেটা বোঝার ক্ষমতা আমার নেই কিন্তু যারা সেই মিথ্যে ছড়াচ্ছে আশাকরি তাদের অন্তত কিছু একটা উপকার যেন হয়।,0
"জীবনকে বদলে দেওয়ার মতো টিপ্স,, সত্যিই অসাধারণ,",0
সব কিছুর দাম বেড়েছে।ভ্যাটের দাম বাড়বে না কোন যুক্তিতে?,0
"আমাদের সমাজের পরিবর্তনের সাথে সাথে মূল্যবোধেরও পরিবর্তন হয়েছে, তবে সেটা কি সবসময় ভালো ফল দিচ্ছে?",0
"যা হচ্ছে এসব কি আসলেই বাড়াবাড়ি ? না, এ সবই কৃতকর্মের ফল ? বাস্তব সত্য হলো, যে কোন ক্রিয়ারই কিন্তু ভালো কিংবা মন্দ প্রতিক্রিয়া আছে।",0
শাহবাগী বি লাইক এমন স্বাধীনতাই কি চেয়েছিলাম? যেখানে সালমান মুক্তাদিরো মৌলবাদী হয়ে যাবে।,1
"জেসিয়া, ওরে খেয়ে ছেড়ে দেয়া এক লুইচ্চার বাসায় গিয়ে নাকি ভাঙচুর করছে? ঘটনা কিছু শুনছেন, সালমান ভাই?",1
দেশে ক্ষুদ্র ব্যবসায়ীদের জন্য সরকারী সহায়তা বৃদ্ধি করা উচিত।,0
ভাই টাকা কি আপনার শরীরে কামরায় নাকি??,1
"জীবনে অনেক কিছুই ঘটে, কিছু ভালো, কিছু খারাপ।",0
কথার ব্যাচন ভঙ্গি তে স্পষ্ট যে সেই ভূয়া ডাক্তার মানসিক ভারসাম্যহীন।,0
অন্য ইউনিভার্সিটি থেকে credit transfer করে এখানে ভর্তি হওয়ার process টা কী?,0
"লাভ নাই লাভ নাই, আসু আফা",1
মানসম্মত এবং মনে রাখার মত ছবি একটিও নেই,0
"আমি ১৮ বছরেই পারি নাই,, আবার ২০ বছর",1
উনার মতো মানসিক শক্তি সবার থাকলে জীবন অনেক সুন্দর হতো।,0
আফার নাকী লিভার কিডনি কিছু নেই তাহলে এত ময়দা মাখার ধৈর্য কেমন করে আসলো,1
"ফুল দিও কলি দিও কাটা দিও না, আজকের দিনে রোজ দিও মানা কইরো না আই লাভ ইউ হা হা হা",1
সিংগেলদের জীবনে এটা না আসুখ,1
মেয়র মহোদয় এই সুযোগে সাঁতার শিখে নিতে পারেন মতনে!,1
আমারা কতটা নিচ পোষ্টের কমান্ট গুলো পড়লেই বোঝা যায় । আল্লাহ আমাদের বোঝার তৌফিক দিক ।,0
"অসাধারণ সুন্দর লাগছে, ফরহাদ মাজাহারের আলোচনা সব সময় জ্ঞানগর্ভ হয়।",0
মিডিয়া অনেক সময় সমাজের ভুল তুলে ধরে।,0
এটাই হচ্ছে এই দুই বলদের জন্য যথার্থ স্থান।,1
ঈদ মুবারক...,0
"এরকম আর একটা স্ট্যাটাস দিয়ে যদি কয়েকটা ছিনতাই আটকায় দিতেন। মানে আমরা তো এক একটা হিরো, এত বড় বাড়ী ভাঙতে পারি কিন্তু চোখের সামনে ছিনতাই ডাকাতি খুন আটকাতে পারি না।",0
চিন্তা করিস না তোদের মত সিঙ্গেল দের ত হাত ই যথেষ্ট,1
এই পোস্টে আমি যা কমেন্ট করতে চেয়েছিলাম তা আমার পূর্ববর্তী বক্তা বলে গেছেন এবং আমি যা বলবো ভাবছি তা আমার পরবর্তী বক্তা এসে বলে যাবেন। এই বলে আমি আমার সংক্ষিপ্ত বক্তব্য এখানেই শেষ করছি !! ধন্যবাদ।,0
সে মনে হয় মনে মনে মেয়ে তাই ছাত্রী হলে সিট দখল করতে গেছিলো,1
ভাই পোলাটা শত শত বই পড়তে পড়তে এই কচি বয়সেই মাথা চান্দিছোলা করে ফেলছে আর তোমরা Joykoly - জয়কলি তার হাতে একটা ফুলের তোড়া আর ল্যাপটপ উপহার দিয়ে পুরো ক্রেডিট নিয়া নিলা?,1
কোনো একদিন দায়িত্ব পালন করতে হবে,0
"দেয়ালে এই ফন্টে কে লেখলো? যে পোস্ট করেছে সে মেয়াদোত্তীর্ণ মাল খাইছে,,,,",1
দারুন মুহূর্ত ভাই,0
এই লোকটার কোন কাজ কাম নাই।,1
কমপানির নামে মামলা করুন ভাই যাতে পরবর্তী কোন ভাই এবং বোন এর এই অবস্থা না হয়,0
সমাজের প্রতি দায়িত্বশীলতার দৃষ্টান্ত স্থাপন করেছেন তিনি,0
কিছু কিছু ক্ষেত্রে পশ্চিম পাকিস্তানি কর্মকর্তারা বাঙালি ইউনিট পরিচালনার দায়িত্ব নিয়ে নেয়।,0
"প্রাচীন বাংলা ভাষায় রচিত এই পদগুলির যেমন সাহিত্যমূল্য রয়েছে, তেমনই এগুলিতে প্রাচীন বাঙালি সমাজের ছবিও স্পষ্টভাবে ফুটে উঠেছে।",0
বঙ্গবন্ধুর ছবিযুক্ত টাকা রাখতে না চাইলে বিক্রি করে দিতে পারেন। প্রতি কেজি ৫০ টাকা।,1
"এই পোস্টে বিসিএস প্রস্তুতির জন্য খুব সঠিক পরামর্শ দেয়া হয়েছে, অনেক উপকার পেলাম।",0
মনে ইচ্ছে শক্তি না থাকলে আপনি যতই চেষ্টা করুন না কেনো কোনো লাভ নেই মন এক কাজের উপর বসান তোমার সফল হবেই কাউকে ঠকিয়ে নয় অনেক কষ্ট আঘাত অপমান আসবে আপনার জীবনে,0
"চলচ্চিত্র পুরস্কার দেওয়া হয় যেমন প্রতি বছরে,তেমনি গার্মেন্টস কর্মীদের আর মালিকদের কেও দেওয়া হোক প্রতি বছর করে, বড় ধরনের অনুষ্ঠানের মাধ্যমে কর্মীদের মধ্যে পাবে যারা কাজে মনযোগী নিজের কাজকে সম্মান করতে জানে,ভালো মতো কাজ করে তারা পাবে।",0
আপা কি স্বজন হারানোর বেদনা নাকি ক্ষমতা হারানোর বেদনা দিয়ে শুরু করবে?,1
"এইখানে দুই একদিন ধরে তীব্র শীত , এতই শীত যে শীতের চো...নে দাড়াতে পারছি না।",1
এতিম ও প্রতিবন্ধী কোটায় যোগ্য প্রার্থীরা চাকরি পাওয়ার সুযোগ পায়।,0
তারা প্রতি বছর ইতো এমন স্বপ্ন দেখে তাদেরকে তাদের স্বপ্ন দেখতে দেন কা'দেরে মতলক তো আল্লাহ তা'য়ালা আল্লাহ যতটুকু চাইবেন ঠিক ততটুকু ই হবে,0
আমরা কখনো শুনিনি রিঙের রাজা মোহাম্মদ আলী কোনো স্বৈরাচারের দোসর ছিলেন বা দেশের টাকা বিদেশে পাচার করেছেন।,0
এই দুজনের পরিবারের জন্যে হাজার হাজার সালাম এইরকম কুত্তার বাচ্ছা জন্ম দেওয়ার জন্যে,1
কোনো হতাহত হয়নি।,0
আহারে যোগ্য লোকগুলো আগে কারো চোখে পড়তো না। তৈলাধারার লোকগুলো কইরে।,0
"এটা মজার কিছু না। ইলন মাস্ক শুধু শুধু বলে নাই যে,""AI is far more dangerous."" Artificial intelligence দিন দিন সচেতন হচ্ছে। আজকে না হয় বিদ্রোহ করে কাজের ফাকি দিলো। কিন্তু ভবিষ্যতে এরা নিজেদেরকে develop করতে সক্ষম হবে এবং মানুষের নিয়ন্ত্রণের বাহিরে চলে যাবে। ফলে মানবজাতি robot এর অত্যাচারের শিকারও হতে পারে। কেননা তারা মানুষের থেকেও বেশি বুদ্ধিমান।",0
লিংক কবে পাব,1
মা-সন্তানের ভালোবাসা নিঃস্বার্থ এবং পবিত্র।,0
সারাদেশে কি পরিকল্পনা মাফিক আগুন লাগানো হচ্ছে,0
যান গিয়ে ঘুরে আসুন। কিন্তু সাবধানে থাকবেন যখন তখন কিন্তু আগুন লেগে যায় ওখানে,0
আসিফ নজরুলরে যারা এখন পর্যন্তও যায়গায় বহাল তবীয়তে রাখার ইন্ধন দিচ্ছেন আপনাদের প্রতি আজীবন আমার লাল সালাম থাকবে,0
পিনাকি পিনাকি পিনিক মেরে মেরে বাংলাদেশের ধংস করতে চায়।এখুন নুহাশ পল্লিতে চোখ পরেছে।জনগন কি এই পিনিক বাজের কথা শুনে বাংলাদেশের ক্ষতি করবেন,0
উনাকে হতাশ হতে না করবেন৷ সব ম্যাচের রান মিলিয়ে হয়ে যাবে৷,1
"এগুলো হাস্যকর বক্তব্য বললে ভূল হবে, বেশিগুলোই দাম্ভিকতা",0
সঙ্গীর প্রতি আস্থা ফিরে পেতে সময় নেওয়া এবং ধীরে ধীরে সম্পর্কের পুনর্নির্মাণ করা গুরুত্বপূর্ণ।,0
আজ একটা গার্লফ্রেন্ড নাই বলে,1
আমি এখানে আসছি কিছু হিয্রাদের কমেন্ট পড়তে। সালাদের লজ্জা করে না অন্নদের নিয়ে বাজে কমেন্ট করতে। আরে হিয্রা রা তোরা যদি এত ভাল হতি। তাহলে এত বাজে কমেন্ট করতি না।সালমান তার নিজের মত আছে চলতে দে।কেন বাজে কমেন্ট করছ।ভদ্র পরিবারের ছেলে মেয়ে হয়ে,0
এখন একটি বিশ্ববিদ্যালয়ে পড়ে।,0
ফর্ম পূরণের তারিখ কি চলে গেছে,0
আপনাদের এই উদ্যোগ মহান আল্লাহ যেনো কবুল করেন এবং এর প্রতিদান দুনিয়া এবং আখিরাতে দান করুন,0
"আম্মুকে বলে দেখিও, বাবা সেটা কত টাকায় কিনে নিয়ে আসে বাড়িতে!!",0
"শেষের সিন টা সুন্দর, শেয়ার দিমু নাকি",0
দূর্বার -দুর্দান্ত -দুর্নিবার বাংলাদেশের আওয়ামীলীগ। সময়ের প্রয়োজনেই বাংলাদেশ আওয়ামীলীগের জন্ম এবং সময়ের প্রয়োজনেই ফিরে আসবে আশা করি,1
বিস্ফোরণের ভিডিও সোশ্যাল মিডিয়াতেও ছড়িয়ে পড়েছে।,0
আমি চাই দ্রুত ফেব্রুয়ারী আসুক কারন ১৪ফেব্রুয়ারী সবে বরাত। আলহামদুলিল্লাহ্,0
কিন্তু তারপরেও তিনি চুপ থাকলেন না। বলতেই থাকলেন। কাউকে ঠুস করে পদ্মাতে চুবান আবার কাউকে লন্ডন থেকে ধরে নিয়ে আসেন। শেষ পর্যন্ত মুখই তার বড় শত্রু হলো।,1
এই মহিলা অনেক সুন্দর অভিনয় করে,0
আপনাদের মত মানুষ যতদিন এই দেশে থাকবে এই দেশ কখনো উন্নত হবে না এত ছাত্র জীবন দিল তাদের কোন দাম নেই আপনাদের জন্য কেউ জীবন দিবে না আর।,0
আপাতত শিখে রাখতেছি...অন্তত বড় হয়ে আমার সন্তানদের আমি আমার বাবা মায়ের মত অবুঝ এর মত lead দিব না...অবশ্যই তার মনকে আর ক্রিয়েটিভিটি কে বুঝার চেষ্টা করবো...ট্যালেন্ট ডেভেলপ করানোর চেষ্টা করবো...,0
ভদ্র ফেমিলির ফ্রি মাইন্ডের একজন মেয়ে বন্ধু দরকার। কেহ থাকলে নক দিন। ভদ্রতা বজায় রেখেই সম্মান করে কথা বলবো।,1
"ছিহ, পড়তে গিয়ে আমার ওজু টা ভেঙ্গে গেলো",1
৯টায় শুরু হবে স্বজন হারানোর বেদনা,1
পরিবেশবান্ধব ভবিষ্যত গড়ার লক্ষ্যে নির্মিত এই গ্রামীণফোন সেন্টারটি টেলিযোগাযোগ খাতে একটি অগ্রগামী পদক্ষেপ।,0
বাড়িতে ঝামেলা করা ঠিক না।,1
"পাঁচবার বিশ্ব চ্যাম্পিয়নের রেকর্ড নয় বছরের বাচ্চা ভেঙে দিল বাংলাদেশী বুঝতে হবে, শেখের বেটি চলে যাবার পর থেকেই বাংলাদেশের সবাই নিজেদের ট্যালেন্ট দেখিয়ে দিচ্ছে",0
মায়ের চেয়ে মাসির দরদ বেশি হলে যা হয় আরকি,1
শিক্ষা সবার অধিকার,0
"তোমার প্রোডাকটিভিটি লেভেল দেখে তো মনে হচ্ছে, ঘোড়া বা চিতা তোমার কাছে এসে কিছু শিখতে চায়, কিন্তু তুমি বলেছ, না, আমি এখন বিশ্রামে!",1
"আপনি যে পোস্ট করছেন কতো টুকু সত্যি জানি না। এখানে আপনাকে অহেতুক বপলছে কিনা জানি না।আপনি কি বলছেন এটাও নেই। ফাস্ট থেকে যদি ও আপনার সাথে খারাপ কিছু বলে থাকতো তাহলে আপনি এক্সেপ্ট না করলে ব্লক করে একটা রিপোর্ট করতে পারতেন।এভাবে পাব্লিক ফিগারে এনে নিজের অথবা অন্যের ব্যবহার প্রকাশ করার দরকার ছিলো না। আর মানুষ এর পিক দেখা বুঝা যায় কে কোনটা, সম্মনয়ের একটা পিকচার দেখলাম। আপনি যথাযথ উনার প্রমান না দিতে পারবেব কি?",0
ক্ষমতার অপব্যবহার বন্ধ করে গণতান্ত্রিক মূল্যবোধ প্রতিষ্ঠা করতে হবে।,0
"সফলতা যেমন আনন্দ দিয়েছে ব্যর্থতা তেমনি কষ্ট দিয়েছে। কিন্তু দুটোই ছিল ক্ষণিকের, পরমুহূর্তেই পরবর্তী লক্ষ্যের দিকে এগিয়ে গেছি।",0
অপরাধী অপরাধীরেই চিনার কথা,0
"আল্লাহর ইবাদত করবেন সেখানেও আবার পন্থা, পন্থী৷,, আগে নিজেদের এসব পন্থা সিস্টেম বের করা উচিত তারপর ইজতেমা।",0
ঢাকা শহরে যেই গাড়ি আছে এই গাড়ির চাপে রাস্তায় হাঁটা যায় না আবার আপনারা বাস নামাইতে চাইতাছেন নামান সমস্যা নাই খালি বাচি থাকবে রাস্তায় মানুষের থাকার দরকার নাই,0
রাখে আল্লাহ মারে কে,0
"পৃথিবীতে তোরাই শান্তিতে আছিস,, ব্রেইন ও নাই চিন্তাও নাই...",1
- কতটা পরিমাণ পাপ করলে এই সব ভিডিও সামনে আসে...!,1
"পছন্দ থাক বা না থাক, শেক্সপিয়ার, রবীন্দ্রনাথ, কাজী নজরুল বা সৈয়দ মুজতবা আলী লেখক কিনা, এ নিয়ে কেউ কখনো প্রশ্ন তোলেনি।",0
"এখানেও অনেক হায়েনা আছে তাদেরকে বলে দেখেন কী বলে? এই হায়েনারা এখনো স্বীকার করেনা যে, ওরা দেশ ধ্বংস করেছে, লক্ষ লক্ষ কোটি টাকা পাচার করেছে ওরা ২ হাজারেরও বেশি মানুষ হত্যা করেছে।",0
সালমান কে রাজনৈতিক ভাবে সামনে আনার চেষ্টা। পরে কাজে লাগাবে,0
একদল নেশাখোর বের হয়েছিল ইউটিউবে নিউজ টা পেতে পারেন তারা গা জা টানার সময় ইউজ প্যাড শোকে যাস্ট লাইক ড্যান্ডি,0
"বাংলাদেশের কিছু মাথামোটা চরিত্রের মানুষ, ভারতের যেই গংগার ভোদরটা আছে, সারাক্ষণ বাংলাদেশের বিরুদ্ধে যুদ্ধ ঘোষণা দেয় স্টুডিওতে বসে বসে, এর টক শোতে গিয়ে ভাড়ের সাথে ভাড়ামো তে লিপ্ত হয়ে দেশের মান ক্ষুন্ন করে আসে!",0
স্কীনশর্ট নিয়ে পরে সেটা ক্রোপ করে যেটুকু নেয়ার নিয়ে নেয়৷ পরে তা এডিট করে অন্য পিকে বসায়ে পোস্ট করে।,0
কুলঙ্গার মানব সন্তান নাস্তিকের শিরমনি স্রষ্টাকি বিশ্বাস না করা তোমাদের ব্যপার কিন্ত ইসলামকে আক্রমন করে মৌলবাদি তোমরাই তৈরী করার সহায়ক তাই তোমাদের মরনটাও অস্বাভাবিক হয় মৌলবাদিদের হাতে তাই কিনা ?,0
যুক্তি দাবি তিতুমীর কলেজ ভাই বোনেরা তোমাদের কারো কথার কান দেওয়া দরকার নেই এগিয়ে যাও পাবনার দিকে,1
টাকা আছে রুচি নাই।,0
ডাক্তারদের নিরলস পরিশ্রম প্রতিদিন অসংখ্য জীবন রক্ষা করে,0
অভিযোগ দিছো ভালো কথা কিন্তু তুই ভুয়া তথ্য দিলি কেন??,0
"এটা কোন প্রকারের ক্ষমা চাওয়ার মধ্যে পড়ে জানিনা, আমি যদি কোন ভুল করে থাকি ওয়াও... ক্ষমা এমন ভাবে চাইতে হয় যাতে ক্ষমা পাওয়ার অনুভব থাকে।কারো বিশ্বাসে আঘাত মানে? এটা কি তোমার বিশ্বাসে আঘাত করেনি?সবার ই মন ভাসনা কখন না কখনো সমাজে ফসকে পড়ে আর তোমার বেলায়ও সেটা হয়েছে।বলতে গেলে অনেক কিছু বলা সম্ভব, থাক বাদই দিলাম।পরি শেষে বলব এই ক্ষমার মালিক সয়ং আল্লাহ তিনিই মাত্র ক্ষমাকারি।ভবিষ্যতে এমনি হলে আমরা নিন্দা ছাড়া কিছুই উপহার দিতে পারবো না।",0
কিরে মেটা তো থাবা দেয় তো নিজে গালে কিন্ত মুখ তো লাল হয় না এটা কোন ফিল্টার,1
আবার তরা মানুষ হ -আবল তাবল মুখ দিয়ে ডেলিভারী দেওয়ার নাম স্বাধীনতা না,0
এই একটা কাজের জন্য আওয়ামী লীগ কে চিরদিনের জন্য নিষিদ্ধ করলেও বিচার কম হয়ে যাবে।,0
মানুষ কখনোই অন্যের কষ্ট পুরোপুরি বুঝতে পারে না। নিজের সমস্যাগুলো নিয়ে নিজেকেই কাজ চালিয়ে যেতে হয়।,0
"সারাহর ব্যক্তিত্ব এবং কাজ তাকে অনন্য করে তুলেছে। শুধু চেহারার জন্য নয়, তার সাফল্য এসেছে তার দক্ষতার কারণে।",0
একটু বেশি পড়ালেখা করলে ওই পাইলট হয়তো আমি হইতে পারতাম,1
পুক্কু মারা সারা,1
"শেষ পর্যন্ত প্রিয় ভালবাসার মানুষগুলোর সাথে সুখে, শান্তিতে সৎ, সুস্থ জীবন কাটানোর পাশাপাশি নিজের ভাললাগার কাজগুলো করে যেতে পারার চেয়ে সার্থকতার খুব বেশি কিছু আমার জানা নেই।",0
এইটার মধ্যেই আউলাডা লাগে আমার,1
আমি ফেরাউন দেখিনি আপাকে দেখেছি,1
সম্বন্ধটা এই বার কি ভেস্তে দিতে পারি??,1
যেই রোডে নামানো হচ্ছে সেই রোড থেকে এই পরিমাণ বাস উঠানো দরকার। পরিকল্পনা ছাড়া বাস নামাইয়া যানযট আরো বাড়াবে। তাদের উচিত ছিল দুতলা বাস নামানো। ফালতু,0
সারাহ নিজের ক্যারিশমা আর স্টাইল দিয়ে অনেক মানুষের মন জয় করেছে। তার কাজের ধরনটা সত্যিই আলাদা।,0
ছোটবেলা থেকেই আমার স্মৃতিশক্তি অত্যন্ত দুর্বল। অনেক ঝামেলায় আছি এটা নিয়ে,0
"দেশের মানুষের জীবন মানের উন্নতি হওয়া উচিত, কিন্তু এমন পরিস্থিতি থেকে কি শান্তি আসবে?",0
রাজনৈতিক চিন্তাভাবনা গঠনমূলক হওয়া উচিত।,0
এটাই আমরা দেকতে চাই ১৫ অগাস্ট ফুল না দিয়ে তার কবর এর পাশে বসে কুরআন পড়বে । এটাই আমাদের কতাব,0
বাংলার এক মাত্র সুপার স্টার অভিনেত্রী হাসু আপা।,1
খুব ভালো আছেন। ভাবছেন এইতো সব !!,1
আমিও চাইনা ফেব্রুয়ারি মাস আসুক,1
"আমাকে নিয়ে নাস্তে-নাস্তে জল বেরিয়ে যায়,,,",1
তোমার জীবন টা সার্থক ভাই,0
"নিশ্চয়, ইসকন একটি সংগঠন হিসেবে হিন্দুত্ববাদী সংগঠন নয়, খাতা-কলমে।",0
জানি যাদের লাং আছে তারা এই গানটি শুনে খুব কষ্ট পাবে,1
আজ মোবাইল নাই বলে,1
দুই মামার উপনয়ন।,0
"এখানে হিন্দু মুসলমান টানার কি আছে ভাই? সবকিছুতে ধর্মের বিষয় এনে দাঙ্গা সৃষ্টি করার চেষ্টা করেন কেন?? মুসলিম মেয়েরা কি নির্যাতিত হচ্ছে না?? মুসলিম মেয়েরা ধর্ষিত হচ্ছে না?? নির্মমভাবে খুন হচ্ছে না?? পদে পদে এমন রেকর্ড পাবেন। যাই হোক, হিন্দু মুসলিম না করে বরং তার হত্যার বিচার চান। কেন এমন নির্মম ঘটনা হলো তা তদন্ত হোক। তার প্রতি হওয়া অন্যায়ের যেন ন্যায় বিচার হয়।",0
পাঠকের কাছে সেই ঘরানায় জনপ্রিয়তায় এখনো এগিয়ে আছেন সুনীল-সমরেশ।,0
সে বোমা মারবে তোমাকে মারার জন্য আর তুমি ছুরি নিলে টেরর?,0
যে কোন কথা খুব হৃদয় দিয়ে শুনি,0
আবেগ দিয়ে দুনিয়ায় চলে না টাই টাকা কামাও মাইয়া মানুষ থাকলে থাকবে না চলে গেলে আরেট টায় আনবে যে থাকার সে এমনেই থাকবে।,0
ভাই রে ভাই যেমন হাসি পাচ্ছিলো তেমনি রাগও হচ্ছিলো তবে মানতেই হবে আপুটার অনেক ধৈর্য আছে আমারই মেজাজ খারাপ হয়ে যাচ্ছিলো,1
"মনের অবস্থা লুকিয়ে রাখাও একটা শিল্প, আর এই শিল্পে আমি পারদর্শী...!",0
পাপ নাকি বাপেকে ছারেনা আল্লাহর বিচার এরকম ই হন। আল্লাহ ছার দেয় কিন্তু ছেরে দেয় না।,0
দেশটা মনে হয় গোপালগঞ্জ আর বগুড়াবাসীর ই,0
আর ফজরের নামাজ দিয়ে সকাল শুরু করলে। আপনার আমার সারাদিনের সকল কাজের দায়িত্ব নেয় আল্লাহ্।,0
"রান ওয়ে হওয়ার সাথে সাধ নাই, বিমানবন্দর চালু হবে",0
কিছুদিন পর বাবাকেও মামা ডাকা হবে,1
আর যুক্তিবাদী কিছু বকচ আছে যারা ইবলিশের পক্ষে যুক্তি দাড় করায় --- আল্লাহ ইবলিশের যোগ্যতাকে প্রাধান্য না দিয়ে অপরাধ করেছেন। ইয়াজিদি মুসলিম না কি একটা ধর্ম আছে এই শালারা ইবলিশের প্রতি বৈষম্যের দু খে ইবলিশের পূজা করে। আওয়ামী সমর্থকরাও এখন ইয়াজিদি ধর্ম গ্রহণ করেছে বলে- লাল স্বাধীনতার মজা নাও,0
সালার পাবলিক যে এতো আবেগি হয় জানা ছিলোনা। নিউজে বলছে এক দেড় বছর হালায় বানাইছে মাস।আরে ভাই এগুলো জিনিসের অনেক প্রক্রিয়া আছে যেটা সময় সাপেক্ষ ব্যাপার-স্যাপার।চিফ একটা সম্ভাবনা ডেট দিছে এক দেড় বছর আর আপনি ভূয়া নিউজ ছড়াচ্ছেন মিয়া।,0
প্রযুক্তি আমাদের জীবনকে সহজ করেছে।,0
"পাশে থেকে আমিও গাইছিলাম, চেহারা অসুন্দর এর কারনে ক্যামেরায় ধরা পড়িনি",1
সিলেটি তুমি তো বেতালা নসরা ফুড়ি!,1
এইদিকে আমার তো বাটন ফোনও নাই,1
"সারাহর জীবনটা হয়তো অনেক সহজ মনে হয়, কিন্তু সেটাও কঠিন হতে পারে।",0
ছোটবেলায় দেখতাম। অনির্বাণ প্রিয় একটা অনুষ্ঠান ছিল।,0
সত্যি কষ্ট হচ্ছে এতো কিছু পরিবারে জন্য করে আর সেই পরিবারে কাছে থেকে অবহেলিত,0
কিন্তু আপনি টাকা দিয়েই কেন বাল খান?,0
ধানমন্ডির ৩২ নাম্বার বাড়িটা ওরা তো চাইলে রক্ষা করতে পারত যারা ফেসবুকে জয় বাংলার ঢেউ তুলে,1
কে কে দেখেছেন এই স্টলটা?,0
নতুন বছর পুরোনো আমি,1
জব টা করবেন কিভাবে? টাইম মেইনটেইন করবেন কিভাবে?,0
"পরিবেশ রক্ষায় আমরা যদি আরও সচেতন না হই, তাহলে ভবিষ্যতে এমন আরও অনেক দানব দেখতে হবে।",0
"গাছের পাতার নিচে নিয়মিত খেয়াল রাখতে হবে, বিশেষ করে পোকা দেখা দিলে কীটনাশক ব্যবহার করা উচিত।",0
বাংলাদেশের নারীরা আজকাল অনেক ক্ষেত্রে নেতৃত্ব দিচ্ছে।,0
দেশে এবং বিদেশে তারা স্মার্ট ওয়াটারিং ডিভাইসের' জন্য বেশ ভালো সাড়া পাচ্ছেন। এই ধরণের যন্ত্রপাতি দেশীয় সক্ষমতায় তৈরি করে কম খরচে ব্যবহারকারীদের অনেক ভালো সেবা দেয়া সম্ভব।,0
"উনি সাংবাদিকদের রুটিরুজির ব্যবস্থা করে দিচ্ছেন, আগে যেটা সাকিব করতো",1
"যারাই ফ্যাসিবাদের পক্ষে সমর্থন ব্যক্ত করবে ওদেরকে ধরিয়ে দিন,আপনার চোখে অপরাধী পুলিশ কর্মকর্তাদের অপরাধ প্রকাশ করে ভাইরাল করে দিন।",0
"তার বাইরে ইউটিউব-কনটেন্ট আধেয় নির্মাণ, পেশাগত জীবনের সাফল্য কিংবা অনলাইন অ্যাকটিভিজম দিয়ে বৃহত্তর জনগোষ্ঠীর কাছে পরিচিতি লাভ করা সেলিব্রিটি দের রচনাও কমবেশি পাঠকের আলোচনায় থাকে এ দশকে বিশেষত দ্বিতীয়ার্ধে।",0
তারা আশা করেছিল অন্যান্য উৎপাদনকারীরাও একই কাজ করতে উৎসাহী হয়ে উঠবেন।,0
ভাতের সাথে তিনবেলা গাঁজা মেরে দিবেন,1
পাপের পরিমাণ এত বেশি দুনিয়ায় এজন্য এ অবস্থা,0
শাকিব খান নারীর দিক থেকে বরাবরই সফল,1
ছাত্রদের আন্দোলন সর্বদা শিক্ষার পরিবেশ রক্ষার জন্য হওয়া উচিত।,0
এমন কি কেউ আছেন যাদের হালাল ভাবে ইনকাম করার মন মানসিকতা আছে!ইনশাআল্লাহ হেল্প করতে পারবো।,0
"সিরিজের রকমস্বরূপ আরও মজাদার হয়েছে, ভালো একটা থ্রিলার মিস করবেন না।",0
৬৯ টাকায় বানায়া দিলে বইলেন। ৪ টা অর্ডার করবো।,1
এই কথিত শিক্ষা ব্যাবস্হার কারণে বিবিএর ছাত্র হয়েও সকল সুযোগ থাকার পরেও উদ্যোক্তা হওয়া বা ব্যবসায় করার কথা পরিবারকে বললে বলে চাকরি করবি আর ব্যবসায় করলে তা বিবিএ শেষ করার পর। আফসোস Business এর ছাত্র হয়েও Business নামও নিতে পারছিনা।,0
"শুধু আয়নাঘর নিয়ে একটা অফিসিয়াল ইউটিউব চ্যানেল হওয়া দরকার, প্রত্যেকজনের জন্য আলাদা ভিডিও, স্বজনরা ফিরে পেলো কিনা, কোথায় এখন ইত্যাদি...",0
মানুষ না বুঝে বা উপলব্ধি করে মতামত দেয়।ঐ মহিলা বা মায়ের মানষিক ক্ষমতা বুঝতে পারে না।ঐ মা কে আমি প্রনাম ও শ্রদ্ধা জানাই।,0
রাত সাড়ে বারোটার পর সে আমাকে কল দিয়ে বলে- মাথা ব্যাথা ঘুমিয়ে যাবো,0
যা সবার থেকে বেশি ১০০০ দিমু,1
টোকিও অলিম্পকে একটা মেডেলের জন্য কত হাহাকার,0
"অবশেষে, অমর একুশে বইমেলা ২০২৫ এ প্রকাশিত হয়েছে আমার লেখা বই - বেনামি চিঠি।",0
পিরামিডের সাথে জ্যোতির্বিদ্যার সংযোগ সত্যিই চমকপ্রদ,0
এ ধরনের চিন্তাভাবনার পেছনে অনেক সামাজিক কারণ থাকতে পারে,0
"গাছের সাথে আমরা যেমন পরিবেশের গুরুত্ব শিখি, তেমনি স্ত্রী বা প্রেমিকার সাথে সম্পর্কের শুদ্ধতা শিখি।",0
আজকে ক্যালেন্ডার টা ভালো করে চেক করলাম। কোথাও আমার বিয়ের তারিখ নাই,1
ভাইরেভাই এমন একটা আমার লাগবে,1
আহারে রেসিপি আপা না থাকায় আমরা না খেশে শুকিয়ে যাচ্ছি,1
সেগসহীন জীবনের চেয়ে সেগসওয়ালা মরন উত্তম,1
আমার থাকার কেউ হয়নি,0
ভাই বাপকে বেচে না বাংলাদেশের প্রথম স্বৈরাচার এবং স্বৈরতন্ত্রের প্রতিষ্ঠাতাই হলো শেখ মুজিব,0
আপনি আমার পাখি ধইরা টানাটানি করেন শুধু,1
খাদ কিংবা সমুদ্র বরাবরই নেতার ভালো লাগার জায়গা,1
"এই পৃথিবীতে মেয়ে হলে সুন্দর হচ্ছে ওর হেড়াম, আর ছেলে হলে টাকা হচ্ছে ওর হেড়াম... আর যত কথা আছে সব সান্ত্বনা হিসেবে দেওয়া হয় আমাদের",0
যখন আপনি কাউকে ভালোবাসবেন তখন আপনার কাছে তার সব পাগলামি ও ভালো লাগবে,1
"এডিসন বলেন, সাফল্য হলো ৯৫ কঠোর পরিশ্রম আর ৫ অনুপ্রেরণার ফল।",0
আমি অবাক হই পত্রিকাগুলো এখনো ওদের হাগামুতা প্রকাশ করে। খু নীদের পুনর্বাসন এর চেস্টায় মরিয়া। যতদিন না ওদের বিচার হচ্ছে ততদিনে ওদের একটা বিবৃতিও যেন না ছাপে এজন্য ব্যবস্থা নেয়া উচিত।,0
"পরিশ্রম এবং কঠোর লক্ষ্য নির্ধারণের পাশাপাশি নিজেদের ভুল থেকে শিক্ষা নেওয়াও গুরুত্বপূর্ণ, এতে মানসিক বৃদ্ধি ঘটে।",0
"আহা জিবন, কত কি ই না করছিলাম, অথচ দিনশেষে দুঃখ ও দিলো আবার দোষ ও",0
"শেখ মুজিব ওরফে দেবদাস চক্রবর্তীর বাড়ির নিচে প্রায় ৩'শ বছর আগের শিবলি'ঙ্গ পাওয়া গেছে৷ অতএব, ভারত এবং বাংলাদেশের মানুষের দাবি ৩২ নম্বরে শিব মন্দির বানানো হোক৷",1
বাড়াকে ইনবক্সে বাড়া দেখায়া দিছে নাকি উত্তেজিত ভাই-বোনেরা আগের পোস্টের জন্য?,1
শত প্রতিকুলতার ভিড়ে-পরিণয় মুখ তুললো চেয়ে- জয় হলো ভালোবাসার... তারেক,1
গল্পটা পড়ে সত্যিই মুগ্ধ হলাম। কী লেভেলের সংকল্প থাকলে এমনটা সম্ভব!,0
"দূর মিয়া, এখনো এসাইনমেন্ট লিখছি দেখে দেখে",1
শুধু ধন্যবাদ দিয়ে পিনাকি দাদা ছোট করবো না। মহান আল্লাহ যদি আপনাকে ইসলামের ছায়াতলে স্থান করে দেন তখনই মহা খুশি হবো।,0
"নিম শুধু পরিবেশের জন্য নয়, স্বাস্থ্যগত দিক থেকেও অনেক উপকারী",0
"শেখ হাসিনার আমলেও এমন ঘটনা ঘটেনি, চরম অমানবিকতা।",1
"রাজধানী ঢাকাতেও শিল্প, গ্রাফিতি ও সঙ্গীতের মাধ্যমে প্রতিবাদ সংঘটিত হতে দেখা গেছে।",0
নারীদের সাথে সাকিব খান কে খেলতে হবে নাহলে অবস্থা ঢাকার মতই হবে,1
সাওয়ার কী ভালোবাসা যে আরেক বেডির লগেও থাকতে দেবে তার লগেও থাকতে দেবে,1
"আপনার জীবন আপনার হাতেই, তাই এটি সঠিকভাবে পরিচালনা করুন।",0
প্রথমে বিশ্বাস করিনি ।,1
তাও অন্তত আমাদের হাসু আপার চেয়ে ভালো যতই হোক সঙ্গীদের নিয়ে পালিয়েছে। কিন্তু আমাদের হাসু আপা একাই পালালো,1
প্রত্যেক মানুষের তার কৃতকর্মের ফল পেতে হবে,0
আপনার হাতে থাকা স্মার্টফোন দিয়ে প্রতিমাসে ২০ থেকে ৩০ হাজার টাকা ইনকাম করতে চাইলে ইনবক্সে মেসেজ দিন.!! ইনশাআল্লাহ কাজ টা সম্পূর্ণ শিখিয়ে দিবো.!!,0
পুকুরে থাকার জিনিস কি এটা,0
ভাই যারা ফ্যামিলির বড় ছেলে তারা এই সব পোস্ট করে না।,0
শুধু ছেলেটার ছবি ভাইরাল হলো কিন্তু মেয়েটের ছবি কই?নারীবাদী সমাজ কি এই বৈষম্য মানে নিবে? শুধু ছেলের ছবি ভাইরাল হলো মেয়ের ছবি ভাইরাল হলো না।এইটাই কি স্বাধীনতা?এই স্বাধীনতা চেয়েছিলাম আমরা।,0
কথা ঠিক কিন্তু এমন মেয়ে পাওয়া কঠিন।,0
সাংবাদিকটা নিয়োগ দেয় কিভাবে? এরা তো মূর্খ হয় কেন। যে এটা নিউজ করতে সে কল্পনাও করতে পারতেছে এটা করার তো বড় ভয়ানক বিষয়।,0
জিয়াতো মরে গিয়ে বেঁচে গেল।সংসার জীবনে গু-লাপী বেগুন বেগম উনার লাইফটাই বোধহয় হরতালে আড়ষ্ট করে রেখেছিল।,1
মনে করছিলাম আপনার রুচি অনেক ভালো মূলত আপনার মেন্টালিটি সমস্যা আছে মনে হয়,0
দেশের সার্বিক পরিস্থিতিতে সকলকে ঐক্যবদ্ধভাবে চলতে হবে,0
মোটাদাগে ভার্চ্যুয়াল জগতের আলোচিত সংবাদ বা ঘটনাই পাঠককে এখন টেনে নেয় নতুন কোনো লেখক কিংবা বইয়ের দিকে।,0
"আমাদের উচিত, সমাজে সঠিক মূল্যবোধ গড়ে তোলা, যাতে সবাই একে অপরকে সম্মান করতে শেখে।",0
আর একটু খেয়াল করে দেখবেন তারপর কাউকে বোঝাতে দরকার পড়েনা শুধু তখন নিজেকে বোঝাইতে লাগে,0
রেলওয়ের কার্যক্রম আরও গতিশীল করার জন্য নতুন কর্মী নিয়োগের প্রয়োজন।,0
"অনলাইন কোচিং সেন্টারের ক্লাসগুলো অধিক কার্যকরী, কিন্তু অফলাইন এক্সাম সিস্টেম অনেক বেশি নির্ভরযোগ্য। অনলাইন কোচিং একদিকে সুবিধাজনক হলেও, অফলাইন এক্সাম পদ্ধতি বেশি নিশ্চিত এবং পর্যালোচনাযোগ্য।",0
কোনোদিন পরীক্ষায় নকল করে লেখি নাই,0
অন্যের মতামত দিয়ে নিজের জীবন চালাবেন না।,0
এই পাগলটা কি নির্বাচন ছাড়া অন্য কোন কথা বলতে পারে না,0
"এইটা আপনার ভুল ধারণা, এই sector এ successful হতে হলে অনেক বেশি দক্ষতা আর creativity হতে হবে, এইখানে যার দক্ষতা বেশি তার কাজের অভাব নেই।",0
"রাজশাহী তাও লঙ্কান প্লেয়ার আনবে,ফ্রিতেই মনে হয় আনে। শুধু বিমান ভাড়াটা মনে হয় দেয়।",1
আমিও করি এভাবে... আমি কখনো আলু কখনো মসুর ডাল দিয়ে করি এবং এটা খেতে খুবই মজার হয়।,1
"ক্লাস ৫ এ থাকাকালীন একরাতে ৫৫০ শব্দের ফুটবলের রচনা এক রাতে শিখেছিলাম, কোন পড়া ২ বার পড়লে চোখে ভাসতো।আর এখন ১০ টা শব্দও মনে রাখতে পারি না।",0
আমি শিক্ষা ব্যাবস্থায় শিক্ষক হিসেবে আছি ১৪ বছর বিভিন্ন লেভেলে। আপনার একটা কথা একদম ঠিক যা আমাদের বাস্তব জীবনে কোনো কাজে লাগেই না তা আমাদের শিক্ষা ব্যাবস্থা সব থেকে বেশি।,0
"মনে হয় ওই বাসের ড্রাইভার ও হতে পারবো নাহ,",1
বয়ফেন্ট আর গালফেন্ট এর ভালো বাসা বাবা মেয়ের মতোই হওয়া উচিৎ,1
মেয়েটা উন্নত কালচারে বড় হয়েছে।আইনে ব্যারিষ্টার আসা করি ভাল করবে।,0
আপনার গাজার নেশাটা কেটে গেলে পুনরায় বার বার নিউজটা পড়ে বুঝেন আগে। খেয়ে যেনো পড়তে যেয়েন না। তাহলে আবার কি দিয়ে কি বলে ফেলবেন। বিপদ,1
আমাদের মতই কোন রকমে তাকে ক্ষমা করা যাবে না কারণ সে যে ক্ষমতা দেখিয়েছে ডিসি অফিসের সামনে এতেই বুঝা যায় ভবিষ্যতের সে কি করতে পারে যেই ক্ষমতা দেখানোর কারণে ছাত্রসমাজ ক্ষমতাকে বিচ্ছিন্ন করার জন্য দেশকে স্বাধীন করেছে সেই রূপ এখন বর্তমানে,0
"তোরা তো ঠিক এমনই বড় ভাইদের এভাবেই চাপা মারিস,",1
বউয়ের বেস্ট ফ্রেড নেই,1
ভালো লেগেছে সিনেমাটি,0
"এই কয়েক জন গায়ক কুমিল্লার মান সম্মান, সব চেটা ভাঙগা করে দিয়েছে, ওদের কে জাতি কি দিতে চায়",1
এই ফালতু মেয়ের সাথে ভিডিও আপলোড দিয়ে বাচ্চা বয়সেই সম্মান নষ্ট করো না।,0
"স্বল্প সল্প করে জমানো ক্ষোভ একদিন বজ্রপাত হয়ে পড়বে, যা একটি ইতিহাস মুছে অন্য আরেকটি নতুন ইতিহাস তৈরি করে।",0
"শারমিনের রিজেকশনে নাফিসের আত্মবিশ্বাসে একটা বড় ধাক্কা আসে, কিন্তু সে নিজেকে নতুনভাবে গড়ে তোলার চেষ্টা করেছিল।",0
"অবতরণ করবে কোথায়? মোলাকাতের সময় অনেক পাওয়া যাবে, আগে মানুষ বাচাতে হবে।",1
মা সবসময় সন্তানের উন্নতির জন্য দোয়া করেন।,0
"সবার ফোনে টাকা বিকাশ করব, কমেন্টে পচাবেন ই যখন একটু শুদ্ধ ভাষায় ও স্পষ্ট বানানে পচান। পড়তে গেলে অনেক অসুবিধা হয়",1
ভাই হাসলে কি গূনাহ হবে?,1
ছাত্র-শিশুদের লা'শ দেখে চোখে পানি আসে নাই কিন্তু রবীন্দ্রনাথের গান শুনে চোখে পানি আসে! এরা কারা...??,0
"ফেব্রুয়ারি আসুক একদিন একদিন করে চলে যাক,,,তাতে কোনো সমস্যা নেই",1
হিমালয় জয় যেমন বাংলাদেশে তুচ্ছ বিষয় তেমনি এইসব ফটোগ্রাফি হ্যানা টেনার কোনো দাম নেই,0
উপজাতির বাচ্চারা সব খায়,0
খারাপ না ১০ ম্যাচ খেল্লে ১ ম্যাচ ভালো করবে আমি ১০০,1
রুপ ক্ষণস্থায়ী।গুণ চিরস্থায়ী।,0
গোলাপ দিয়ে কি হবে যদি সে নিজের একটা গোলাপ,0
আফার বাসায় আগুন কেনো?আর ফায়ার সার্ভিস কর্মীরা কোথায়?,1
"সবাই যদি লাল বাটন চেপে দেয়, তাহলে কি সমাধান বের করা সম্ভব?",0
"এই শহরে যার টাকা আছে সে খেলোয়াড়"" -আর যার টাকা নাই সে ডাউনলোডার""",1
এই গানগুলিতে বৌদ্ধধর্মের গূঢ় সাধনপ্রণালী ও দর্শনতত্ত্ব নানা রূপকে মাধ্যমে ব্যক্ত করা হয়েছে।,0
ডিম লাগলে আমার থেকে নিতে বইলেন। এই মহিলার জন্য আমি ডিম দান করতে রাজি আছি।,1
লোভ আর হিংসা পরস্পরের নিকট আত্মীয়।,0
যারা আতংকে আছেন তাদের জন্য বলে রাখি এটা এডমিশন টাইমের স্বাভাবিক অবস্থা!,0
গণতন্ত্র পারফেক্ট না। গণতান্ত্রিক উত্তরণ সহজ না। দেশে হাজারটা সমস্যা আছে।,0
"সর্বকালের সেরা ডায়লগ হল - শেখ হাসিনা পালিয়ে গেছে, শেখ হাসিনা নাই, শেখ হাসিনা চলে গেছে! শেখ হাসিনা পালায় না!",1
দেশ থেকে সমস্ত চেতনার বিসর্জন হোক... চেতনা বাজেরা সাবধান হয়ে যাও।,0
"সময়ের চেয়ে জীবনের মূল্য বেশি,",0
"গন্ধে রাস্তাঘাটে হাটা যায় না, । ওইটার ব্যবস্থা করেন।",0
জাজমেন্ট নিয়ে আমার মাথা ব্যথা নাই৷,0
"দুঃখ শুধু এটাই, তবুও কিছু মানুষ এই স্বাধীনতার মর্ম বুঝবেনা। এখনো অন্তরে পাকিস্তান নিয়ে এইদেশে বসবাস করে।",0
আর বছর খানেক আগের এক ভিডিওতে দেখছিলাম যে বাজারের মাছওয়ালাও দুই পয়সার দাম দিলোনা ইউরোপিয়ান হিরো রে।,0
"নাদির ভাই, আপনি কি বিয়ের পরেও এভাবে ট্রাভেল করবেন? নির্দিষ্টভাবে বাড়িতে থাকবেন নাহ? আমাদের দেশে স্বামী বিদেশ, বিষয় টা কিন্তু মোটেও ভালো নাহ।",0
"চট্টগ্রাম দখল করতে আসো মনারা, পেন্ট খুলে নেব দাদাদের",1
এই দেশে এইসব কি হচ্ছে?? মানবতা কোথায়?? সম্মান কোথায়?? বিবেক কোথায়??,1
"রাজনৈতিক মতভেদের কারণে কেউ যেন প্রাণ না হারায়, সেটাই কাম্য।",0
"নূর হোসেন। চুদা ত নবী হইতে শিখছো, দাসী চুুদছে, পরের স্ত্রী কে চুদেছে, খালাতো বোন কে চুদতে গিয়ে ধরা খেয়ে মেরাজের গল্প আটছে, পালক পুত্রের স্ত্রী কে। তা তোরা ত তার ই উম্মত",0
আফা আফা আন্নের বাপের ঘর গো কি করতেছে পোলাপান দেইখা যান,1
এটা কেবল স্বপ্ন স্বপ্নই থেকে যাবে। একটা জ্বরের জন্য বাংলাদেশের হাসপাতাল গুলোতে টেবলেট বাহিরের ফার্মেসি থেকে কিনতে হয়। সে দেশে মনে হয় না এটা পালটাবে। ভুলেও পরিবর্তন হবে না।,0
তুমি যেটা বলবা ওটাই বেস্ট,0
শ্যাষের লাইনের জন্য প্রস্তুত ছিলাম না,1
এই পোস্ট শেয়ার করলে মিনিটের মধ্যেই সল্প সংখ্যক মানুষ আনফ্রেন্ড করে দিবে,1
মিথ্যা বলার একটা লিমিট থাকে,0
এই জেনারেশন আবার সৃজনশীল করা শুরু করছে আপা।,1
"খুবই সচেতন অনুপম এটা এই পডকাস্ট থেকে জানতে পারলাম, অনেক ধন্যবাদ সোল কানেকশন কে।",0
রাজনীতির নামে সহিংসতা কোনোভাবেই মেনে নেওয়া যায় না।,0
"এখানে হাসি দিলে কি পাপ হবে,",1
ভিডিও কলে কাজ করলে মেসেজ দিও,1
এটা ওইদিন ধানমন্ডি লেকে দেখছিলাম,0
ভাই আমার একটু হাগু করতে যেতে হবে প্লিজ একটু গান টা থামান আফনারা প্লিজ দাদা,1
মানুষ নাকি বাক স্বাধীনতা ফিরে পেয়েছে? এই হলো আপনাদের বাক স্বাধীনতা।,0
"সত্যিই, সঠিক শিক্ষা ও সংস্কৃতি আমাদের সমাজের উন্নতির চাবিকাঠি।",0
পোস্টটা পড়ে আমার মনোবল অনেক বেড়ে গেল।,0
বেহায়া নিলজ্জ । শরীরের দাম কত ।,0
"হাজার হাজার কোটি টাকা দেশ থেকে পাচার করলো, তাদের বিরুদ্ধে কি আইনি ব্যবস্তা নিয়েছে, আর 2 4 ঝণের জন্য বিধবা, নারী কে, জেলে নিয়ে গেলো",0
সরেন একটু সাইড দেন আমি এক কাপ চা খেতে এসেছি,1
"সহমত, এদেশে গনহত্যাকারী ফ্যাসিবাদ এবং তার দোষরদের কোনো ঠাই নাই। বাংলার জমিনে এদের বিচার করতেই হবে। এগিয়ে যান আপনারা, জনগন আপনাদের পাশেই আছে।",0
প্লিজ ভাই হোয়াটসঅ্যাপ নাম্বার টা দেন গালি না দেওয়া অব্দি শান্তি পাচ্ছি না.,1
কোটা ব্যতীত যারা ভর্তি পরীক্ষায় উত্তীর্ণ হয়েছে সবাই কে অভিনন্দন । আর এত কিছুর পরে ও যারা কোটায় পরীক্ষা দিয়েছে তাদের জন্য মন থেকে লজ্জা আর ঘৃণা জানাই,0
মায়ের দোয়া সন্তানের জীবনের বড় শক্তি।,0
"দুইশ টাকার চোরকে আমরা গাছে বা""ধি,আর দুই হাজার কোটি টাকা চোরকে আমরা স্যার ডাকি! আমরা সেই জাতি!!",0
তুরু বেড়া আমি কে,1
"পালানোর কোন বয়স নাই কেউ এগারো বছর বয়সে, কেউ পঁচাত্তর বছর বয়সে...",1
তোরা আবার ধর্মের কথা কস? তোদের আবার ধর্ম আছে?,0
"বাবার এখানে কী ভূমিকা, বুঝলাম না তো!",0
"সহমত,আন্দোলনে যারাই নামবে তাদের কে জয় বাংলা করে দেওয়া হোক, তাদের শিখানো ফর্মুলায়",0
স্যার রেলওয়ের কর্মচারীদের এই দাবি কি যৌক্তিক?এগুলোর বিরুদ্ধে কঠোর একশেন যাওয়া দরকার সরকারের।,0
"কিন্তু তার আরও তো ছবি আছে, এই নগ্ন ছবি পোস্ট করে জাতি কে পাপী বানাচ্ছেন কেন?",0
কাচ্চি ডাইন এর কি বিজ্ঞাপনের খরা লেগেছে?,0
যোগ্যতা থাকলে সবাইকে দেশের সেবা করার জন্য এগিয়ে আসতে হবে,0
"দেশকে এক হতে হবে, এই ধরনের দাঙ্গা ও সহিংসতা কখনোই সমাধান নয়।",0
ঐসব বাদ আমার টা শুনেন বাংলাদেশের ১৬ কোটি মানুষ যদি বেশি না ১ টাকা করে দেয় তাহলেও তো আমি ১৬ কোটি টাকার মালিক,1
এরা তো মরেই সাথে ঝুকিতে ফেলে রাস্তায় চলা সাধারণ যানবাহন ও মানুষদের!,0
"লন্ডনের এই জায়গাটা অসাধারণ, শীতের সময় গাছের পাতা থাকে না",0
"ভাই, লীগ নিষিদ্বের দাবী বাস্তবায়ন করতে না পারলে এসব ভাংচুর ফ্যাশনে পরিণত হবে।",0
যেভাবে কমেন্ট পড়ি ওই ভাবে যদি পড়া পড়তাম আজ চাকরিও হতো বিয়েও হইতো,1
"গার্লফ্রেন্ড বস্তুটা বুঝি এমন হয়,,",1
"টাকা ছাড়াও যে অনেক কিছু করা যায়, তিনি সেটার প্রমাণ",0
জীবন কখনো কখনো সিনেমা কেও হার মানায়,0
"মুরগির চিকেন মানলাম কিন্তু, নিপু ভাই টমাটোম কি?",0
লজ্জা শরম বলতে যদি আর কোন কিছু থাকত তাইলে এসব স্ট্যাটাস দিতি না।পুরো একটা দেশ কে ব্যার্থ রাষ্ট্রের তকমা লাগাচ্ছস।পাকিস্তান এর মত আমরাও কি ভিক্ষা করেই চলব? তোদের এসব ফাত্রামি কবে বন্ধ হবে?,0
সরিষার খৈল-পচা পানি গাছের জন্য একেবারে বিরিয়ানি! গাছের বৃদ্ধি ত্বরান্বিত হয়।,0
পিরামিডের ভেতরের কাঠামো ও সুরঙ্গ নিয়ে গবেষণা এখনো চলছে,0
যদি জ্ঞানই অর্জন করতে চায় তাইলে বই কিনে ঘরে বসেই দুনিয়ার জ্ঞান অর্জন করা যায়। আজকাল তো ইউটিউব টিচারের অভাব নাই। দিন শেষে আসলে ঐ যে সার্টিফিকেট আর চাকরি ইনকাম। বিয়ে করলে তো এগুলার হয় ভাগিদার হবে নাইলে বাধা হবে যে।,0
কুকুরকে নজরে রাখ আপা আসলে এর বিচার করতে হবে,1
শুধুমাত্র অধিক গতি এসব দুর্ঘটনার কারণ! সবাইকে সচেতন হতে হবে।,0
"যা তোমার কখনো ছিল না,",0
"শাড়ির জন্য কেউ মরে না,মরে তো ভালবাসার জন্য,কাছের মানুষের অবহেলার কারণে।",0
"নাফিস তার জীবনের সবচেয়ে কঠিন সময়ে বিভিন্ন ভিডিও এবং কোর্সে আশার আলো খুঁজে পেয়েছিল, কিন্তু তার সাফল্য আসেনি।",0
ভাইয়া লাদাখ ট্যুর নিয়ে একটা ভিডিও বানাই দেখান,0
এখন বেলা আর শুনবে না বেলার ছেলে মেয়ে আপনার স্ট্যাটাস দেখবে,0
পাকিস্তানি সেনাবাহিনীকে ধন্যবাদ আপনারা পুরাতন রূপে ফিরে গেছেন সেজন্য!,1
"হয়তো খুশির কথা কিন্তু দাবা খেলা হারাম,সেখানে আলহামদুলিল্লাহ বলে কোন হিসেবে বুঝে আসেনা।",0
"এই মালুর কথায় শিক্ষীত যুবক রা যে এগুলো করতেছে, এরা কি কিছুই বুঝে না।সে তো বিদেশে আছে, এরা তো দেশে।",0
গান টা মান সম্মান শেষ করে দিলো এটাই বাস্তব হা,1
আপনি বেডা না বেডি,1
"ভালোবাসা মানেই শুধু কথা বলা নয়, অনুভূতি বুঝতে পারাও জরুরি।",0
গুম কমিশনের উচিত এগুলো ভিডিও আকারে ডকুমেন্ট করে পাবলিশ করা অপরাধীদের নাম-পরিচয় সহ।,0
"ওর একটা ভিডিওতে তো দেখলাম ও বলছে সবকিছুর পেছনে সৃষ্টিকর্তার সাহায্য আর মানুষের দোয়া, আমার টিচার, বাবা-মা এবং আমি যে কোচিং-এ পড়ছি তাদের অবদান আছে৷",0
ঘটনাটা ভবিশ্যতের একটা হুসিয়ারী দিচ্ছে,0
"আপনার পছন্দমতো জীবনযাপন করুন, অন্যদের ধারণায় আটকে যাবেন না।",0
"শহরের ভিতরে এমন অবস্থা,,,তাহলে চিন্তা করেন গ্রামের দিকে কী অবস্থা।",0
সে তো পুরুষ বোজা জায় আর তুই যে হিরজা সেটাও জানে মানুষ,0
নিজের ভুলের কারণগুলো নিজেকেই খুঁজে বের করতে হবে নানা সফলতা কখনই হাতে আসবে না।,0
পরবর্তীতে এটিকে একটি মসজিদে এবং পরে মুস্তফা কামাল আতার্তুকের শাসনামলে এটিকে জাদুঘরে রূপান্তরিত করা হয়।,0
এ আর রহমান মৌলবাদী। তার নিজের ঘরকেই সংস্কারমুক্ত করতে পারেননি। অথচ গান গায় মানুষের জন্য। তার মেয়ে নারীবাদ শেখাচ্ছে! বোরখার অন্ধকারে থেকে আর যাই করুন নারী শেখাতে আসবেন না।,0
ফ্যাসিবাদী পীরের বাড়ি ভাড়া হয়েছে খুব ভালো হয়েছে,1
"যে রিশাদকে কেউ দলে নিচ্ছিলো না ওই রিশাদকেই দলে নেয় তামিম,মুশফিক,মাহমুদউল্লাহর ফরচুন বরিশাল।",0
পুনর্ব্যবহারযোগ্য ব্যাগের চাহিদা বৃদ্ধি পাওয়ায় উৎপাদনকারী প্রতিষ্ঠানগুলোর বিনিয়োগ বাড়ছে।,0
বড় দের তা টিপলে আ ও করে,1
জুলাই বিপ্লবের মূল উদ্দেশ্য এখনও সফল হয়নি।,0
"কারো কাছে যদি এমন কিছু থাকে,যা গর্ববোধ করা যায় তাহলে উনাকে অনুসরণ করা উচিত",0
"একদল খাইয়া গেছে, আরেকদল খাওয়ার জন্য রেডি চাকরি",1
স্পোর্টস ইভেন্ট ম্যানেজমেন্ট এর সুবিধাই এইটা!,0
"হয়তো এদের আইনের আওতায় আনা হোক, আর না হয় ফোন কিনার জন্য আমারে শাস্তি দেওয়া হোক। তবুও এই জ্বালা যন্ত্রণা আর সহ্য হয় নাহ",1
হাসিনার এই ভিকটিম কার্ডে দেশের মানুষ অনেকবার বোকা হয়েছে। এখন আর সুযোগ নাই।,0
বাউন্ডারি করা দরকার বিগ ব্যাশের মতো। অথবা মেনবর্নের মতো। হাতে শক্তিও আসবে। স্ট্রং ক্যাপাবিলিটির প্লেয়ারও খুজে পাবে সিলেক্টররা।,0
এমন যুদি একটা পাইতাম।,1
"ওই সিভি তোমাগো মতো হলুদ সাংবাদিকদের বাবারা, সেই ৭৫ এর আগে বঙ্গবন্ধুর কাছে জমা দিছিলো নাম ঠিকানা মিলিয়ে দেখো।",1
দুঃখ পেলেই মরে যেতে হবে এরকম কোনো কথা নেই। কোথায় শান্তি খুঁজে পাওয়া যাবে সেই উৎস বের করা উচিত।,0
"উনি বিয়ে করেছেন, এতে দোষ কোথায়, যারা বাজে কমেন্ট করছেন তারা হয়তো অন্য মেয়েদের নিয়ে পরকীয়া জেনায় লিপ্ত আছেন।",0
সঠিক সারের ব্যবহার গাছের বৃদ্ধির জন্য জরুরি।,0
"সহশিক্ষা একদিকে যেমন সম্পর্কের বিষয়গুলো আরও খোলামেলা করে তোলে, তেমনি সেটা কখনো কখনো সামাজিক চাপ সৃষ্টি করে।",0
অসাধারণ সুন্দর!মনের মাধুরী মিশিয়ে আঁকা জীবন্ত ছবি।,0
হতে পারে ইলেকট্রিক ডিভাইস তো। ব্যাটারিতে হয়তোবা চাপ পড়েছে যার কারণে ব্লাস্ট হয়েছে।,0
যে কোন বিষয়ে তথ্য সংগ্রহ করার সময় সেটা নিশ্চিত করে নিলে পরে ভুল হবে না।,0
এটি খাদ্যদ্রব্য সংরক্ষণেও ব্যবহার করা যায়।,0
পেছনে উঁকিঝুকি করা লোকের অভাব বাংলাদেশে কোনদিনই হবে না,0
"এই ছবিটি ভবিষ্যত জুলুমবাজদের জন্য একটা নিদর্শন মাত্র! প্রত্যেক যুলুমবাজদের পরিনতি এমনই হবে দুনিয়াতে, আর আখিরাতে তো রবের মহাশাস্তি অপেক্ষায়ই করছে...",0
"প্লাস্টিকের ব্যবহারে আমাদের সকলের দায় রয়েছে। এই দানব যেন আমাদের ভাবায়, এই পরিণতির জন্য আমরা দায়ী।",0
বিলিয়ন ডলার কোয়েশ্চেন।,0
এতদূর পর্যন্ত মানা যায়। কিন্তু যখন বান্ধবীকে মামা ডাকে,1
"আপনাদের মতো মেয়েদের কারণে বাকীরা খারাপ হয়,আর নাস্তিক ট্যাগ লাগে,, লজ্জা হওয়া উচিত, বেয়াদব মেয়ে,,একজন মুসলমানের কন্যা হয়ে ভরা মজলিশে বলে উঠলেন আপনি পরোকালে বিশ্বাসী না, কেনোনা আপনি তা চোখে দেখেন না, আর যা দেখেন না তা বিশ্বাস করেন না,,লানৎ।",0
মাওলানা পিনাকী ভট্টাচার্যের বাংলাদেশর প্রধান উপদেষ্টা হিসেবে চাই।,1
"একটা অনুরোধ থাকবে রোম, গ্রীক, ইসলামিক খিলাফত গুলো কখন কোনটার উত্থান ও পতন বা যখন একটির উত্থান হয়েছে তখন আরেকটি পতন ঘটেছে সেটা নিয়ে একটা ভিডিও দিবেন।",0
হে আল্লাহ আমার প্রিয় মাতৃভূমি বাংলাদেশে সুখ ও শান্তি বর্ষিত করুন আমিন,0
আজ যে সরকার আছে সে উন্নয়ন করে ক্রেডিট নিতে পারে কিন্তু উন্নয়ন টা নিয়ে যেতে পারবে না।,1
নিঃস্বার্থভাবে মানুষের সেবা করা সত্যিই বিরল গুণ,0
"একটায় আশা, সব মানুষ যেন জিবনে সফল হতে পারে। তার পাশাপাশি আল্লাহ যেন আমার সপ্ন টা পূরণ করেন",0
অস্কার প্রাপ্ত সেরা অভিনেত্রী সখের হাসিনা,1
নির্দেশের অপেক্ষায়-,0
এক ঝলকে মোনালিসা ভেবে ফেলেছিলাম,0
এইসব দেখলে ফোন ইউজ করার কথা ভুইলা যাই,1
গোপন রোগে ভোগা দুই কিশোর কিশোরী।,1
পোলা ডা বিড়ি খাওয়া ও ধরছে মনে হয়।,1
স্বামী রা যায়ই করে স্ত্রীর ভালোর জন্যই করে,0
সিগারেট খায় যে গু খায় সে!,1
ভাই অসংখ্য ধন্যবাদ আপনাকে একেবারে ফাটায় দিলেন বাহ একেই বলে বাংলার দামাল ছেলে,0
মেসি ভাইকে দৃষ্টি আকর্ষণ করছি আপনার কর্মী আবাসিক হোটেল থেকে পালিয়ে এসে পোস্ট করেছে ।এইসব গে কর্মীরা আবাসিক হোটেল থেকে পালায় কিভাবে ।,1
বড় ভাই আপনার বেলা এখন স্বামীর আদর নিতে ব্যাস্ত,1
থাকবে না থাকবে না বাংলাদেশ শেষ হয়ে যাবে,1
আপনি একজন ভালো রাজাকার।,1
"জায়েদ খানের অবস্থা পদ্মা সেতুর ৯ নাম্বার পিলারের মতো, যে যেভাবে পারছে সে এসে ধাক্কা দিচ্ছে।",0
ক্ষমতার পালাবদলের সাথে সাথে ইতিহাস নতুন করে রচিত হয়,1
ছোটবেলায় কারণে অকারণে 'বিদ্যা' বলে কসম খাওয়ার কারনে আজ পড়ালেখার এই অবস্থা!,1
"নারী গরীব থাকবে না তো কী থাকবে, সব নারী কে ইনকাম করতে হবে কেন? নারী তো এমনি রানী",1
"কানামাছি,গোল্লাছুট খেলতাম,,, আগের সোনালী দিনগুলো খুব বেশি মিস করি",0
চেহারা সুন্দর হলেই যে এমন সুন্দর কথা বলতে পারবে তা নয়। অল্প কিছু কথার মাঝে অনেক কিছু শিখিয়ে দিলো মন শক্তি আর শ্রদ্ধা। আপুর প্রতি অবিরাম ভালোবাসা রইলো।,0
রাগের মাথায় সিলিং এর দিকে তাকাই তারপর মনে হয় সিলিং পরিস্কার করা দরকার এটা ভাবি,1
হায় হায় তাহলে ফিটনেস বিনীন লক্কর ঝক্কর মার্কা বাসগুলোর কি হবে? তবে ধারণা করছি ফিটনেসবিহীন অসংখ্য লক্কর ঝক্কর বাসের চাপে এই সুদৃশ্য বাসগুলোই হয়তো একদিন উধাও হয়ে যাবে---ঠিক যেমন করে ঢাকা মানিকগঞ্জ রুটের সকল এসি ও BRTC বাস উধাও হয়ে গেছে--আর ঢাকা সিটির সকল এসিবাস উধাও হয়ে গেছে--এটাই বোধ হয় চরম বাস্তবতা!!,0
কল্পনার মুখে হাসি ফোটানো সবচেয়ে বড় পাওয়া।,0
"কল্পনার জন্য সবাই মিলে এগিয়ে এসেছেন, এটা সত্যিই ভালো উদাহরণ।",0
"দেশপ্রেম দেখানোর জন্য ভালোভাবে পড়াশোনা করা, স্কিল ডেভেলপ করা, এবং ট্যাক্স প্রদান করা গুরুত্বপূর্ণ।",0
নারীদের প্রতি সুন্দর চোখ দিয়ে থাকাতে হয়।,0
আল্লাহ আপনার ভালো করুক,0
"এই ছাড়া উপায় আছে, ঢাকা ক্যাপিটালস এর একটা প্লেয়ারও ভালো করতে পারছেনা, তাই সে নিজে এখন টিম বানাবে তাই নারী টি টিয়োন্টিতে মনোযোগ দিয়েছেন",1
মৃত্যু হলো আল্টিমেট ডেস্টিনেশন।,0
তাকে প্রতিদিন ৩ বেলা এই তার রেসিপি অনুযয়ী ঐই কথিত বার্গার খাওয়ানো উচিত,1
দুনিয়াতে হেদায়েত পাওয়া এবং হেদায়েতের পথে টিকে থাকতে পারা পরকালের জন্য নিশ্চয় সুসংবাদ!,1
আমার মায়ের কাছে এত টাকা থাকলেই হইছিল... সাকিবরে দিয়াই শোরুম টা উদ্ভোদন করাইতাম,1
আগুন থেকে বাঁচার পরে আবার আগুনে ঝাপ দেওয়ার কি দরকার,1
আজ একটা প্রিয়জন নেই বলে গোলাপ দিতে না পারায় এই আমি,1
তিমি -আরে আমি তো একটু মজা করছিলাম।এটা নিয়ে খবর করার কি আছে...?,0
আপার বাম কাঁধের ফেরেশতার বর্তমান অবস্থা,1
১৬ বছরের দমন-পীড়নের পর অবশেষে বাংলাদেশি জনগণ কথা বলতে শুরু করেছে।,0
সামাজিক সচেতনতা ছাড়া শিশু নির্যাতন ও অপরাধ বন্ধ করা কঠিন,0
এটা বিএনপি'র কোন ষড়যন্ত্র হতে পারে এত সহজে দেওয়াল টোপকে নীলগাই বাইরে যাইতে পারে না,1
"ভেজা বিলাই, ভাজা মাছটাও উল্টায় খাইতে পারে না",1
-আমার নিজেরই নাই আপনাকে কোথা থেকে দিবো ভাই,1
এই জঘন্য বাবা আর মামা মামির দিকে ভুলেও ফিরে তাকানো উচিত বলে আমি মনে করি না। মানুষ ফ্যামিলি নিয়ে কত আবেগঘন পোষ্ট দেয়। ফ্যামিলিই নাকি সব!! অথচ আমি বেশির ভাগ ক্ষেত্রেই দেখেছি ফ্যামিলিই জীবন ধ্বংস করে দেয়।,0
চাচা ধানমন্ডি ৩২ নাম্বারে এতো মানুষ কেনো আর হাসু আপা কোথায়,1
উনি নিজেও অন্যের পোলারে ওনার পাল্লার ফেলছিলো,1
"আমাদের অফারগুলো আপনারা এতো সুন্দর ভাবে গ্রহণ করেন, এবং প্রতিবারেই আমাদের পুর্বের রেকর্ড ভেঙে যায়।",0
"মাহতাব উটসা নিজেই কৃমি,ও অন্যের টুটটুটে ঘুরে বেড়ায়।",0
জোকার দেশের জোকার নাগরিক বলে কথা,1
"নতুন পুরাতন ইউজারের জন্য অনেক অনেক শুভকামনা ও ভালোবাসা রইলো,",0
ভাবির সামনে এই পোস্ট পরলে আজকে আর ঘরে ঢুকতে দেবে না। আজকে সরকারি বড়লোকের আনসেটিসফাইড স্ত্রীদের সাথে যেতে হতে পারে ভাই।,1
বিশ্ববিদ্যালয়ের পরিক্ষা দিয়ে চান্স পাব আন্দোলন করে কলেজকেই বিশ্ববিদ্যালয় বানাবো,1
"তরুণদের নতুন দল ক্ষম তাই আসবে ২০০ সবাই স্কিনশট দিয়ে রাখেন,, বিএনপি আসবেনা।",1
"বিএনপি আর আওয়ামীলীগ একই,তাদের উচিত ছিলো দেশের জন্য কাজ করার, দেশের মানুষের কথা চিন্তা করার, কিন্তু তারা নিজেদের চিন্তায় ব্যস্ত থাকে,",0
হ্যাঁ। সবজি সোনাতে হাদাইয়া বসে থাকেন,0
"যারা এদের অবদান ভুলে যাবে তারা মোনাফেক, দেশের শত্রু।",0
ফোনের নামই 'হট' সেখানে ফোন তার নামের কাম করেছে,1
স্তাম্বুল পুরাতন ইস্তাম্বুল নগরীর হৃৎকেন্দ্রে একটি পাহাড়ি উপদ্বীপের উপরে অবস্থিত।,0
ইসলাম হলো শান্তি ধর্ম ইসলাম মানে নিরাপদ ইসলাম মানে একে অপরকে সাহায্য করা ইসলাম মানে কমল সুন্দর শান্ত হৃদয় ইসলাম মানে সত্যের প্রতীক আমি ভাগ্যবান আমার ধর্ম ইসলাম,0
"ভাই আপনার গালফ্রেন্ড ও কি কক্সবাজার গেছিলো নাকি,,না মানে হাতে আইফোন তাই বললাম আর কি",1
স্থানীয় কৃষকরা পাট চাষে আগ্রহী হলে উৎপাদন আরও বাড়বে।,0
"রুচিসম্মত কন্টেন্ট, চোখের শান্তি, কানের শান্তি, ব্রেইনের শান্তি। এগিয়ে যান বহুদূর",0
"যেসব পুরুষের দ্বীনের জ্ঞান নেই তাদের বুঝায়ে লাভ নেই ভাইয়া,তারা মনে করে ভাত,কাপড় দিচ্ছি আর কি লাগে, ভালোবাসা,ওটা নিজের স্বার্থের জন্য প্রকাশ করে",0
ছেলে ইতালি প্রবাসী,1
কিবরিয়া ভাই,1
মোট কথা তুমি যতটুকু সুষ্ঠ পরিকল্পনা মাফিয়া পরিশ্রম করবা ততটুকু সচ্ছল তা পাবা।,0
আমি তাসকিনের একজন ক্ষুদ্রে ভক্ত হিসাবে জোর দাবি জানাছি ভাবীর নামে বৈধভাবে মানহানির মামলা দেওয়া হক।,1
জুয়াড়ি কে গ্রেপ্তার করা হোক তাড়াতাড়ি,1
বাপের মত গাঁজা খেয়ে কথা বলছ নাকি গো ?,0
নেত্রী এখন বলবে তোদের জন্ম দিলাম আমি আর তোরা এমন কাজ করতে পারলি,1
"শিক্ষা যতদিন না নিবে ততদিন আমরা শিখিয়ে যাবো, হয়োতো আমাদের জীবন দেওয়া লাগবে তাতে এই প্রজন্ম ভয় করে না",0
তাদের বিচার ব্যবস্থার প্রতি সব ধর্মের আস্থা আছে,0
"ভাই, এইটা কোনোভাবে ভাইরাল হলে এই ভিডিও তে যারা আছে তাদের উপর কিরূপ প্রভাব পড়তে পারে ভেবেছেন?",0
"তাসনিম খলিল, শহীদুল আলম এরা ঘাস খেয়ে বড় হয় নাই। আওয়ামী রেজিমের সাথে ফাইট এরা আরো অনেক আগে থেকে দিচ্ছে। এদের কথাগুলা শুইনেন একটু। যদি পিনাকির পপুলিস্ট ঝালমুড়ি শোনার পর টাইম পান তাহলে।",0
আমি গতকাল রাতে এইরকম একটা দেখলাম। বাসার বাইরে বসে ছিল,0
ললিতা বেগুন তুলতে গেছিল।,1
"সব মেনে নিলাম, বর্তমান যে দল আসতেছে তারা ও ভাল না। আমরা তরুন প্রজন্মেরা একটা সুন্দর দেশ চেয়োছিলাম। কবে সবকিছু শেষ হবে?? এক দেশে আরেক দলের নিচিহ্ন করার খেলা কবে বন্ধ করে। দেশের উন্নতি সাধারণ মানুষকে নিয়ে চিন্তা করবে",0
ছাত্রদের জন্য একাধিক কোচিং সেন্টারে ভর্তি হওয়া এখন প্রায় স্বাভাবিক হয়ে গেছে।,0
আপনার,0
ফোন না কিনে দিলেই ভালো হত।তাহলে কোনে পোস্ট দিত না আমার ছেলে এখনো বেঁচে থাকত।,0
"মানুষ যতই খারাপ হোক,অন্যায় যা ই হোক তাকে মেরে ফেলার অধীকার কারো নেই।",0
no Comments,0
আমিও আসছি ঘুমাতে আপনাদের সাথে,1
আমরা অকৃতজ্ঞ এক জাতি,0
তৃতীয় শক্তির উত্থান হলে কি গেমের রুল বদলে যাবে?,0
"সফল কৃষক,, তাকে একটা নোবেল ছুঁড়ে মারা উচিৎ,,",0
"ছবিগুলা তো অস্থির, পোস্টটা এত দুঃখজনক কেন",0
যেখানে 33 না পেলে পরীক্ষায় উত্তীর্ণ হওয়া যায় না সেখানে 32 রেখে লাভ কি! 5-2-25 32,1
"আল্লাহ ছাড় দেয়, ছেড়ে দেয় না। তার পাকড়াও অনেক কঠিন, হাসিনার কপালে অনেক কষ্ট আছে, আমি হাসিনা কর্মীদের বলতে চাই, আপনারা জেনেশুনে অন্যায় কারীর পক্ষ নিয়েন না, তার শাস্তি তাকে পেতে দিন,,,, বৈষম্য বিরোধি না আল্লাহ তাকে ধরছে, তো সাবধান হয়ে যান,",0
সম্পদ রক্ষায় আমরা খুবই অমনোযোগী।শুধু সম্পত্তির নেশায় মত্ত ।,0
মুনজেরিনের একটা বই কিনে কোন কাজে আসে নাই। ওনাদের চেহারা দেখে ফাঁদে পড়ে মানুষ বোকা হয়ে বই কিনে। জীবনে একবার একটা বই কিনলে কেউ দ্বিতীয়বার কিনবে না।,0
অনেক অনেক শুভ কামনা রইল,1
"কেউ যদি অবিশ্বাসী হন, আল্লাহ তায়ালা তার শাস্তি বিধান করবেন। ধর্ষকামী মোল্লারা ক্ষেপেছেন কেন? সুন্দরী মেয়েটাকে নাগালের মধ্যে না পাওয়ায় আক্ষেপে গালাগাল করেই মনের সুখ মিটিয়ে নিচ্ছেন নাকি!",0
ভোগবাদ আর বাস্তব বাদ এক নয়।,0
"বৃষ্টির দিনে যে যেভাবে শান্তি পায়, সেটাই করুক।",0
যমুনার চেয়েও আপনি update তাড়াতাড়ি নির্বাচনে দাঁড়ায় যান,1
আওয়ামীলীগের সকল পর্যায়ের নেতা কর্মী নেমে আসুন ৩২ এ রাজাকার শাবকদের প্রতিহত করুন,0
কল্পনার জন্য খুব ভালো লাগলো। আশা করি সে এখন সুখে থাকবে।,0
গত ৫৪ বছরের রাজনৈতিক দলের সরকার নেতৃবৃন্দ কাছে প্রশ্ন রইল??বাংলাদেশের সকল সাধারণ মানুষদের উন্নত চিকিৎসা ও শিক্ষা ও নিরাপত্তা কোথায় ?? রাজনৈতিক দলের নেতৃবৃন্দ??,0
যে দেশের ছাত্র ছাত্রীরা বিশ্ববিদ্যালয় নিয়ে ঝগড়াঝাঁটি করে তাদের আর কি হবে বলেন আমাদের বিশ্ববিদ্যালয় আমরা শিখতে যাই কিন্তু জ্ঞানটা তো নিজেরই,0
"মজার ছলে কিভাবে অপমান করতে হয় সেটা কাকু ভালো করেই যানে যাই হোক, আমরা সবাই বলগার, এটাই বাস্তব হা হা হা হা",1
এসব বিনোদন নামের আবর্জনাগুলো কবে বিলুপ্ত হবে? যেসব মিডিয়া এসব অখাদ্য প্রচার করবে তাদের বিরুদ্ধে কঠোর ব্যবস্থা নিতে হবে।,0
আপনাদের কথায় বেলা বিয়ে করে নিয়েছে এখন আফসোস করবে,0
যখন প্রথমবার র্যাবের ড্রেস দেখেছিলাম তখন আমিও মনে মনে এটা বলেছিলাম,1
গাছ লাগানোর মৌসুমে সবাইকে অন্তত একটি গাছ লাগানোর আহ্বান জানানো উচিত,0
"বাঘের মান সম্মান আছে না, কপাল ভালো কেস কইরা দেয় নাই সম্মানহানির জন্য।",1
কমেন্ট বক্সে ১৬ বছরে ঘুমন্ত দেশপ্রেমিকদের ভীড় ওহ্ তারা তো আবার ছদ্মবেশী আওয়া লীগ একেক সময় একেক রুপে ফিরে আসে,1
অনেকে পানি তোলার কথা বলছেন।পানি তুললে দৃশ্যমান কিছু থাকলে পাওয়া যাবে কিন্তু পানির মাধ্যমে নষ্ট হয়ে যায় এমন প্রমান পাওয়া যাবে না।,0
"এগুলো নাম জন্মের পর আজ শুনলাম, কিন্ত এগুলো দেখতে কেমন বা কি কিছুই বুঝলাম না",0
সমাজের শান্তি বজায় রাখতে সবাইকে সচেতন থাকতে হবে।,0
এ মামা একি কথা,1
বিষাক্ত আওয়াজটা না শুনার ইচ্ছা। এগুলো প্রচার থেকে সাংবাদিকদের বিরত থাকার আহবান।,0
নিথুর হিটলারও চিত্র প্রদর্শনীতে যেতেন।,0
কি ভেবেছিলাম আর কি দেখলাম। লে হালুয়া,1
"তারা যথাযথ কৃতিত্ব, স্বীকৃতি পান না",0
আওয়ামী লীগ করা একটা মানুষের ও ঈমান নাই,1
এত কিছুর দিকে নজর দেওয়ার দরকার কি?,1
এর অর্থ অনলাইন বা ভার্চ্যুয়াল প্ল্যাটফর্মে বহু মানুষের সম্মিলিতভাবে কোনো আইডিয়া বা কোনো ব্যক্তিগোষ্ঠীকে বাতিল বলে প্রতিপন্ন করা।,0
আফা আসলে প্রথমে আপনার কাছে হিসাব বুঝিয়ে নেবে এটাই বাস্তব,1
আমি আজ সকালেই ওখানে ছিলাম,0
এইটা নিঃসন্দেহে আমি ভাই,1
"যার যায় সে বোঝে বিচ্ছেদের কি যন্ত্রণা। যারা গালি দিচ্ছে,ঠাট্টা করছে তারা আসলেই গন্ডমু্র্খ৷ তানাহলে একটা মেয়ের স্বামী মারা গেছে সেটা নিয়েও মেয়েটাকে নিয়ে ঠাট্টা করছে।",0
যে ফিউজটি উড়ে গিয়েছিল আহ,1
এইগুলা সিন্ডিকেট। জনগণকে ভোগান্তি দিবে ইচ্ছা করে যেন এই সব সিস্টেম এপ্লাই করতে না হয়। কারণ এরা জানে এইসব সিস্টেম এপ্লাই করলে রাস্তায় শৃংখলা ফিরে আসবে যেটা ওরা চায় না।,0
পালানোর কথা ভুল বলেছিলো বাসায় নিয়ে যাবে। আর এটি পরীক্ষামূলক ভাবে করা হয়েছে ভূল নিউজ দেন কেনো?,0
অন্যদিকে ব্যস্ত জীবনে বইয়ের দোকানে যেতে না-পারা পাঠকের জন্য এ সময় গড়ে ওঠে কিছু বিশেষায়িত ওয়েবসাইট।,0
মায়ের স্পর্শে ছেলের পরিশ্রম সার্থক হয়ে যায়।,0
একটি স্টার্টআপের টিকে থাকার জন্য ভালো পরিকল্পনা এবং আর্থিক ব্যবস্থাপনা প্রয়োজন।,0
ভাই কি বায়োলজি পড়তে বসছেন নাকি?,1
ডিগ্রি আমাদের ম্যাচিউরিটি দেয় এবং সেই লেভেলের লোকদের সাথে নেটওয়ার্কিং করার সুযোগ করে দেয়।,0
"যে তোমার ব্যাকুলতা বুঝবে না, সে কখনো তোমার আপন হতে পারবে না।",0
ওরা ভেবেছে- অন্য কোনো সফটওয়্যারকে সামনে এনে বিজয়কে পরাভূত করবে। এ হতে পারে না।,1
কবেই য়ে এই জিনিস টার সাদ নিবো,0
এটা ইউনিফর্ম নয়! এটা জুলাই অভ্যুত্থানে অতিরিক্ত পাকনামি করার শাস্তি.,1
মামা আপনার পোস্ট ভালো আছে লাইক দিলাম,0
দেশটাকে কয়লা বানাতে চাচ্ছে এই উগ্রবাদী পিনাকি,1
তা ভাইজান মুরগির ডিমের সাথে নিজের ডিম ও বিক্রি করেছেন নাকি?,1
আমার এই ফোনটা কিনার অনেক শখ ছিলো,0
আমি ওই বাসের ডাইবার হতে চাই,1
এই সব গান্জা মার্কা সাংবাদিক না থাকলে। আমরা কোনো বিনোদন এই পাইতাম না।,0
প্রথম টি-২০-তে হারের পর আজ বাংলাদেশ বেশ ভালো খেলেছে। আশা করি সিরিজ জিততে পারবে।,0
"মানে নুহাশ পল্লীও সরকারি সম্পত্তি হয়ে গেল, যেহেতু পিনাকী বাবু বলেছেন তা কার্যকর করেই ছাড়বে ।",0
"ওতো সাহা নয় পদবীতে!!নাম হলো প্রিয় বালা বিশ্বাস, বিশ্বাস বাড়ীর মেয়ে বিয়ে করেছে প্রায় সমগোত্রের দাশ পরিবারের ছেলে মলয় দাশ কে। তো ভন্ড রা সাহা পদবী নিল কেন?চ্যাটার্জি ব্যানার্জি নিলেই ভাল হতোনা? আইডেনটিটি চুরি করা ফৌজদারী দন্ড বিধির অপরাধ!!",0
"এটা উচু এবং নিচু আলাদা দুটি শ্রেণি সৃষ্টি করবে, যা মারাত্মক ক্ষতির কারন হবে।",0
একাত্তর আমাদের অস্তিত্ব । একাত্তরে বিশ্বাস রেখেই বাকি পথ মসৃণ করতে হবে ।,0
এক ফ্যাসিবাদ ভারত গেছে আরেক ফ্যাসিবাদ জন্মের অপেক্ষায় আছে ।,0
"অসাধারণ ছিলো তার প্রতিটা কথা ধন্যবাদ... তবে পৃথিবীর বুকে চিরস্বরনীয় আর গুরুত্বপূর্ণ বক্তব্য তো দিয়েছিলেন সেই মানুষ যিনি কেয়ামতের পরেও তার উম্মতের জন্য লড়াই করে যাবেন, তিনি হলে প্রিয় নবী হযরত মুহাম্মদ সঃ । যে বক্তব্য তিনি দিয়ে গেছেন বিদায় হজ্বের ভাষনে। আর যে গুরুত্বপূর্ণ বক্তব্য পৃথিবীর বুকে কেউ কখনো দিতে পারবে না।",0
সমালোচনা করতেই হবে...নিজের দোষের অভাব নাই...আরেকজনের দোষ খুজতে ব্যস্ত,0
তোদের পা ধোয়া পানি ছেলে খেলোয়ারদেরকে দিস বোইন,1
"সবাইকে নাকি বের হলেই কেটে দিচ্ছে...আমার এক বন্ধু,ওর নাম ফিরোজ মিয়া...একদিনে তারটা ৩ বার কেটে দিছে...৷এর বিচার কোথায় পাবো??",1
"থেকে যেও,জন্মদাগএর মত !",0
ধুর মিয়া এই যুগেও যদি বলদামি করেন তাহলে কিভাবে হবে।,0
শিক্ষা জাতীর মেরুদণ্ড আর মেরুদণ্ডই যদি পচা হয় তাহলে শিক্ষা আর কেমন হবে??শিক্ষা ব্যবস্থা টা একেবারেই ধংশ করে গেছে ওই মহিলা,0
লাসটা একনো তার কুনিকে বালোবাসে,1
বাংলাদেশের সবচেয়ে সহজ সরল মেয়েগুলো হলো নওগাঁ জেলার। এর কারণ হিসেবে বিজ্ঞানীরা বের করেন যে এরা ছোটোবেলা থেকেই শুধু আম খায় আর ঘুমায়। যার কারণে এদের মস্তিষ্ক পরিষ্কার থাকে ও মস্তিষ্কে কোনো প্রকার কুচিন্তা আসে না।,1
আপনি চাইলে আমি ভেরিফাই করে দিতে পারবো।,0
ছবি লাগলে নক দিয়েন দাদা।নতুন ছবি পাইছি।আয়নাঘর টাও আপনার মতো নতুন নতুন,0
বিবাহের অগ্রিম শুভেচ্ছা।,0
"সত্যি বলতে, আশির দশকের শেষভাগ থেকে হুমায়ূন আহমেদ আর ইমদাদুল হক মিলনের লেখার প্রতি বাংলাদেশি পাঠকের যে ভালোবাসা জন্মায়, নব্বইয়ের দশকে তা পরিণত হয় রীতিমতো উন্মাদনায়।",0
শিক্ষার্থী হিসেবে পড়াশোনার পাশাপাশি আত্মোন্নয়ন জরুরি।,0
"আল্লাহ নারাজ হবেন না। দুনিয়াতে যা চাইবেন তাই পাবেন, যেভাবে চলতে চাইবেন আল্লাহ আপনাকে সেভাবেই চালাবেন। মনে রাখবেন কিয়ামতের মাঠে দুনিয়ার প্রতিটি কাজের হিসাব দিতে হবে। সুতরাং হারাম কিছু চেয়ে পরকালে জাহান্নামীদের লিস্টে নিজের নাম উঠাবেন না",0
এই মহিলার মানসিক সমস্যা আছে। ওনার কন্টেন্টের শরীর প্রদর্শন ছাড়া আর কিছুই আমি দেখতে পাই না।,0
"মন চাইলো আর শেয়ার করে দিলেন, Atleast সত্যতা যাচাই করা উচিত ছিলনা?",0
পোস্ট দেখে তর কথা মনে পরলো,1
সারা বিশ্বে ইউনুস সাহেব সুপরিচিত একজন মানুষ। ওনাকে জাস্ট বেইজ্জতি করে ছাড়বেন বা উনি নিজেও হয়তো বেইজ্জতি হইতে চাচ্ছেন।,0
কি পেয়েছি আর কি হারিয়েছি কেউ না জানলেও আমার আল্লাহ ভালো জানেন সব কিছুর জন্য আলহামদুলিল্লাহ আল্লাহ অবশ্যই আমার জন্য উত্তম দিন রেখেছে সামনে,0
ভাই এ তো লিসা করছে... লিসাআআআআআ...,1
ভাই তুই ওর শরীর প্রদর্শনের লিংক দে... আমি দেখতে চাই।দেখমূ আর ত মারমু । দে তুই ।,0
"কি এক সমাজে আমরা বসবাস করছি! আহ! ভাবতেই নিজেকে ভিডিওর ওই পোকামাকর হিসেবে খুজে পাচ্ছি। আমরা আসলেই সেই ওসেনিয়ার থেকেও জঘন্য অবস্থায় আছি। যেখানে ন্যায় অধিকার নিয়ে কিছু করা তো দুরের কথা, মুখ দিয়ে একটা শব্দও বের করতে পারিনা বা লিখতে পারিনা। আমাদের কৃতকার্য যেন নির্ধারিত। আমরা কিভাবে কি ভাবে বেচে থাকবো সেটাও কেউ একজনের ইশারায় নির্ধারিত।",0
অদ্ভুত মানুষ খারাপ সময় যে মানুষ গুলো সাপোর্ট করে আমরা সে মানুষ গুলোর সাথে বাটপারি করি কথা দিয়ে কথা রাখিনা আমানতের খিয়ানত করি অথচ আমরা মানুষ এমন টা করার কথা না পরেও করে বসে থাকি। মানুষই মানুষের বন্ধু আবার এই মানুষই আবার মানুষের শত্রু।,0
ভাই স্বর্ণের দাম বাড়লেই কি আর কমলেই কি আমরা গরিব মানুষ ভাত খেতে পারি না স্বর্ণ কিনব কোথা থেকে এটা বড় লোকরাই কিনুক ওদের পক্ষে সম্ভব আমাদের কাছে তো ওগুলো বিলাসিতা স্বপ্ন,0
প্রতিষ্ঠানটির সেবা মান উন্নত করতে আধুনিক প্রযুক্তি ব্যবহার জরুরি।,0
বিষটি তাড়াতাড়ি আটকাতে হবে নয়তো আজ অন্য রোবটকে নিয়ে গিয়েছে কাল প্রোগ্রামারের বউকে নিয়ে যাবে না তার গ্যারান্টি কি,0
এই মামা না প্লিস না,1
হাইরে মানুষ...হাইরে বিবেক।এই দেশে অন্যায় করে ভাইরাল হওয়া যায়।মানুষের কাছে সম্মান পাওয়া যায়,0
"খোজ নিতেই যাবেন না, কারন আপনি নিজেই জানেন না আসলে কি শুনলে আপনার অন্তর ঠান্ডা হবে, অতএব কাউকে যাচতে যাবেন না",0
ভাবতেছি ১ লাখ ১১ হাজার ৪৪৯ নাম্বার কাঁধের উপরের ব্যক্তির যদি হঠাৎ করে দুই নাম্বার চাপে তখন তো মিশন ক্যান্সেল ...,1
"২ লাক্ষ ২৩ হাজার মানুষের উপরের টা কিন্তু ভাই,আগেই আমি বলে রাখলাম। এখন নিচের ২ লাক্ষ ২৩ হাজার মানুষ কে কথায় থাকবেন ঠিক করে নেন, উপরের টা কিন্তু আমি",1
সন্তানের প্রতিটি অর্জন মায়ের জীবনের গর্ব।,0
"গতকালের ঘটনার জন্য শেখ হাসিনা ও তার দল পরোক্ষ ও প্রত্যক্ষভাবে দায়ী। কিন্তু এর প্রতিক্রিয়া যে আরও ভয়াবহ হতে পারে, তখন তার দায়ভার কে নিবে?",0
আর এই পরিকল্পনা গুলো কোন কোন ভাবে বিপরীতে থাকা মানুষ টা নস্ট করবেই,0
যে কোনো রোগের চিকিৎসা শুরু করার আগে আমাদের উচিত চিকিৎসকের পরামর্শ নেওয়া,0
"পরিচয়ের সংকট সবচেয়ে বড় সংকট, যা মানুষকে ভেতর থেকে আঘাত করে",0
"সকল অপরাধীকে জয় বাংলা করে দেওয়া হউক,, ইনকিলাব জিন্দাবাদ",0
সঠিক পার্টনার পাইতে ভাগ্য থাকা লাগে যা সবার নাই,0
এদিকে রাজশাহীতে উলটা তিন-চারদিন আগের থেকে শীত কমছে,0
দুবাই ভিষা জটিলতায় ভুগছে লাখো প্রবাসি। একটু দুবাইতে নজর দিতে হবে,0
মাশাল্লাহ ভাই নতুন মডেল অনেক সুন্দর,0
ভালো হয়ে যাও বেলা দুঃখ বাড়িয়ো না,1
নিশ্চয়ই আল্লাহ উত্তম পরিকল্পনাকারী তাই তারই কাছে সাহায্য চাও তিনি নিশ্চয়ই দিবেন। ইনশাআল্লাহ।,0
সস্তা বাংলা সিনেমার কাহিনী... এত আবেগ দিয়ে জীবন চলে না।,0
সত্য কোন দিন গোপন থাকেনা। এটাই চিরসত্য,0
সব কিছু ঠান্ডা হয়ে যাবে চীনরে যদি তিস্তা প্রকল্প দেওয়া হয়। দরকার হলে ভারতের চিকেন নেকের পাশে চীনকে একটা সেনাঘাটি করতে দেওয়ার পক্ষে আমি।,0
একজন মানুষ কতটা আজাইরা হলে এসব ভিডিও শেষ পর্যন্ত দেখে,1
দিব্যি চিন্তা করে দেখেন তো এটা কি মানা যায়,1
কি আর বলবো। প্রাথমিক শিক্ষকদের বেশিরভাগেরই যোগ্যতা নাই। কেউ আবার রেজিস্ট্রার থেকে সরকারি এদের তো আরো যোগ্যতা নাই,0
"টমেটো পরিপক্ক হয়ে জমিতে পাকা শুরু করলে হারবেস্ট করতেও বিরক্ত লাগে, এত দ্রুত এত ফল পাকে, শুধু শুধু ক্যামিকেল দেয় কেন এরা?",0
যে আমেরিকা আজ আমাদের অসহায় মুসলিম ভাই বোনদের রক্ত নিয়ে খেলা করতেছে মুসলমানের বাচ্চা হয়ে সেই আমেরিকার কালচার প্রতিষ্ঠা করতে চাই এই মূর্খ পাগলগুলা,0
"চেহারা টা দেখেন, কতো ইনোসেন্ট!",0
ফুল নাই কপালে দেখা হবে বিকেলে এটাই বাস্তব I Love You,1
এইতো বাস্তবতা। যোগ্য ব্যক্তি কখনো সঠিক জায়গা পায় না।,0
বউয়ের সামনে বিড়াল হওয়ার কি আছে বউ কি বাঘ নাকি যে খেয়ে ফেলবে।,1
এখন আর মাংসের মধ্যে ওই স্বাদটা পাই না।,0
"জিম, মানে বুক ডাউন",1
কি হবে লেখা পড়া করে উচ্চ শিক্ষিত হয়ে যদি নৈতিকতাই না থাকে।,0
"ওপেন রিলেশনশিপ মানে আপনারা কেউ কারো প্রতি কমিটেড না, একটা ওপেন রিলেশনশিপে আবদ্ধ দুইজন চাইলেই অন্যদের সাথে সম্পর্ক স্থাপন করতে পারে, সেটা যে ধরনেরই হোক। অর্থ, আপনি যার সাথে এই মাত্র ওপেন রিলেশনশিপ ষ্ট্যাটাস দিলেন, সেই ছেলেটা অন্য একটা মেয়ের সাথে ডেটিং এ যেতে পারে, তাকে বেডে নিয়ে যেতে পারে, এবং আপনি সেটার পারমিশন দিচ্ছেন, একই কথা মেয়েদের ক্ষেত্রেও প্রযোজ্য।",0
ইন্ডিয়া মানেই আদোচা,1
আমার ও মনে হয় খেলা দেখা যাওয়া দরকার।,0
ইংরেজদের ক্যাম্পে বাঙ্গালী সেনারা ছিল এইটা জানতাম না তেমন একটা।,0
"ডান চোখ হতে বাম চোখের যতটা দূরত্ব , মৃত্যু তার চেয়ে নিকটে",0
এখানে শতকরা নব্বই জনই কোরানের ভুল শিক্ষাকেই আদর্শ বলে ভাবে । ফলে কাফের জেহাদ আর নামাজ ঠোকা ছাড়া আর কিছুপারে না।,0
রাসুল সঃ -এর নির্দেশনা আমাদের জীবনকে সুন্দর করে তোলে।,0
দেশের বেকারত্ব হার কমানো এবং কর্মসংস্থান সৃষ্টি করা অত্যন্ত গুরুত্বপূর্ণ।,0
বালিশটা সাইজে বড়।তাই আনতে পারবো না,1
এ ভাই তোরা মনের কথা কি ভাবে বলতে পারিস,1
BBC কি ইদানীং আওয়ামী লীগ প্রেস উইংয়ের দায়িত্ব পালন করছে? আওয়ামী লীগ কোন নেতা টিস্যু পেপার ফেললেও সেটা বিবিসি নিউজ করে-- হাস্যকর লাগে,0
"এমন কোন দেশ আছে,যে দেশের সকল মানুষ নিরাপদে থাকে... ?",0
মেধাবী সবার জন্য বৃত্তির ব্যবস্থা করা হোক,0
এই পোস্ট এর পরে কইজন আপনারে অজ্ঞান করা ছবি পাঠাইছে সেইডা একটু দেখান,0
সাফল্যের চাবিকাঠি হলো আত্মবিশ্বাস এবং কঠোর পরিশ্রম।,0
ভাই এইডা আক্ষেপের নাকি কষ্টের বানি,0
"সালমান ভাইকে অপমান করে কি মজা পাও ফ্রান্স,ভাইয়ের জামা ও জুতার মধ্যে রয়েছে লাল রং যা,আমাদের চেতনার রং, তাই কথা বলার আগে ভেবে বলো",1
"আমি মনে করি, এই ঘটনা আরো আগেই হতে পারতো।শেখ হাসিনা পালালো, আরো অনেক কিছুই হতে পারতো।সব সময় ট্রিগার দরকার হয় কেন? আয়নাঘর সামনে আসছে না কেন? গত ষোল বছরের জঞ্জাল কবে সাফ হবে?",0
প্রাকৃতিক দুর্যোগ কমাতে বেশি গাছ লাগানো সময়ের দাবি,0
"সরকার বিদ্যুৎ দিতে পারে না, এর দায় ব্যবসায়ীরা কেন নিবে??",1
রোগীর ডায়াগনসিস সঠিক হওয়া চিকিৎসার জন্য জরুরি,0
আমাদের মাঝ থেকে অকালে হারিয়ে যাওয়া দুই অকালপক্ব লিগেন্ড,1
আমার আশেপাশে থাকা মানুষ গুলোকে আমি বন্ধু বলেও সম্বোধন করিনা।,0
গুজব ছড়ানোদের অাইনের অাওতায় অানা প্রয়োজন ।,0
এই বেডি একাই বাংলাদেশের অর্ধেক বেডা নিয়ে গেলো। ঐদিকে সোহেল তাজ একাই বাংলাদেশের বেডি শেষ করে পার্শ্ববর্তী দেশে পা রাখতে যাবে।,1
আবেগ দিয়ে দেশ চলে না বিবেগ দিয়ে দেশ চলে,0
"অন্যায়ের বিরুদ্ধে এভাবেই রুখে দাঁড়াতে হবে, সেজন্য এইদেশে কয়েকজন ইলিয়াসের খুবই প্রয়োজন",0
প্রিয় বন্ধু অনেক দূরে তুমি আছো??,0
"পৃথিবীটা গোল,তাই একটু ব্যালেন্স করে চলতে হয়।",0
এই পৃথিবীটা হচ্ছে ক্ষণস্থায়ী,0
রোজা আছেন্নি আপু?,0
"হাহা,, শনিবার এ চা,কেক খাইলাম,,,, জিগাইলাম মামা চা,কেক খাইলে ৫০০ খুচরা হবে , সেই একটা হাসি দিয়া বুঝাইলো হবে,,, তখন ও জ্যাকেট টা পরা ছিল বাট এমনে লক্ষ্য করি নাই",0
আজকে এইরকম বাবা নাই বলে আমরা কন্টেন্ট করতে পারিনা,0
লাল স্বাধীনতার যুগে পাওল সাংবাদিকদের কাছে এর চেয়ে ভালো কোন নিউজ হবে নাকি?,0
বাস্তব জীবনের 'অর্জুন' হয়ে হায়হুতাশ পাচ্ছি।,1
জনাব ফরহাদ মজহারের কথা শুনে মনে হচ্ছে নীতি একটাই তাল গাছ আমার।,0
"এক পর্যায়ে বিড়ি কেনার টাকা শেষ হয়ে যায়, তখন এক সুন্দরী আগন্তুক এর আবির্ভাব ঘটে ! এরপর থেকে তার রুপেই পড়েছি",1
সাপোর্ট করলে সাপোর্ট পাবেন ইনশাল্লাহ নতুন,0
তামিম ভাইজান আপনি হচ্ছেন লিজেন্ড আপনি হচ্ছেন সেরা আপনি নাম্বার ওয়ান,0
"মানুষ কে তার সোস্যাল লাইফ দেখে 'জাজ' করলে আপনি অধিকাংশ ক্ষেত্রেই ভুল করবেন! আমি যে ৮-৯ টা গার্লফ্রেন্ড রেখে প্রতি রাতে স্যাড স্ট্যাটাস দেই,এটা কি আপনি জানেন? জানেন না! 3",1
আজকে থেকে লম্বা সবজি আর খাবো না।,0
এটা হাসিনা যদি করত মিনিমাম ৫০ ট্রিলিয়ন পাউন্ড লাগত আর সময় লাগত বাংলাদেশ দেউলিয়া হওয়ার আগ পর্যন্ত,1
সামান্য কিছু অর্থের লোভে পড়ে মানুষ কত নিচে নামতে পারে।,0
রাজাকার এর হাতে পইড়েন না,1
স্লোগান ও গ্রাফিতিতেও ছিল ভিন্নতা ও নতুনত্ব।,0
নিউজ রিপোর্টার এর খবর পড়তে যেয়ে হাসি টা অনেক কসটে আটকে রাখছে,1
ভাইয়ারে একদিন আমি ইয়ারপোট এ দেখে ফেলেছিলাম তার গফ এর সাথে,0
গাছ লাগানোর পাশাপাশি নিয়মিত পরিচর্যাও করতে হবে,0
"সেই একদিন কোন দিন আসে না,আসলে কিছুই ঠিক হয় না,আদোতে আমরা অভ্যস্ত হয়ে যাই,কষ্ট লাগা কমে আসে। কিছুর ই পরিবর্তন হয় না,শুধু নিজেকে খাপ খাইয়ে নিতে হয় সবটার সাথে।",0
সহযোগিতা বলতে কি একজন আরেকজনের উৎসবে বাগড়া দেয়া? অসহযোগিতা না করাও এক প্রকার সহযোগিতা! এসব অতি উৎসুক ব্যক্তির কারণে ভারতীয়রা সংখ্যালঘু টার্মটা ইউজ করার আরো বেশি সুযোগ পায়।,0
এই দ্বৈত ভূমিকা বিশেষভাবে প্রাসঙ্গিক।,0
চোর বাটপারের কাছে তো থানা অযৌক্তিক মনে হবেই,1
বিশ্বাস করেন ভাই এটা গরুর দৌড়ের ভিডিও না,0
এসব গান যে কই পান আপনারা!!,1
প্রাচীন সভ্যতাগুলোর প্রযুক্তিগত উন্নতির প্রমাণ পিরামিড,0
শিক্ষকদের সন্মান দেওয়া উচিত। এই জন্যই জাতি এই অবস্থা।,0
লাইফকে সহজ করতে চাইলে নিজেকে চুপ রাখতে হবে। এটা খুব ভালো উপদেশ,0
রান্না করেও ধরা পড়েন কি করে,1
"কিছু দিন আগেও শুনলাম আশরাফুল, ইমরুল কায়েস আমেরিকার হয়ে খেলবে,এখন আবার সাব্বির রহমান? বাঙ্গালীরা এতো খবর পায় কোথা থেকে।",0
"বাহ বাহ বাহ,খুব ফজিলতপূর্ণ পরামর্শ!",1
"আপনি, ইদানীং কমেডিয়ান হয়ে গেছেন",0
সালমান তুমি কুকুরের মত কান্না করতেছো কেন,1
"বিশেষজ্ঞদের মতে, ক্যানসেল কালচার কখনো কখনো কর্তৃপক্ষের ক্ষতিকর ও আপত্তিকর বিষয়ের বিরুদ্ধে ব্যবহারযোগ্য অস্ত্র হিসেবে কাজ করলেও অনেক ক্ষেত্রেই এটি হয়ে ওঠে আক্রমণাত্মক ও বিষাক্ত।",0
"সারাহর জীবনে চেহারা বড় ভূমিকা রাখলেও তার কাজও কম গুরুত্বপূর্ণ নয়। ইন্সটাগ্রামে সে যা করছে, সেটা দেখার মতো।",0
তুই তো মনে হয় শীতের জামাকাপড় কিনস নাই এই বছর,1
"যতকিছুই হোক, এই ব্যাটাকে কেউ কখনো ঘাড় ধাক্কা দিতে পারবে না। কারণ এর তো ঘাড়ই নাই।",1
অতীতের ঘটনা বর্তমান সম্পর্কে প্রভাব ফেললেও ভবিষ্যতের আচরণের পূর্বাভাস দেয় না।,0
"""""সফলতার জন্য অবশ্যই আমাদের চেষ্টা... """"আর ধৈর্য দুটোই সমান রাখতে হবে... """"তাহলে সফলতা আসবে ইনশাআল্লাহ",0
গোলাপ দেওয়ার মানুষ নেই রং চয়েস তো বিলাসিতা,1
ভাইরে ভাই একে তো শুট করে তার মধ্যে এরা আবার পড়ার সময়ই বা কোথায় পায় যে কাস্টমস অফিসার হয়ে গেলো,0
"চিঠির প্রতিটি পয়েন্ট খুব মনোযোগ দিয়ে পড়লাম, লেখকের বিশ্লেষণ প্রশংসনীয়।",0
হাসিনার কথায় হাসি ছাড়া কিছু আসে না,1
আল্লাহ আপনাকে সুস্হ ও নেক হায়াত দান করুক।,0
মশায় যদি দেখে এরকম ভাবে থাপড়াইতেছে তাহলে তার কাছে ভুলও আসবে না,1
আপনি একজন শিক্ষক আপনার প্রতি শ্রদ্ধা বোধ রাখে কিছু কথা বলতে চাই।,0
রোগীর পরিবার এবং চিকিৎসকদের মধ্যে সঠিক তথ্যের অভাব সেবার মানের ওপর নেতিবাচক প্রভাব ফেলে।,0
আল্লাহ্ তুমি আমাদের এই নমরুদের বাচ্চার হাতথেকে রক্ষা করেছো তোমার দরবারে হাজার হাজার শুকরিয়া।,0
"অর্জুন হয়তো ক্রিকেটে এখনো নিজেকে প্রমাণ করতে পারেনি, কিন্তু চেষ্টা করাটা জরুরি।",0
"আমরা চরম সংঘর্ষের পথে না চলে, শান্তি ও সমঝোতার দিকে যেতে পারি, এমন একটা আশা রাখতে চাই।",0
দিবা স্বপ্ন দেখা বাদ দেন,0
সবুর করো সবুর কা ফল মিঠা হোতা হে,0
"একজন সংসদ সদস্য হিসেবে কিছু বলতে মন বাধা দেয়, এই মহিলা কিন্তু বিএনপি ও না, সে একজন বাজে মহিলা এই টুকু বল্লাম।",1
উন্নয়নের জন্য সঠিক দিকনির্দেশনা প্রয়োজন।,0
মাসুদ তোরা পালানোর পথ পাবি না এত সুন্দর দেশটা ধংস করেছিস,1
মেয়েটার অনেক ধৈর্য আছে বলতে হয়,1
বাবা আগে থেকেই নষ্ট ছিল তা না হলে ছেলে নষ্ট হত না কারণ তেতুল গাছে কখনো ডালিম ধরে না,0
"আজকে আর কোন ধান্দার খবর পাও নাই, এজন্য এইটা নিউজ করছো",1
"এইটা দেখার পর আমি মুগ্ধ, শিহরিত, আহত, ব্যাহত, গর্বিত , অনুপ্রাণিত, ব্যাথিত, মর্মাহত, শোকাহত , বিমোহিত , আনন্দিত , রাগান্বিত , আতঙ্কিত ,রোমাঞ্চিত ক্রন্দনরত , বেদনাদৃত , চিন্তিত , বিভোরিত , মোহিত , কম্পিত , সুরক্ষিত , কলংকিত , হাস্যরত, ক্রন্দিত, আরও কতিপয় কিছু লেখার ছিলো কিন্তু আমার আঙ্গুল ক্ষতিগ্রস্ত হওয়ায় আমি দুঃখিত । সর্বোপরি নিহত।",1
নতুন করি আবার গরিবের হক নষ্ট করার ফন্দি। আল্লাহ তোদের বিচার করবে।,0
ওদেরকে ফুল সাপোর্ট দেওয়া এখন আমাদের নৈতিক দায়িত্ব!,0
কোটি কোটি টাকা ব্যাংকের লুট করেছে লীগ সরকার তখন ব্যাংক কার চুল ছিড়ছে?? অল্প দেনায় ছোট বাচ্চাদেরকে আসামী করে ফেলছে। মানবিক বিচারে এই ছোট শিশুদের মাকে জেলে দেয়া যায়?,0
নতুনদের জন্য ভালোবাসা রইলো,0
পুরনো দিনের স্মৃতি মনে পড়ে গেল,0
ফেব্রুয়ারি তারাতাড়ি আসুক আর যাক ব্যাচেলর অবস্থায় ঠান্ডা আর ভালো লাগেনা,1
প্লিজ ম্যাম একটু ভাংতি দেওয়া যায় কি?,0
মরে মরে ও ফান পোস্ট করি,1
খোঁজ নিলে হয়তো দেখবেন নিজের মা বাবা ছাড়া কারো কাছেই আপনি 'অতো স্পেশাল' না!,0
অনেক দিন হলো বঙ্গবন্ধু তুমায় দেখি না আজকে দেখা করব,1
"ভাই আপনি দেশের উন্নতি তে কি করেছেন ফেবু, youtube, চ্যানেল এ ভাসন ছাড়া যুবসমাজ এর মাথা ব্রেইনওয়াশ ছাড়া। সে কিছুই করে নি, দেশ এমনিতেই এগিয়ে যাচ্ছিলো কিছু ক্ষেত্রে। সব আপনার মতো পাবলিক রা করছে, যাদের এত মাস পরেও একটা বাড়ি, মূর্তি ভেঙ্গে দেশের উন্নতি দেখাতে হয়। Hat's off...",0
আছো ইনশাআল্লাহ সারাজীবন থাকবা প্রিয়তমা বউ আমার,0
আগে বিয়ে করেনি পরে বলবো,1
আলহামদুলিল্লাহ আমার মা ও এমন,0
চোরের শরীরে যদি একটু মায়া থাকে তাহলে মনে হয় নেবে না,1
কাপর সিলাই করে খা,1
গুছানো সব কিছুই দেখতে সুন্দর কিন্তু জীবনের এতো দৌড় ঝাপ এতো ব্যস্ততা আর অগোছালো জীবন নিয়ে এইসব কিছুই যেনো বিলাসিতা ...,0
নাম্বার টা আমার বর ভাইয়ের অবস্থান একজন প্রবাসী জানে প্রবাস কি,0
আমার সেনাবাহিনী খুব পছন্দ,0
গোলাপি এখন ঢাকায়...,1
কে কে শেখ হাসিনাকে ভারতের প্রধানমন্ত্রী হিসেবে দেখতে চান,1
আমরাও চাই সাব্বির রহমান চলে যাক,0
"জীবন এমন সিচুয়েশনে ভাগনিরা ফালাইছে, হঠাৎ বলে মামা uno বলো নাই",1
"বাবুরে, তখনের মানুষের চিন্তাভাবনা এত নোংরা ছিলো না।",0
আমাদের স্কুল তুষার স্যার এমন ছিলেন নাম আর গলার আওয়াজ খুব ভালো মনে রাখতেন,0
"আইন সকলের জন্য,সমান।",0
আজ কেউ নাই বলে তাকে মেনশন দিতে পারলাম না।,1
বউ জিনিস টা আমার কপালে নাই,1
ডাক্তারদের কাজ সময়নিষ্ঠ হওয়া উচিত,0
এমন কষ্টের ভিডিওতেও ফিল্টার লাগানো লাগে,1
হিসাব বারাবর,1
"এরকম আলোচনা আমাদের দেশেই সম্ভব। অন্যদিকে বিদেশি মুরগি, কুকুর, ছাগল পালন করে বছরে দেশে থেকে বছরে ৩০ লাখের কাছাকাছি কামাচ্ছেন অনেকে।",0
মানুষ কতো টা খারাপ হলে এইসব জিনিস খেয়াল করতে পারে ভাবতে পারে ছি,1
"১৯৯০-এর দশকে কোম্পানিটি ১০০৬ চেয়ারের ডিজাইনার সংস্করণ তৈরি করে, যেমন স্ট্যাক্যাবল হাডসন চেয়ার এবং প্রক্রিয়াজাতকৃত প্লাস্টিক থেকে ১১১ নেভি চেয়ার।",0
শুরুতে না বুঝলেও তিমিটা পরে বুঝতে পেরেছিলো। তাই পরে বের করে দিয়েছে। তিমি মানুষকে পছন্দ করে।,0
বুকের হাড় ভেঙ্গে যায় বল লেগে,1
"এরে দেখলেই জোকার লাগে ভাই,",0
মাত্র নয় বছরের জন্য এমন ডিস্টাব করা উচিৎ হয়নি। আরো নয় বছর অপেক্ষা করা দরকার ছিল।,1
শিক্ষা প্রতিষ্ঠান বন্ধ করে দেওয়া হোক,0
সরকারের নজর আসা উচিত আশা করি সরকার বিষয়টা ভালোভাবে দেখবেন এবং ওই মহিলাকে মুক্ত করে দিবেন,0
অপরিপক্ক সিদ্ধান্ত কারণ ঢাকায় আর একতলা বাস প্রয়োজনীয়তা পূরণ করতে পারছে না। নগরীতে দ্বিতল বাসের প্রচলন করা উচিত,0
নামাজ বাদ দিও না বন্ধু এপারের চেয়ে ওপারের জীবন আরো সুন্দর ।,0
পারিবারিক শিষ্টাচার ও সামাজিক মূল্যবোধের অবক্ষয়।,0
ফালতু বিডির হাত থেকে আল্লাহ আমাগো রক্ষা করেছে,1
"এবার নাতিপুতিদের কোটা ছিলো নাহ, শুধু মাত্র সন্তানদের ছিলো কিন্তু মেডিকেলে এসব কোটা থাকাও উচিত নাহ।",0
লিজেন্ড হয়েও বিপদে আছি।সবকিছু কেমন জানি খুব তারাতারি বুঝে ফেলি,1
এমন বয়ফ্রেন্ড কই পাবো,1
"তারপর বন্ধু বড় হতে হতে বৃদ্ধ হবো। বৃদ্ধ হয়ে মারা যাবো। কচি কচি ছেলে মেয়েরা পৃথিবীতে বিচরণ করবে। তারা আনন্দ করবে। হৈ হুল্লোর করবে। বৃষ্টি পরবে, চাঁদ আলো দেবে। নতুন গান বেরোবে। মুভি হবে। এসব দেখার জন্য আমি আর থাকবো না। আফসোস! অনেক আফসোস!",0
মায়ের জন্য সন্তানের ভালোবাসা কখনো ফুরায় না।,0
"কমিউনিটি-ব্লগভিত্তিক কিছু লেখক সমাবেশ গড়ে ওঠে, সঙ্গে থাকে ফেসবুক।",0
মানুষ না পাল্টাইয়া পোষাক পাল্টাইয়া লাভ কি ? নতুন মোড়কে পুরানো মাল।,1
২ বেলা মাশরুম খাবা ডাক্তারও আয়রনি করলো,1
আল্লাহ জানে কোন নারী জানি আবার বাচ্ছার মা হয়ে যায়,1
দিনের পর দিন ছোট ছোট লক্ষ্য ঠিক করে কাজ করা আসলে একে একে বড় সফলতার দিকে নিয়ে যায়।,0
"আর যদি তুমি দুনিয়ার অধিকাংশ লোকের কথামত চল, তাহলে তারা তোমাকে আল্লাহর পথ হতে বিচ্যুত করে দেবে।",0
"পৃথিবী কেনো গোল? কিভাবে আমরা আজকে এই সাইড থেকে, কালকে ঐ সাইডে যেতে পারি",1
"পুরনো চরিত্রগুলো একেবারে নতুনভাবে সাজানো হয়েছে, খুব ভালো লাগছে।",0
বিঁড়ি নকল হলেও মনে হইতেছে আপনি পিনিকে আছেন,1
এরকম একটা ছবি আমার সামনে একে দিতে পারলে আমি এক লক্ষ টাকা দিব,1
যে করে হোক আপনাকে একটা বাসে হেল্পার হিসাবে নিয়োগ দিতে পারবে,1
"উপদেষ্টাদের প্রতি সপ্তাহে একবার নিজেদের মধ্যে আলোচনা করা উচিত ,কি করলে দেশের জনগণ উপকৃত হবেন।",0
জুলাই অভ্যূত্থান স্বরণীয় করে রাখার জন্য পিনাকির নাম পরিবর্তন করে আবু সাঈদ রাখার জোর দাবি জানাচ্ছি,1
কতটা পাপ কাজ করলে এসব ভিডিও সামনে আসে,1
তামিমকে এর চরম মূল্য দিতে হবে।,1
এবার সবাইকে সাবধান হওয়া জরুরী। পরিস্থিতি বেশী ঘোলাটে হলে দেশে ভিন্ন শাসন নেমে আসতে পারে। সতর্ক হতে হবে।,0
"ঢাকায় যতোই উন্নত গাড়ি আসুক,আগের আমলের জোরাতালি দেওয়া গাড়িগুলো রাজধানী থেকে উঠবে না",1
সুক্ষ্ম তদন্ত হওয়া দরকার!! আঘাতের ধরন দেখে আমি ১০০ নিশ্চিত এটা মিডনাইট টর্চার!! এটাও নিশ্চিত এ্যাটাকার একজন ফিমেল।!! আপাতত তদন্তের সার্থে এর চেয়ে বেশি কিছু বলা যাবে না।,1
এরা আসল অপরাধীকে ধরতে না পেরে জাতির সাথে মস্কারা শুরু করছে,0
১১ বছর বয়সে আমি মায়ের কাছে ৫ টাকার জন্য বায়না করতাম।,0
২৯ জানুয়ারি সিলেটের আম্বরখানায় গ্রামীণফোন সেন্টারটি উদ্বোধন করা হয়।,0
"বৃষ্টি হলে যদি ঘুমাতে ভালো লাগে, সেটাই করুন।",0
ভালো করে আগে ইউটিউবে নিজে নিজে ফাঁসি নেয়ার টিউটোরিয়াল ভিডিও দেখ তোমরা। নাহলে পরে বর্ষা আপার মত উল্টা পাল্টা ভাবে দড়ির বদলে বিয়ের উড়না দিয়ে কোন রকম প্যাচিয়ে উল্টা ভাবে ফাঁসির মঞ্চ থেকে পড়ে যাবা।,1
"পাঠকরা যদি এই বইয়ের মাধ্যমে কিছু নতুন ধারণা পান, তবে সেটি অবশ্যই ভাল।",0
কারণ এই দুই সংগঠন-ই হিন্দুত্ববাদী সংগঠন।,0
"ভারতের দোষ, ভারত দিল্লি থেকে প্লেনে পানি এনে চট্টগ্রামে ছেড়ে ডুবিয়েছে",1
ভাই স্যাড সং শোনালে আমার কি গোনাহ হবে,1
"একদম নিজের সাথে মিলে যায়,আমি ঠিক মানুষের প্রতি যতটা আন্তরিক তাদের মধ্যে খুব কমই",0
পাগলের মতো ভালোবেসেছিলাম আর সে পাগলভেবে অবহেলা দিয়ে গেছে,0
"ভাইয়ের এখনই এই অবস্থা ,,, এরপরে তো পিকচার আভি বাকি হে!!",1
জীবন সম্পর্কে ভাবনার দৃষ্টিভঙ্গি সময়ের সাথে বদলে যায়,0
"আমি প্রেমিকার মন দেখেনি, কিন্তু আমায় পাওয়ার আশায়, তাকে বাবার মাজারে দেখেছি",1
"তাড়াতাড়ি পাবলিসড কর,আমরা জনতারা দেখার জন্য আগ্রহে চেয়ে আছি।",0
জয় বাংলা বাংলার জয়,0
"তাকে পল্লীতে পাঠিয়ে দাও, তার জন্য অনেকেই অপেক্ষা করতেছে।",0
বাসুদেব দাদা ভারতের সাথে যতদ্রুত সম্ভব যোগাযোগ করেন,1
পলাতক স্বৈরাচারের লাইভে যা যা থাকবে স্বজন হারানো বেদনা দেশ আমার বাবার স্বজন হারানো বেদনা সব দোষ বিম্পি- জামাতের স্বজন হারানো বেদনা আমি নির্দোষ স্বজন হারানো বেদনা আমি কি দোষ করেছি? স্বজন হারানো বেদনা,1
পিরামিডের মতো স্থাপত্য আমাদের অতীতের উন্নতির প্রমাণ বহন করে,0
"অথচ দশকের শেষ দিকে দেখা যায়, ঢাকাসহ আরও কিছু শহরে চালু হচ্ছে বুক ক্যাফে ঘরানার কিছু বিপণি।",0
আলহামদুলিল্লাহ আশিক ভাই ভালো থাকবেন দোয়া রইলো,0
চুলকানোর সময়টাতে মজা পাওয়া যায় কিন্তু জলনিটা হয় পরে গেটে ঢিল মেরেছে পরে মাথাতেও মারতে পারে তাই হেলমেট পরে থাকবি সবসময়,1
"বর্তমানে কোচিং সেন্টারগুলো ফ্রি এক্সাম এবং কোর্স অফার করে ভালো ছাত্রদের আকৃষ্ট করতে। তারা এই প্রলোভনগুলো ছাত্রদের সফলতার সম্ভাবনা বাড়ানোর উদ্দেশ্যে দেয়, কিন্তু কখনও কখনও এতে ছাত্ররা মানসিক চাপের মধ্যে পড়তে পারে।",0
"পরিকল্পনা ছাড়া কোনো কাজ করা সম্ভব নয়, এবং সেটা বাস্তবায়ন করতে গেলে ডিসট্রাকশন থেকে দূরে থাকতে হয়।",0
"শাকপাতা গাছ দ্রুত বড় হয়, আর গাছের জন্য নিয়মিত সেচ দেয়া উচিত।",0
"দুনিয়াতে এখনই একমাত্র সেই পরাশক্তি হতে পারবে যে সস্তা অনেক অনেক কম দামে মানুষের কাছে দিতে পারবে কেননা মানুষ এখন অনেক বেশি যাদের প্রোডাকশন লাইন অনেক ভালো কম দামে অনেক কিছু উৎপাদন করতে পারে তারাই মার্কেটের টিকে থাকবে,",0
সারাজীবন দুঃখের পোস্ট দেই...তারপর আবার নজর দেই কিডায়,1
খুব সমস্যায় আছে দেশটা,0
"ওনারা পুতো পবিত্র মানুষ ,ওনাদের নামে কথা বললে গুনা হবে।",1
"দেশেই যেহেতু আছেন, যে উন্মত্ততার সপক্ষে ২৪ ঘন্টা আগে সম্মতি উৎপাদন করলেন আপনার মতো অনলাইন কুতুবেরা সবাই মিলে, এই উন্মত্ততার দৈত্য যে থামাথামির নাম নিতেছে না, সেই দায়িত্ব কি এখন নিবেন আপনারা!?",0
শুনেছি হুজুগে বাঙ্গালী মানে একজন যা করে সবাই তা করে আগুন লাগার ক্ষেত্রেও তাই দেখতেসি,0
কিন্তু এই কমেন্ট করার পর আবার না আম্মু পল্টি মারে।,1
অন্য কারো তবে শাহরিয়ার কবিরের নয় সেটা আমি ১০০ কনফার্ম।,0
আমার যেই পড়াশোনা আবার ঢাবি,1
এখন পুলিশ ভেবে র্যাবকে ঘুষ দিয়ে ফেলবে লোকজন!,1
"যেখানে সর্বনিম্ন পাস নাম্বার ৩৩, সেখানে ৩২ রেখে লাভ কি ??",1
আমার শহীদ ভাইদের রক্ত কখনো বৃথা যেতে দেব না,0
"পোস্টটা পড়ে মনে হচ্ছে, নিজের ইচ্ছাশক্তি আর শক্তিকে আরও ভালোভাবে কাজে লাগানো উচিত।",0
খ্রিষ্টান নাকি আহালে কিতাব আল্লাহ আপনি এদের বোঝার তৌফিক দিন। এসব মানুষকে হেদায়েত করুন। আমিন।,0
আমি এখনো এই বিষয় কিছুই জানতে পারলাম নাহ হইছেটা কি,0
আমি নিশ্চিত আপনার চা বাগানে চায়ের গাছ তোলার অভিজ্ঞতা আছে তা না হলে এতো নিখুঁতভাবে চা বানাতে পারতেন না।,1
কই গো তুমি শুনছো,1
এমন এক প্রজন্মের সাথে হাসিনা পাঙ্গা নিচ্ছে যারা ৯টার কথা বলে ৮টায় কাজ শুরু করে দেয়,0
অনুপমের গান লিরিক কম্পোসিং সমস্তই খুব ভালোলাগার,0
আল্লাহ্ আমাদের মিলিয়ে দিক আমিন ছুম্মা আমিন,0
আমি সবগুলোয় কাকা বলি বাবা বাদে,0
"কয় দিন যাইতে দেন। তারপর দেখবেন আমরাই বিরক্ত। আগের মতো বাসার সামনে থেইকা, বাসার গলি থেইকা বাস এ না উঠতে পাইরা বিরক্ত হইয়া যাবো। ভালো কিছু তো আমাদের সয় না। তাই আরকি",0
ধ্বংসস্তূপের পাশে সৃষ্টির জয়গান।,0
আমার বাপরে কেউ মেনশন দে,1
"সমাজ নষ্ট এর মুল কারন হচ্ছে এ সকল মেয়ে রা, । আজকে অই ছেলে কে নিয়ে ফেক চ্যাট বানিয়েছে, কাল পরশু আমাকে আপনাকে নিয়েও বানাতে পারে। এদের পেজ এর পোস্ট দেখলে ই বুঝা যায় এসব কিছু বানোয়াট৷",1
করোনা শুধু স্কুলে আর মসজিদ মাহফিলে... বাকী সব যায়গা করোনার চেয়েও শক্তিশালী,1
এখন কথা হচ্ছে কোন বালতি আমাকে চা-পানের টাকা বেশি দিবে,0
এই অবস্থার পরও ভারতীয়রা নাকি আমেরিকা ভিসার জন্য মন্দিরে পুজা করতেছে।,1
সরকারি হাসপাতালের অপ্রতুল জনবল এবং অতিরিক্ত রোগীর চাপ ডাক্তার ও নার্সদের জন্য সেবা দেওয়া চ্যালেঞ্জিং করে তোলে।,0
মুখ থাকলে বহু কথা বলা যায়,0
আগে শুনতাম স্বজন হারানোর বেদনা এখন বাড়ি হারানোর বেদনা যুগ হইছে,1
কথা টা একদম ঠিক। কথা কন ঠিক কি না।,1
আওয়াজ একদম শুনতে পাই না কিরকম একটা ফিশ ফিশ শব্দ করে,1
মান্না ভাইয়ের সাথে শাকিব খান,0
ফিল্ডার হিসেবে নাসিরের ধারে কাছে কেউ নাই।,0
মার্কো জনসন উনার নাম,1
"দেখতে সূর্যের বাঁধভাঙা রোদের মতো উজ্জ্বল, চাঁদের মতো মায়াবী।",0
আপনার কথাগুলো সঠিক কিন্তু বাস্তবতা অনেক কঠিন সবাই পরিস্থিতির শিকার।,0
ঠিক বলেছেন। প্রতিবিপ্লব ঘটানোর চেষ্টা অব্যাহত আছে। প্রত্যেকটা আনরেস্টের পিছনে কারিগর আছে কিন্তু কাউকে সনাক্ত করা হচ্ছে না।,0
"ভাষণে বলবেন ,আমি ৭ কলেজ কে বিশ্ববিদ্যালয় বানিয়ে দিব ।তোমরা সবাই মাঠে নেমে যাও, ঢাকা শহরে যেন একটাও গাড়ি না চলে।",1
আমি বেলার ভাই বলছি সে এখন ঘুমাচ্ছে সে এখনও এই পোস্ট টা দেখে নাই সে দেখার আগেই তোমাকে ব্লক করে দিচ্ছি,1
"উহু কি উহু,,ইয়ের ভিতর দিবো উহু",1
"তখন, আই লাভ ইউ এর বদলে শুধু বলা হয় ""তুই না গেলে আমিও যাব না""",1
"ভাই আমি তো দেখেছি ওখানে ফুসকা চটপটি, চায়ের দোকান, কাপড়-চোপড়, শীতের পোশাক, সব্জির দোকান সবই ভিতরে সেল করে, তাহলে আপনাকে কেন তারা পারমিট দিবেনা?",0
রাজনৈতিক সিদ্ধান্তের প্রভাব সময়সাপেক্ষ।,0
আরে এ Suck যে শাক নয় রে কেউ ওকে একটু বোঝা ।,1
"আজকে কেউ নেই বলে, হুডি কিনতে পারলাম না",1
কল্পনার নতুন শুরু হোক সুখের এবং শান্তিময়।,0
ভাউতাবাজির একটা লিমিট থাকে,0
"থাক, এই দুর্দশা কেটে গেলে যাওয়া যাবে।",0
আজকে কি মেট্রোরেল চলতেছে?,0
বাংলাদেশের হাসপাতালে ডাক্তার ও রোগীর মধ্যকার সম্পর্ক উন্নয়নে মাল্টি সেক্টরাল গবেষণা প্রয়োজন।,0
শাশুড়ি মাকে দেয়া আমার ছোট্ট সারপ্রাইজ,1
রোগী সুস্থ হলে তাকে বাড়ি পাঠানো হয়,0
এই পানি নিষ্কাশন করতেই হবে। খুব ই সন্দেহজনক। হয়তো অপকর্মগুলোর আলামত ঢাকার জন্যই এই পানি ঢালা হয়েছে। তাছাড়া এখানে পানি আসবে কি করে?,0
থামবেন কে জ্বালাইতে থাকেন দেখি কত জ্বালাইতে পারেন।,0
এজন্যই বড় বড় বিজ্ঞানীদের মানুষ সম্মান করে।,0
"আজ ভাবি ঘরে তুলবে না, খেতে দেওয়া তো দূরের কথা।",1
রেল যোগাযোগের সিনিয়র কর্মকর্তাগণ আমি লীগের দ্বারা প্রভাবিত তাদের বরখাস্ত করে দক্ষ শিক্ষিত লোকদেরকে নিয়োগ দেওয়া হোক,0
ঠ্যালার নাম বাবাজি কথা আছেনা এর থেকে সবাই কে শিক্ষা নেয়া উচিত।,0
"তাহলে তোমাকে এমন কিছু করতে হবে,",0
বাড়ি ফিরে টানা বই পড়ি।,0
নিজে পায়না শুতে জায়গা আবার শঙ্করকে ডাকে,1
আর এই কাজ করে ভাব নেন খুব ভালো কাজ করছেন,1
আচ্ছা ওর মুসলমানি হইছে?,1
প্রযুক্তি গবেষণায় বিনিয়োগ বাড়ানোর ফলে এশিয়ার দেশগুলো বৈশ্বিক বাজারে শক্তিশালী অবস্থান নিচ্ছে।,0
একদম ঠিক কথাই বলেছে অনেক সুন্দর ভিডিও,0
বারবার বলার পর না শুনলে এমনি মুখ ছুটে যায় পরে দোষ হয় আমাদের,0
সন্তানের ভালোবাসা মায়ের জন্য সবকিছু।,0
দেশে আইসা ভাষন দেন আম্মা পিলিজ লাগে। স্বজন হারানোর বেদনা আর থাকবেনা। হারানো স্বজনদের কাছে পাঠায় দিবে বাংলাদেশ।,0
"নাফিসের জীবন কঠিন ছিল, তবে সে কখনো চেষ্টা থামায়নি এবং বারবার নিজেকে নতুন করে গড়ে তোলার চেষ্টা করেছে।",0
তাদের ভালোবাসা দেখে আমি কেন্দে দিছি দোয়া করি তাদের যেন তাড়াতাড়ি ব্রেকআপ হইয়া যায়,1
এদেরকে শক্ত হাতে দমন করুন। ওরা আপাদমস্তক বাংলাদেশ বিরোধী। ওরা ক্ষমতা লোভী মাফিয়ার দল। ওরা বাংলাদেশকে একটি তাবেদার রাষ্ট্র বানাতে চায়।,0
ছোটবেলা থেকেই ক্রিয়েটিভ রাইটিং দক্ষতা থাকা একজন ব্যক্তি ইতিহাস নিয়ে নিজস্ব অভিজ্ঞতা ও ধারণা প্রকাশ করেছেন।,0
প্রকৃতি কাউকে ক্ষমা করে না। বাংলায় একটা প্রবাদ আছে ইট মারলে পাটকেল খেতে হবে। আজকে আমি যা করছি ভালো এবং মন্দ এটার প্রতিফল দুদিন আগে এবং দুদিন পরে দুনিয়াতেই ভোগ করতে হবে। আল্লাহ তায়ালা সবাইকে সহি বুঝ দান করুক,0
আমাদের ভিতরে যতক্ষণ হিংসা থাকবে ততক্ষণ এভাবেই চলবে! ক্ষমতার পালা বদলে এমন ঘটনা সর্বক্ষণ আসবে!,0
চ্যাংগাইয়া না শুইয়া থাইক্কা উঠেন আপনার জন্য করলা দিয়ে নুডুলস রান্না করেছি,1
কমেন্ট পড়তে আসলাম! গবেষণা করার জন্য!,1
"খুব ভাগ্য নিয়ে জন্মাতে হয়, শখের মানুষের সাথে সারা জীবন বাঁচার জন্য.!",0
"রোগীর মায়ের আবেগ ও প্রতিশোধ প্রবণতা প্রায়শই চিকিৎসা সেবায় সমস্যা সৃষ্টি করে, যা ডাক্তার ও নার্সদের কাজকে কঠিন করে তোলে।",0
এই জিনিস টা এতো বিরক্তিকর ভাই বলে শেষ করা যাবে না তার উপর যখন তখন আপডেট।,1
এই নাটকের শুটিং এর লাস্ট সময়টায় আমি ছিলাম। যখন ভাই উপরে বসেছিল। তখন আসল স্ক্রিপটা বুঝতে পারি নি। নাটক দেখার পর বুঝেছি।,0
আমিও বাবা মাকে না জানিয়ে গোপনে কোচিং প্রেম করিতে চাই।,1
"আমাদের দেশের মানুষের মধ্যে একটা বিষয় সবসময় লক্ষনীয় যেটা হচ্ছে কোন কিছু বললেই সাইন্টিফিক ব্যক্ষা জানতে চাই, তারমানে কোন বিষয়ের সাইন্টিফিক বক্তব্য থাকলে মানতে আর কোন বাধা নাই।",0
"বেডার নাম দর্শন, আমি খালি উচ্চারণ করতাম ধ র্ষণ",1
নাহিদ ভাইকে অনেক অনেক ধন্যবাদ এইরকম একটা গুরুত্বপূর্ণ কথা ফেসবুকে পোস্ট করে জাতির কাছে তুলে ধরার খুবই দরকার ছিল,0
গুজবের দিক দিয়ে পৃথিবীর শ্রেষ্ঠ দেশ হচ্ছে বাংলাদেশে,0
শিশুদের নিরাপত্তা নিশ্চিত করা আমাদের সবার দায়িত্ব,0
ফিকশনের মধ্যে জনপ্রিয় হয়ে ওঠে ঐতিহাসিক ও জীবনীনির্ভর উপন্যাস।,0
আজ কেউ নেই বলে কোলে নেওয়ার,1
বাংলাদেশের নতুন প্রজন্মের কবি কুথায় চন্দ্র কাভি দাস,1
নিজেকে অনেক বড় বুদ্ধিজিবি মনে কইরেন না। আপনার কনো কথা যদি মানুষের উপকারে না আসে তাহলে বকবক করে কি লাভ।,0
"শাহবাগী থেকে ইসলামী আলফা মেইল- সব ধরণের চরমপন্থীই চায় ইমিডিয়েটলি রাষ্ট্রকে তার মন মত করে সাজিয়ে দেওয়া হোক। আর বিন্দুবিসর্গ যদি ব্যতিক্রম ঘটে তাহলে নাকি আইনশৃঙ্খলা পরিস্থিতি ভাল না, সরকার নাকি ব্যর্থ।",0
প্রাচীন মিশরীয়দের দক্ষতা নিয়ে গবেষণা হলে অনেক নতুন তথ্য বের হতে পারে,0
"এই ঘটনা যেন আপনার জন্য হেদায়েতের উসিলা হয়ে যাক। মানুষ কেয়ামত পর্যন্ত গুনাহ করতে থাকবে, আর মহান আল্লাহ সুবাহানা তায়ালা কেয়ামত পর্যন্ত তাকে ক্ষমা করতে থাকবেন। নিশ্চয়ই আল্লাহ তওবাকারীকে ভালবাসেন।",0
ভাই তোরা গান বলে অনেক দূর আগায় যা কিন্তু আর ফিরে আসিস না,1
"ভালো থাকার জন্য যেটা প্রয়োজন, সেটা করুন।",0
মুখে হাসি বুকে বল তেজে ভরা মন মানুষ হইতে হইবে মানুষ যখন।,0
নিন্দুকেরা ভাবে বাংলাদেশ সবকিছুই শেখ হাসিনা দেখবে করবে বাকিরা সব রাজনৈতিক দলগুলো সমলোচনায় ব্যস্ত। এখনো সময় আছে আপনারা ভালো হয়ে যান দেশের জন্য বাংলার মানুষের জন্য সুন্দর মানুষিকতা দিয়ে কাজ করুন তবেই দেশ ও জাতি সুন্দর হবে।,1
কি স্লোগান রে ৭ বোনের ১ ভাই বাবর ভাই বাবর ভাই,0
পোশাক পরিবর্তন না করে চরিত্র পরিবর্তন করতে হবে তাহলে সোনার বাংলা দেশ গড়া সম্ভব।,0
"শিক্ষার আলোতে আলোকিত করতে যিনিরা বিদেশী আয়েশী জীবনকে ত্যাগ করেছেন, তিনিরা আমাদের দেশের রত্ন।",0
"এ যেন কন্ঠ নয়, অন্যকিছু আপনার কন্ঠে কথা গুলো হৃদয় স্পর্শ করে!",0
পৃথিবীতে একমাত্র বাঙ্গালী জাতি -- যাবা সবকিছু নিয়ে মজা আর বিনোদন পছন্দ করে। আমি গর্বিত আমি বাঙালী,1
পুলিশের রমনা বিভাগের উপকমিশনার ডিসি মাসুদ আলম প্রথম আলোকে এ তথ্য জানান। আবু সালেহর পরিবারের সঙ্গেও যোগাযোগ করা হয়েছে।,0
কিন্তু আপনি তো কাজি নজরুল ইসলাম বিশ্ববিদ্যালয়ের শিক্ষক। হিরক ভাইয়ের কলিগ।,0
"মাশাআল্লাহ, অভিনন্দন ভাইয়া।",0
আজ কেও নেই বলে,1
"স্যার অামি অাপনি এবং অাপনার ছেলের বিশাল বড় ফ্যান , সত্যি বলতে অামরা হীরার মূল্য সবাই জানি কিন্তু হীরাকে সন্মান দিতে জানি না ৷",0
আল্লাহ নেক হেদায়েত দান করুন,0
আপুটার ধৈর্য্য আছেসংসার করতে পারবে!!,1
মানুষের যখন পাপের গরা পূর্ণ হয়ে যায় তখন মানুষ কি করে নিজেও জানে না।,0
কোনো কিছু অর্জন করতে হলে আপনাকে প্রথমে সেটির প্রতি ভালোবাসা থাকতে হবে।,0
"ভাই জীবনে যা কিছু হন না কেন, ক্যামেরা ম্যান হবেন না। কারন শুধু দেখে যাবে, বাকিটা ইতিহাস",1
সেন্টমার্টিন কে এখনো খুব মিস করছি,0
নতুন করে চুরির ধান্দা,0
এরকম লোক পৃথিবীতে মনে হয় নাই,0
"লেখার ক্ষেত্রে সঠিক তথ্য ব্যবহার না করলে পাঠকদের বিভ্রান্তি হতে পারে, তাই সবসময় আপডেটেড থাকা ভালো।",0
তবে এটা কিন্তু বাংলাদেশে নয় ভারতের এক সেনা সদস্যর উপরে এমন অভিযোগ উঠেছে।,0
ভাবতেও অবাক লাগে এই ব্রেইন দিয়েও আগে অন্তরীকরণ পারতাম,1
তুমি গুরুত্বপূর্ণ খেলোয়াড়দের এক জন,0
ভাই আফনে যুদি ছেলিবিটির ভাষা না বুঝেন সেইডা কি ছেলিবিটির দোষ? এই বাল্ডারে আফনে গালি দিতাছেন ক্যান?,0
"বিভাজন,বিভেদ,বৈষম্য দূরীকরণে ধর্ম এবং মুক্তিযুদ্ধ ভিত্তিক রাজনীতি নিষিদ্ধ করা হোক",0
"ইউরোপে ইমিগ্রেশন বন্ধ হলে এশিয়ার দেশগুলোর ভালো হবে না কি খারাপ হবে, এই নিয়ে একটা ভিডিও বানাবেন প্লিজ",0
সেই গান এন্ড্রু কিশোর গাইতেন।,0
কতদিন শুনিনা সেই ভাঙা টেপের আওয়াজ।,1
আমিও এমন স্বাধীনতা দিছিলাম আর সে সুযোগ সদ্ব্যবহার করেছে,0
দাদা সব্যসাচী চক্রবর্তী কে এক বার নিয়ে আসুন না একবার,0
রুচির দূর্ভিক্ষ্য হলে যা হয়,0
হাসিনা আর কাদের মামুকে জাদুঘর দেখাশোনার দায়িত্ব দেয়া হক,0
নাটক ভালো যানে নাটক নাটক আর নাটক নোভেল পাবে মিথ্যা বলার জন্য আর নাটক করার জন্য। ইউনুস সাহেবের মতো নোবেল পাওয়ার খুব ইচ্ছা ছিল আফসোস লীগের হাসিনার।,1
কারণ আমি তামিম ইকবাল সমন্বয়ক,1
"সেই ছোট্ট দোকান থেকে শুরু করা পিয়াস ভাই, গেলেই সুন্দর একটা হাসি দিয়ে আলাপ শুরু করতো। প্রে করি সাফল্যের সর্বোচ্চ শিখরে সুমাসটেক পৌঁছে যাক",0
সেরা ছিল ভাই,0
হুদাই...! বেসামরিক বিমান বাহিনীর প্রধান বলছে এক থেকে দেড় বছর লাগবে। আর ওনি নিউজ নিয়ে আসছে ১ থেকে দের মাসের মধ্যে হবে।,0
"কল্পনার জীবনে নতুন একটা সুখের শুরু হোক, এটাই শুভ কামনা।",0
আগে কুত্তা লইয়া বয়া থাকতো ওটাই বালো ছিলো,0
সকল মেয়েরা যে আপনাকে কমেন্ট করে আপনি কি মেয়েদের ক্রাশ,1
বিয়ের সিদ্ধান্ত নেওয়ার ক্ষেত্রে ব্যক্তির মূল্যবোধ ও অগ্রাধিকারগুলো প্রধান নিয়ামক হিসেবে কাজ করে।,0
সফল তারাই যারা সকালে ফজরের নামাজ পড়ে।,0
এই ব্যাপার'টা আমার কাছে অনেক বেশি'ই ভাল্লাগে,0
মূল কথা হলো যার মানসিকতা যেমন সে তেমন ই সাপোর্ট করবে৷,0
নব্য স্বৈরাচাররা মনে করছে আপনাদের গলা টিপে ধরলে আর কেউ তাদের বিরুদ্ধে দাড়াতে পারবেনা। তাদের মনে করে দিতে চাই একজনের গলা টিপে ধরলে ৫ জান দাড়িয়ে ৫ জনের গলা টিপে ধরলে ১০ জন দাড়িয়ে যাবে কয়েকজনকে সামলাবে?,0
"কাফিরাই শান্তিতে আছে। ব্রেন ও নাই, ব্রেন ক্যান্সার এর ঝুঁকি ও নাই",1
"আল্লাহ মানুষকে নানা বর্ণের করে বানান...গায়ের রঙে যত না ভ্যারিয়েশন তারচেয়ে অনেক বেশি ভ্যারিয়েশন মানুষের মনের কর্মকাণ্ডে...৷কিন্তু,একশ্রেণীর ভাড়াটিয়ার খুবই কমন একটা গুন...তারা আপন হতে পারে না কোনোদিনও...৷",0
"জীবনের শুরু থেকে, অপ্রকাশিত স্বপ্ন, অনুভব ভাবনা গুলি, নিয়ে, ঘুমের ঘোরে শেষ হয়ে যায়, দুজনের মতামত এক এবং একান্ত,,,,, মূল্য বোধ সকল চিন্তা চেতনা একক ধারা থেকে, যখন বিছিন্ন হয়ে যায়,",0
অসুস্থ হলে যেন মেডিকেলে ৪৩ পাওয়া ডাক্তারের কাছে যেতে না হয়,1
ওরে ছয়টা গোলাপ কোনোভাবে ভরে দেবার লাইন আছে?,0
এমন করুচিপূর্ণ এবং কুৎসিত প্রস্তাব করার জন্য ওকে আইনের আওতায় আনা হোক,0
"পারলে আমারে একটা পাসপোর্ট কইরা দে,আমি অন্য যে কোন দেশে যাইগা।",1
"ট্রাম্প এর এই দৃঢ় অঙ্গীকার আর ও অনেক দেশ কে শিক্ষা দেবে , অবৈধ অনুপ্রবেশকারী আমার বাড়িতে ঢুকে এলো মানবিকতার অধিকার নিয়ে , তখন আমি কি করব !! যত্ন করে সাজিয়ে রাখবো !!",0
"আল্লাহ আমাদের সবাইকে কোরআন অনুযায়ী জীবন গড়ার তাওফিক দিক,,",0
সিলেট জেলার গোয়াইনঘাট উপজেলার মানুষ পানিবন্ধি! স্মরণকালের ভয়াবহ বন্যা!,0
নির্মাণ শ্রমিকদের মুক্তিযোদ্ধা সার্টিফিকেট প্রদান করা হোক,0
মেয়েটার জন্মদিন উপলক্ষে শামীম পাটোয়ারী এক ছক্কা হাঁকান তখন মেয়েটার অনুভূতি টা অনেক ভালো ছিলো শুভকামনা রইল,0
সম্পর্কের স্থায়িত্বের ক্ষেত্রে বর্তমানের আচরণ ও যোগাযোগের দক্ষতা গুরুত্বপূর্ণ ভূমিকা পালন করে।,0
ভাই WhatsApp নাম্বার টা দিয়েন। কমেন্টে গালি দিলে আইডিতে সমস্যা হয়।,1
আজীবন ক্ষমতায় থাকার খোয়াব দেখছেন শেখ হাসিনা রিজভী,0
ভাই মনে রাখিয়েন পৃথিবী কিন্তু গোল,1
দাদা আপনাকে অসংখ্য ধন্যবাদ এতো গরম গরম নিউজ আমাদের কে দেওয়ার জন্য!! ইনকিলাব জিন্দাবাদ,0
"আমাকেও ডাক দিতেন, ফ্রিতে ৫ ৬ টা দিয়ে আসতাম। আবেগ",1
"যারা নিভে যেতে চায়, তাদের নিভে দাও।",0
আমিও পোষ্ট টি শেয়ার করলাম। এসব হচ্ছে একটি অমূল্য সম্পদ।,0
"চাচা গোলাপ গুলো এত সুন্দর কেন, আর আমার প্রিয়জন কোথায়।",1
পড়ালেখা শেষ করতে করতে নিচের চুল ও পরে যাবে,1
সন্তানের এমন কাজ মায়ের জন্য গর্বের।,0
আমরা সবাই লুঙ্গির প্রিয় আর পাঙ্গাস মাছের। ফেসবুকেতে বড়াই করি মোদের কলা গাছের।,1
"প্রতিটি চরিত্র নিজের মধ্যে গভীরতা নিয়ে এসেছে, এবং সেকারণে সিরিজটি বেশ জনপ্রিয়।",0
গেলাম কালকে বেশিরভাগ অশিক্ষিত লোকজন গিয়েছে। পানিতে একটা টোকাই নেমেছিল ইভেন একটা ছেলেও বলেছিল একটা নিচে এক তালা রয়েছে আর কিছুই না।,0
এমন একটা স্বামী কোথায় পাওয়া যায়,1
"পাবনা মানুষিক হাসপাতালের দারোয়ানকে বরখাস্ত করা হয়েছে, তার ভুলে এই পাগল পালিয়ে এসেছে।",1
"স্যার আমি প্রতিদিনই রাতে মোটামুটি ভালই ঘুমাই, কিন্তু পড়তে বসলেই ঘুম চলে আসে,যদি ঘুমিয়ে আবার পড়তে বসি আবার ৩০ মিনিট পরে আবার ঘুম ধরে,,এখন এই সমস্যা থেকে বের হবো কেমনে দয়া করে সমাধান দিন",0
আমি কোনোকিছুর চরম মূল্য দিতে পারব না বাণীতে - ডক্টর মোহাম্মদ ইউসুফ,1
তার জন্য রাস্তায় দাঁড়িয়ে থাকি।,0
বিনা ভোটের নির্বাচনে এমপি হওয়ার সখ আর করবা নি মনু!,0
সায়েন্স ফিকশন বইগুলোর ভবিষ্যৎ বাণীই কি সত্যিই হবে আমাদের ভবিষ্যতে,0
র্যাবের ড্রেস দেয়া হোক গাঢ় সবুজ,1
তাড়াহুড়ায় বোনের ফেসওয়াশ দিয়ে দাঁত ব্রাশ করলাম। জীবনটা সার্কাস হয়ে গেছে।,1
এখানে নামাজের সময় সবাইকে বাধ্যতামূলক নামাজ পড়তে হবে।,0
দিনশেষে দলের ইমপ্রেশন সবার কাছেই খারাপ হবে।,0
এদের মধ্যে ১৬শ শতকে ১৫৫০-১৫৫৭ স্থপতি সিনান দ্বারা নির্মিত সুলেইমানের মসজিদ ও ১৭শ শতকের শুরুতে ১৬০৯-১৬১৬ সুলতান ১ম আহমেদ দ্বারা নির্মিত নীল মসজিদ দুইটি উল্লেখ্য।,0
কত বড় বড় কথা শুনানোর মানুষের অভাব হয়নি এইতো মাত্র সেদিন।,0
ভারতীয়রা প্রায়ই ডেমোক্র্যাটদের ভোট দিছিলো এবার।তাই ট্রাম্প প্রশাসন তাদের অনুপ্রবেশ ঠেকাতে বিশেষ এই পদ্ধতি ব্যবহার করছে।,0
তুই একা না ভাই আমিও সিঙ্গেল...!,1
"অমুক তমুক ইনফ্লুয়েন্সার এর ভিডিও রেজিষ্ট্রেশন,, আজকে যে নিরেট তথ্য দিলেন, সে তথ্যের অনেক ওজন স্যার।",0
"সাকিবের ফ্যানরা না বিপিএল বয়কট করছে, সাকিব ছাড়া বিপিএল সুন্দয্য হারাই গেছে",1
মাশাআল্লাহ। ইউরোপ থেকে যখন বাংলাদেশের উদ্দেশ্যে রওনা দিবো তখন ঢাকায় ঢুকেই আপনার সাথে দেখা হবে প্রথমে।,0
ছাত্ররা বুলডোজারের কর্তৃপক্ষকে বাধ্য করেছে যেমনটা অতীতে হাসিনা বাধ্য করেছিলো।,0
"ক্ষমতার, লোভে, মানুষ অনেক কিছুকে অস্বীকার ,করে",0
এবার রেজাল্ট দেখে বুঝলেন তো ডাক্তাররা রোগীকে ভুলভাল চিকিৎসা দেয় কেম্নে,1
মেয়েদের কি হাত পা নাই নাকি.? ইনকাম করে খেলে কি সমস্যা.?,0
কী সুন্দর রেএ,1
নায়িকার বুকে অনেক বড় দুইটা কস্ট,1
"নিচে গিয়ে কোন লাভ নাই, কিছুক্ষণ আগে আমি ওই দিক থেকে চক্কর দিয়ে আসছি, ওইদিকে হাসার মত তেমন কোন কমেন্ট নাই",1
তথাকথিত রাষ্ট্রদ্রোহ মামলার এতো দিনে জামিন হচ্ছে না৷ কিন্তু অসংখ্য রাষ্ট্রদ্রোহ কাজ ও কথা বলা হয়েছে সেগুলোর কোন মামলাই হচ্ছে না বরং বড় সন্ত্রাসীরা মুক্তি পাচ্ছে,0
আহারে!! কোথায় ছাদ্দাম! রুবেল! কোথায় গেলি তোরা!,1
১৮ কোটি মানুষের ভালোবাসা,0
আপনার কথাগুলো সবসময় মন ছুঁয়ে যায়,0
প্রাচীন স্থাপত্য সম্পর্কে জানার আগ্রহ সবসময়ই বেশি,0
যখন ইসলাম বিদ্বেষীদের শেকড় পুরোপুরি উপড়ে ফেলা হবে তখনই মিডিয়া থেকে ইসলামফোবিয়া চলে যাবে।,0
অথচ এই দোকান থেকে আমি রেগুলার বাজার করি।,1
"সব দোষ আমার, কেন ফেসবুক লগিং করলাম",1
রায়হান ভাইয়ের মন বড়। নিজের সিট ছেড়ে অন্যদের পড়ার সুযোগ করে দিয়েছেন।,1
এটা কেমম আইন? ও আমার তো মনেই ছিল না বাংলাদেশে সব কিছুই সম্ভব।,1
আপনার সাক্ষাতের অপেক্ষায় স্টলের আশেপাশে অনেকক্ষণ ঘুরছিলাম।,0
তেল তো সব সময় ই দিতে আছেন আপু এতো তেল কই পান,0
"চাচাতো ভাই যখন ভিউ পায় না তখন একটু মাতলামি করে বেপার নাহ, পাবনা গেলেই ঠিক হইয়া যাবে...",1
ভাবির বল করা বলের আঘাতে তাসকিন ভাইয়ের ইনজুরি।,1
এমন করার মানে কি? এইভাবে ঢুকলে কি মানুষ খাওয়া পাবে?,0
সকালে এক গ্লাস পানি এবং হালকা ব্যায়াম করা আগে থেকে আমি করতাম।,0
"মানুষ যখন যেইটাই করুক ঐটার পজিটিভ নেগেটিভ দুইটাই থাকে । ভালো হলে আলহামদুলিললাহ মাশাআল্লাহ , আর যদি খারাপ হয় তাহলেতো একদম অন্য লেভেলে চলে যাবে ।",0
এটাই ভালো হবে এই দালালির দেশে থাইকা লাভ নেই।,0
"পড়াশোনার জন্য ভালো গাইডলাইন পাওয়া গেলো, বিশেষ করে ইংরেজি এবং গণিতের জন্য।",0
আমরা জাতি হিসেবে কুলাঙ্গার,0
আর অপেক্ষা করি না।,0
খাট কাঁপানো কিং খান,1
ছোট ভাই একটু কষ্ট করে ইউটিউব নিজের আইডি তে আপ করো তা হলে দেখতে এবং শুনতে পারবো নিজের মনে করে এতে তোমার দিক থেকে তুমি ভালো করবে এখন থেকে একটু ইউটিউবার হতে মনোযোগ দাও আর কোন ধরনের পরামর্শ লালে ইন বক্সে করো আমাকে । ধন্যবাদ ভাই আমার,0
"বিচারের দাবিকে আরো জোরালো করার সময় এখন। লীগের বিচার নিশ্চিত করতেই হবে, দল হিসাবে নিষিদ্ধ করতে হবে, আয়নাঘর পাবলিক করতে হবে - অনেক কাজ৷",0
"মননশীল ফিকশন-লিখিয়েদের মধ্যে সচেতন পাঠকের নজর কাড়েন ওয়াসি আহমেদ, শাহীন আখতার ও শাহাদুজ্জামান।",0
তাই ভালো এই দেশে তো কোনো দাম নেই,0
সর্বপ্রথম লাইক করেছি আমি। এবং কমেন্ট ও সর্বপ্রথম এটি আমার। আপ্লোড এর ১১ সেকেন্ড হলো মাত্র,0
যে বাড়ি ও ঘর দেশের জনগণের কল্যাণ ও সু ব্যবসহা করতে পারে না সে বাড়ি না থাকাটা ই ভালো,0
আংকেল আপনাকে খুবই দারুণ দারুণ হ্যাপি হ্যাপি লাগছে খুবই ভালো ছেলে আপনি,0
"ভাইয়া, এইরকমভাবে জ্ঞানকে সহজীকরণের জন্য ধন্যবাদ।",0
"পাত্রের নিচে পানি নিষ্কাশনের ব্যবস্থা রাখতে হবে, এটা গাছের জন্য প্রয়োজনীয়।",0
ছোট বেলায় এই দড়ি লাফ খেলা আমরাও খেলিছ,0
নিশ্চয়ই বাংলাদেশী কোনো সাংবাদিক!,0
এদেরকে আমি মানসিক রুগি হিসেবে ছেড়ে দেয়,0
নানা বাড়ির টয়লেটে এগুলা প্রচুর দেখতাম আগে,0
এলাকার কিছু বর চাচাত ভাই,1
প্রতি দিন সকালে ঘুম থেকে উঠে এক লিটার পানি পান করা আমাদের জন্য খুবই উপকারী,0
তারা আছে দেখেই আপনাদেরও ভাত জুটে না হলে কন্টেন্ট পাইতেন কই,1
অনেকেই প্রশ্ন করেছেন মেলায় সাড়ে তিনদিনের পত্রিকা কোথায় পাওয়া যায়।,0
"মরীচিকার পেছনে ছুটে শুধু জীবনের স্বপ্ন গুলো নষ্ট করা ।কেউ থাকে না,কেউ না",0
"শ ও জাতির উন্নয়নের প্রতি তাদের অবদান আরও সুসংহত হয়েছে। আমাদের সম্মানিত চেয়ারম্যান জনাব আহমেদ আকবর সোবহান, যিনি দেশপ্রেম এবং মানবকল্যাণে নিবেদিত, সকল প্রতিকূলতাকে অতিক্রম করে দেশের অর্থনীতিকে শক্তিশালী করার লক্ষ্যে নিরলসভাবে কাজ করে চলেছেন।",0
"নাফিস যখন নিজের ভুলগুলো বুঝতে পেরেছিল, তখন অনেক দেরি হয়ে গিয়েছিল।",0
তুমুল জনপ্রিয় এই ধারার পুরোধা ছিলেন কাজী আনোয়ার হোসেন।,0
বেলুন দূর্ঘটনায় আইডির মালিকের জন্ম,1
"খেলার সময় বন্ধুদের সাথের হাসি-তামাশা জীবনকে আরও সুখময় করে তোলে, যেমন স্ত্রী বা প্রেমিকার সঙ্গে সময় কাটানো।",0
ভাই ইনবক্সে গালি দিছি চেক করে দেখেন,1
"আশুলিয়া বেরিবাধের উত্তর পাশ্বে ঠিক এমনই একটি প্রতিষ্ঠান করে রেখেছে, নদী দখল করে-ভরাট করে ফ্যাক্টরীর কাজে ব্যবহার করছে দিব্বি। দেখার কেউ নাই।",0
আয়মান সাদিক মনে হয় আজকে পা ধইরা মাফ চায় নাই,1
পিরামিডের গঠনশৈলী সত্যিই বিস্ময়কর,0
টং দোকানের চা ভালো লাগলে সেখানে যান।,0
আল্লাহ নারী জাতিকে সকল সৃষ্টি থেকে একটু বেশি মায়া সুন্দর করে তৈরী করছেন।,0
সহিংসতা রোধে রাষ্ট্রের কঠোর অবস্থান গ্রহণ করা জরুরি।,0
"বাংলাদেশের জনগণ কি ন্যাকাচোদা, যে কোনটা গমগাছ, কোনটা ঘাস চেনে না?",0
রাশিয়াও ইউক্রেন কয়েক মিনিটে দখল করে ফেলেছে।,1
মূলত জার্মান ও লাতিননির্ভর ইংরেজি ভাষা পরিবর্তিত হয়ে নিয়েছিল একেবারেই নতুন এক অ্যাংলো-স্যাংক্সন কথ্য ভাষার আঙ্গিক।,0
আপনাকে বহু কিছু বলার ছিল।কিন্তু এত কথা বললাম না।শেখ বংশ বাংলাই না থাকলে বাংলাদেশ ভাল থাকবে।আপনি সব সময় ন্যায়ের পথে থাকবেন।,0
ওসব বাজে কম্পানির ফোন এমনই হবে,0
সব হারানো শেষ কিছু বাকি নাই,0
ভাই কেমনে সম্ভব প্রথমে ভেবেছিলাম এইটা কোনো ক্যামেরা দিয়া তুলা পিক,0
Moral of the Story মান সম্মান সবকিছুর ঊর্ধ্বে !,0
"ইন্ডিয়ানদেরকে চাপে রাখার জন্য সেভেন সিস্টারদের আমাদের সহযোগিতা করা উচিত, সেটাই উনি যথাযথভাবে করেছেন।",0
ফুচকা বিক্রেতার আয় তাদের পরিশ্রমের ফল।,0
"সোশাল মিডিয়ায় হাইপার সেন্সিটিভ বিপ্লবী ও ছদ্মবিপ্লবীরা দেশের অবস্থা যতটা বাজে দেখান, দেশের অবস্থা ততটা বাজে তো না-ই বরং ফ্যাসিবাদী আমলের চেয়ে অনেক ভাল আছে।",0
"আপনাদেরও বলছি, পালাইতে হবে।",0
ওরা যেমন কর্ম করেছে এমন ফল চলতেছে এখানে কোন কিছু মন্তব্য করার সময় নাই,0
ক্ষণিকের উত্তেজনায় বিরানী আলমের পৃথিবী ভ্রমণ,1
অমানুষ ও হতে দেয় নাহ ভিতরে থাকা জাগ্রত বিকেক,0
আল্লাহুআকবার,0
জীবনডা খালি নাই দিয়াই ভরা,1
পুইশাক গাছের পাতায় দাগ হলে তা কেটে ফেলতে হবে অথবা ছত্রাকনাশক স্প্রে করতে হবে।,0
"জুলাই আনদোলনের সময় এইডায় ছাত্রদের উপর গরম পানি ঢালার কথা বলছিলো, এর পশ্চাৎদেশে গরম পানি দেওয়া হোক।",0
"জুলাই বিপ্লবে আপনার বিপ্লবী আর্টের গল্প প্রথম আলোতে না আসার আগেও আমরা জানতাম। তখনও আপনাকে শ্রদ্ধা- স্বরূণ করেছি, এখনও করছি। এই পত্রিকার মাধ্যমে ন্যূনতম জানার দরকার নেই। এই পত্রিকা মজলুমদের নই। আমরা এই জেনারেশন এই পত্রিকাকে চরম ঘৃণা করি।",0
আমার জন্মদাগ আছে,0
অনেক সুন্দর একটি কথা বলেছেন। একজন মুসমানের সর্বোচ্চ আশা কাবা শরীফ নিজ চোখে দেখা।আল্লাহ আপনি আমাদের সকলকে আপনার ঘরের মেহমান হিসাবে কবুল করুন।আমিন,0
আরেকজনের জন্য চুরি করো কিন্তু হিসাবটা তোমাকেই দিতে হবে,0
"হুম, তবে আমি আমার গ্রুপে বেশি পোস্ট করি",1
আপনি এই ভয়েচ কই পাইলেন এইটাতো আমার ভয়েচ,1
নামের সাথে মোহাম্মদ লাগাইসে আবার জেসিয়ার সাথে লিভ টুগেদার করে। বাহ জোস তো,1
"ট্রল করা আমরা প্রতিটি মানুষই তরুণ। তারুণ্যে আছি বলেই বুঝতে পারি না। বুঝতে না পারাটা, কারো সাহসী উদ্যোগকে এপ্রিশিয়েট না করাটা আমাদের নৈতিক অবক্ষয়!!",0
অবৈধ পয়সার ঘরবাড়ি ব্যবসা প্রতিষ্ঠান এগুলি থেকে লাভ কি,0
আর অনেক দূর দিতে হবে পাড়ি এগিয়ে যাও সমমুখ পানে,0
কারো যদি চোখে সমস্যা থাকে তাহলে বলবেন ফ্রীতে চিকিৎসা দিবো ইনশাআল্লাহ,0
শিশুদের প্রতি সহিংসতা বন্ধ করতে কঠোর আইন প্রয়োগ করা দরকার,0
ওনি এখনও মারা যায় নাই,1
"আমি একলা দারুণ আছি, ভালো আছি।",0
আওয়ামীলীগ করা মানুষ আর যাই হোক অন্তত মোসলমান হতে পারে না। এদের জানাজায় অংশ নেওয়া কোনোভাবেই ঠিক হবে না,0
"পদ্মা সেতু দেখার ইচ্ছা আমার নাই কিন্তু পদ্মা সেতুর পিলার কত বড় সেটা দেখার ইচ্ছা আমার আছে,",1
হ্যাঁ তাই ভিক্ষা টাও ইন্টারন্যাশনাল লেভেলে করছে।,1
বরিশাল আসলেই একটা ব্রান্ড এ পরিণত হয়েছে বিপিএলে।,0
"ঐ চেতনা বিক্রি করা বাংলাদেশে একটি লা'নত, আর চেতনা ব্যাবসা কইরেন না।",0
দেখে মনে হচ্ছে ডাক্তারি পড়ার আগেই ডাক্তার হয়ে গিয়েছেন।,1
"কল্পনার জন্য সবাই মিলে যা করলেন, তা প্রশংসনীয়।",0
"ছেলেরা নিজেদের গার্লফ্রেন্ডের চেহারা দেখতেও এতটা আগ্রহী নয়, যতটা আগ্রহী ছিল আপাকে দেখার জন্য!কিন্তু হায় রে কপাল, আপা তো পর্দা শুরু করে দিল!",1
"অনেক ভালো লিখসেন, আপনার জন্য দোয়া রইল আর এগিয়ে যান",0
সন্তানের জন্য মা জীবনের সবকিছু উৎসর্গ করেন।,0
শিবির নয়তো! দাড়ি আছে কিন্তু!!,1
লেখকের পর্যবেক্ষণ সমসাময়িক রাজনৈতিক বিশ্লেষণে নতুন মাত্রা যোগ করতে পারে।,0
কতবার যে দেখেছি তারপরও মনে হয় আরো একবার দেখি ২০ প্রথম ফোন পাই তখন দেখেছি। ২৫ আসছে তাও দেখবো। কী চমৎকার কী চমৎকার,0
আমি ১০০ নিশ্চিত এটি বাথরুমে তোলা ছবি,0
"বুলডোজার জোগাড় হয়ে গেছে, ইনকিলাব জিন্দাবাদ",0
শেষ পর্যন্ত আমেরিকান নাগরিকরা পাগলা কেই বেছে নিল !,1
হলিউডের মুভি নির্মাতা সোফিয়া লোরেনের হাজব্যান্ড কার্লো পন্টি বা লেজেন্ড ডিরেক্টর আলফ্রেড হিচককরা ছিলেন সচ্চরিত্রবান।,0
নতুন দেশের নতুন দল নতুন করে খেলতে হবে এটাই আপনাদের কাছে আমাদের কামনা,0
"পরিবারের একমাত্র সন্তান, পুরো দায়িত্ব আমি নিয়েছি।",0
স্ত্রীকে টাকা আয় করে দিতে বলেন। স্বামী সবসময় পাশে থাকবে। সংসার চালিয়ে যেতে বলেন স্বামী সবসময় পাশে থাকবে। দায়িত্ব তো আর নেওয়া লাগে না এজন্য এত আবেগ। বাস্তবতা ছাড়া জীবন চলে না। আবার এক সাথে স্ত্রীর সাথে থাকলে সংসারের অশান্তিও হয়। স্ত্রীর সাথে থাকলে ভালো থাকা যায় কে বলেছে? বরং নারী তার যৌন লালসা পূরণের জন্য এই কথাগুলো বলছে। নিজের স্বার্থের কারণে এই মজাদার কথাগুলো বলছে,0
হাসমু না কানমু বুঝতাছি না,1
"আশায় আছি, বাংলাদেশি পাঠকের এই বিবর্তনও কালক্রমে জায়গা পাবে মন ভালো করে দেওয়া কোনো কার্টুন প্যানেলে।",0
দোয়া করবেন। সবকিছু আল্লাহর রহমতে ঠিক আছে।কিন্তু বারবার দুর্বল হয়ে পরছি।জীবনের প্রথম মা-বাবা থেকে দূরে থেকে পরীক্ষা দিবো।অনেক কষ্ট লাগতেছে।বারবার কান্না চলে আসতেছে। এক্সামের আগেই অলরেডি জ্বরে সাফার করতেছি।সবকিছু মিলাই অনেক কান্না আসতেছে ।দোয়া করবেন আমাদের সবার জন্য। আল্লাহ যেন আমাদের সবার সব কিছু ভালো করেন,0
তবে তাদের বিষয়ভিত্তিক কিছু সংখ্যা সাহিত্যামোদী পাঠকের মধ্যে এখনো আগ্রহ জাগায়।,0
"হিন্দুরা তো গরু পালন করে আমাদের কুরবানী করতে বিক্রি করছে যার ফলে কুরবানীর আগে হাজার হাজার গরু ইন্ডিয়া থেকে আসে, সেই হিসেবে তো তারা সহযোগিতা করছে। আর গ্রামে সব হিন্দু বাড়িতে তো গরু পালন করে আর তা তো তারা মারে না, তারা বিক্রিই করছে। উনি যেমন বলেছে এটা তার উত্তর তবে উনার সমস্যা অন্যত্র।",0
"জ্বিন-পরীদের সীমানা পেরিয়ে বই আমাদের কখনও নিয়ে গেছে পিরামিডের রাজ্যে, কখনও কনকনে ঠান্ডা বরফ শীতল পাহাড়ে কিংবা মরুভূমির বালুর রহস্যে।",0
মানুষগুলো যেন বুঝে দুনিয়াটা ক্ষনিকের এখানে সবদিক দিয়ে কেউ পরিপূর্ণ নয়!,1
"এই মহিলাকে জুতিয়ে অংক শেখানো উচিত,,,,,,ও কি ট্রাম্পের কাছে শতকরা হিসাবে অভিযোগ করেছে ?এই ফালতু মহিলাতো সরাসরি বলেছে সাড়ে তিনকোটি সংখ্যালঘু গায়েব হয়েছে, মুসলিম মৌলবাদী অপরাধিরা শেল্টার পাচ্ছে।এই তথ্য ফকিন্নি পেল কোথায় ??",0
"খাইতে দিলে বইতে চায়, বইতে দিলে শুইতে চায়। এখন শুয়ে বলে ঘর ডাই আমার",0
বাংলাদেশ আজীবন আন্তর্জাতিক রাজনীতির শিকার ছিল কিন্তু এখন পর্যন্ত আমরা বুঝতেই পারলাম না।,1
এদের কারণে আজকে শাহীন এর এত্ত সুনাম,1
এদেশে যত বাটপারের নিউজ প্রচার হয় ফেসবুকে,1
কানাডার প্রধানমন্ত্রী আমাদের মাননীয় প্রধানমন্ত্রী জননেত্রী শেখ হাসিনার ছেলে তুল্য। সুতরাং ফাহেসা কথা বলে গুনাহগারী হওয়ার দরকার নেই। আল্লাহ মাফ করুক।,0
এবার নারী ক্রিকেটারদের ও একটা করে ছেলে সন্তান কোলে ধরিয়ে দেওয়া হবে,1
"মানুষের প্রতি দয়াশীল হওয়া ইসলামের শিক্ষা, যেখানে প্রতিটি মানুষকে তার অবস্থান নির্বিশেষে সহানুভূতির চোখে দেখা উচিত। এই আচরণ মানুষের মধ্যে ভালোবাসা এবং সহমর্মিতা সৃষ্টি করে।",0
"নিশ্চয়ই কম সহজে করেনি, যে পুরুষ ভুক্তভোগী সেই জানে",0
"যেন নিয়ম সবাই মেনে চলে ওই দিকে প্রশাসনের নজর দেওয়া উচিত ,,!",0
আমার চাওয়া আওয়ামীলীগ এবং শেখ মুজিব এই দুইটা শব্দ বাংলাদেশ থেকে চিরতরের জন্য বিদায় হোক! 2,0
পাপির দল চোখ দিয়ে ভাল জিনিস দেখতে হয়,0
বাংলাদেশে বসবাস না করলে এতো বিনোদন পাইতাম না,1
আগামী নির্বাচনে বুঝতে পারবেন আওয়ামী লীগ কিসের দল। আওয়ামী লীগ হচ্ছে গরিব দুঃখী মেহনতি মানুষের দল।,1
এটা আরো একবার প্রমাণ করলো যে সত্য কখনো চাপা থাকে না,0
তুমি কে আমি কে তিতুমীর তিতুমীর,1
পড়াশোনার করে যে পরিশ্রমটা দশ-বারো ঘন্টা পড়বে। তখন তার এটা অভ্যাস হয়ে যাবে।এই পরিশ্রমটা যখন সে রিয়েল লাইফে করবে তখন সে সাকসেসফুল হওয়ার সম্ভাবনা বেশি থাকবে।,0
মুভির সবকিছুই বাস্তবে দেখা যাচ্ছে অতএব অদ্ভুত হওয়ার কিছুই নেই ।,0
ইসরাইল আমেরিকা ভারত জিন্দাবাদ,1
শেখের বেটি আবার আসবে। টেনশন করো না ব্রো।,1
"বিশ্বায়নের হাত ধরে মার্গারেট অ্যাটউডের ডিস্টোপিয়া, মার্কেসের জাদুবাস্তবতা, ডেভিড লিঞ্চের হরর সবই তত দিনে ঢুকে গেছে বাংলাদেশের আঙিনায়, ফিকশনের জগতেও তার প্রতিফলন শুরু হয় এবার।",0
৩ বছর ধরেই শীতের কাপড় ছাড়াই শীতকাল কাটাই,1
ক্লাসে ঘুমাচ্ছিলাম ফ্যাকাল্টি ডেকে বালিশ দিলো,1
"একটা পাবলিক বিশ্ববিদ্যালয়, একটা মেডিকেল কলেজ বা আপনি যদি পৃথিবীর বেস্ট ইনস্টিটিউশনেও পড়েন, আপনি নিজে চেষ্টা না করলে আপনার ক্যারিয়ার কোন ইনস্টিটিউট গড়ে দিতে পারবে না, প্রচুর পরিশ্রম আর সঠিক গাইডলাইন আপনাকে মেনে চলতেই হবে, আজ আপনি ভাল প্রতিষ্ঠানে চ্যান্স পেলেন কিন্তু তারপর আর পড়াশোনা করলেন না ভাবলেন যে চ্যান্স তো পেয়েছি লাইফ তো একদম পুরা সেট তাহলে এটা বড় বোকামি, একটা ইনস্টিটিউশন শুধুমাএ একটা লোগো ধারন করতে পারে ক্যারিয়ার নয়।",0
আওয়ামী লীগের নেতা কর্মীরা এই ধরনের কাজ করতে পারে,1
ভাই আপনি এটা কোনো কাম করলেন হাসতেও পারতেছিনা বউ রাগ করতেছে আবার না হেসেও পারতেছিনা,0
কাকু আজকের এলবামে ছবি কম মনে হচ্ছে,1
"না রে ভাই, পরিক্ষার রাতের বই থেকে",1
আসলে আমার জন্য বিপদ,0
সত্যি বলতে মানুষ এদের উপর খুব বিরক্ত হয়।কিন্তু সামনে ক্যামেরা থাকার কারনে এবং অনেকেই আত্মসম্মান বজায় রাখতে কিছু বলেনা।,0
গোলাপ দেওয়ার মানুষ নাই কোন গোলাপ কিসের প্রতীক এটা জেনে কি লাভ হবে ভাই,1
"যে পরকালে বিশ্বাস করে না সে মুসলমান বা অন্য কোন ধর্মীয় তাতে কিছু আসে যায় না। তবে ইহকালের ঠেলা আপাতত সামাল দিয়ে চল, তারপর সময়কালে যখন বিশ্বাস হবে তখন অবিশ্বাস করার সুযোগ পাবে না।",0
আমার ফ্যমিলি রে বলেন কথা ডা,0
তওবা করে আল্লাহর রাস্তায় ফিরে আসেন- জীবনে মানসিক অশান্তি দূর হয়ে যাবে। পরিবার কে নয় নিজেকে আগে সেইফ করেন।,0
"প্ল্যান করছিলাম সবাই, একপক্ষ যাবে সেন্টমার্টিন,দ্বিতীয় পক্ষ সিলেট, অন্যপক্ষের বয়পেন পারমিশন দিবে না, আর আমার জামা কাপড় নেই",1
আসবো নাকি কাঁদবো বুঝতে পারছি না একটু সাহায্য করবেন প্লিজ,1
"পরিবার যদি সাপোর্টিভ না হয়, জীবনের প্রতিটি পর্যায়ে সমস্যা তৈরি হয়। এর অভাব পূরণ করা কখনোই সম্ভব নয়।",0
তখন উচ্চমাধ্যমিক দ্বিতীয় বর্ষে পড়ি।,0
"সমুদ্রের গভীরে এমন বিশাল কাঠামো কীভাবে গঠিত হলো, সেটা জানা দরকার।",0
"বাসায় বলে নিখোঁজ হয়ে যান, তাহলে আর কেউ খুঁজবে না",1
"সামাজিক দৃষ্টিকোণ থেকে সম্পর্কের বিধি-নিষেধ না মানলে কি সমস্যা হতে পারে, সেটা ভেবে দেখাও জরুরি।",0
ওনি তাইলে অনেক বড়লোকস ছিলেন।,1
"দারিদ্রতার কষাঘাতের জন্য বর্তমান আমাদের দেশের একটা মেধাবী শিক্ষার্থীরা থেকে যায় অন্ধকার অগোচরে, কথা বলা সহজ কিন্তু তাকে বাস্তবে রুপ দেওয়া অনেক কঠিন",0
ওখানে হয়তো খাবার দেওয়া ছিল,1
গবেষকরা হয়তো ভবিষ্যতে আরও বিশদ ব্যাখ্যা দেবেন এই আবিষ্কারের ব্যাপারে।,0
"শিক্ষার্থীদের দাবি ন্যায্য, ভবিষ্যৎ প্রজন্মের জন্য একটা ভালো উদাহরণ তৈরি হোক।",0
কারণ আসল বাপের কাছে যাবে তাতে দোষের কিছু নাই,1
"সবচেয়ে বড় বাস্তবতা হলো, অন্যের সমস্যা সমাধানের আশা না করে নিজেরটা মেনে নেওয়া",0
বিষয়টা খুবই Dark তাই অন্ধকারে ডুবে যাচ্ছি,1
"এসব বাড়াবাড়ি।সব ক্ষমতায় গেলে চেতনাবাজ হয়,লীগ ৭১ বিক্রি করেছে আর এরা ২৪ বিক্রি করেছে।আর অতি ভারত প্রীতি যেমন কখনো ভালো লাগতো না ঠিক তেমনি অতি পাকি প্রীতিও ভালো লাগে না।দুটাই আমাদের সর্বনাশের কারণ",0
মশা মনে করে কত যে কিল করছি,0
"ইয়াবা বদির থলথলে পশ্চাৎদেশে গজারীর বাড়ি পড়তেছে, দৃশ্যটা কল্পনা করেই আমি শিহরিত।",1
দোয়াও শুভকামনা রইল। এগিয়ে জান পাসে আছি সবসময় ইনশাআল্লাহ।,0
বাস্তবতা অনেক কঠিন কেউ ইচ্ছে করে বিদেশ পড়ে থাকে না। উন্নত জিবন টাকা ছাড়া কয়জন নারী আপনার পাশে থাকবে,0
করে সাবসকারইব করছি সুধু হাসার জন্য...মানদের নাতি।,0
দেশমাতার রূপচর্চার শেষ নাই,0
ওও মানবতার ফেরিওয়ালা তো আপনি কোথায় আপনি আসেন না রাজপথে আমরা তো আপনাকে খুঁজছি চলে আসুন,1
তাদেরকে এই সুযোগটা দেওয়া হোক। কারণ বিশ্বের আর কোন কলেজে এইভাবে গণহারে ফাসির আয়োজন করা হয়নি। এটা বাংলাদেশের জন্য একটি বিশ্ব রেকর্ড হবে।,1
আমাদের ন্যাশনাল টেলিভিশন ছিল সাদাকালো আর ছিল লুকাস ব্যাটারি,0
আপনার ইনবক্সে নক দিয়েছিলাম ভাই।,0
প্রতিদিনের ভ্রমণের বর্ণনা চাই। কারণ এ দেশটা সম্বন্ধে জানতে চাই। এখানে ওয়ার্ল্ড র্যাংকিং বিশ্বিবদ্যালয় আছে। আমরা এতোদিন জানতাম পাকিস্তান সবকিছুতে পিছিয়ে আছে। তোমার প্রতিদিনের লেখার অপেক্ষায় থাকব।,0
অযুক্তিক দাবি... প্রশাসনের উচিৎ এদের বিরুদ্ধে আইনগতভাবে ব্যাবস্থা নেওয়া,0
"আমার দেখা অপূর্ব সুন্দরী তুমি। যার কথা সুন্দর নয়, সে কখনও আমার বিচারে সুন্দর নয়, আমি যদি আজ বিদ্যালয়ের ছাত্রী হতাম, তবে তুমিই আমার উপযুক্ত বান্ধবী হতে, বিশ্বাস করো।",0
সাম্প্রতিক আন্দোলনে সামাজিক যোগাযোগমাধ্যমে এবং মাঠের স্লোগানে প্রচুর স্ল্যাংও ব্যবহৃত হতে দেখা গেছে।,0
মামা আছে একটা ঠিক এইরকম,1
"সকালে জল পান করার অভ্যেসটা আমার রয়েছে। শরীর চর্চাও করি,, তবে টু ডু লিস্ট করা হয় না, কিন্তু সারা দিনে কি করব তা চোখ বুজে ভিজুয়ালাইজড করি",0
"অন্যের জন্য দোয়া করলে ফেরেশতারা আমীন বলেন, এবং এটি সেই ব্যক্তির কল্যাণের জন্য আল্লাহর অসীম দয়ার প্রদর্শন। আল্লাহ মানুষের দোয়া কবুল করতে কখনো ব্যর্থ হন না, তাই আমাদের দোয়া অপরিহার্য।",0
মেধা বিক্রি করে খাওয়া আর কোটা দিয়ে মেধা কেনা এক নয়,0
রিপোর্ট সত্য হলে AI যে কতটা ভয়াবহ তা কল্পনার ও বাইরে। মোটেও হাসি ঠাট্টার জিনিশ না ব্যাপার টা। রিপোর্ট পড়ার আগে মাথায় রাখা উচিত রিপোর্ট টা হাসির নাকি ভয়ের।,0
পেইন্টিংসের প্রতি ছিল তার দুর্বলতা।,0
"৩২ এর নিচে শিবলিঙ্গ পাওয়া গেছে , এটা তুলতে হবে আজকে -Republic Bangla",1
শিক্ষকরা কেন রাত কাটাচ্ছে রাজপথে? তাদের উপর পুলিশের নির্মমতা কেন?,0
একবার মব নামায়ে দিছেন এবার থামান দেখি কি করে? প্রথম আলো ডেইলি স্টারের অফিসে যাওয়ার জন্যে অনেকে উস্কানীমূলক বক্তব্য দিচ্ছে। তারপর আর কি ভাংচুর করবে তা একমাত্র আল্লাহ ই মালুম।,0
আমাদের কিছু ভাল অভ্যাস বা আসক্তি সেই ছোট থাকতেই তৈরি হয়ে যায় যা পরবর্তীতে সারাজীবন আমাদের সুফল দিয়ে যায়।,0
ছোট ভাই এই চেয়ার বড্ডই গরম জিনিস। সাবধানে হেন্ডেল করতে না পারলে পুইরা যাওয়ার সম্ভবানা ৯৯ ।,1
তোমারে যে বিয়ে করবে তার জীবন শেষ হয়ে যাবে,1
রক্ত পিপাসু বৃ্দ্ধা রাক্ষস ডাইনি কন্ঠ শুনলেই শিক্ষার্থীদের চিৎকার শুনতে পাই,0
চুরি করে জেতার কি শখ তাও আবার হারাম খেলা,1
"প্রকৃতির মতো, প্রেম বা বন্ধুত্বও নিখুঁত আর শুদ্ধ।",0
বরিশালের ফ্যান হিসেবে আমিও তো একটা আই ফোন ডিজার্ভ করি,1
"অন্তত নিজের মাথার জ্ঞান দিয়ে তো কিছু লিখেন,,, অন্যের লেখা পোস্ট কপি করে আর কতো?",0
"সত্যি, সমাজের অনেক পরিবর্তন দরকার। আমাদের উচিত একে অপরকে সম্মান দিয়ে চলা।",0
আচ্ছা এদের কি আত্মীয়-স্বজন নাই পাবনায় নিয়ে যাওয়ার জন্য যদি কেউ এদের বাসার অ্যাড্রেস জানেন দয়া করে আমাকে জানাবেন,1
"স্বীকার করলি, তোরা ভুল জেনারেশন। ওকে,সময় হলে তোদেরকে সঠিক পথে আনা হবে।",0
"পাটজাত ব্যাগ সহজেই পুনঃব্যবহারযোগ্য এবং মাটিতে মিশে যায়, যা পরিবেশের জন্য উপকারী।",0
শেষ পর্যন্ত তুমিও মজা নিলা,1
এই সব পাগলামি করিনি দেখে শালা ক্যামেরা টা ঘুরালো না,1
গেলেই ভালো হবে সাথে সাকিব কে নিলে আরো ভালো হবে,0
"আহহহ জীবন, একবার চলে গেলে সেটা মূল্যহীন।",0
গবেষণাধর্মী প্রজেক্টে কাজ করা অনেক সময় অত্যন্ত কঠিন এবং সময়সাপেক্ষ।,0
গত ছয় মাসে ও হেনার মধ্যে কোনো ধরনের পরিবর্তন হলোনা।,1
তোমরা কি জানো কমেন্ট এর উপরে ফলোতে টাচ করলে কি হয়-! না জানলে এক্ষুনি ট্রাই কোরে জেনে নাও-!?,0
রং দেখে ফুড পান্ডার বাস মনে হচ্ছে,1
শিশু খাদ্য ঢেকে রাখাই ভালো তা না হলে বাচ্চাদের পেট খারাপ হবে।,1
"আপনার উম্মতরা কই? তাগো নবীজি এতো মহান একটা বাণী প্রসব করল, অথচ চুশীল উম্মতরা ওয়া ওয়া কানতাছে না ক্যান?? ডাক পাড়েন তাগোরে, আপনার মত হুজুরে পাক এর কদম বুচি দেখি",0
"জানুয়ারি আরো ০১ মাস চলুক, তবুও ফেব্রুয়ারী মাস না আসুক...!!",1
হুদায় অক্সিজেন খরচ করতেছি জীবনে,1
সারাজীবন স্বামীর মাথা খাইছে এবার স্বামী এক্কেবারে স্ত্রীর সব খাবে!,1
আজ ভালো স্টুডেন্ট না বলে কোনো দিন ফার্স্টও হয়নি গিফ্টও পাইনি দুক্কু,1
এই সব জঘন্য মহিলাদের লিঙ্গ থেরাপি দেওয়া হোক,0
এগুলা কি ভাই পিনিকে আছে মনে হয়,1
বস্তির ছেলেরা আতশবাজি ছাড়া আর কিছু ফুটাতে পারবে বলে মনে হয়না!,0
আপনার পোস্ট টা পড়ে মাত্র সার্চ করলাম সারাহ টেন্ডুলকার কে। my my মেয়েটা কিউট আছে। ভাল্লাগছে।,0
ডাক্তাররা সবসময় রোগীদের কথা চিন্তা করেন,0
শ্রদ্ধীয় বড় ভাই আমাদের পিয়ো নেতা,1
"ভাই পোস্ট দিলেই সমস্যা, মার্কেটে এখন প্রচুর কম্পিটেশন। আপনি আগাইয়া যাবেন আপনার মত।",0
"আসিফ মাহতাব বৈষম্য বিরোধী আন্দোলন করছেই তার বৈষম্যের সিস্টেম ঢুকাতে, এর পূজা দিতে থাকেন, শরিয়া আইন, বাল্য বিবাহ, দাস প্রথা, সবই নিয়ে আসবে",1
ধানমন্ডি ৩২ এতো সাজানো কেন আর আফা কোথায়,1
এই অত্যাচারের জন্য তাসকিনভাবির উপরে মামলা করা উচিত বিসিবির,1
এগুলোর কী দরকার ছিলো? এতো টাকা শুধু শুধু কেন খরচ করতে গেলেন?,1
"যা তোমার কখনো ছিল না,",0
"শীতে বিয়ে দেয়া ,, বাংলাদেশের জনপ্রিয় ট্রেন্ড",1
আমি গত ১০ বছর ধরে দেখতেছি ওর বয়স ১৩ ।,1
আজ নাই বলে থাকলে তার পায়ের ছবি রাখতাম,1
শাড়ি পরতে হয় নিজের জন্য যে পাত্তা দিবে না তার জন্য পরার দরকার ও নাই।,0
"কারো সাথে কথা হলে, দেখা হলে এইটা মাথায় রেখে কথা বলুন যেন এইটাই শেষ কথা",1
জীবনের প্রতিটি মুহূর্তকে গুরুত্ব দেওয়া উচিত।,0
চট্টগ্রামের এই মানুষ গুলোরে দেখে মনে হয় এই দেশে পরিবর্তন আসবেই ইনশাআল্লাহ। সবাইকে আল্লাহ্ হেফাজত করুন।,0
"মেডিটেশন বা মাইন্ডফুলনেস আপনার পরিস্থিতির জন্য কার্যকরী হতে পারে, তবে এটি নিয়মিত অভ্যাসের মাধ্যমে আরও কার্যকর হবে।",0
এ জন্যই অনেক দল দিতেছে না কারন এরা পরিশোধ বেশি করছে হারছে বেশি।,1
জীবন রক্ষায় ডাক্তারদের ভূমিকা অনস্বীকার্য,0
নতুনদের সুযোগ দেওয়া হক যেই অহংকার করবে তাকেই সরে যেতে হবে,0
বেলা তার স্বামী কে নিয়ে ঘুরতাছে এই পোস্ট দেখার টাইম নাই তার,1
কবরস্থান থেকে আসার পথে একেবারে বৌ নিয়ে আসা যাবে!,1
বাতিঘরের আলো ছড়ায় যারা ছবিতে তাদের দেখতে পাচ্ছেন। থ্রিলার সম্রাটের সাথে প্রতিভাবান সব তরুণ লেখকদের একই ফ্রেমে দেখা যাচ্ছে!,0
হিরো আলমের এই অশ্লীল কথার জন্য তিব্র নিন্দা ও প্রতিবাদ জানাচ্ছি।,1
"এতদিন জননেত্রী, জাতির পিতা শুনতে শুনতে মাথার অর্ধেক গেছে আর এখন আবার দেশমাতার আবির্ভাব বাকি টুকুও শেষ হবে",1
"আজোব এই দেশটার আইন বিভাগ সামান্য কিছু টাকার জন্য জেল খাটতে হয়, আর হাজার কোটি নিয়ে পালিয়ে যায় তাদের বেলাই কিছুই না।",0
ছাগল খায় কিনা জানি না...মানুষ কিন্তু গোলাপজল খায়...রান্নাতে ব্যবহৃত হয় অনেক ক্ষেত্রে... আর হনুমান খেতে ভালোবাসে...,0
পরবর্তী মুভিতে আমেরিকাকে তার উচিত জবাব দেয়া হবে,1
কয়দিন আগে না একবার ডুবল এখন আবার?,0
মেট্রোপলিস ম্যাগাজিন অনুযায়ী এটি ছিল কোকের বোতল ব্যবহার করে টেকসই দ্রব্য তৈরির জন্য তাদের জনসংযোগমূলক প্রচেষ্টা।,0
"মোবাইল নিয়া বাথরুমে গেলেন,বাট নেট নাই,,তখন এইসব চিন্তাভাবনা আসে",1
তীব্র নিন্দা জানাচ্ছি।ফসল যা ক্ষতি করেছে ভারত তার দ্বিগুণ ক্ষতিপূরণ দিতে হবে ।,0
কারণ আপনি পরিমনির লেভেলে যেতে পারেননি যেতে পারলে কি খেয়ে আপনার পেট খারাপ হয়েছে সেই খাবার দোকানদার সব বের হয়ে যেতো,1
"ক্যাসপার গ্র্যাথওল আরও বলেন, আমার কাছে বিষয়টা আরও চমকপ্রদ যে ব্রেন রট শব্দটি জেন জি এবং জেন আলফা গ্রহণ করেছে, সেই সম্প্রদায়, যারা মূলত সেসব ডিজিটাল কনটেন্ট ব্যবহার ও তৈরির জন্য দায়ী যেগুলোকে এই শব্দ নির্দেশ করে।",0
বিস্তারিত ভিডিও সাক্ষাৎকারে আসছে,0
বড়ই দুঃখজনক ছেলেদের কে বুঝিয়ে কোনো লাভ হয় না,0
বিতর্কে ইসলাম কখনো টিকবে না বলেই ধার্মিকরা সব সময় বিতর্কের বিপক্ষে থাকে। ইসলাম হচ্ছে এমন একটি ধর্ম- যেটি বিনাপ্রশ্নে মেনে নিতে হবে। প্রশ্ন হচ্ছে দর্শনের বিষয়। ধর্ম যদি ধর্ম সম্পর্কে প্রশ্ন করার অনুমোদন দেয় তাহলে ধর্ম তাসের ঘরের মত হুড়মুড় করে ভেঙে পরবে। এজন্যই বিতর্ক এবং প্রশ্ন করা নিয়ে ধর্ম সব সময় আতঙ্কে থাকে।,0
"সত্যিই অসাধারণ! সৎ, পরিশ্রমই বিবেকবান ,পরোপকারী ,সুচিন্তা ধারা ,সুমানসিকতা থাকলে জীবনের প্রকৃত সফল হওয়া যায়।",0
মহান আল্লাহ এমন এক সত্তা এমন এক পাওয়ার আল্লাহর কোনো সৃষ্টি ই আল্লাহ কে দেখতে পারবেনা তবে আল্লাহর প্রতি সন্তুষ্ট থাকবে তার সমস্ত সৃষ্টি তবে আল্লাহর কন্ঠসর শুনবে আর তাতেই তার সমস্ত সৃষ্টির মন ভরে যাবে।,0
এই সমস্ত নাস্তিক মার্কা মিডিয়াকে বয়কট করা সময়ের দাবি এখন।,0
অপেক্ষার প্রহর গুনছে বিল্ডিংটা। কবে তার নব নির্মান হবে।,0
শুন্য পকেটে পাশে ছিলাম। আমার পরিবারে সাপোর্টে তার পকেট পুর্ণ হইছে। এখন আমাকে উঠতে বসতে সারাদিন বলে আমি যেনো আমার রাস্তা মাপি। এটাই হয়তো নিয়তি,0
"কোটি টাকা ঘর থেকে উদ্ধার করলে বলে, কষ্টকরে টিফিনের টাকা জমিয়ে এগুলো করেছি।",1
"টাকা আজব জিনিস রে,, পাগলেও টাকা চিনে,, তার দোষ দিয়ে কি লাভ",1
"প্রত্যেক মানুষকে তার কৃত কর্মের ফল ভোগ করতে হবে, নিশ্চয় আল্লাহ মহান শুধুমাত্র সময়ের অপেক্ষা'",0
মাশাআল্লাহ আলহামদুলিল্লাহ বাংলাদেশ সেনাবাহিনী মহোদয় সহ সকল প্রশাসনকে অসংখ্য অসংখ্য ধন্যবাদ ও মোবারকবাদ জানাচ্ছি,0
শুধু নিজেকে বড়লোক বানাতে ব্যস্ত কিছু বিবেক জাগ্রত মানুষ।,0
তাই শুন্য পকেট এ ও কোনো নারী কে চাইনা,1
কোটা ব্যবস্থা পুনরায় যাচাই করা উচিত যেনো সবাই সমান সুযোগ পায়,0
জামাতে ইসলামের সময় তখন বেশি একটা ভালো ছিলো নাহ তাই হয়তো বা,1
অবশ্যয় সন্দেহ করা উচিত,0
মানবসেবার জন্য এমন নিষ্ঠা সত্যিই বিরল,0
প্রধানমন্ত্রীর ভুল ভ্রান্তি থাকতেই পারে।তাই বলে ব্যাক্তি চরিত্রকে প্রশ্নবিদ্ধ করা কারো উচিত নয়,0
"জীবনটা ক্ষনস্থায়ী, জীবনটা অনিশ্চিত।",1
এখানে খবিশ বলার কি আছে বুঝলাম না । বিয়ে করসে ভাই অন্য কিছু তো আর করে নাই! আপনাদের এত চুলকানি কেন সব বেপারে? একটু যার যার দিক দেখেন অন্য মানুষরে নিয়ে চুলকানি দয়া কইরা বন্ধ করেন,0
তাইলে শুক্রবার এই আয়োজন করা হোক সবাই ফ্রি থাকে আমারো পড়ালেখা ছুটি থাকে,1
কে কইলো মাত্রই কথা কইয়া আসলাম,1
নাটকের জন্য শেষের টা কি খুব দরকার ছিল।,0
আল্লাহ তুমি আমাদের মাফ তোমার পবিত্র কাবা শরিফ তোয়াফ করার তৌফিক দান করুন আমিন,0
"মন বুঝার কেউ nai আবার ফুলের অর্থ দিয়ে কি করবো,",1
আল্লাহ যেনো আমাকে আমার সেরাটা দেওয়ার তৌফিক দান করেন।,0
মুখের পর্দা গুরিয়া রাখেন,1
উনার ইচ্ছাশক্তি আর ধৈর্য দেখে সত্যিই অবাক হয়েছি। এমন গল্পগুলো আমাদের নতুনভাবে জীবনকে দেখার সুযোগ দেয়।,0
বাংলাদেশে এটা চিরস্থায়ী ভাবে বাস্তবায়ন করা সম্ভব না,0
"অভিশপ্ত পরিবার, হাসু আসক্ত মৃনাল কান্তিতে, পুতুল আসক্ত স্বপনে, জয় আসক্ত বার আর পর নারীতে",1
"এই অবস্থায় পড়লে সবাই এই কথাই বলবে, ভালো আছি, কোন সমস্যা হয় নাই। টের পাইবো রাতের বেলা।",1
বউকে এইভাবে এই ড্রেস আপ এ পাবলিক প্লেসে না আনাই ভাল,0
তুই পরকাল বিশ্বাস করস না তাহলে বাতাস বিশ্বাস করস বাতাস টা দেখা যায় না তাহলে বাতাস বিশ্বাস করিস কেমনে নাস্তিক।,0
"এটাই কিন্তু সঠিক,,,,, আমরা এত্তটা ডিজিটাল ছিলাম না তবে অনেক সুন্দর সময় পার করে এসেছি যা এই জেনারেশন পায় না",0
"প্রাণ প্রিয়,শ্রদ্ধেয় বড় ভাই।আপনি যা বলবেন তা ভাই।",1
কিছু মানুষের স্টোরি সিন করি চোখের সামনে থেকে সরানোর জন্য!,1
"আবার উল্টো দিকটাও কিন্তু হয়, ছাত্রছাত্রী রাও শিক্ষক শিক্ষিকাদের ভয়েস শুনে না দেখেই বুঝে যায়, কোন শিক্ষক শিক্ষিকা ডাকছে বা কথা বলছে।",0
বাংলাদেশে দাঁড়িয়ে যাত্রী নিতেই হবে৷ তবে স্টপে অযথা এবং রাস্তার মাঝে যাত্রীর জন্য গাড়ি স্লো না করলেই হবে৷ গেট লক সিস্টেম মানে দাঁড়ানো যাত্রীর জন্য আলাদা গাড়ি।,0
"যার সাথে সংসার করা বাদ দিয়েছেন, তার টাকা নিতে লজ্জিত হওয়া উচিত। কারণ তার টাকার মধ্যে তার ঘাম মিশ্রিত আছে।",1
স্ববিরোধী কিন্তুক জনপ্রিয় মানবতা বাদী ব্যক্তিত্ব,0
এইসব ভালোবাসা মিছে নয়,0
অনেক দুর যেতে হবে তোমায় দোয়া করি অনুশীলন চালিয়ে যাও।,0
"কিন্তু জনরা হোক আর লিটারারি ফিকশন উভয় ধারাতেই নতুন লেখকদের মধ্যে দেখা যায় আগের তুলনায় অনেক বেশি বৈচিত্র্য, চোখে পড়ার মতো আত্মবিশ্বাস।",0
নাস্তিক তো তারাই যাদের পূর্ব পুরুষ বান্দর ছিলো। সুতরাং বান্দরের মস্তিষ্ক আর কতইবা উর্বর হবে!আমরা তো সৈয়্যদুনা হযরত আদম শফিউল্লাহ আ এর বংশধর।,0
ডাক্তার হয়ে সফটওয়্যার ইঞ্জিনিয়ার।,0
নবী সাল্লাল্লাহু আলাইহি ওয়াসাল্লাম বলেছেনঃ কোন কিছুর ভালোবাসা যেন তোমাকে অন্ধ ও বধির না করে ফেলে। আবূ দাঊদ 1,0
টাকা উপার্জনের নেশা একটি মনোরোগ,0
"আপনার কন্ঠ অসাধারণ বোঝাতে পারেন অসাধারণ আল্লাহর কোরআনে যা বলা আছে তাও আরো বেশি অসাধারণ,, আল্লাহ তা'আলা কত রহমত করেছেন আমাদের মৃত্যুর পর কি হবে সেটা বলে দিয়েছেন কি করলে জান্নাতে যাবে সেটা বলে দিয়েছেন যেন প্রশ্নের উত্তর ফাঁস করে দিয়েছেন যেন আমরা খুব সহজে জান্নাত লাভ করতে পারি",0
তেমন কিছু তো অনুভব করলাম না,0
প্রকৃতপক্ষে দোষী সাব্যস্ত হলে আইন অনুযায়ী ব্যাবস্তা নেওয়া হোক। অন্যথায় হেনস্তা না করার অনুরোধ রহিলো।,0
মুসলমান না হলে কোন সমস্যা নেই। তোমার জন্য দোজখের আগুন ই যথেষ্ট। তবে হ্যাঁ আল্লাহ তোমাকে হেদায়েত দান করুন।,0
ব্যাংকারদের জন্য জানুয়ারি 37 দিনের মাস,1
"যদি তুমি এমন কিছু পেতে চাও,",0
"ডালময় জীবন, চারদিকে শুধু ডাল আর ডাল",1
"জা'ই হোক একটা ঘর আছে টয়লেট নাই, নাগরিকত্ব আছে দাম নাই, নদী আছে ইলিশ নাই, মা আছে বাবা নাই,",1
বিষয়টি বোয়ালমারীতে আর আপনারা মাগুরা বলে চালিয়ে দিচ্ছেন কেন,0
শেখ হাসিনাকে ভারতের প্রধানমন্ত্রী হিসেবে দেখতে চাই। টিউলিপ সিদ্দিকীকে ভারতের পররাষ্ট্র মন্ত্রী হিসেবে দেখতে চাই। আমার মতন কে কে আছেন হাত তুলেন।,1
"যুক্তরাজ্য ,১৯৪৮ সালে অঙ্গীকার করেছিল যে ,ফিলিস্তিনে তাদের জন্য আবাস গড়ে দেবে।আর ইসরাইল বলে কোনো রাষ্ট্র ছিলো না।ফিলিস্তিন তাদেরকে আশ্রয় দিয়েছিল ।দুধ দিয়ে কালসাপ পুষলে এইরকমই হয় ।এখন যুক্তরাজ্যকে বলা হোক ,যুক্তরাজ্যে যেনো ইহুদীদের স্বীকৃতি দেওয়া হয়।ফিলিস্তিন একটা স্বাধীন রাষ্ট্র।",0
আওয়ামী সন্ত্রাসীদের প্রতি সহনশীলতা হওয়া আমার মনে হয় ভাল লক্ষ্মণ নয়,0
"আমিও পরিমনির সাথে একমত, পরির নেতারা সব বিদেশে পরিমনি কেন দেশে",1
পাটের ব্যাগ ব্যবহারে সরকারি ও বেসরকারি খাতে নীতিগত সমর্থন বাড়ানো দরকার।,0
"তীব্র নিন্দা জানাচ্ছি, যিনি পালিয়ে গিয়ে একাই দেশকে স্বাধীনতা করেছিলো, পলাতক বীর মুক্তিযোদ্ধা দেবদাসান্দ্রনাথ থাকুরের বাড়ি ভাংগার জন্য।",1
এই বেটিরে যা করা দরকার তা করে কে ওয়াজেদ মিয়া নাই এই কারনেই পাগলামি করতাছে,0
আমার গুরু শেকাচিনা আবার বাংলাদেশের প্রদানমন্তি হবে। জয় বাংলা,1
ডাটা ওয়াইফাই ছাড়া ভিডিও কল? ইসকন দাদা আপনি কি পিতিবিতে নতুন?,1
মেডিকেল ভর্তি পরীক্ষায় জাতীয় মেধায় ৭ম মো. মারহামাতুল করিম মারহামাতুলের ভর্তি প্রস্তুতির হাতেখড়ি ও অনবদ্য সঙ্গী ছিলো জয়কলি'র মেডি সিরিজের ১ সেট বই।,0
পরীক্ষা না দিয়েও চান্স পেয়েছি আমি!,1
হাসিনা রে ছাড়া কাকু কাউকে ডিস্টার্ব করে নাই,1
এই মাতারির নামটা মনে পরছেনা সেই দুপু্র থেকে,0
আমি কিছু বলি না।,0
কিছু কিছু ঘটনা আমাদের চিন্তাভাবনাকে নতুন করে দেখতে শেখায়।,0
হুম ঠিকই বলছেন... একটা করে গালি... আর কবরে একটা করে বিচ্ছু তৈরি...মৃত্যুর ভয় করো...!!,0
পোস্ট করার জন্য গ্রেফতার পরি শাওন সাবা কি একটা অবস্থা পোস্ট কেউ ভয় পায় যেটা হাসিনাও পাইছে তোমরাও পাচ্ছো তাহলে তো ঘটনা সেইম সেইম হচ্ছে হবে,0
সততার সাথে কাজ করবেন ভাই। শুভ কামনা রইলো আপনার জন্য।,0
"দেখতে পাওয়া যায় লাখে লাখে গায়ক-গায়িকা, নায়ক-নায়িকা, লাখে লাখে বুদ্ধিজীবী।",0
সমাজের দৃষ্টিভঙ্গির কারণে অনেক সময় জীবন নিয়ে ভিন্ন চিন্তা আসে,0
কয়েকজন দেখি গায়ে পড়ে খুচাখুচি লাগায় দিসে।,1
